Iteration	Posterior	Likelihood	Prior	rate_log_sd	rate_neo	root_freqs[1]	root_freqs[2]	tree_length
0	-1024.429	-1234.357	209.928	1.622479	0.6749536	0.438357	0.561643	2.758779
6	-1021.646	-1232.299	210.6538	1.639365	0.5177806	0.523387	0.476613	2.441446
12	-1033.341	-1243.678	210.337	1.557679	0.8096557	0.318076	0.681924	2.441446
18	-1025.437	-1235.592	210.1556	1.808923	0.6370123	0.409726	0.590274	2.535386
24	-1017.83	-1227.971	210.1408	1.582948	0.5307467	0.376302	0.623698	2.780872
30	-1010.398	-1220.37	209.9724	1.35457	0.5023593	0.416663	0.583337	3.048113
36	-1021.713	-1232.733	211.0201	1.61569	0.3419764	0.55718	0.44282	2.430378
42	-1003.777	-1214.68	210.9032	1.635049	0.3878632	0.398451	0.601549	2.432538
48	-1004.408	-1215.419	211.0114	1.756211	0.2957087	0.525152	0.474848	2.412725
54	-1015.707	-1226.578	210.8711	1.810822	0.3335857	0.392314	0.607686	2.412725
60	-1015.493	-1226.081	210.5883	1.810908	0.5444206	0.392314	0.607686	2.347761
66	-1012.333	-1223.387	211.0539	1.859431	0.3210942	0.587303	0.412697	2.283198
72	-1015.962	-1227.102	211.1401	1.8872	0.4367909	0.575366	0.424634	2.058306
78	-1018.351	-1229.804	211.4523	1.844605	0.2905903	0.56232	0.43768	2.079899
84	-1023.38	-1234.603	211.2229	1.636481	0.2911197	0.474933	0.525067	2.361551
90	-1022.364	-1232.665	210.3016	1.633847	0.3823255	0.474933	0.525067	2.811911
96	-1020.022	-1230.084	210.0616	1.518195	0.5161578	0.485686	0.514314	2.882478
102	-1006.338	-1216.822	210.4845	1.644921	0.3604311	0.465565	0.534435	2.720578
108	-1017.073	-1226.988	209.9157	1.711866	0.5390622	0.496312	0.503688	2.831422
114	-1026.124	-1237.028	210.9044	1.825813	0.4507137	0.427065	0.572935	2.235655
120	-1015.092	-1226.409	211.3162	1.792097	0.3964502	0.46548	0.53452	2.054781
126	-1031.568	-1242.41	210.8412	1.792097	0.5511178	0.503701	0.496299	2.190974
132	-1020.687	-1231.532	210.8446	1.679897	0.6400396	0.381954	0.618046	2.17712
138	-1024.478	-1234.009	209.5304	1.464861	0.5567642	0.576809	0.423191	3.194098
144	-1021.319	-1231.678	210.3596	1.65295	0.4997424	0.336876	0.663124	2.634541
150	-1016.505	-1227.141	210.6363	1.688022	0.4414608	0.530257	0.469743	2.503453
156	-1020.382	-1231.156	210.7736	1.58652	0.6423705	0.466439	0.533561	2.28105
162	-1019.768	-1229.404	209.6357	1.639399	0.6103982	0.466439	0.533561	2.979684
168	-1040.239	-1250.176	209.9369	1.600042	0.6347903	0.532813	0.467187	2.80046
174	-1027.944	-1238.093	210.1487	1.634573	0.3715014	0.532813	0.467187	2.917202
180	-1038.465	-1248.594	210.129	1.538019	0.4840059	0.607034	0.392966	2.861859
186	-1011.974	-1222.815	210.841	1.698159	0.3924089	0.541409	0.458591	2.426388
192	-1017.074	-1228.533	211.4586	1.760329	0.4050139	0.349998	0.650002	1.97018
198	-1013.194	-1223.517	210.3234	1.760329	0.3345108	0.439884	0.560116	2.782043
204	-1028.401	-1240.051	211.6499	1.68629	0.5345012	0.534587	0.465413	1.736132
210	-1015.054	-1225.414	210.3602	1.68629	0.397011	0.521868	0.478132	2.726543
216	-1027.294	-1238.455	211.1606	1.809791	0.4546854	0.436902	0.563098	2.074712
222	-1028.518	-1240.35	211.8325	2.208135	0.4546854	0.408798	0.591202	1.309463
228	-1025.263	-1237.187	211.9241	2.21804	0.3532457	0.339781	0.660219	1.383616
234	-1014.163	-1226.153	211.9895	2.18432	0.3829439	0.315991	0.684009	1.310311
240	-1005.714	-1217.786	212.0716	2.184033	0.3431745	0.599073	0.400927	1.310311
246	-1025.828	-1237.825	211.9969	2.211579	0.4238933	0.237092	0.762908	1.216597
252	-1010.91	-1222.177	211.2662	1.793925	0.448865	0.475967	0.524033	2.022162
258	-1029.754	-1240.646	210.8919	1.729507	0.713925	0.475967	0.524033	2.049095
264	-1015.807	-1226.865	211.0579	1.770008	0.3823144	0.393494	0.606506	2.255387
270	-1021.639	-1232.83	211.191	1.988468	0.3780315	0.441652	0.558348	2.031653
276	-1016.546	-1227.647	211.1013	1.91243	0.4168061	0.540366	0.459634	2.091505
282	-1010.177	-1221.408	211.2305	1.838388	0.3880653	0.5438	0.4562	2.091505
288	-1006.698	-1217.528	210.8293	1.77494	0.4288476	0.364689	0.635311	2.341541
294	-1020.363	-1231.976	211.6123	1.831502	0.4189383	0.534978	0.465022	1.7992
300	-1025.783	-1237.053	211.2701	1.955959	0.8227254	0.571415	0.428585	1.536671
306	-1017.347	-1228.921	211.5737	2.251749	0.6486758	0.544882	0.455118	1.238728
312	-1016.67	-1228.172	211.5021	2.300461	0.6213784	0.418533	0.581467	1.289214
318	-1015.932	-1227.727	211.795	2.23129	0.6406898	0.331004	0.668996	1.071215
324	-1040.047	-1251.959	211.9121	1.811935	0.5004212	0.462512	0.537488	1.49494
330	-1026.15	-1237.988	211.8378	2.238699	0.4177961	0.331004	0.668996	1.334541
336	-1021.196	-1233.144	211.9478	2.121601	0.2547235	0.52838	0.47162	1.61007
342	-1010.358	-1221.837	211.4792	2.130991	0.5239296	0.52838	0.47162	1.551262
348	-1018.791	-1230.229	211.4385	2.130991	0.7750783	0.329542	0.670458	1.315365
354	-1038.299	-1250.132	211.833	2.275498	0.4547196	0.48624	0.51376	1.253766
360	-1023.998	-1235.144	211.1459	2.201315	1.021632	0.48624	0.51376	1.278042
366	-1024.214	-1235.696	211.4824	1.919921	0.5259776	0.449883	0.550117	1.69902
372	-1025.65	-1237.506	211.8551	1.872988	0.6540617	0.449883	0.550117	1.312776
378	-1027.169	-1238.358	211.1889	1.991904	1.303946	0.449883	0.550117	1.205816
384	-1022.307	-1234.14	211.8328	2.052268	0.7145994	0.494216	0.505784	1.11061
390	-1021.383	-1232.851	211.4685	2.175004	0.9592076	0.494216	0.505784	1.074715
396	-1025.329	-1237.353	212.0243	2.059672	0.463446	0.421833	0.578167	1.261447
402	-1029.154	-1241.134	211.9793	2.102944	0.4801109	0.430293	0.569707	1.238945
408	-1018.061	-1229.258	211.1969	1.933103	0.6354782	0.322226	0.677774	1.775654
414	-1016.093	-1227.619	211.5266	1.799313	0.6636727	0.471649	0.528351	1.609045
420	-1023.379	-1234.897	211.5183	2.01617	0.8129191	0.437172	0.562828	1.30742
426	-1014.062	-1226.19	212.1275	2.012228	0.4793203	0.297435	0.702565	1.19125
432	-1015.152	-1226.979	211.8274	2.105262	0.8092158	0.571445	0.428555	0.9517088
438	-1015.012	-1226.555	211.5429	2.349851	0.7402957	0.472312	0.527688	1.073494
444	-1031.2	-1241.535	210.3351	1.858349	0.6677318	0.590215	0.409785	2.365145
450	-1015.281	-1225.98	210.6991	1.869992	0.3736392	0.521357	0.478643	2.430984
456	-1016.91	-1227.743	210.8327	1.867746	0.312237	0.280992	0.719008	2.430984
462	-1016.029	-1226.536	210.5069	1.447152	0.6582924	0.601033	0.398967	2.523668
468	-1028.377	-1237.679	209.3026	1.308963	0.4045419	0.559819	0.440181	3.571758
474	-1021.467	-1230.481	209.0142	1.269593	0.6023736	0.62791	0.37209	3.571758
480	-1007.426	-1217.08	209.6541	1.363014	0.6023736	0.506375	0.493625	3.140799
486	-1009.262	-1219.792	210.5303	1.420836	0.6023736	0.27933	0.72067	2.574329
492	-1026.321	-1237.5	211.1793	1.72701	0.4117445	0.564815	0.435185	2.167928
498	-1012.07	-1223.129	211.0593	1.990337	0.4117445	0.491269	0.508731	2.074133
504	-1006.686	-1218.268	211.5828	1.823272	0.4250369	0.548172	0.451828	1.817425
510	-1004.04	-1214.633	210.5924	1.747529	0.3355938	0.541606	0.458394	2.623401
516	-1013.146	-1223.875	210.7285	1.832878	0.5309934	0.714301	0.285699	2.25763
522	-1031.076	-1242.803	211.7264	1.784626	0.81658	0.377748	0.622252	1.322887
528	-1025.119	-1236.52	211.4014	1.759448	0.5593439	0.602041	0.397959	1.831202
534	-1027.183	-1238.47	211.2861	1.891722	0.8125031	0.389231	0.610769	1.580919
540	-1013.729	-1223.436	209.7068	1.438215	0.3701249	0.436059	0.563941	3.299297
546	-1025.094	-1236.022	210.9281	1.438215	0.501798	0.447927	0.552073	2.411836
552	-1026.124	-1236.707	210.5824	1.504388	0.4589117	0.562651	0.437349	2.631672
558	-1033.412	-1244.357	210.945	1.662587	0.5291721	0.315425	0.684575	2.229803
564	-1026.415	-1238.13	211.7148	1.778953	0.8448216	0.499638	0.500362	1.310651
570	-1026.829	-1237.98	211.1508	1.740948	0.5435173	0.400539	0.599461	2.029284
576	-1018.531	-1229.479	210.9472	1.757696	0.3792512	0.52	0.48	2.337951
582	-1024.418	-1235.27	210.8525	1.740356	0.7849035	0.474196	0.525804	2.009757
588	-1028.236	-1239.798	211.5623	1.710307	0.5265395	0.617142	0.382858	1.789322
594	-1014.339	-1226.171	211.8315	1.854796	0.2280735	0.335977	0.664023	1.927052
600	-1012.137	-1223.401	211.2634	2.028915	0.4002033	0.370649	0.629351	1.927052
606	-1015.006	-1226.657	211.6506	2.241991	0.5135123	0.452507	0.547493	1.348333
612	-1009.877	-1221.375	211.4977	2.154609	0.5276488	0.588373	0.411627	1.515583
618	-1005.991	-1217.577	211.5853	2.21664	0.4516747	0.454939	0.545061	1.499136
624	-1014.284	-1225.914	211.6303	2.017507	0.7005825	0.454939	0.545061	1.327437
630	-1036.189	-1247.369	211.1799	2.06369	0.6840277	0.515972	0.484028	1.648852
636	-1030.932	-1242.16	211.2274	2.097283	0.6246704	0.533819	0.466181	1.648852
642	-1024.495	-1236.039	211.544	2.287216	0.7822138	0.513671	0.486329	1.083053
648	-1033.405	-1244.867	211.4626	2.30637	0.7421805	0.573212	0.426788	1.182638
654	-1015.812	-1226.549	210.7366	2.028732	0.6176256	0.3926	0.6074	2.039911
660	-1012.196	-1222.99	210.7945	1.831288	0.5531792	0.553104	0.446896	2.193776
666	-1003.172	-1213.011	209.8393	1.74267	0.9941103	0.553104	0.446896	2.512304
672	-1008.755	-1218.76	210.0046	1.622825	0.8009515	0.450401	0.549599	2.61442
678	-1007.172	-1216.741	209.569	1.739887	0.7000925	0.476262	0.523738	2.88542
684	-1016.75	-1226.664	209.9136	1.584495	0.5282165	0.549696	0.450304	2.920162
690	-1018.241	-1228.887	210.646	1.616338	0.5466862	0.600826	0.399174	2.432085
696	-1016.631	-1228.119	211.4884	2.001053	0.438699	0.466122	0.533878	1.742104
702	-1027.935	-1239.003	211.0677	2.113992	0.6608631	0.424426	0.575574	1.714924
708	-1043.766	-1254.351	210.585	2.070614	1.14022	0.685652	0.314348	1.714924
714	-1046.128	-1256.757	210.6289	1.887884	0.5215976	0.533684	0.466316	2.295828
720	-1042.341	-1253.275	210.934	2.023201	0.9500336	0.620157	0.379843	1.631258
726	-1024.236	-1235.164	210.9279	2.034697	0.7889743	0.427125	0.572875	1.754522
732	-1031.874	-1243.596	211.7219	1.935004	0.3740146	0.596993	0.403007	1.711103
738	-1019.882	-1231.519	211.6362	1.900523	0.5342629	0.591051	0.408949	1.593061
744	-1025.374	-1237.301	211.9264	2.089079	0.405237	0.381676	0.618324	1.401372
750	-1042.592	-1254.382	211.7901	2.121585	0.651444	0.546787	0.453213	1.16159
756	-1031.767	-1243.69	211.9228	2.069493	0.6178791	0.363121	0.636879	1.131647
762	-1040.796	-1251.873	211.0768	2.022743	0.7534044	0.541748	0.458252	1.688403
768	-1035.644	-1247.533	211.8885	2.033151	0.6093506	0.35083	0.64917	1.204147
774	-1031.172	-1241.299	210.1268	1.716796	0.4931242	0.302358	0.697642	2.745071
780	-1028.111	-1238.884	210.7725	1.710807	0.4260207	0.592995	0.407005	2.421349
786	-1021.272	-1232.377	211.1051	1.734193	0.5085336	0.478174	0.521826	2.10073
792	-1028.092	-1238.099	210.0078	1.467043	0.7172886	0.394844	0.605156	2.771162
798	-1019.714	-1229.683	209.9692	1.54582	0.3827039	0.394844	0.605156	3.064784
804	-1021.774	-1232.172	210.398	1.516509	0.5275363	0.541139	0.458861	2.667201
810	-1025.389	-1234.89	209.5001	1.603587	0.4340957	0.393581	0.606419	3.251099
816	-1019.747	-1231.217	211.4694	1.557683	0.2953454	0.393581	0.606419	2.248053
822	-1027.219	-1237.935	210.7158	1.858383	0.4357243	0.625612	0.374388	2.352629
828	-1025.112	-1235.431	210.3191	1.909205	0.6565792	0.550611	0.449389	2.352629
834	-1038.093	-1249.846	211.7533	2.168264	0.376302	0.550611	0.449389	1.515926
840	-1029.334	-1239.965	210.6306	2.00235	0.7930018	0.553416	0.446584	1.976552
846	-1038.77	-1250.256	211.4857	1.927614	0.5831459	0.586429	0.413571	1.628286
852	-1041.048	-1252.943	211.8949	1.965526	0.2934284	0.543194	0.456806	1.69137
858	-1025.859	-1237.633	211.7747	1.960387	0.6136462	0.405944	0.594056	1.352379
864	-1023.73	-1235.21	211.4797	1.960387	0.5416678	0.35449	0.64551	1.654492
870	-1029.731	-1241.509	211.7782	2.089597	0.3125904	0.473663	0.526337	1.654492
876	-1021.02	-1232.514	211.4942	1.986652	0.3614382	0.384895	0.615105	1.851345
882	-1021.898	-1232.772	210.874	1.627314	0.580341	0.440169	0.559831	2.247557
888	-1036.465	-1247.406	210.9408	1.519975	0.5791196	0.367008	0.632992	2.274735
894	-1024.762	-1235.679	210.9177	1.615971	0.5316981	0.505539	0.494461	2.274735
900	-1027.496	-1238.381	210.885	1.622918	0.2632478	0.420496	0.579504	2.624166
906	-1021.599	-1232.291	210.6929	1.668982	0.3721766	0.660486	0.339514	2.562366
912	-1012.409	-1223.101	210.6924	1.74039	0.4441243	0.537542	0.462458	2.432413
918	-1004.849	-1215.589	210.7396	1.718664	0.3629018	0.537542	0.462458	2.514168
924	-1012.04	-1222.225	210.1853	1.718664	0.465951	0.487304	0.512696	2.736444
930	-1017.019	-1227.583	210.5639	1.807271	0.2837654	0.488664	0.511336	2.677183
936	-1004.671	-1215.145	210.474	1.672069	0.3872431	0.455221	0.544779	2.677183
942	-1028.906	-1239.414	210.5084	1.571125	0.5107687	0.285231	0.714769	2.581934
948	-1020.281	-1230.845	210.5636	1.573165	0.6883595	0.41995	0.58005	2.383659
954	-1024.273	-1235.867	211.5939	1.893231	0.5313203	0.272654	0.727346	1.632349
960	-1024.888	-1235.796	210.9076	1.807837	0.9414352	0.347889	0.652111	1.808061
966	-1015.524	-1226.604	211.0797	1.765596	0.823324	0.431577	0.568423	1.808061
972	-1026.314	-1238.073	211.7595	1.922318	0.5360638	0.538587	0.461413	1.483437
978	-1021.401	-1232.789	211.3876	1.933757	0.7249346	0.600975	0.399025	1.55372
984	-1028.628	-1240.418	211.7891	2.151983	0.6049746	0.229216	0.770784	1.192828
990	-1037.175	-1248.914	211.7389	2.061362	0.4326017	0.697472	0.302528	1.525968
996	-1031.722	-1243.161	211.4386	1.97672	0.4818291	0.341173	0.658827	1.741061
1002	-1029.587	-1240.844	211.257	2.112044	0.5096377	0.371198	0.628802	1.741061
1008	-1045.502	-1256.615	211.1122	2.186387	0.5541596	0.656422	0.343578	1.741061
1014	-1027.835	-1239.525	211.6902	2.045245	0.6956789	0.504442	0.495558	1.261256
1020	-1031.166	-1242.644	211.4779	1.840753	0.4723195	0.593162	0.406838	1.819569
1026	-1035.347	-1246.447	211.0998	1.537963	0.7065527	0.252063	0.747937	2.044585
1032	-1025.304	-1235.809	210.5047	1.496773	0.4833668	0.640632	0.359368	2.658274
1038	-1002.438	-1213.702	211.2646	1.738661	0.4821616	0.35036	0.64964	2.021511
1044	-996.9234	-1208.749	211.826	1.665075	0.5650224	0.391039	0.608961	1.591625
1050	-994.7699	-1206.839	212.069	1.805647	0.6044396	0.346543	0.653457	1.24976
1056	-1004.087	-1215.535	211.4479	2.10102	0.5298297	0.400856	0.599144	1.5893
1062	-997.5881	-1209.601	212.0127	1.871984	0.4719571	0.491038	0.508962	1.409029
1068	-1002.669	-1214.263	211.5936	1.990968	0.8066255	0.509398	0.490602	1.272495
1074	-996.9734	-1209.049	212.0758	1.967323	0.480698	0.498208	0.501792	1.270655
1080	-1010.253	-1222.819	212.5667	1.909757	0.4008156	0.343624	0.656376	1.012671
1086	-1007.894	-1220.07	212.1763	1.909757	0.6556184	0.561956	0.438044	0.9933122
1092	-1011.445	-1223.156	211.7105	2.053743	0.8192216	0.50233	0.49767	1.104543
1098	-1012.496	-1224.103	211.6069	2.184788	0.8981005	0.473208	0.526792	0.9937666
1104	-1018.21	-1230.207	211.9969	2.184788	0.6873319	0.750005	0.249995	0.8409288
1110	-1041.314	-1251.262	209.9483	1.543757	0.6172975	0.409426	0.590574	2.842727
1116	-1042.54	-1251.874	209.3338	1.473865	1.001064	0.409426	0.590574	2.981603
1122	-1027.931	-1240.039	212.1081	2.164302	0.6181536	0.392505	0.607495	0.8459388
1128	-1004.239	-1215.798	211.5591	2.256358	0.8105272	0.379639	0.620361	1.066453
1134	-1008.864	-1220.508	211.6437	2.274951	0.6429851	0.379639	0.620361	1.165687
1140	-1018.019	-1229.976	211.9576	2.214042	0.6375818	0.672275	0.327725	0.9299421
1146	-1016.893	-1228.968	212.0744	2.214042	0.5469307	0.403467	0.596533	0.9474484
1152	-1017.952	-1229.472	211.5195	2.30583	0.9447643	0.689356	0.310644	0.9057613
1158	-1013.844	-1225.395	211.5509	2.30583	0.9447643	0.406238	0.593762	0.8697892
1164	-1023.97	-1236.108	212.1374	2.427979	0.5192907	0.406238	0.593762	0.6137113
1170	-1017.636	-1229.839	212.2035	2.356002	0.2697713	0.551469	0.448531	1.198189
1176	-1024.374	-1235.265	210.8909	1.830546	0.6524111	0.266716	0.733284	2.036825
1182	-1035.875	-1246.945	211.0697	1.745241	0.4628143	0.33974	0.66026	2.167042
1188	-1032.612	-1243.469	210.8569	1.879526	0.7504483	0.353171	0.646829	1.94167
1194	-1029.159	-1240.963	211.8042	2.068397	0.4513246	0.545135	0.454865	1.446092
1200	-1027.857	-1239.085	211.2276	1.922725	1.005833	0.528317	0.471683	1.446092
1206	-1016.935	-1228.262	211.3269	2.255585	0.8487449	0.612548	0.387452	1.233885
1212	-1004.7	-1216.233	211.5324	2.19736	0.6955156	0.57564	0.42436	1.266131
1218	-1011.354	-1222.582	211.2286	2.042969	0.6955156	0.467675	0.532325	1.617777
1224	-1038.712	-1250.223	211.511	2.170532	1.045055	0.395417	0.604583	0.9524297
1230	-1033.012	-1242.695	209.6828	1.751856	0.8022149	0.687943	0.312057	2.732102
1236	-1032.002	-1241.914	209.9122	1.631337	0.7289709	0.581963	0.418037	2.720099
1242	-1020.975	-1232.062	211.0867	1.767054	0.9185741	0.569572	0.430428	1.72848
1248	-1033.924	-1245	211.0756	1.670085	0.7174796	0.590064	0.409936	1.96329
1254	-1020.881	-1231.168	210.287	1.676493	1.082669	0.571622	0.428378	2.21561
1260	-1019.875	-1231.661	211.7867	2.004764	0.6627574	0.573897	0.426103	1.251137
1266	-1017.485	-1229.399	211.9135	1.969445	0.5976176	0.573897	0.426103	1.251137
1272	-1030.53	-1241.991	211.4616	1.854693	0.7416011	0.554599	0.445401	1.541977
1278	-1019.127	-1230.903	211.7763	2.016932	0.6920026	0.406599	0.593401	1.216891
1284	-1016.293	-1228.067	211.774	1.984712	0.7333855	0.632132	0.367868	1.200968
1290	-1002.791	-1214.246	211.4544	2.099108	1.043188	0.4307	0.5693	1.080338
1296	-1022.012	-1233.183	211.1711	2.111868	1.307114	0.647496	0.352504	1.113697
1302	-1002.526	-1213.725	211.1992	2.111868	1.200488	0.498358	0.501642	1.16869
1308	-1003.11	-1214.429	211.3186	2.318144	1.094735	0.46698	0.53302	0.9499042
1314	-1005.133	-1216.925	211.7924	2.126344	0.8919117	0.41451	0.58549	0.8631381
1320	-1004.205	-1215.647	211.4425	2.203623	1.160276	0.41215	0.58785	0.8731377
1326	-1001.701	-1213.286	211.585	2.118682	1.097238	0.41215	0.58785	0.8731377
1332	-1004.258	-1215.477	211.2192	2.213939	1.402961	0.318518	0.681482	0.8863692
1338	-1011.178	-1222.871	211.6932	2.078048	0.7733313	0.393278	0.606722	1.147149
1344	-1010.371	-1221.23	210.8591	1.748503	0.7367605	0.340678	0.659322	2.039102
1350	-1010.998	-1222.715	211.7173	1.860105	0.4021551	0.638014	0.361986	1.728155
1356	-1014.905	-1226.623	211.7188	1.787628	0.486974	0.659306	0.340694	1.670447
1362	-1009.023	-1221.12	212.0969	1.891195	0.38272	0.465514	0.534486	1.456135
1368	-1023.522	-1234.646	211.1243	1.778206	0.3874106	0.512579	0.487421	2.200837
1374	-1032.42	-1243.19	210.7699	1.90118	0.5973545	0.449961	0.550039	2.121215
1380	-1028.534	-1240.308	211.7743	1.905366	0.6712217	0.549295	0.450705	1.333023
1386	-1034.446	-1245.756	211.3103	1.85727	0.6712217	0.510539	0.489461	1.715037
1392	-1006.541	-1218.396	211.8549	2.349568	0.7561067	0.51544	0.48456	0.6784173
1398	-1025.122	-1236.846	211.7246	2.238049	0.8273956	0.455961	0.544039	0.8959385
1404	-1007.256	-1219.011	211.7556	2.238049	0.8273956	0.455961	0.544039	0.8599843
1410	-1002.162	-1213.519	211.3572	2.018028	1.086845	0.497472	0.502528	1.202038
1416	-1024.871	-1236.264	211.3938	1.983441	1.086685	0.581724	0.418276	1.200447
1422	-1026.134	-1237.247	211.1126	1.800344	0.5496265	0.663219	0.336781	2.008909
1428	-1034.547	-1245.647	211.0998	1.690973	0.6326965	0.501757	0.498243	2.008909
1434	-1023.895	-1235.24	211.3449	1.714523	0.5034629	0.502384	0.497616	1.960246
1440	-1022.784	-1233.453	210.6686	1.82203	0.8524204	0.529226	0.470774	2.025558
1446	-1030.601	-1240.947	210.3458	1.611018	0.6799796	0.397818	0.602182	2.503759
1452	-1023.103	-1233.89	210.7875	1.671738	0.8083648	0.397818	0.602182	2.079785
1458	-1018.251	-1228.728	210.4772	1.860305	1.01198	0.411638	0.588362	2.015392
1464	-1023.431	-1235.033	211.6015	2.103916	1.01198	0.45166	0.54834	0.9613801
1470	-1025.49	-1236.049	210.5593	1.720761	0.5734994	0.403925	0.596075	2.395063
1476	-1022.294	-1233.788	211.4932	1.657114	0.3665931	0.310462	0.689538	2.066222
1482	-1020.601	-1232.012	211.4105	2.043434	0.942143	0.500702	0.499298	1.256472
1488	-1026.105	-1237.662	211.5565	1.882324	0.9566879	0.789443	0.210557	1.256472
1494	-1017.901	-1228.326	210.4252	1.629334	0.8238016	0.608966	0.391034	2.329944
1500	-1020.238	-1229.59	209.3524	1.431515	0.8639841	0.614071	0.385929	3.08241
1506	-1029.557	-1238.551	208.994	1.363089	0.4296264	0.498309	0.501691	3.692085
1512	-1017.014	-1227.271	210.2569	1.648422	0.7171158	0.611424	0.388576	2.505664
1518	-1007.554	-1219.009	211.4548	1.802448	0.7035312	0.470117	0.529883	1.620561
1524	-1011.169	-1222.726	211.5567	1.962427	0.7035312	0.456923	0.543077	1.425517
1530	-1039.075	-1250.223	211.1483	1.616087	0.5431071	0.569151	0.430849	2.113688
1536	-1009.67	-1220.363	210.6926	1.728004	1.017057	0.494253	0.505747	1.956528
1542	-1007.084	-1218.685	211.6008	1.817329	0.6613504	0.556	0.444	1.54384
1548	-1003.24	-1215.058	211.8175	1.970601	0.6893175	0.485856	0.514144	1.22421
1554	-1003.272	-1215.429	212.1572	1.970601	0.51822	0.36352	0.63648	1.145356
1560	-995.3331	-1206.992	211.6586	1.970601	0.860858	0.36352	0.63648	1.1824
1566	-998.8841	-1210.274	211.3902	1.980377	0.9050162	0.467918	0.532082	1.355973
1572	-1005.557	-1217.416	211.8596	1.947716	0.7181751	0.322575	0.677425	1.175666
1578	-1002.37	-1214.11	211.7403	2.067012	0.7181751	0.483679	0.516321	1.175666
1584	-1010.651	-1222.077	211.4262	1.977846	0.7806527	0.631388	0.368612	1.440023
1590	-1030.097	-1240.746	210.6488	1.565444	0.941465	0.474705	0.525295	2.143798
1596	-1011.502	-1221.887	210.3852	1.582424	0.941465	0.452396	0.547604	2.302954
1602	-1018.237	-1228.734	210.4971	1.751799	1.350574	0.481952	0.518048	1.873189
1608	-1024.497	-1235.076	210.5792	1.902818	1.302018	0.531157	0.468843	1.739071
1614	-1020.13	-1231.564	211.4336	2.015916	1.096228	0.511026	0.488974	1.129341
1620	-1022.594	-1233.908	211.3144	2.066954	1.180194	0.439605	0.560395	1.122096
1626	-1004.361	-1214.906	210.5454	2.049794	1.802414	0.3863	0.6137	1.390779
1632	-1005.954	-1216.651	210.6966	1.944056	1.504144	0.443551	0.556449	1.511413
1638	-1002.937	-1213.496	210.5584	1.96694	1.627437	0.567054	0.432946	1.532038
1644	-1020.96	-1230.979	210.019	1.95032	1.786486	0.439333	0.560667	1.852038
1650	-1015.046	-1226.273	211.227	2.021007	0.8049679	0.564059	0.435941	1.53576
1656	-1019.753	-1231.061	211.3082	1.939495	1.068918	0.564059	0.435941	1.32178
1662	-1007.85	-1219.206	211.3559	2.002163	0.9575422	0.478093	0.521907	1.32178
1668	-1024.156	-1234.89	210.734	1.995397	1.480191	0.362757	0.637243	1.457793
1674	-1013.477	-1225.169	211.6915	1.925382	0.689214	0.506059	0.493941	1.363899
1680	-1023.17	-1234.563	211.3935	1.793616	0.8202461	0.456631	0.543369	1.567576
1686	-1036.664	-1247.757	211.0926	1.885992	0.6243132	0.547338	0.452662	1.89057
1692	-1017.097	-1229.064	211.9672	1.732199	0.6243132	0.498855	0.501145	1.368618
1698	-1021.608	-1232.558	210.9497	1.832216	1.339193	0.585217	0.414783	1.500209
1704	-1012.273	-1223.452	211.1788	1.848531	0.5657349	0.372395	0.627605	1.91564
1710	-1018.238	-1228.638	210.3997	2.15967	1.91611	0.359319	0.640681	1.363454
1716	-1027.629	-1237.964	210.3344	2.288435	2.009852	0.446395	0.553605	1.267279
1722	-1024.535	-1235.397	210.8621	2.387526	1.440131	0.485183	0.514817	1.047369
1728	-1021.477	-1232.359	210.882	2.387526	1.687877	0.561345	0.438655	0.8372992
1734	-1008.703	-1219.263	210.5605	2.337405	2.088416	0.453502	0.546498	0.9771182
1740	-1012.204	-1223.623	211.4185	2.337405	0.9472303	0.357103	0.642897	0.9771182
1746	-999.9433	-1211.047	211.1032	2.293494	1.498108	0.49019	0.50981	0.8445961
1752	-1010.844	-1221.89	211.047	2.291634	1.324733	0.56147	0.43853	1.048593
1758	-1026.473	-1238.041	211.567	2.40531	1.013931	0.493599	0.506401	0.5069445
1764	-1040.468	-1252.056	211.5882	2.40531	0.9887731	0.379217	0.620783	0.5466355
1770	-1024.106	-1235.695	211.5893	2.415885	0.9310294	0.603222	0.396778	0.6790006
1776	-1023.599	-1235.291	211.6925	2.323862	0.8980179	0.560982	0.439018	0.721122
1782	-1030.594	-1242.395	211.8009	2.323862	0.8020242	0.205806	0.794194	0.721122
1788	-1020.927	-1232.646	211.7192	2.441711	0.7849476	0.615795	0.384205	0.6941729
1794	-1006.892	-1218.617	211.7251	2.517209	0.7673483	0.428312	0.571688	0.4992793
1800	-1020.113	-1231.766	211.6532	2.44118	0.8763268	0.487735	0.512265	0.6116274
1806	-1026.177	-1237.883	211.7052	2.384218	0.8329453	0.710792	0.289208	0.7201722
1812	-1033.12	-1244.896	211.7764	2.384218	0.8329453	0.710792	0.289208	0.547856
1818	-1033.981	-1245.757	211.7764	2.384218	0.8329453	0.573489	0.426511	0.547856
1824	-1028.478	-1240.013	211.535	2.50224	0.8952174	0.395016	0.604984	0.6904606
1830	-1033.593	-1245.045	211.452	2.47356	0.9898699	0.516978	0.483022	0.7125869
1836	-1025.858	-1237.268	211.4093	2.345988	1.115383	0.516978	0.483022	0.7869782
1842	-1021.16	-1232.363	211.2035	2.345988	1.44718	0.327299	0.672701	0.6754468
1848	-1015.613	-1227.259	211.646	2.426607	0.8927591	0.610174	0.389826	0.6216264
1854	-1006.401	-1218.039	211.6384	2.325729	0.9294555	0.481926	0.518074	0.7501918
1860	-1007.141	-1219.012	211.871	2.251389	0.7797418	0.446735	0.553265	0.7652765
1866	-1026.161	-1238.095	211.9343	2.304324	0.7203227	0.390731	0.609269	0.6978507
1872	-1022.92	-1233.93	211.0101	2.056396	0.2923323	0.546674	0.453326	2.227234
1878	-1022.899	-1234.046	211.1473	2.061034	0.5129316	0.649161	0.350839	1.848746
1884	-1021.404	-1232.712	211.3083	2.157582	0.8925442	0.565916	0.434084	1.290215
1890	-1031.958	-1243.405	211.4469	2.20217	0.8446667	0.359011	0.640989	1.18096
1896	-1040.859	-1252.423	211.564	2.12107	0.7537274	0.490739	0.509261	1.241851
1902	-1034.047	-1244.955	210.9079	1.991079	1.335812	0.500038	0.499962	1.413134
1908	-1033.611	-1243.334	209.7224	1.991079	1.611705	0.583024	0.416976	2.101405
1914	-1031.698	-1242.262	210.5638	1.899169	0.8891899	0.475709	0.524291	2.016859
1920	-1030.65	-1241.834	211.1838	1.899169	0.9528621	0.267338	0.732662	1.537197
1926	-1036.245	-1247.079	210.8339	1.877438	0.7278932	0.550055	0.449945	1.97745
1932	-1023.144	-1233.937	210.7934	1.740823	0.8397494	0.525196	0.474804	2.006118
1938	-1022.314	-1234.162	211.8481	1.888191	0.6353369	0.564833	0.435167	1.326995
1944	-1015.314	-1227.274	211.9603	1.982843	0.5485062	0.479342	0.520658	1.262399
1950	-1016.034	-1228.122	212.0886	2.006062	0.4048947	0.466035	0.533965	1.33955
1956	-1023.979	-1235.059	211.0805	1.940638	0.4048947	0.34079	0.65921	2.101455
1962	-1027.904	-1239.465	211.5613	1.74027	0.3668866	0.531166	0.468834	1.965265
1968	-1032.252	-1242.774	210.5227	1.74027	0.5974805	0.67322	0.32678	2.383479
1974	-1025.988	-1237.072	211.0843	1.74027	0.5027412	0.520297	0.479703	2.116641
1980	-1024.476	-1235.335	210.859	1.788858	0.5027412	0.380413	0.619587	2.231365
1986	-1026	-1236.854	210.8536	1.788858	1.108683	0.387909	0.612091	1.744441
1992	-1018.511	-1229.271	210.7608	1.738921	0.5429715	0.347449	0.652551	2.285114
1998	-1012.862	-1223.84	210.9778	1.807246	0.5429715	0.451253	0.548747	2.100241
2004	-1009.344	-1220.623	211.2792	1.846129	0.5429715	0.451253	0.548747	1.872821
2010	-1010.808	-1221.861	211.053	1.765759	0.3870899	0.368754	0.631246	2.255191
2016	-1027.358	-1238.133	210.7742	1.676985	0.432846	0.643283	0.356717	2.433669
2022	-1005.534	-1215.996	210.4617	1.727272	0.4668488	0.444262	0.555738	2.559813
2028	-1018.046	-1228.274	210.2278	1.509713	0.5913866	0.445419	0.554581	2.715918
2034	-1040.79	-1251.94	211.1498	2.31109	1.42052	0.398064	0.601936	0.8372419
2040	-1026.696	-1237.894	211.198	2.31109	1.366135	0.311787	0.688213	0.8297949
2046	-1021.251	-1233.097	211.8457	2.297091	0.8110816	0.543275	0.456725	0.6702504
2052	-1022.186	-1234.092	211.906	2.318067	0.7644446	0.335916	0.664084	0.6117618
2058	-1047.043	-1258.527	211.4841	2.439991	1.001274	0.363856	0.636144	0.6954504
2064	-1032.309	-1244.151	211.8427	2.472399	0.709223	0.435556	0.564444	0.5036608
2070	-1018.317	-1229.912	211.5943	2.724446	0.66728	0.465778	0.534222	0.356011
2076	-1026.595	-1237.648	211.0528	2.814145	1.064678	0.465778	0.534222	0.3505395
2082	-1023.62	-1234.972	211.3522	2.814145	0.7837634	0.44674	0.55326	0.3505395
2088	-1027.128	-1238.641	211.5122	2.721241	0.7184257	0.38925	0.61075	0.3355906
2094	-1032.742	-1244.34	211.5977	2.721241	0.7055882	0.549042	0.450958	0.4793503
2100	-1024.462	-1235.912	211.4504	2.692413	0.8516473	0.403345	0.596655	0.4793503
2106	-1026.253	-1237.649	211.3962	2.692413	0.8923867	0.435377	0.564623	0.4327109
2112	-1036.677	-1248.066	211.3893	2.553864	1.031654	0.535242	0.464758	0.4268702
2118	-1024.864	-1236.03	211.1662	2.560939	1.271287	0.439072	0.560928	0.5810964
2124	-1029.6	-1241.118	211.5179	2.631072	0.8388232	0.527387	0.472613	0.4350536
2130	-1031.48	-1242.998	211.5179	2.631072	0.8388232	0.416029	0.583971	0.4350536
2136	-1030.176	-1241.795	211.6188	2.405654	0.9010415	0.61864	0.38136	0.7020232
2142	-1024.701	-1236.443	211.7418	2.568336	0.6981967	0.302282	0.697718	0.4082113
2148	-1031.049	-1242.807	211.7578	2.568336	0.6981967	0.488122	0.511878	0.4604188
2154	-1029.981	-1241.781	211.8005	2.509498	0.6981967	0.659341	0.340659	0.6051754
2160	-1018.116	-1229.987	211.8713	2.273987	0.8213072	0.428411	0.571589	0.6398241
2166	-1029.842	-1241.189	211.3469	2.618424	1.020979	0.548079	0.451921	0.4918886
2172	-1037.837	-1248.062	210.2243	1.493842	0.5977386	0.443978	0.556022	2.722097
2178	-1028.04	-1237.915	209.875	1.557243	0.3886963	0.595995	0.404005	3.107116
2184	-1013.085	-1224.483	211.3977	2.656647	0.9317707	0.421405	0.578595	0.4690693
2190	-1035.178	-1246.434	211.2557	2.50633	1.195378	0.277703	0.722297	0.6587741
2196	-1039.935	-1251.532	211.5972	2.50633	0.8791004	0.269441	0.730559	0.5722628
2202	-1039.032	-1250.475	211.443	2.750159	0.7968197	0.407251	0.592749	0.421537
2208	-1027.672	-1239.121	211.4489	2.701331	0.8379389	0.50502	0.49498	0.4358194
2214	-1017.115	-1228.55	211.4351	2.723439	0.829569	0.50502	0.49498	0.4318121
2220	-1031.631	-1243.592	211.9616	1.940612	0.4733706	0.501895	0.498105	1.39349
2226	-1026.503	-1238.303	211.7995	1.966327	0.5355589	0.303008	0.696992	1.41998
2232	-1010.329	-1221.996	211.6672	2.045532	0.5707432	0.578651	0.421349	1.419166
2238	-1023.795	-1235.01	211.2148	2.197073	0.7848513	0.382248	0.617752	1.430134
2244	-1038.373	-1250.521	212.1474	2.212437	0.4687614	0.571316	0.428684	1.005465
2250	-1028.166	-1239.411	211.2449	2.125064	1.076014	0.575867	0.424133	1.215259
2256	-1035.711	-1246.684	210.9731	2.031052	1.076014	0.575867	0.424133	1.505105
2262	-1023.105	-1234.828	211.7225	1.977185	0.570139	0.404417	0.595583	1.429918
2268	-1021.462	-1233.18	211.718	2.188956	0.7305231	0.594816	0.405184	1.071735
2274	-1037.223	-1247.406	210.1828	3.005756	2.027582	0.45723	0.54277	0.3900248
2280	-1021.096	-1232.184	211.0878	2.79009	1.108145	0.45723	0.54277	0.4546193
2286	-1031.959	-1243.259	211.2997	2.687626	0.9945882	0.402639	0.597361	0.4546193
2292	-1021.861	-1233.472	211.611	2.687626	0.7194098	0.619253	0.380747	0.5425293
2298	-1031.045	-1242.772	211.7274	2.574631	0.7194098	0.42962	0.57038	0.497511
2304	-1031.322	-1242.548	211.2255	2.501941	1.229887	0.42962	0.57038	0.6685539
2310	-1035.047	-1246.271	211.2244	2.535107	1.192764	0.322265	0.677735	0.6685539
2316	-1042.592	-1253.758	211.1654	2.565549	1.192764	0.367911	0.632089	0.7197117
2322	-1037.467	-1249.213	211.7455	2.512981	0.7366855	0.655864	0.344136	0.6117231
2328	-1052.689	-1264.283	211.5941	2.433955	0.937929	0.575925	0.424075	0.6117231
2334	-1040.946	-1251.331	210.3852	1.559438	0.5218021	0.524756	0.475244	2.654262
2340	-1026.947	-1236.93	209.9826	1.719202	0.4649417	0.524756	0.475244	2.860631
2346	-1032.742	-1243.877	211.135	1.719202	0.5737851	0.334724	0.665276	2.023504
2352	-1055.444	-1265.211	209.7667	1.679567	0.8360523	0.678427	0.321573	2.700935
2358	-1049.872	-1260.426	210.5535	1.734643	0.4787126	0.51781	0.48219	2.485224
2364	-1030.996	-1242.171	211.1743	1.762206	0.4890394	0.3811	0.6189	2.058028
2370	-1024.077	-1234.905	210.8273	1.851336	0.5307602	0.409149	0.590851	2.182237
2376	-1033.225	-1243.593	210.3681	1.563859	0.5550045	0.405692	0.594308	2.62994
2382	-1019.508	-1230.905	211.3968	1.851468	0.5913849	0.482785	0.517215	1.737105
2388	-1022.261	-1233.837	211.5759	1.953294	0.4217973	0.504388	0.495612	1.735929
2394	-1018.237	-1229.785	211.5483	1.655018	0.7808945	0.489439	0.510561	1.589628
2400	-1018.819	-1230.3	211.4815	1.784907	0.5734471	0.469279	0.530721	1.743066
2406	-1015.994	-1227.026	211.0318	1.604252	0.5734471	0.417521	0.582479	2.167099
2412	-1032.677	-1244.036	211.358	1.691405	0.4729729	0.546931	0.453069	2.001194
2418	-1025.516	-1236.32	210.8044	1.739032	0.4861208	0.546931	0.453069	2.316067
2424	-1023.737	-1235.239	211.5028	2.052957	0.5925358	0.488931	0.511069	1.513678
2430	-1030.242	-1241.637	211.3942	2.050199	0.6719571	0.451679	0.548321	1.513678
2436	-1000.672	-1212.375	211.7029	1.960466	0.5540113	0.453538	0.546462	1.47627
2442	-1000.72	-1211.31	210.5903	1.558941	0.6150743	0.653921	0.346079	2.439207
2448	-1010.463	-1220.507	210.0443	1.606773	0.8005005	0.566438	0.433562	2.600137
2454	-1028.91	-1240.055	211.1448	1.606946	0.7797065	0.486174	0.513826	1.907224
2460	-1010.577	-1220.294	209.7168	1.805873	0.876668	0.562335	0.437665	2.625792
2466	-1017.446	-1227.383	209.9376	1.700872	0.6625872	0.363541	0.636459	2.715121
2472	-1013.394	-1223.99	210.5966	1.646854	0.5302713	0.269473	0.730527	2.460138
2478	-1009.322	-1218.827	209.5056	1.649001	0.9201605	0.403486	0.596514	2.822376
2484	-1024.622	-1234.774	210.1519	1.682457	0.9201605	0.403486	0.596514	2.40182
2490	-1020.244	-1230.405	210.1612	1.478147	0.452569	0.411943	0.588057	2.911509
2496	-1007.599	-1218.249	210.6498	1.574437	0.452569	0.6498	0.3502	2.553428
2502	-1004.226	-1215.369	211.1429	1.790276	0.4010799	0.684432	0.315568	2.163652
2508	-1007.536	-1218.154	210.6181	1.85564	0.4751413	0.637417	0.362583	2.372259
2514	-1025.722	-1236.925	211.2027	1.752602	0.4601396	0.55216	0.44784	2.078317
2520	-1002.714	-1213.89	211.1766	1.819655	0.5330254	0.482813	0.517187	1.970649
2526	-1008.145	-1219.771	211.6262	1.819655	0.3265381	0.65671	0.34329	1.925745
2532	-1007.138	-1218.378	211.2395	1.873527	0.3127704	0.463525	0.536475	2.166467
2538	-1013.721	-1224.822	211.1011	1.814858	0.4841689	0.313473	0.686527	2.076994
2544	-1019.033	-1230.471	211.4383	1.973706	0.6414905	0.425825	0.574175	1.568416
2550	-1008.347	-1219.831	211.4841	2.256963	0.8691479	0.425825	0.574175	1.073616
2556	-1018.494	-1229.994	211.4998	2.296557	0.9519419	0.470547	0.529453	0.9294421
2562	-1012.445	-1224.045	211.5997	2.193923	0.9545416	0.470547	0.529453	0.9294421
2568	-1022.782	-1234.356	211.5739	2.114746	0.9914418	0.534861	0.465139	0.9993698
2574	-1010.784	-1222.548	211.7636	2.277233	0.8116157	0.476582	0.523418	0.8243718
2580	-1031.756	-1243.28	211.5245	2.248651	0.9169416	0.270095	0.729905	0.9920397
2586	-1020.769	-1232.368	211.5994	2.30268	0.794977	0.264506	0.735494	1.000252
2592	-1017.83	-1229.379	211.5487	2.30268	0.9540204	0.529667	0.470333	0.8647469
2598	-1009.379	-1221.439	212.0605	2.097682	0.7052029	0.588151	0.411849	0.8411555
2604	-1011.454	-1223.394	211.94	2.196405	0.7052029	0.431789	0.568211	0.8673705
2610	-1023.836	-1235.648	211.8114	2.196405	0.8097772	0.699514	0.300486	0.8673705
2616	-1014.262	-1226.112	211.8499	2.196405	0.8097772	0.517997	0.482003	0.8201168
2622	-1016.348	-1228.243	211.8951	2.328755	0.7265075	0.569185	0.430815	0.709659
2628	-1019.776	-1231.845	212.069	2.215175	0.5208355	0.612886	0.387114	0.9944278
2634	-1014.935	-1227.09	212.1554	2.176957	0.5501724	0.6788	0.3212	0.8939653
2640	-1007.432	-1219.14	211.7076	2.132083	0.8983665	0.563252	0.436748	0.9439003
2646	-1017.486	-1229.398	211.9124	2.226861	0.7761326	0.449118	0.550882	0.7468138
2652	-1025.329	-1237.109	211.7807	1.954913	0.8413193	0.48278	0.51722	1.107468
2658	-1027.299	-1239.225	211.9256	1.897385	0.7253928	0.479544	0.520456	1.153871
2664	-1022.04	-1233.894	211.8542	1.957132	0.8462868	0.575083	0.424917	1.031103
2670	-1035.093	-1247.102	212.0092	2.004323	0.6171085	0.560855	0.439145	1.113492
2676	-1015.903	-1227.317	211.414	1.768884	1.00925	0.428383	0.571617	1.418434
2682	-1031.524	-1243.346	211.8223	1.795192	0.6484457	0.431442	0.568558	1.406293
2688	-1025.828	-1238.228	212.4008	2.140564	0.4171869	0.485822	0.514178	0.9127258
2694	-1028.687	-1240.338	211.6509	2.240971	0.9235962	0.538921	0.461079	0.8545315
2700	-1018.302	-1230.165	211.8621	2.16514	0.846737	0.395632	0.604368	0.7891387
2706	-1016.429	-1228.033	211.6042	2.227344	0.952905	0.618283	0.381717	0.8892345
2712	-1029.951	-1242.04	212.0891	2.026685	0.746871	0.452893	0.547107	0.8281395
2718	-1017.256	-1229.189	211.933	2.0615	0.746871	0.472963	0.527037	0.9655244
2724	-1041.328	-1252.501	211.1727	1.974167	0.2666388	0.340676	0.659324	2.215842
2730	-1026.985	-1238.403	211.4178	1.871462	0.4084503	0.639789	0.360211	1.918423
2736	-1019.193	-1231.27	212.0761	1.900165	0.2461546	0.485471	0.514529	1.692864
2742	-1012.251	-1223.247	210.996	1.988553	0.2679486	0.394071	0.605929	2.317843
2748	-1024.48	-1235.745	211.2643	1.841933	0.3851593	0.394071	0.605929	2.070687
2754	-1019.568	-1231.294	211.7255	1.791101	0.2686976	0.395111	0.604889	1.969431
2760	-1008.209	-1219.168	210.9591	1.662	0.4046166	0.578156	0.421844	2.35966
2766	-1014.923	-1225.211	210.2886	1.598868	0.5010647	0.367323	0.632677	2.71014
2772	-1011.404	-1221.926	210.522	1.659678	0.4907221	0.351585	0.648415	2.539048
2778	-1015.103	-1226.068	210.9656	1.857208	0.5759753	0.696199	0.303801	2.042138
2784	-1012.26	-1223.418	211.1584	1.929394	0.9484812	0.563425	0.436575	1.537001
2790	-1018.856	-1230.184	211.3276	1.834803	0.4610111	0.641052	0.358948	1.939383
2796	-1013.608	-1225.02	211.4112	1.598504	0.5384567	0.337858	0.662142	1.955878
2802	-1027.661	-1238.206	210.5451	1.762449	0.522688	0.303162	0.696838	2.427467
2808	-1022.8	-1233.503	210.7031	1.547064	0.4587903	0.597079	0.402921	2.53049
2814	-1018.859	-1229.421	210.5618	1.622309	0.636612	0.67931	0.32069	2.398043
2820	-1031.82	-1242.488	210.6682	1.845405	0.5839023	0.418037	0.581963	2.236207
2826	-1017.43	-1228.299	210.8688	1.845405	0.5925062	0.525086	0.474914	2.097594
2832	-1017.903	-1228.334	210.4315	1.854733	0.4983448	0.582125	0.417875	2.465746
2838	-1016.932	-1227.826	210.8931	1.736358	0.643426	0.355314	0.644686	2.105623
2844	-1014.874	-1225.353	210.4798	1.687554	0.6863125	0.645273	0.354727	2.365976
2850	-1030.968	-1242.651	211.6827	1.9418	0.4120273	0.583986	0.416014	1.68152
2856	-1016.296	-1227.997	211.7005	1.871307	0.5303517	0.291246	0.708754	1.571952
2862	-1019.259	-1231.622	212.3637	1.926036	0.3824919	0.445673	0.554327	1.215056
2868	-1020.954	-1232.222	211.2679	1.926036	0.6627932	0.541786	0.458214	1.704447
2874	-1024.656	-1236.43	211.7739	1.773676	0.4769098	0.159457	0.840543	1.653239
2880	-1034.434	-1245.7	211.2657	2.052906	0.478114	0.473087	0.526913	1.812763
2886	-1029.994	-1240.997	211.0031	1.910023	0.478114	0.340111	0.659889	2.085612
2892	-1025.068	-1236.445	211.3767	1.974435	0.2648714	0.563983	0.436017	2.085612
2898	-1033.405	-1244.391	210.9855	1.977098	0.4699996	0.567145	0.432855	2.062209
2904	-1030.9	-1242.404	211.5045	1.977098	0.2733857	0.605374	0.394626	1.985085
2910	-1020.881	-1232.565	211.6836	2.085768	0.4275377	0.516135	0.483865	1.555721
2916	-1027.386	-1238.881	211.4946	1.790131	0.5305362	0.558376	0.441624	1.776516
2922	-1019.646	-1230.839	211.1935	1.976852	0.45775	0.466221	0.533779	1.937896
2928	-1023.56	-1234.986	211.4265	2.023837	0.4004963	0.353696	0.646304	1.818883
2934	-1019.834	-1230.061	210.2265	1.638327	0.4110405	0.397856	0.602144	2.820964
2940	-1016.765	-1225.636	208.8713	1.456694	0.9924265	0.453025	0.546975	3.272236
2946	-1009.452	-1220.662	211.21	1.774327	0.582287	0.622497	0.377503	1.927861
2952	-1008.797	-1219.825	211.0279	1.930245	0.3531764	0.581577	0.418423	2.209791
2958	-1011.778	-1223.168	211.3895	1.930245	0.5649704	0.469573	0.530427	1.714525
2964	-1007.259	-1218.925	211.6659	1.829852	0.4778265	0.492609	0.507391	1.689109
2970	-1014.495	-1226.106	211.6105	2.09877	0.7620062	0.462313	0.537687	1.21286
2976	-1011.981	-1223.687	211.7055	2.09877	0.8432243	0.516163	0.483837	1.041197
2982	-1019.425	-1230.935	211.5103	2.141229	0.9563991	0.313793	0.686207	1.069893
2988	-1028.614	-1240.476	211.8615	1.831361	0.4265836	0.547304	0.452696	1.612901
2994	-1029.911	-1241.076	211.1648	1.839651	0.7280896	0.491787	0.508213	1.777457
3000	-1020.237	-1231.927	211.6908	2.039305	0.704373	0.514989	0.485011	1.256331
3006	-1011.209	-1222.664	211.4556	2.075982	0.7680707	0.455219	0.544781	1.352475
3012	-1026.044	-1236.851	210.8066	1.813714	0.7542666	0.474717	0.525283	2.016241
3018	-1021.066	-1232.307	211.2405	1.801095	0.5154168	0.495012	0.504988	1.959092
3024	-1032.419	-1243.631	211.2116	1.878252	0.7518519	0.725026	0.274974	1.696654
3030	-1021.865	-1232.593	210.7282	1.594049	0.5499731	0.518401	0.481599	2.391085
3036	-1020.333	-1230.885	210.5526	1.653695	0.5499731	0.455561	0.544439	2.464105
3042	-1032.091	-1241.876	209.785	1.369198	0.4329105	0.364661	0.635339	3.222516
3048	-1042.348	-1252.893	210.5444	1.656896	0.3016633	0.427344	0.572656	2.75531
3054	-1042.361	-1252.681	210.3208	2.109447	0.9630666	0.382018	0.617982	1.986521
3060	-1033.217	-1244.952	211.7347	1.928349	0.4839916	0.398002	0.601998	1.560696
3066	-1034.098	-1246.108	212.0104	2.107053	0.3459223	0.541891	0.458109	1.414887
3072	-1021.297	-1232.92	211.6229	1.97119	0.4024785	0.43528	0.56472	1.715927
3078	-1015.239	-1226.546	211.3078	1.861162	0.5291694	0.469729	0.530271	1.857893
3084	-1021.024	-1232.441	211.4179	1.609701	0.3760141	0.328315	0.671685	2.134242
3090	-1022.121	-1233.548	211.4274	1.836138	0.4188567	0.594323	0.405677	1.922595
3096	-1024.075	-1235.472	211.3965	1.70142	0.4588379	0.594323	0.405677	1.985255
3102	-1028.818	-1240.151	211.3331	1.666945	0.5744761	0.375534	0.624466	1.92514
3108	-1021.378	-1232.5	211.1224	1.644517	0.5386866	0.370847	0.629153	2.116574
3114	-1002.799	-1214.157	211.3575	1.776321	0.341938	0.519252	0.480748	2.110947
3120	-996.9647	-1208.283	211.3185	1.707192	0.4752711	0.373772	0.626228	2.014399
3126	-1005.646	-1216.843	211.1973	1.803926	0.3695312	0.371756	0.628244	2.15998
3132	-1015.567	-1227.228	211.6607	2.133406	0.3166612	0.371756	0.628244	1.70046
3138	-1033.574	-1245.108	211.534	2.105654	0.4786835	0.534675	0.465325	1.584455
3144	-1032.515	-1243.807	211.2922	2.307176	0.7093562	0.599783	0.400217	1.357008
3150	-1009.893	-1221.571	211.678	2.245561	0.5325286	0.547609	0.452391	1.298996
3156	-1012.737	-1224.731	211.9936	2.080567	0.4038654	0.238976	0.761024	1.357399
3162	-1016.619	-1227.917	211.2984	1.798168	0.3824277	0.469931	0.530069	2.080665
3168	-1017.125	-1228.415	211.29	1.996559	0.4941033	0.496333	0.503667	1.816307
3174	-1028.265	-1239.624	211.3599	1.75924	0.4672288	0.518745	0.481255	1.961241
3180	-1029.429	-1240.109	210.6796	1.773549	0.6741963	0.567553	0.432447	2.193257
3186	-1036.332	-1246.922	210.5907	1.820008	0.7261879	0.476584	0.523416	2.176919
3192	-1029.194	-1239.53	210.3358	1.755674	0.7261879	0.434165	0.565835	2.381408
3198	-1037.823	-1248.647	210.8239	1.912317	1.154325	0.434165	0.565835	1.64849
3204	-1029.535	-1241.353	211.8174	2.096251	0.9108402	0.610464	0.389536	0.844571
3210	-1029.895	-1241.482	211.5873	1.723156	0.7585488	0.575508	0.424492	1.53078
3216	-1012.753	-1224.142	211.3891	1.753699	0.7319836	0.580732	0.419268	1.676648
3222	-1016.576	-1226.782	210.206	1.67378	1.067028	0.559939	0.440061	2.278994
3228	-1028.773	-1237.702	208.9288	1.576385	0.5243742	0.62107	0.37893	3.51195
3234	-1013.367	-1223.734	210.3669	1.383855	0.89825	0.477312	0.522688	2.469205
3240	-1013.652	-1221.1	207.4474	1.222385	0.5226486	0.601891	0.398109	4.561795
3246	-1019.535	-1229.344	209.8092	1.231195	0.8533331	0.320099	0.679901	2.935753
3252	-1038.497	-1250.178	211.6807	1.866086	0.7614081	0.528004	0.471996	1.346869
3258	-1043.122	-1255.132	212.0093	1.797368	0.6544204	0.528004	0.471996	1.247857
3264	-1026.811	-1238.13	211.3184	1.8318	0.8524457	0.408927	0.591073	1.567632
3270	-1028.916	-1240.779	211.8628	2.038182	0.6799446	0.653508	0.346492	1.137029
3276	-1031.932	-1243.891	211.9594	2.085574	0.8041793	0.653508	0.346492	0.8302124
3282	-1038.516	-1250.09	211.5738	2.014835	1.038976	0.535628	0.464372	1.051095
3288	-1024.798	-1235.984	211.1854	1.735688	0.9550778	0.28576	0.71424	1.653467
3294	-1035.295	-1246.716	211.4204	1.727354	0.7888203	0.331431	0.668569	1.623107
3300	-1028.863	-1239.732	210.8689	1.892066	1.166127	0.256603	0.743397	1.623107
3306	-1020.096	-1231.774	211.6785	1.776636	0.5601371	0.5403	0.4597	1.623107
3312	-1034.876	-1246.503	211.627	1.798922	0.5251888	0.427571	0.572429	1.683194
3318	-1029.521	-1240.681	211.1604	1.914199	0.9817523	0.539229	0.460771	1.521461
3324	-1025.246	-1235.82	210.5746	1.680567	0.6415009	0.5422	0.4578	2.348762
3330	-1027.504	-1238.276	210.7714	1.577549	0.6897796	0.453868	0.546132	2.24717
3336	-1028.872	-1240.082	211.2099	1.486375	0.587784	0.662005	0.337995	2.113923
3342	-1010.668	-1221.029	210.3612	1.581085	0.724409	0.568055	0.431945	2.47677
3348	-1024.428	-1236.29	211.8617	1.667124	0.3523071	0.50104	0.49896	1.831498
3354	-1017.017	-1227.416	210.3984	1.487781	0.8353463	0.462309	0.537691	2.428101
3360	-1023.847	-1232.926	209.0788	1.399197	0.7891337	0.638623	0.361377	3.314832
3366	-1032.073	-1242.653	210.5795	1.342461	0.676884	0.28568	0.71432	2.528099
3372	-1019.641	-1230.847	211.2065	1.74988	0.7444041	0.330066	0.669934	1.796607
3378	-1021.843	-1232.923	211.0793	1.746638	0.9706325	0.462003	0.537997	1.709802
3384	-1016.741	-1228.873	212.132	1.660204	0.6016964	0.462003	0.537997	1.320463
3390	-1025.693	-1237.631	211.9372	1.851519	0.5672142	0.499265	0.500735	1.363957
3396	-1019.824	-1231.827	212.0031	1.925405	0.7589617	0.329138	0.670862	1.017098
3402	-1010.842	-1222.297	211.4555	2.058486	0.8820178	0.557022	0.442978	1.260096
3408	-1031.21	-1243	211.7899	2.080236	0.857338	0.586296	0.413704	0.9594552
3414	-1030.473	-1240.848	210.3745	1.578697	0.2843096	0.359382	0.640618	2.930724
3420	-1023.941	-1233.469	209.5277	1.447739	0.3169865	0.338347	0.661653	3.46536
3426	-1013.581	-1224.563	210.9828	1.841891	0.4214008	0.411424	0.588576	2.20906
3432	-1035.047	-1246.41	211.3624	1.838431	0.2496692	0.665202	0.334798	2.20906
3438	-1030.31	-1241.121	210.8108	1.702071	0.5162199	0.368915	0.631085	2.303847
3444	-1027.827	-1238.766	210.9384	1.702071	0.3006233	0.400693	0.599307	2.485343
3450	-1028.381	-1239.571	211.1895	1.678498	0.3408592	0.332154	0.667846	2.284563
3456	-1029.274	-1240.824	211.55	1.853502	0.7727803	0.498241	0.501759	1.447695
3462	-1028.058	-1239.2	211.1413	1.718828	0.632206	0.393805	0.606195	1.963011
3468	-1024.861	-1236.294	211.4326	1.649581	0.4130883	0.682224	0.317776	2.051002
3474	-1011.281	-1221.994	210.7127	1.695808	0.3428672	0.23601	0.76399	2.571281
3480	-1001.686	-1212.058	210.3725	1.730584	0.5034412	0.546809	0.453191	2.574796
3486	-1015.947	-1226.616	210.669	1.450517	0.3835761	0.339857	0.660143	2.697947
3492	-1031.741	-1242.333	210.5925	1.589285	0.2981247	0.476773	0.523227	2.772257
3498	-1039.576	-1249.916	210.3398	1.849716	0.6169346	0.412135	0.587865	2.412151
3504	-1041.073	-1251.983	210.911	1.740455	0.7471757	0.415371	0.584629	2.001342
3510	-1037.634	-1248.094	210.46	1.708728	0.975249	0.311209	0.688791	2.150757
3516	-1044.947	-1256.468	211.5203	1.959727	0.5963133	0.285414	0.714586	1.565626
3522	-1025.279	-1236.622	211.3426	1.829987	0.4370525	0.43591	0.56409	1.961226
3528	-1019.403	-1230.891	211.4875	1.970036	0.804097	0.43591	0.56409	1.376935
3534	-1027.377	-1239.24	211.8628	2.128134	0.4552594	0.428179	0.571821	1.348506
3540	-1014.601	-1225.483	210.8822	2.128134	0.5148153	0.439037	0.560963	1.980717
3546	-1019	-1230.326	211.3258	1.999782	0.5325342	0.433755	0.566245	1.745766
3552	-1019.548	-1230.703	211.1558	1.899791	0.3929321	0.420546	0.579454	2.094011
3558	-1007.9	-1219.463	211.5625	1.98992	0.406443	0.420546	0.579454	1.739936
3564	-1011.611	-1223.257	211.6458	1.869302	0.3228027	0.493028	0.506972	1.884407
3570	-1012.585	-1224.545	211.9598	1.869302	0.4984914	0.419759	0.580241	1.417376
3576	-1008.005	-1219.09	211.0848	1.685095	0.4892779	0.543616	0.456384	2.1669
3582	-1009.131	-1219.453	210.3217	1.41907	0.5655953	0.475601	0.524399	2.73749
3588	-1018.068	-1229.437	211.3687	1.951336	0.9233748	0.440628	0.559372	1.380293
3594	-1012.704	-1223.894	211.1903	1.889663	0.5172026	0.431361	0.568639	1.93135
3600	-1012.746	-1223.685	210.9391	1.771686	0.5492894	0.431361	0.568639	2.142433
3606	-1024.361	-1235.461	211.1002	1.624287	0.5404857	0.463343	0.536657	2.142433
3612	-1015.64	-1226.678	211.0379	1.855951	0.3792481	0.710201	0.289799	2.216873
3618	-1017.923	-1228.373	210.4492	1.826083	0.4715974	0.546175	0.453825	2.500942
3624	-1019.419	-1231.514	212.0955	1.984997	0.5102482	0.463507	0.536493	1.19793
3630	-1004.505	-1216.335	211.8298	2.338164	0.5102482	0.459466	0.540534	1.120967
3636	-1005.853	-1217.651	211.7978	2.26385	0.818266	0.482934	0.517066	0.786722
3642	-1007.628	-1219.591	211.963	2.223994	0.6077075	0.443761	0.556239	0.958592
3648	-1003.885	-1215.64	211.7548	2.223994	0.7419962	0.590205	0.409795	0.9878414
3654	-1006.01	-1217.409	211.399	2.276517	0.9125403	0.482902	0.517098	1.090567
3660	-1015.282	-1226.299	211.0167	2.289315	1.309877	0.334369	0.665631	1.090567
3666	-1017.707	-1228.893	211.1863	2.289315	1.309877	0.609861	0.390139	0.9215453
3672	-1016.067	-1227.988	211.9206	2.291475	0.6143902	0.633203	0.366797	0.9215453
3678	-1015.08	-1226.426	211.3465	2.150347	0.6143902	0.397723	0.602277	1.533938
3684	-1030.166	-1241.497	211.3307	1.953121	0.386145	0.397723	0.602277	1.951241
3690	-1028.926	-1239.273	210.3465	1.678584	1.024279	0.3957	0.6043	2.212155
3696	-1026.708	-1237.126	210.4173	1.550143	0.7832792	0.558355	0.441645	2.415326
3702	-1008.635	-1219.626	210.9908	1.738782	0.8833609	0.419427	0.580573	1.841193
3708	-1020.839	-1231.806	210.9665	1.704565	1.208477	0.452783	0.547217	1.66097
3714	-1013.705	-1224.608	210.9029	2.030426	1.208477	0.434831	0.565169	1.46813
3720	-1020.47	-1231.428	210.9577	2.030426	1.166517	0.685145	0.314855	1.454522
3726	-1024.412	-1235.868	211.4568	1.976325	0.8799701	0.579016	0.420984	1.327854
3732	-1012.374	-1223.985	211.6115	1.69013	0.9139282	0.713174	0.286826	1.402559
3738	-1019.709	-1230.68	210.9709	1.885002	0.9139282	0.66819	0.33181	1.730474
3744	-1019.71	-1230.684	210.974	1.78633	0.985662	0.269077	0.730923	1.745227
3750	-1026.214	-1237.281	211.0675	1.825737	0.985662	0.283005	0.716995	1.65103
3756	-1021.721	-1233.024	211.303	1.749684	0.9075244	0.444976	0.555024	1.594664
3762	-1024.963	-1236.078	211.1145	1.749684	0.7739469	0.673108	0.326892	1.835271
3768	-1026.548	-1237.394	210.8458	1.741502	0.6796029	0.217729	0.782271	2.101089
3774	-1003.653	-1213.829	210.1763	1.625214	0.7260679	0.459591	0.540409	2.563237
3780	-1037.178	-1247.668	210.4895	1.714161	0.7856973	0.473166	0.526834	2.263251
3786	-1047.356	-1258.547	211.1908	1.511978	0.6993156	0.360655	0.639345	2.007657
3792	-1015.663	-1225.962	210.2992	2.024354	1.995303	0.466771	0.533229	1.508157
3798	-1012.873	-1223.829	210.9558	2.109744	1.356774	0.479741	0.520259	1.266805
3804	-1026.295	-1236.941	210.6461	2.108818	1.57239	0.499071	0.500929	1.386572
3810	-1019.07	-1230.174	211.1035	1.879212	1.275171	0.499071	0.500929	1.386572
3816	-1010.831	-1221.925	211.0938	2.081673	1.283995	0.277288	0.722712	1.224297
3822	-1015.879	-1227.759	211.8803	2.073899	0.5829801	0.415392	0.584608	1.209176
3828	-1030.838	-1242.144	211.3062	2.03577	0.4462301	0.39594	0.60406	1.835009
3834	-1029.179	-1240.823	211.6443	2.035102	0.6517231	0.498319	0.501681	1.354301
3840	-1035.062	-1246.208	211.1459	1.855127	0.8687505	0.510425	0.489575	1.6625
3846	-1025.879	-1237.371	211.4921	1.837189	0.8687505	0.438981	0.561019	1.419222
3852	-1010.289	-1221.523	211.2333	1.947208	1.105368	0.597289	0.402711	1.348088
3858	-992.8144	-1204.414	211.5998	2.189437	0.8008299	0.504258	0.495742	1.101324
3864	-998.8297	-1210.41	211.5799	2.189437	0.9946736	0.488973	0.511027	0.9112265
3870	-1013.167	-1224.82	211.6535	1.993771	0.8916057	0.488973	0.511027	1.136667
3876	-1019.701	-1230.385	210.6842	1.918914	1.282644	0.571442	0.428558	1.664669
3882	-1014.428	-1225.892	211.4641	1.878581	0.5967463	0.197746	0.802254	1.664669
3888	-1005.932	-1217.538	211.6067	1.802721	0.5120852	0.217857	0.782143	1.709849
3894	-1004.458	-1214.754	210.2961	1.766354	0.4416689	0.358748	0.641252	2.665586
3900	-1003.663	-1214.739	211.0751	1.772035	0.6410947	0.318516	0.681484	1.96342
3906	-997.0488	-1207.679	210.6299	1.811756	0.72285	0.489957	0.510043	2.159557
3912	-997.4506	-1208.526	211.0754	1.980199	0.5611408	0.352571	0.647429	1.901176
3918	-1011.74	-1222.827	211.0866	1.874338	0.7094863	0.469836	0.530164	1.824013
3924	-1001.764	-1212.265	210.5014	1.759391	0.760603	0.494949	0.505051	2.246057
3930	-996.0288	-1207.034	211.0052	1.764222	0.5975843	0.427848	0.572152	2.056341
3936	-1006.128	-1217.196	211.0682	1.935714	0.8188327	0.427334	0.572666	1.700707
3942	-1007.526	-1218.072	210.547	1.792586	0.8190217	0.338561	0.661439	2.149999
3948	-1013.922	-1225.404	211.4817	1.978114	0.5247441	0.326623	0.673377	1.659541
3954	-1012.732	-1223.934	211.2019	1.850202	0.9018676	0.403165	0.596835	1.599478
3960	-1018.881	-1230.317	211.4359	1.821097	0.6892269	0.594259	0.405741	1.634254
3966	-1015.724	-1227.018	211.2932	1.794205	0.5642511	0.515853	0.484147	1.876364
3972	-1036.937	-1247.459	210.5221	2.078258	0.6842467	0.337354	0.662646	2.088453
3978	-1018.501	-1229.422	210.921	1.900174	0.7031248	0.380966	0.619034	1.924973
3984	-1024.793	-1236.462	211.6686	2.075766	0.5091522	0.562932	0.437068	1.468806
3990	-1025.157	-1237.42	212.2627	2.310336	0.3733968	0.476826	0.523174	0.9697648
3996	-1028.689	-1240.334	211.6453	2.125852	0.5395899	0.339418	0.660582	1.411003
4002	-1030.349	-1242.291	211.9417	2.289977	0.4379591	0.337713	0.662287	1.174559
4008	-1006.387	-1218.473	212.0851	2.207156	0.2847682	0.568566	0.431434	1.386336
4014	-1009.532	-1221.324	211.7924	2.284249	0.4891253	0.531103	0.468897	1.230863
4020	-999.7837	-1211.386	211.6022	2.264087	0.3973782	0.561195	0.438805	1.52614
4026	-1032.686	-1243.81	211.1231	1.726768	0.3973782	0.442501	0.557499	2.222253
4032	-1014.434	-1224.909	210.4753	1.822474	0.3537723	0.454326	0.545674	2.625568
4038	-1017.423	-1227.684	210.261	1.785675	0.3537723	0.454843	0.545157	2.779625
4044	-1036.857	-1246.171	209.3147	1.730144	0.9551826	0.433073	0.566927	2.866681
4050	-1033.673	-1242.998	209.3252	1.992734	1.008707	0.521367	0.478633	2.666897
4056	-1040.214	-1250.171	209.9567	1.659842	0.6974854	0.515748	0.484252	2.700145
4062	-1022.017	-1231.267	209.2503	1.37554	0.3248817	0.52914	0.47086	3.658455
4068	-1029.676	-1239.882	210.2056	1.617193	0.7215028	0.474664	0.525336	2.553616
4074	-1028.276	-1239.746	211.4697	1.880437	0.7632758	0.466811	0.533189	1.49681
4080	-1022.221	-1232.649	210.427	1.877523	0.7854037	0.326856	0.673144	2.198444
4086	-1033.012	-1243.743	210.7304	1.715465	0.4374426	0.326856	0.673144	2.431796
4092	-1021.091	-1231.437	210.3459	1.731798	0.6753601	0.414034	0.585966	2.431796
4098	-1007.159	-1217.958	210.7997	1.774799	0.5189583	0.612931	0.387069	2.261612
4104	-1026.755	-1237.866	211.1105	1.775061	0.7113908	0.513352	0.486648	1.874004
4110	-1037.562	-1247.117	209.555	1.762297	0.5061656	0.36376	0.63624	3.050161
4116	-1033.342	-1243.95	210.6071	1.815127	0.3756507	0.564025	0.435975	2.520434
4122	-1025.204	-1235.589	210.3851	1.438887	0.6886752	0.566334	0.433666	2.579311
4128	-1044.498	-1256.091	211.5932	1.871145	0.5288522	0.627121	0.372879	1.651544
4134	-1040.82	-1252.055	211.234	1.889024	0.5288522	0.633519	0.366481	1.889523
4140	-1036.7	-1247.9	211.1994	1.652841	0.5288522	0.448538	0.551462	2.070687
4146	-1017.837	-1228.936	211.0988	1.753475	0.5288522	0.448538	0.551462	2.070687
4152	-1032.467	-1244.378	211.9103	1.937461	0.3178559	0.457566	0.542434	1.660303
4158	-1026.196	-1238.003	211.8079	1.937461	0.3178559	0.492397	0.507603	1.732954
4164	-1033.641	-1244.128	210.4873	1.727977	0.5196109	0.324155	0.675845	2.488478
4170	-1034.115	-1245.348	211.2329	1.745696	0.2791074	0.569148	0.430852	2.304062
4176	-1031.769	-1243.274	211.505	1.947972	0.2465789	0.391132	0.608868	2.049584
4182	-1042.251	-1253.221	210.9701	1.63273	0.3240602	0.61899	0.38101	2.475614
4188	-1038.916	-1247.907	208.9908	1.577649	0.5627779	0.427316	0.572684	3.439996
4194	-1016.436	-1227.991	211.5554	1.836223	0.2596159	0.456386	0.543614	2.067765
4200	-1030.114	-1240.978	210.8644	1.770618	0.4940006	0.407726	0.592274	2.249005
4206	-1031.808	-1242.416	210.6082	1.640061	0.4312788	0.547195	0.452805	2.562346
4212	-1023.019	-1232.967	209.9476	1.510911	0.4040225	0.266394	0.733606	3.073707
4218	-1022.907	-1233.25	210.3427	1.689463	0.4671731	0.467732	0.532268	2.656482
4224	-1023.43	-1235.018	211.5879	1.815594	0.264394	0.482886	0.517114	2.051909
4230	-1019.179	-1230.744	211.5654	1.719747	0.5594377	0.482886	0.517114	1.744813
4236	-1017.715	-1229.351	211.6359	2.02218	0.6128496	0.429468	0.570532	1.413603
4242	-1011.666	-1223.261	211.5941	2.148435	0.5558251	0.324697	0.675303	1.413603
4248	-1045.654	-1257.707	212.0533	2.14346	0.4755	0.527293	0.472707	1.147093
4254	-1028.784	-1240.536	211.7518	2.152878	0.6687024	0.415976	0.584024	1.147093
4260	-1009.887	-1221.428	211.5412	2.039217	0.4130682	0.390605	0.609395	1.711377
4266	-1005.405	-1216.885	211.4802	1.917091	0.4130682	0.496255	0.503745	1.838833
4272	-1016.749	-1227.226	210.4773	1.917091	0.4944791	0.347731	0.652269	2.401726
4278	-1010.183	-1221.751	211.5681	1.93966	0.614905	0.434443	0.565557	1.525333
4284	-1024.272	-1235.253	210.981	1.890138	0.5568864	0.504869	0.495131	2.029268
4290	-1044.258	-1254.216	209.9584	1.51909	0.5647603	0.514876	0.485124	2.898342
4296	-1038.789	-1249.471	210.6816	1.544927	0.2467045	0.514876	0.485124	2.822678
4302	-1039.383	-1249.419	210.0367	1.670623	0.5302513	0.667337	0.332663	2.791365
4308	-1026.9	-1237.015	210.1152	1.670623	0.6706966	0.368235	0.631765	2.617737
4314	-1021.506	-1231	209.4934	1.383445	0.4264216	0.572618	0.427382	3.392897
4320	-1035.837	-1245.846	210.009	1.623736	1.018861	0.483912	0.516088	2.465117
4326	-1015.948	-1226.802	210.8538	1.682667	0.719061	0.530548	0.469452	2.100723
4332	-1026.409	-1237.334	210.9253	1.855704	0.4821832	0.50463	0.49537	2.167443
4338	-1024.496	-1234.579	210.0828	1.843527	0.8035193	0.436693	0.563307	2.426086
4344	-1036.351	-1247	210.6495	1.865082	0.6693812	0.509408	0.490592	2.157538
4350	-1019.943	-1230.368	210.4255	1.77636	0.6485152	0.606165	0.393835	2.376404
4356	-1012.917	-1222.655	209.7376	1.994021	1.06201	0.352531	0.647469	2.376404
4362	-1021.426	-1232.316	210.8891	1.770063	0.6270125	0.558361	0.441639	2.101174
4368	-1024.285	-1235.493	211.208	1.831851	0.5783381	0.358044	0.641956	1.894245
4374	-1021.234	-1232.043	210.8085	1.956659	0.6548763	0.517885	0.482115	2.005585
4380	-1032.293	-1242.445	210.1522	1.793682	0.6775431	0.517885	0.482115	2.512635
4386	-1027.602	-1238.312	210.7099	1.77132	0.6939276	0.434286	0.565714	2.158085
4392	-1008.428	-1219.167	210.7395	1.736588	0.6978436	0.404344	0.595656	2.158085
4398	-1008.338	-1219.427	211.0882	1.966906	1.130816	0.574323	0.425677	1.427833
4404	-1028.162	-1238.995	210.8336	2.097209	1.168282	0.284434	0.715566	1.496651
4410	-1029.886	-1241.243	211.3575	2.084076	1.023421	0.341233	0.658767	1.197446
4416	-1017.755	-1229.283	211.5278	2.29843	0.8795914	0.502426	0.497574	0.9792663
4422	-1027.63	-1239.469	211.8392	1.746567	0.5601293	0.387344	0.612656	1.527467
4428	-1020.152	-1231.533	211.3805	2.031869	0.5538214	0.45337	0.54663	1.66082
4434	-1032.222	-1243.437	211.2148	2.333009	1.172781	0.431456	0.568544	0.9686081
4440	-1033.973	-1245.061	211.0878	2.535296	1.08179	0.321389	0.678611	0.9766913
4446	-1048.906	-1260.084	211.1776	2.254005	1.399803	0.537959	0.462041	0.8909635
4452	-1035.689	-1246.407	210.718	2.215044	1.31654	0.375958	0.624042	1.398805
4458	-1035.352	-1246.987	211.6357	2.056121	0.6353331	0.541835	0.458165	1.362352
4464	-1025.626	-1237.124	211.4973	2.086742	0.7160016	0.470955	0.529045	1.362352
4470	-1048.83	-1260.05	211.2199	1.706125	0.4632896	0.644387	0.355613	2.093909
4476	-1050.166	-1260.526	210.3604	1.791357	0.4812333	0.332608	0.667392	2.567626
4482	-1032.039	-1242.732	210.6933	1.78869	0.7849379	0.502473	0.497527	2.08304
4488	-1030.633	-1241.559	210.9259	1.732169	0.4397005	0.410868	0.589132	2.294629
4494	-1031.614	-1241.978	210.3638	1.688484	0.7959617	0.651363	0.348637	2.352077
4500	-1042.441	-1252.836	210.395	1.546918	0.8475621	0.512495	0.487505	2.384147
4506	-1021.677	-1232.302	210.6246	1.707723	0.5729562	0.531387	0.468613	2.362498
4512	-1026.83	-1238.653	211.8222	1.732558	0.3816345	0.374667	0.625333	1.77206
4518	-1018.249	-1227.931	209.6824	1.429471	0.5681426	0.597245	0.402755	3.114558
4524	-1024.118	-1232.842	208.7238	1.456128	0.4746492	0.538926	0.461074	3.748285
4530	-1041.886	-1250.667	208.7814	1.217559	0.7024548	0.427394	0.572606	3.657398
4536	-1035.787	-1246.89	211.103	1.457092	0.7024548	0.513067	0.486933	2.099286
4542	-1042.327	-1251.04	208.7124	1.297308	0.8550436	0.476992	0.523008	3.544304
4548	-1039.299	-1248.358	209.0594	1.497287	0.8502551	0.338771	0.661229	3.226527
4554	-1039.179	-1249.473	210.2934	1.497287	0.6266439	0.582038	0.417962	2.652087
4560	-1024.901	-1235.377	210.476	1.616916	0.5454219	0.35469	0.64531	2.539319
4566	-1031.193	-1241.543	210.35	1.589948	0.5631102	0.369525	0.630475	2.617358
4572	-1019.848	-1230.207	210.3596	1.460425	0.6373493	0.579806	0.420194	2.624718
4578	-1025.602	-1235.956	210.3543	1.460425	0.7141493	0.453338	0.546662	2.56448
4584	-1028.756	-1238.973	210.2169	1.521886	0.7141493	0.523387	0.476613	2.611558
4590	-1033.816	-1243.509	209.6926	1.461661	0.6372997	0.503719	0.496281	3.029315
4596	-1046.157	-1255.812	209.655	1.637279	0.9705835	0.301331	0.698669	2.706255
4602	-1040.804	-1251.924	211.12	1.859849	1.063855	0.447139	0.552861	1.531876
4608	-1034.502	-1245.998	211.4968	1.768081	0.7751041	0.488813	0.511187	1.549622
4614	-1036.099	-1247.153	211.0543	1.794671	0.5346832	0.387862	0.612138	2.066786
4620	-1027.209	-1237.683	210.4739	1.881935	0.5669566	0.554729	0.445271	2.35331
4626	-1024.772	-1234.743	209.9714	1.774483	0.6545688	0.405618	0.594382	2.655837
4632	-1016.745	-1228.281	211.5358	2.152636	0.6723149	0.435081	0.564919	1.324791
4638	-1024.851	-1236.497	211.6464	2.314916	0.7128957	0.473239	0.526761	1.04141
4644	-1021.124	-1232.513	211.3894	2.087569	0.6532423	0.488687	0.511313	1.508295
4650	-1018.169	-1229.672	211.5032	2.101526	0.6532423	0.421491	0.578509	1.411087
4656	-1017.631	-1229.114	211.4831	2.184303	1.164175	0.421491	0.578509	0.8434182
4662	-1026.315	-1237.63	211.3146	2.184303	1.067207	0.552002	0.447998	1.109407
4668	-1010.838	-1222.029	211.1902	2.067763	1.310318	0.529526	0.470474	1.133809
4674	-1002.013	-1213.797	211.7841	2.042105	0.7531492	0.513535	0.486465	1.120038
4680	-993.6336	-1205.332	211.698	1.89135	0.8646222	0.57409	0.42591	1.213007
4686	-1003.921	-1214.585	210.6643	2.19826	1.794631	0.620332	0.379668	1.175556
4692	-1012.866	-1223.742	210.8765	2.19826	1.564953	0.491843	0.508157	1.124585
4698	-1013.226	-1224.671	211.4451	1.921353	1.056392	0.44413	0.55587	1.233996
4704	-1015.92	-1226.987	211.0676	2.007244	0.9937434	0.539698	0.460302	1.512206
4710	-1011.199	-1222.841	211.6417	2.248588	0.6302999	0.465083	0.534917	1.205504
4716	-1025.473	-1237.004	211.5312	2.039054	1.049639	0.412499	0.587501	1.058791
4722	-1018.525	-1230.07	211.545	2.04324	0.8458471	0.39488	0.60512	1.231785
4728	-1026.533	-1237.981	211.4478	1.927969	0.997802	0.501893	0.498107	1.274072
4734	-1013.413	-1224.802	211.3887	1.898991	0.7557679	0.358774	0.641226	1.550153
4740	-1021.922	-1232.802	210.8802	1.781166	1.230989	0.513676	0.486324	1.654038
4746	-1016.19	-1227.313	211.1228	1.921379	0.9426384	0.491535	0.508465	1.57368
4752	-1002.477	-1213.747	211.2697	1.954743	0.7104812	0.461819	0.538181	1.637764
4758	-1007.665	-1219.127	211.4622	1.815896	0.5698794	0.538055	0.461945	1.738604
4764	-1017.184	-1227.884	210.7	1.841049	0.7810038	0.449769	0.550231	2.047203
4770	-1012.526	-1222.506	209.9796	1.529018	0.5473981	0.493899	0.506101	2.895579
4776	-1018.083	-1227.958	209.8755	1.541902	0.6823215	0.208267	0.791733	2.833851
4782	-1006.471	-1216.266	209.7954	1.730891	1.036153	0.359178	0.640822	2.521111
4788	-1011.089	-1221.463	210.3735	1.820903	0.7798925	0.423422	0.576578	2.273634
4794	-997.9424	-1209.556	211.6139	1.907427	0.50622	0.402968	0.597032	1.636913
4800	-1005.312	-1216.93	211.6181	2.355316	0.5720333	0.458343	0.541657	1.206745
4806	-1001.778	-1213.202	211.4243	1.967379	0.6900913	0.616091	0.383909	1.534987
4812	-1015.458	-1226.61	211.1524	1.892691	0.9929375	0.567551	0.432449	1.534987
4818	-1016.065	-1227.251	211.1859	2.023874	0.9456579	0.399983	0.600017	1.447485
4824	-1016.441	-1228.004	211.5633	1.969547	0.6713976	0.421178	0.578822	1.447485
4830	-1021.599	-1233.667	212.0674	2.244326	0.251529	0.357473	0.642527	1.435734
4836	-1021.762	-1233.218	211.456	1.989647	0.4996781	0.430705	0.569295	1.698592
4842	-1025.522	-1236.925	211.4029	1.891553	0.4455268	0.524379	0.475621	1.868464
4848	-1028.857	-1240.474	211.6168	1.798495	0.4912719	0.411334	0.588666	1.72994
4854	-1005.201	-1216.291	211.0898	1.97938	0.8079844	0.411334	0.588666	1.663315
4860	-1029.924	-1241.462	211.5378	2.076354	0.8152409	0.411334	0.588666	1.239555
4866	-1028.742	-1240.216	211.4741	2.28779	0.9945246	0.387491	0.612509	0.9196504
4872	-1023.422	-1234.865	211.4435	2.499595	0.8675533	0.529147	0.470853	0.8660437
4878	-1037.883	-1249.555	211.6718	2.319385	0.60159	0.607151	0.392849	1.153423
4884	-1040.24	-1251.38	211.1405	1.980325	0.8595674	0.528286	0.471714	1.583311
4890	-1035.651	-1247.246	211.5953	1.872817	0.6673503	0.57608	0.42392	1.500603
4896	-1028.336	-1239.418	211.0827	1.858355	1.256327	0.409398	0.590602	1.431068
4902	-1031.137	-1242.105	210.9676	1.807362	0.9468081	0.46733	0.53267	1.762874
4908	-1033.226	-1244.129	210.9029	1.952668	0.9569498	0.442474	0.557526	1.698793
4914	-1024.946	-1235.645	210.6993	1.649733	0.8111101	0.262715	0.737285	2.149847
4920	-1026.291	-1236.053	209.7621	1.632443	0.7184041	0.585518	0.414482	2.819214
4926	-1041.644	-1251.224	209.5795	1.658636	0.8487208	0.336592	0.663408	2.819214
4932	-1016.726	-1227.673	210.9475	1.876752	0.6865959	0.49184	0.50816	1.937469
4938	-1002.752	-1213.679	210.9277	1.876752	0.7016789	0.468041	0.531959	1.937469
4944	-1019.978	-1231.165	211.1877	1.918496	0.3876249	0.512244	0.487756	2.067529
4950	-1007.982	-1218.592	210.6108	1.916503	0.7483751	0.646862	0.353138	2.082569
4956	-1005.816	-1217.096	211.2797	1.983955	0.4745324	0.362349	0.637651	1.854787
4962	-1020.126	-1230.892	210.7654	1.922975	0.6959372	0.538795	0.461205	2.020164
4968	-1022.554	-1234.269	211.7151	1.935994	0.4303469	0.566521	0.433479	1.638088
4974	-1026.435	-1237.841	211.4061	1.958262	0.4303469	0.540627	0.459373	1.839385
4980	-1025.841	-1236.28	210.4392	1.660078	0.6439932	0.338634	0.661366	2.445042
4986	-1031.668	-1241.995	210.3274	1.830406	0.7287073	0.531149	0.468851	2.33729
4992	-1035.251	-1244.825	209.5742	1.523801	0.4627997	0.527133	0.472867	3.224212
4998	-1041.767	-1251.429	209.6621	1.487706	0.4337247	0.476606	0.523394	3.224212
5004	-1019.803	-1229.638	209.8349	1.56589	0.6214377	0.527035	0.472965	2.894443
5010	-1027.075	-1237.636	210.5603	1.822838	0.4104277	0.4355	0.5645	2.502489
5016	-1024.73	-1236.09	211.3604	1.700967	0.5589924	0.533235	0.466765	1.899474
5022	-1024.087	-1234.535	210.4484	1.711399	0.342662	0.548279	0.451721	2.724852
5028	-1029.923	-1241.557	211.634	1.922986	0.2661282	0.548279	0.451721	1.946632
5034	-1036.97	-1248.806	211.8362	1.958263	0.5537129	0.471235	0.528765	1.37571
5040	-1034.952	-1246.556	211.6041	1.889818	0.6783458	0.633951	0.366049	1.470044
5046	-1024.825	-1236.327	211.5019	2.063263	0.8072527	0.327317	0.672683	1.287822
5052	-1034.052	-1245.866	211.8144	2.060343	0.627508	0.532933	0.467067	1.222025
5058	-1024.854	-1236.515	211.6606	1.986004	0.410093	0.232479	0.767521	1.668361
5064	-1026.029	-1237.84	211.8109	1.783658	0.2866587	0.294619	0.705381	1.887152
5070	-1044.934	-1256.808	211.8748	1.761395	0.6035606	0.392046	0.607954	1.44073
5076	-1037.407	-1248.813	211.4066	1.568758	0.718256	0.432713	0.567287	1.806337
5082	-1028.216	-1239.623	211.4074	1.924322	0.6027609	0.338307	0.661693	1.666259
5088	-1023.761	-1235.02	211.2592	2.072518	0.6027609	0.37216	0.62784	1.666259
5094	-1027.956	-1239.467	211.5115	1.989204	0.4939325	0.37027	0.62973	1.666259
5100	-1042.43	-1253.676	211.2459	2.036375	0.5443589	0.555997	0.444003	1.763056
5106	-1036.088	-1247.233	211.1449	1.986169	0.5375665	0.555997	0.444003	1.874686
5112	-1023.229	-1234.732	211.5029	1.874488	0.3960808	0.483159	0.516841	1.874686
5118	-1014.253	-1225.299	211.0452	1.797018	0.5722808	0.475983	0.524017	2.03295
5124	-1014.171	-1224.64	210.4698	1.782632	0.5078291	0.231604	0.768396	2.477191
5130	-1012.589	-1223.121	210.5324	1.783716	0.3511993	0.624211	0.375789	2.617557
5136	-1025.404	-1236.091	210.6862	1.747639	0.3511993	0.665505	0.334495	2.54453
5142	-1017.595	-1227.655	210.06	1.747639	0.745148	0.605388	0.394612	2.54453
5148	-1012.504	-1222.802	210.2982	1.705202	0.4488822	0.488436	0.511564	2.693902
5154	-1017.605	-1227.576	209.9702	1.713927	0.654422	0.517129	0.482871	2.693902
5160	-1010.87	-1220.484	209.6139	1.613392	0.7632118	0.485302	0.514698	2.88665
5166	-1013.604	-1224.621	211.017	1.654042	0.5993088	0.487236	0.512764	2.119342
5172	-1019.894	-1230.269	210.3751	1.734339	0.646835	0.435462	0.564538	2.436168
5178	-1012.438	-1222.92	210.4826	1.771427	0.646835	0.361667	0.638333	2.344769
5184	-1021.788	-1232.559	210.7709	1.715594	0.5174591	0.421333	0.578667	2.319421
5190	-1022.971	-1233.781	210.8098	1.759301	0.5375583	0.584685	0.415315	2.246023
5196	-1006.793	-1217.126	210.3335	1.742616	0.568219	0.519181	0.480819	2.52802
5202	-1010.762	-1221.194	210.4323	1.657989	0.2970668	0.519181	0.480819	2.829435
5208	-1012.431	-1222.247	209.8168	1.534585	0.459521	0.456879	0.543121	3.077012
5214	-1038.677	-1249.371	210.6936	1.762353	0.459521	0.305402	0.694598	2.4006
5220	-1022.496	-1233.974	211.478	1.831186	0.7045752	0.545837	0.454163	1.581809
5226	-1031.995	-1243.559	211.5643	1.831186	0.4852381	0.47957	0.52043	1.750922
5232	-1041.364	-1252.249	210.8847	1.624544	0.3515758	0.389259	0.610741	2.497013
5238	-1039.645	-1250.14	210.4952	1.665882	0.4773307	0.450211	0.549789	2.565959
5244	-1021.255	-1232.696	211.4413	2.158862	0.4739659	0.457024	0.542976	1.619018
5250	-1037.222	-1248.145	210.9231	1.712308	0.3207596	0.481809	0.518191	2.459804
5256	-1029.868	-1241.225	211.3569	1.774956	0.378243	0.481809	0.518191	2.062872
5262	-1015.397	-1226.318	210.921	1.744683	0.3658874	0.438814	0.561186	2.379974
5268	-1009.181	-1219.803	210.6225	1.766749	0.3658874	0.551259	0.448741	2.553329
5274	-1015.46	-1226.52	211.0598	1.672589	0.4043817	0.551259	0.448741	2.289072
5280	-1007.085	-1218.376	211.2905	1.772578	0.4299654	0.551259	0.448741	2.042844
5286	-1006.884	-1217.326	210.4422	1.598174	0.5898815	0.521687	0.478313	2.530159
5292	-1008.062	-1219.096	211.0342	1.834298	0.6387461	0.517681	0.482319	1.951304
5298	-1007.195	-1218.955	211.76	1.788345	0.2768707	0.434106	0.565894	1.934508
5304	-1012.394	-1222.301	209.9068	1.237821	0.414661	0.45139	0.54861	3.248186
5310	-1018.482	-1228.797	210.3149	1.682032	0.414661	0.528711	0.471289	2.73629
5316	-1006.48	-1217.151	210.6706	1.609395	0.5296385	0.307653	0.692347	2.437795
5322	-1014.123	-1225.642	211.5186	1.659881	0.3950776	0.564997	0.435003	2.009948
5328	-1012.6	-1224.146	211.5457	1.731572	0.6407422	0.407104	0.592896	1.666716
5334	-1012.842	-1223.79	210.9477	1.641905	0.4411448	0.485606	0.514394	2.336601
5340	-1016.975	-1227.903	210.9287	1.650724	0.6263222	0.485606	0.514394	2.153925
5346	-1000.493	-1212.001	211.508	1.820403	0.6099483	0.512096	0.487904	1.661221
5352	-1000.492	-1211.618	211.1267	1.852102	0.3943851	0.36411	0.63589	2.142382
5358	-990.5636	-1200.939	210.3759	1.798141	0.8115225	0.36411	0.63589	2.26269
5364	-1001.297	-1212.872	211.5757	1.844324	0.6032774	0.495123	0.504877	1.602122
5370	-1019.685	-1230.725	211.04	1.695637	0.8883809	0.495123	0.504877	1.833264
5376	-999.7269	-1210.433	210.7057	1.743031	0.7897494	0.372537	0.627463	2.101122
5382	-1010.03	-1220.872	210.8421	1.625753	0.5377584	0.497714	0.502286	2.31067
5388	-1013.309	-1224.42	211.1117	1.777283	0.5377584	0.357902	0.642098	2.037133
5394	-1020.036	-1230.727	210.691	1.88231	0.655683	0.512706	0.487294	2.131354
5400	-1011.654	-1222.598	210.9431	1.852015	0.5069506	0.512706	0.487294	2.131354
5406	-1021.128	-1231.819	210.6909	1.852015	0.6607482	0.439543	0.560457	2.146708
5412	-1009.591	-1220.101	210.5097	1.706421	0.5797797	0.551	0.449	2.429504
5418	-1010.894	-1221.468	210.575	1.621915	0.8638062	0.442681	0.557319	2.209542
5424	-1005.293	-1216.293	210.9998	1.76711	0.4528558	0.68823	0.31177	2.209542
5430	-1022.894	-1234.526	211.6322	1.620432	0.4843049	0.366241	0.633759	1.850917
5436	-1035.594	-1246.373	210.7783	1.697047	0.5044	0.571064	0.428936	2.340064
5442	-1026.794	-1238.115	211.3211	1.659807	0.6089869	0.490898	0.509102	1.903793
5448	-1038.316	-1249.499	211.1835	1.659807	0.6343735	0.738226	0.261774	1.972278
5454	-1038.01	-1248.644	210.6332	1.471423	0.6500109	0.428578	0.571422	2.436442
5460	-1023.898	-1234.089	210.191	1.553185	0.5550071	0.375896	0.624104	2.745279
5466	-1019.159	-1230.723	211.5641	1.835564	0.5385957	0.509074	0.490926	1.686757
5472	-1016.828	-1228.509	211.6809	1.945639	0.7033024	0.581247	0.418753	1.341648
5478	-1017.52	-1228.99	211.47	1.872831	0.6629465	0.452626	0.547374	1.597522
5484	-1014.51	-1226.128	211.6182	1.778073	0.547428	0.472174	0.527826	1.679351
5490	-1027.972	-1238.85	210.8776	1.821108	0.8760553	0.509428	0.490572	1.867813
5496	-1039.862	-1251.318	211.4564	1.821108	0.5409533	0.582179	0.417821	1.770116
5502	-1040.584	-1252.489	211.9053	2.440164	0.4550476	0.464113	0.535887	1.042934
5508	-1031.319	-1243.619	212.3006	2.302797	0.3242008	0.608078	0.391922	1.042934
5514	-1032.774	-1244	211.2255	2.059493	0.5281827	0.623677	0.376323	1.778909
5520	-1045.735	-1257.176	211.4409	2.173796	0.6830975	0.48862	0.51138	1.371951
5526	-1046.517	-1257.563	211.0459	1.885381	0.7963847	0.504711	0.495289	1.770255
5532	-1031.535	-1242.393	210.8576	1.885381	0.615184	0.491643	0.508357	2.057031
5538	-1050.992	-1261.841	210.8488	1.890448	0.8696836	0.61653	0.38347	1.84492
5544	-1053.101	-1263.751	210.6499	1.87307	1.002181	0.374325	0.625675	1.897394
5550	-1035.88	-1247.126	211.2453	1.616955	0.4664237	0.40322	0.59678	2.132105
5556	-1038.465	-1250.309	211.8437	1.668181	0.6258938	0.40322	0.59678	1.510598
5562	-1050.729	-1260.278	209.5488	1.832482	0.8320165	0.672929	0.327071	2.743534
5568	-1047.251	-1257.048	209.7975	1.80288	1.50502	0.541568	0.458432	2.224433
5574	-1008.5	-1219.194	210.6935	1.665235	1.218427	0.522331	0.477669	1.872855
5580	-1021.208	-1231.626	210.418	1.788863	1.190017	0.418839	0.581161	1.991978
5586	-1042.637	-1253.051	210.4146	1.83152	0.6925478	0.446779	0.553221	2.310667
5592	-1030.474	-1240.386	209.9125	1.809239	1.740799	0.501128	0.498872	2.038624
5598	-1036.136	-1246.554	210.4173	1.817278	1.209295	0.359173	0.640827	1.962218
5604	-1037.123	-1248.216	211.0924	2.045656	0.8315004	0.509953	0.490047	1.593948
5610	-1029.382	-1240.338	210.9556	1.791492	0.5620172	0.665753	0.334247	2.10593
5616	-1022.346	-1233.693	211.3463	1.983608	0.7413466	0.639087	0.360913	1.532137
5622	-1028.146	-1239.63	211.4841	2.151493	0.787177	0.372123	0.627877	1.249276
5628	-1033.328	-1245.285	211.9578	2.095894	0.6765077	0.417734	0.582266	0.9974794
5634	-1035.455	-1247.592	212.1371	2.22112	0.5222622	0.437851	0.562149	0.914141
5640	-1022.283	-1233.943	211.6603	1.852369	0.7421579	0.520965	0.479035	1.392472
5646	-1029.292	-1240.878	211.586	1.739251	0.9780353	0.547825	0.452175	1.331245
5652	-1011.324	-1223.141	211.8173	2.198605	0.8105265	0.505089	0.494911	0.8567463
5658	-1006.33	-1217.794	211.4639	2.254128	1.091466	0.543848	0.456152	0.862568
5664	-1019.033	-1230.073	211.0399	2.096983	1.504872	0.40636	0.59364	1.107556
5670	-1008.521	-1220.245	211.7242	2.072619	0.8428173	0.378951	0.621049	1.048781
5676	-1025.768	-1237.087	211.3191	2.072619	1.277024	0.529483	0.470517	1.035149
5682	-1014.751	-1225.96	211.2091	2.227977	1.290275	0.633529	0.366471	0.9791518
5688	-1019.3	-1231.083	211.7836	2.227977	0.8639394	0.382412	0.617588	0.7841341
5694	-1022.858	-1234.761	211.9027	2.31922	0.7062167	0.386057	0.613943	0.7538332
5700	-1015.966	-1227.682	211.7156	2.280513	0.9314758	0.620233	0.379767	0.694781
5706	-1032.86	-1244.655	211.7944	2.404797	0.7661951	0.380986	0.619014	0.6645501
5712	-1026.468	-1237.754	211.2857	2.418846	1.209914	0.380986	0.619014	0.7379842
5718	-1013.466	-1225.123	211.6575	2.257179	0.9982559	0.430342	0.569658	0.7168011
5724	-1019.251	-1230.47	211.2191	2.06151	1.299034	0.498858	0.501142	1.121779
5730	-1016.742	-1227.976	211.2331	2.047497	1.299034	0.728152	0.271848	1.121779
5736	-1008.517	-1220.151	211.6347	2.097905	0.7971782	0.590182	0.409818	1.156056
5742	-1034.228	-1245.966	211.7377	2.049427	0.7434714	0.622188	0.377812	1.165432
5748	-1020.083	-1231.556	211.4734	1.848605	0.731026	0.351181	0.648819	1.547551
5754	-1028.284	-1239.961	211.6776	1.892525	0.6326929	0.75302	0.24698	1.459474
5760	-1018.585	-1230.246	211.6612	1.821948	0.697085	0.484458	0.515542	1.459474
5766	-1015.488	-1226.543	211.0546	1.757896	0.7288449	0.421427	0.578573	1.908515
5772	-1022.956	-1234.557	211.601	1.942989	0.8153928	0.47871	0.52129	1.297298
5778	-1021.579	-1233.111	211.5318	1.964529	0.766812	0.47871	0.52129	1.381504
5784	-1011.14	-1222.52	211.3796	1.964529	0.8322564	0.534806	0.465194	1.439538
5790	-1023.931	-1235.876	211.9444	1.829811	0.5779561	0.534806	0.465194	1.362729
5796	-1032.806	-1243.932	211.1266	1.900007	0.8266003	0.683993	0.316007	1.678259
5802	-1024.408	-1235.231	210.823	1.712724	1.129075	0.569296	0.430704	1.805689
5808	-1023.36	-1234.535	211.1743	1.761814	0.9240927	0.399517	0.600483	1.665963
5814	-1018.545	-1229.391	210.8461	1.804727	1.264607	0.507584	0.492416	1.641229
5820	-1027.427	-1238.704	211.277	1.804727	0.7973324	0.444576	0.555424	1.66331
5826	-1022.469	-1233.972	211.5029	1.750391	0.7925262	0.618496	0.381504	1.542723
5832	-1040.653	-1251.027	210.3744	1.842293	0.7925262	0.39996	0.60004	2.249633
5838	-1027.724	-1239.597	211.8732	2.011546	0.7887155	0.425435	0.574565	1.024731
5844	-1019.016	-1230.587	211.5716	2.137448	0.9200258	0.315102	0.684898	1.051594
5850	-1020.695	-1232.279	211.5838	2.083907	0.8976322	0.36501	0.63499	1.112427
5856	-1026.614	-1238.208	211.594	2.093203	0.9550484	0.489296	0.510704	1.037267
5862	-1034.071	-1245.691	211.6202	1.925548	0.7906134	0.665468	0.334532	1.319519
5868	-1026.394	-1237.555	211.1608	1.925548	1.199902	0.362188	0.637812	1.355422
5874	-1028.555	-1240.102	211.5472	2.076935	0.8357105	0.644559	0.355441	1.211135
5880	-1013.218	-1225.185	211.9671	1.945255	0.6377756	0.644559	0.355441	1.177473
5886	-1033.061	-1244.416	211.3551	2.026918	0.9356694	0.644559	0.355441	1.320768
5892	-1015.125	-1226.465	211.34	2.069327	1.019634	0.51744	0.48256	1.228036
5898	-1021.511	-1233.194	211.6834	2.069327	0.8911107	0.52767	0.47233	1.039621
5904	-1020.956	-1232.112	211.1562	2.2577	1.243544	0.599077	0.400923	1.040876
5910	-1011.343	-1222.42	211.0766	2.193036	1.422689	0.547829	0.452171	1.040876
5916	-1016.572	-1227.947	211.3747	2.193036	1.32887	0.50915	0.49085	0.7921298
5922	-1012.776	-1223.986	211.2102	2.357529	1.32887	0.529783	0.470217	0.7921298
5928	-1020.637	-1232.056	211.4191	2.45202	1.075883	0.433322	0.566678	0.6579236
5934	-1022.069	-1233.36	211.2913	2.432079	1.249223	0.627791	0.372209	0.6423968
5940	-1014.422	-1226.196	211.7735	2.432079	0.7963251	0.279319	0.720681	0.5321433
5946	-1022.999	-1234.93	211.9303	2.287201	0.7879813	0.279319	0.720681	0.4995333
5952	-1020.272	-1231.522	211.2498	2.644321	1.062544	0.591394	0.408606	0.6350657
5958	-1018.385	-1229.71	211.325	2.60008	1.062544	0.525932	0.474068	0.4941368
5964	-1021.18	-1232.68	211.5002	2.418575	1.062544	0.499111	0.500889	0.5589354
5970	-1011.575	-1222.856	211.2808	2.342981	1.254868	0.557854	0.442146	0.7987861
5976	-1018.581	-1230.108	211.5268	2.313471	1.08332	0.515038	0.484962	0.7028925
5982	-1019.327	-1231.266	211.9388	2.168684	0.7478213	0.546989	0.453011	0.8370425
5988	-1009.563	-1221.347	211.784	2.159512	0.9340041	0.429468	0.570532	0.7732652
5994	-1021.255	-1233.128	211.8728	2.159512	0.9162692	0.429468	0.570532	0.6561435
6000	-1041.308	-1252.716	211.4078	1.894313	0.2887378	0.4404	0.5596	2.079386
6006	-1020.956	-1232.441	211.4854	2.232165	0.3311933	0.287908	0.712092	1.731707
6012	-1034.842	-1246.539	211.6972	1.932809	0.3688375	0.541678	0.458322	1.737479
6018	-1026.291	-1237.206	210.9154	1.932809	0.4373708	0.451286	0.548714	2.174868
6024	-1025.845	-1236.808	210.9638	1.932809	0.34587	0.654742	0.345258	2.259334
6030	-1019.077	-1229.558	210.4811	1.725599	0.5179759	0.519457	0.480543	2.495492
6036	-1025.527	-1235.346	209.8193	1.465967	0.5179759	0.519457	0.480543	3.057818
6042	-1010.802	-1221.905	211.1028	2.212532	1.483902	0.554588	0.445412	0.9486239
6048	-1022.744	-1233.685	210.941	2.236362	1.651556	0.526299	0.473701	0.9684083
6054	-1048.674	-1260.2	211.5267	2.064237	1.176214	0.354822	0.645178	0.9194561
6060	-1033.668	-1244.876	211.2084	2.103073	1.407685	0.468088	0.531912	1.011374
6066	-1034.517	-1245.924	211.4064	2.103073	1.210364	0.503007	0.496993	0.9741901
6072	-1029.495	-1241.658	212.1625	2.129572	0.5991278	0.587116	0.412884	0.8552102
6078	-1022.324	-1234.534	212.2093	2.278123	0.4751891	0.474881	0.525119	0.8552102
6084	-1005.937	-1217.497	211.5596	2.122642	0.9605306	0.422715	0.577285	1.036645
6090	-1031.821	-1243.418	211.5967	2.122642	0.9250065	0.450246	0.549754	1.036645
6096	-1014.535	-1226.749	212.2143	2.036759	0.6019727	0.395711	0.604289	0.8981902
6102	-1021.729	-1233.582	211.8532	2.086645	0.8815145	0.504152	0.495848	0.8514903
6108	-1014.087	-1226.143	212.0561	2.19387	0.6552734	0.319265	0.680735	0.8089001
6114	-1023.897	-1236.163	212.2667	2.075033	0.5904763	0.249108	0.750892	0.8089001
6120	-1013.62	-1225.473	211.8526	2.075033	0.7862699	0.331691	0.668309	0.9849294
6126	-1023.702	-1235.14	211.439	2.272692	1.183604	0.387682	0.612318	0.7617926
6132	-1009.641	-1221.553	211.912	2.272692	0.7391987	0.552273	0.447727	0.7467324
6138	-1022.529	-1234.651	212.1211	2.194613	0.5785701	0.546181	0.453819	0.8631807
6144	-1022.383	-1234.28	211.897	2.118382	0.7566406	0.521074	0.478926	0.9307216
6150	-1015.761	-1227.323	211.5617	1.976445	0.8571028	0.46333	0.53667	1.263046
6156	-1015.698	-1227.309	211.611	1.945541	0.7495295	0.46333	0.53667	1.350756
6162	-1020.388	-1231.945	211.5564	2.066232	1.018152	0.398579	0.601421	1.038108
6168	-1008.851	-1220.105	211.2542	1.902767	0.8897377	0.565008	0.434992	1.53211
6174	-1010.264	-1221.437	211.1725	1.893372	0.6781383	0.395231	0.604769	1.779833
6180	-1015.101	-1225.673	210.5715	1.83401	0.9794048	0.496625	0.503375	1.991879
6186	-1009.904	-1221.672	211.7673	2.024666	0.782557	0.466072	0.533928	1.118621
6192	-1015.814	-1227.404	211.5907	2.024666	0.782557	0.374779	0.625221	1.270608
6198	-1014.23	-1225.917	211.6861	1.951802	0.6168899	0.334329	0.665671	1.424722
6204	-1008.192	-1219.957	211.7647	1.946938	0.3848575	0.476691	0.523309	1.656824
6210	-1005.497	-1216.964	211.4669	2.146196	0.4368604	0.476691	0.523309	1.656824
6216	-996.4268	-1207.929	211.5024	1.982946	0.4657037	0.515589	0.484411	1.711283
6222	-993.6931	-1205.285	211.5917	1.787144	0.6903332	0.49398	0.50602	1.544261
6228	-1007.162	-1218.673	211.5103	1.62744	0.4501933	0.289763	0.710237	1.968792
6234	-1004.758	-1215.089	210.3308	1.475196	0.4791049	0.571972	0.428028	2.782484
6240	-1016.004	-1226.397	210.3934	1.482333	0.3620452	0.390201	0.609799	2.873023
6246	-1020.342	-1229.971	209.6294	1.618441	0.4516015	0.530776	0.469224	3.147016
6252	-1037.979	-1248.856	210.8775	1.441656	0.3361258	0.259998	0.740002	2.635536
6258	-1037.035	-1246.45	209.4154	1.429684	0.332303	0.636461	0.363539	3.521624
6264	-1035.323	-1244.294	208.9708	1.255435	0.4903896	0.509513	0.490487	3.706161
6270	-1025.957	-1235.698	209.7417	1.421809	0.4350579	0.539752	0.460248	3.214653
6276	-1032.397	-1242.827	210.4305	1.700653	0.7114539	0.389788	0.610212	2.36818
6282	-1021.619	-1233.16	211.5415	1.913294	0.4537067	0.46304	0.53696	1.747551
6288	-1018.887	-1230.235	211.3485	1.731644	0.8114974	0.46304	0.53696	1.652507
6294	-1027.209	-1237.584	210.3759	1.683306	0.6601981	0.529352	0.470648	2.456304
6300	-1022.722	-1233.264	210.5424	1.66155	0.4950899	0.356493	0.643507	2.520647
6306	-994.9268	-1204.555	209.6278	1.444164	0.442123	0.428715	0.571285	3.261235
6312	-1001.588	-1210.635	209.047	1.355669	0.4611742	0.500115	0.499885	3.63295
6318	-1004.443	-1212.714	208.2705	1.504585	0.4887327	0.442434	0.557566	3.967116
6324	-1017.228	-1224.88	207.6524	1.477248	0.299334	0.620759	0.379241	4.543969
6330	-1021.801	-1233.42	211.6186	1.844153	0.2410106	0.599671	0.400329	2.052912
6336	-1013.499	-1225.03	211.5306	1.871109	0.2727288	0.599671	0.400329	2.039306
6342	-1018.305	-1229.024	210.7193	1.700756	0.5193967	0.63798	0.36202	2.35971
6348	-1025.904	-1236.445	210.5412	1.556828	0.4175994	0.535693	0.464307	2.67086
6354	-1021.951	-1230.245	208.2933	1.488273	0.6258499	0.55692	0.44308	3.84259
6360	-1016.332	-1225.077	208.7447	1.234667	0.49646	0.63034	0.36966	3.84259
6366	-1015.051	-1224.83	209.7788	1.485412	0.4149257	0.517955	0.482045	3.177058
6372	-1009.491	-1220.055	210.564	1.486395	0.4475577	0.367147	0.632853	2.666497
6378	-1026.77	-1237.114	210.3436	1.360717	0.4475577	0.457655	0.542345	2.877621
6384	-1026.365	-1235.131	208.7662	1.360717	0.368289	0.554005	0.445995	3.892946
6390	-1017.587	-1225.928	208.3403	1.306018	0.5477096	0.460962	0.539038	3.986366
6396	-1017.706	-1226.862	209.1556	1.358424	0.5655647	0.49293	0.50707	3.46934
6402	-1024.204	-1234.323	210.1191	1.394009	0.4531918	0.36905	0.63095	2.98683
6408	-1015.294	-1225.287	209.9933	1.605756	0.4063912	0.615326	0.384674	2.98683
6414	-1022.701	-1232.464	209.7629	1.585272	0.5619393	0.441616	0.558384	2.978789
6420	-1014.484	-1224.546	210.0614	1.598834	0.3818696	0.441616	0.558384	2.978789
6426	-1009.287	-1219.657	210.3701	1.565526	0.3892388	0.429285	0.570715	2.803491
6432	-1016.034	-1227.017	210.9824	1.778622	0.4319501	0.656971	0.343029	2.237623
6438	-1013.042	-1224.065	211.0233	1.825328	0.4794149	0.586529	0.413471	2.126435
6444	-1018.99	-1230.069	211.0792	1.809006	0.4343716	0.651689	0.348311	2.152375
6450	-1020.509	-1231.623	211.1138	2.065061	0.6775718	0.404293	0.595707	1.70108
6456	-1017.856	-1229.576	211.7197	1.981242	0.3879699	0.459356	0.540644	1.660031
6462	-1025.249	-1237.146	211.8973	1.898609	0.4772327	0.384818	0.615182	1.470118
6468	-1036.268	-1247.911	211.6433	1.871495	0.3799331	0.482865	0.517135	1.802185
6474	-1014.023	-1224.585	210.5615	1.639096	0.5808187	0.445827	0.554173	2.438299
6480	-1020.555	-1231.877	211.3226	1.740993	0.5057214	0.401303	0.598697	1.954936
6486	-1006.342	-1217.571	211.2298	1.592789	0.4757864	0.44962	0.55038	2.147486
6492	-1024.574	-1235.875	211.3017	1.824814	0.4845001	0.44962	0.55038	1.936392
6498	-1021.566	-1232.258	210.6919	1.768923	0.9592123	0.487845	0.512155	1.968691
6504	-1017.791	-1228.834	211.0431	1.815971	0.7993641	0.436161	0.563839	1.817855
6510	-1034.711	-1245.929	211.2183	1.949975	0.6195435	0.514875	0.485125	1.76458
6516	-1029.816	-1241.183	211.3671	1.790439	0.5357334	0.462945	0.537055	1.858538
6522	-1029.102	-1240.124	211.022	1.766793	0.4358001	0.419482	0.580518	2.215182
6528	-1024.056	-1235.168	211.1117	1.766793	0.4783152	0.54584	0.45416	2.108123
6534	-1013.064	-1224.395	211.3313	1.905387	0.6984996	0.545462	0.454538	1.640129
6540	-1016.117	-1226.976	210.8586	1.951767	0.4746017	0.501571	0.498429	2.156745
6546	-1024.717	-1234.443	209.7256	1.733838	1.028499	0.536617	0.463383	2.56735
6552	-1035.33	-1246.328	210.9981	2.541302	1.473233	0.283021	0.716979	0.6563669
6558	-1032.732	-1243.738	211.0061	2.541302	1.473233	0.605057	0.394943	0.6389499
6564	-1021.609	-1232.987	211.3777	1.651542	0.3654843	0.40063	0.59937	2.147141
6570	-1016.476	-1227.781	211.3047	1.709578	0.3654843	0.416097	0.583903	2.156854
6576	-1026.329	-1236.716	210.3866	1.680282	0.816456	0.58071	0.41929	2.327497
6582	-1017.39	-1228.647	211.2579	1.787149	0.3762582	0.449828	0.550172	2.122553
6588	-1035.334	-1247.262	211.9279	2.052838	0.3508856	0.48712	0.51288	1.510791
6594	-1023.212	-1234.781	211.5692	1.937799	0.5075806	0.48712	0.51288	1.645581
6600	-1030.566	-1242.297	211.7312	2.159119	0.4905953	0.566209	0.433791	1.379926
6606	-1048.323	-1259.713	211.3898	1.889142	0.7034949	0.350788	0.649212	1.604932
6612	-1024.397	-1235.474	211.0768	2.597716	1.338431	0.637673	0.362327	0.4337862
6618	-1021.919	-1232.861	210.9412	2.675802	1.399594	0.45681	0.54319	0.6038022
6624	-1004.708	-1215.655	210.9475	2.675802	1.399594	0.534426	0.465574	0.5839525
6630	-998.8106	-1210.227	211.4162	2.580481	0.9847382	0.412836	0.587164	0.551393
6636	-1011.274	-1222.563	211.2885	2.415937	1.122673	0.394725	0.605275	0.8440463
6642	-1022.663	-1234.058	211.395	2.448928	1.012925	0.396172	0.603828	0.7993432
6648	-1044.049	-1255.705	211.6557	2.256029	0.8831247	0.607396	0.392604	0.8826017
6654	-1041.849	-1253.603	211.7546	2.104706	0.8398532	0.538174	0.461826	0.9908604
6660	-1027.092	-1238.926	211.8341	2.018845	0.8398532	0.461265	0.538735	0.9972235
6666	-1011.851	-1223.854	212.0039	2.018845	0.7001586	0.461265	0.538735	0.9972235
6672	-1019.788	-1231.027	211.2389	2.156851	1.312609	0.454863	0.545137	1.002474
6678	-1026.124	-1237.137	211.0131	2.036677	1.312609	0.409108	0.590892	1.308707
6684	-1008.121	-1219.596	211.475	2.031995	0.8653265	0.41364	0.58636	1.281117
6690	-1013.752	-1224.837	211.0849	2.308908	1.570092	0.41364	0.58636	0.7808809
6696	-1010.837	-1222.262	211.4243	2.308908	1.020375	0.378885	0.621115	0.9228899
6702	-1013.853	-1225.129	211.2755	2.323743	1.320864	0.420568	0.579432	0.7567998
6708	-1013.395	-1224.422	211.0268	2.512334	1.518207	0.471226	0.528774	0.5653491
6714	-1011.919	-1222.388	210.4696	2.954995	1.54274	0.53792	0.46208	0.3047404
6720	-1002.1	-1212.419	210.3188	3.010136	1.690644	0.46689	0.53311	0.3101848
6726	-1013.266	-1223.759	210.4928	2.932365	1.57357	0.21191	0.78809	0.323785
6732	-1005.778	-1216.279	210.5014	2.932365	1.599537	0.532758	0.467242	0.3517369
6738	-1013.187	-1223.671	210.4839	2.954307	1.599537	0.540992	0.459008	0.3571034
6744	-1017.958	-1228.551	210.5932	2.869804	1.589051	0.443939	0.556061	0.3817572
6750	-1012.921	-1223.611	210.6901	3.039578	1.242868	0.558423	0.441577	0.3817572
6756	-1000.056	-1211.052	210.996	2.824759	1.110123	0.639233	0.360767	0.3465073
6762	-1012.043	-1222.868	210.8244	2.789433	1.396165	0.515507	0.484493	0.3966371
6768	-1008.427	-1219.22	210.7927	2.813226	1.396165	0.434944	0.565056	0.3827477
6774	-1010.656	-1222.208	211.5529	2.707676	0.6994821	0.434944	0.565056	0.3383842
6780	-1004.663	-1216.013	211.3496	2.745328	0.8353789	0.613611	0.386389	0.3383842
6786	-1005.748	-1216.765	211.0162	2.745328	1.167156	0.41874	0.58126	0.3383842
6792	-1008.893	-1219.765	210.8713	2.898072	1.167156	0.64192	0.35808	0.3469184
6798	-1024.682	-1235.645	210.9626	2.561329	1.54964	0.457019	0.542981	0.5127384
6804	-1033.482	-1245.098	211.6157	2.010745	0.8421916	0.558833	0.441167	1.202929
6810	-1027.857	-1239.369	211.5121	2.457171	0.9979345	0.431386	0.568614	0.6041868
6816	-1019.43	-1230.759	211.3292	2.486304	1.097543	0.60432	0.39568	0.7221408
6822	-1010.498	-1221.747	211.2491	2.5059	1.186426	0.423536	0.576464	0.6878443
6828	-1017.957	-1229.472	211.5157	2.38854	0.9703968	0.345436	0.654564	0.7753728
6834	-1009.44	-1221.282	211.8423	2.35817	0.7402397	0.437384	0.562616	0.7198337
6840	-1010.197	-1221.718	211.5201	2.354033	1.037408	0.447458	0.552542	0.7198337
6846	-1002.143	-1213.889	211.7464	2.267619	0.7130804	0.447458	0.552542	0.9892082
6852	-1020.263	-1232.269	212.0066	2.166583	0.691672	0.407941	0.592059	0.8443925
6858	-1027.786	-1239.224	211.4379	2.25441	1.162047	0.329119	0.670881	0.8144504
6864	-1020.95	-1232.022	211.0722	1.826243	0.5071433	0.48997	0.51003	2.06331
6870	-1030.749	-1242.37	211.6207	2.200684	0.9756044	0.491933	0.508067	0.8739709
6876	-1032.795	-1244.356	211.5613	1.992686	0.9463382	0.491933	0.508067	1.16759
6882	-1016.49	-1228.019	211.5286	1.793775	0.8953205	0.398801	0.601199	1.401996
6888	-1016.783	-1227.554	210.7712	1.601714	0.9021147	0.578374	0.421626	2.067187
6894	-1013.969	-1224.837	210.8679	1.604396	0.819264	0.465991	0.534009	2.062792
6900	-1011.406	-1222.16	210.7534	1.706403	0.4078511	0.448521	0.551479	2.457538
6906	-1019.769	-1231.027	211.2586	1.754677	0.5828855	0.557238	0.442762	1.90772
6912	-1033.454	-1244.233	210.7792	1.609791	0.6186219	0.562049	0.437951	2.283863
6918	-1031.356	-1241.619	210.2632	1.556168	0.4857354	0.477723	0.522277	2.767452
6924	-1033.126	-1244.096	210.9705	1.626403	0.5185239	0.378011	0.621989	2.247669
6930	-1034.178	-1243.655	209.4765	1.546969	0.4606961	0.580873	0.419127	3.270402
6936	-1041.168	-1250.058	208.8895	1.463274	0.5528755	0.317387	0.682613	3.574617
6942	-1013.827	-1223.791	209.9641	1.789945	0.9686576	0.468941	0.531059	2.420561
6948	-1017.447	-1228.653	211.2054	1.877798	0.7924867	0.447258	0.552742	1.666343
6954	-1018.82	-1229.048	210.2284	1.771988	0.7752485	0.476572	0.523428	2.400617
6960	-1019.641	-1230.288	210.647	1.633014	0.5665044	0.400842	0.599158	2.401743
6966	-1010.76	-1221.155	210.3954	1.881845	0.9395741	0.376676	0.623324	2.103902
6972	-1004.526	-1215.196	210.6701	1.869365	0.9395741	0.481793	0.518207	1.929542
6978	-1006.985	-1218.612	211.6278	1.914941	0.5572828	0.3956	0.6044	1.562426
6984	-1020.247	-1231.272	211.0253	2.144691	0.8225219	0.63652	0.36348	1.578195
6990	-1015.4	-1226.798	211.3985	2.087222	0.5723458	0.435576	0.564424	1.587487
6996	-1017.575	-1229.099	211.5245	2.173587	0.5135131	0.507765	0.492235	1.49836
7002	-1026.163	-1237.542	211.3788	2.174894	0.6080471	0.417984	0.582016	1.49836
7008	-1033.799	-1245.434	211.6354	2.073456	0.6080471	0.518158	0.481842	1.379372
7014	-1031.166	-1242.677	211.5114	2.146438	0.8136366	0.376761	0.623239	1.204158
7020	-1024.404	-1236.573	212.1691	1.889378	0.5683114	0.4296	0.5704	1.1375
7026	-1021.521	-1232.919	211.398	1.918197	0.8772287	0.343171	0.656829	1.422119
7032	-1031.629	-1243.054	211.4256	1.840547	0.8551033	0.697492	0.302508	1.479097
7038	-1034.646	-1246.075	211.4292	1.853537	0.8013171	0.222636	0.777364	1.513091
7044	-1044.251	-1255.799	211.548	1.776522	0.6902213	0.495443	0.504557	1.584317
7050	-1014.156	-1225.474	211.3185	2.369226	0.8912003	0.491967	0.508033	1.100555
7056	-1000.451	-1212.055	211.6038	1.905321	0.7165239	0.381325	0.618675	1.420368
7062	-1012.701	-1224.031	211.3302	1.947697	0.9146107	0.303564	0.696436	1.420368
7068	-1018.085	-1229.711	211.6266	1.947697	0.6668504	0.347746	0.652254	1.420368
7074	-1019.233	-1230.453	211.22	2.001882	0.9917274	0.415149	0.584851	1.401787
7080	-1038.842	-1250.252	211.41	2.032413	0.9216188	0.469223	0.530777	1.283866
7086	-1032.869	-1244.882	212.0128	2.029496	0.5555134	0.534085	0.465915	1.168973
7092	-1024.706	-1236.041	211.3348	2.152396	1.153961	0.474037	0.525963	1.045449
7098	-1023.48	-1234.815	211.3349	2.276187	1.206829	0.328879	0.671121	0.8660997
7104	-1006.194	-1217.895	211.7005	2.3698	0.8256352	0.535744	0.464256	0.7625797
7110	-996.6667	-1208.406	211.7389	2.264852	0.8256352	0.612033	0.387967	0.8502566
7116	-995.2326	-1206.847	211.6141	1.972421	0.7027135	0.278354	0.721646	1.373918
7122	-1001.776	-1213.126	211.3499	1.892833	0.7214264	0.293846	0.706154	1.614442
7128	-1009.499	-1221.339	211.8395	1.915921	0.5053312	0.462913	0.537087	1.465178
7134	-1010.39	-1221.875	211.4852	1.769735	0.9747873	0.306708	0.693292	1.389463
7140	-1015.343	-1226.495	211.1515	1.887951	1.079589	0.563894	0.436106	1.47598
7146	-1006.035	-1217.664	211.6297	1.887951	0.4557028	0.526364	0.473636	1.700765
7152	-1006.378	-1218.503	212.1253	1.818061	0.5672686	0.574423	0.425577	1.238274
7158	-1006.717	-1217.99	211.2731	1.828249	0.6975192	0.431718	0.568282	1.73721
7164	-1006.564	-1216.547	209.9828	1.782299	1.052943	0.409101	0.590899	2.360697
7170	-1006.972	-1216.829	209.8573	1.794239	1.052943	0.610477	0.389523	2.432409
7176	-1020.266	-1230.978	210.712	1.70885	0.7142148	0.655934	0.344066	2.180197
7182	-1020.904	-1231.496	210.5919	1.857912	0.5397464	0.553379	0.446621	2.320191
7188	-1043.589	-1254.836	211.2478	1.741945	0.5756651	0.62024	0.37976	1.930925
7194	-1031.031	-1242.461	211.4307	2.138168	0.798199	0.597378	0.402622	1.293476
7200	-1036.669	-1248.477	211.8076	2.131165	0.804025	0.487012	0.512988	0.9516369
7206	-1025.848	-1237.069	211.2206	1.843235	0.8364174	0.471714	0.528286	1.643533
7212	-1028.416	-1239.889	211.473	1.787144	0.7944556	0.449171	0.550829	1.535977
7218	-1013.277	-1224.669	211.3921	1.844102	0.8895491	0.609204	0.390796	1.472907
7224	-1015.971	-1227.492	211.5207	1.717871	0.6959355	0.346751	0.653249	1.641174
7230	-1017.159	-1227.465	210.3056	1.571491	0.6093952	0.386672	0.613328	2.613918
7236	-1023.322	-1234.125	210.8027	1.784461	0.5300715	0.667046	0.332954	2.24205
7242	-1018.88	-1228.807	209.9267	1.63169	0.788973	0.494058	0.505942	2.665765
7248	-1026.072	-1236.605	210.5327	1.931842	0.9144541	0.494058	0.505942	1.997628
7254	-1037.549	-1248.575	211.0255	1.555681	0.635407	0.358678	0.641322	2.144446
7260	-1026.949	-1238.486	211.5376	1.84365	0.3283184	0.400676	0.599324	1.966596
7266	-1026.164	-1237.519	211.3557	1.829851	0.2686974	0.682081	0.317919	2.187455
7272	-1021.072	-1232.189	211.1171	1.83339	0.5340724	0.562408	0.437592	2.00008
7278	-1038.031	-1249.731	211.7	1.903159	0.4884805	0.538472	0.461528	1.598942
7284	-1035.012	-1246.082	211.0699	1.89372	0.3429335	0.538472	0.461528	2.220238
7290	-1012.616	-1223.779	211.1634	1.858015	0.317889	0.498847	0.501153	2.21836
7296	-1019.988	-1231.459	211.4711	1.858015	0.3391952	0.409089	0.590911	1.985687
7302	-1027.485	-1237.309	209.8239	1.698221	0.5247321	0.538115	0.461885	2.909027
7308	-1028.577	-1238.727	210.1497	1.7849	0.5276532	0.398801	0.601199	2.654693
7314	-1030.581	-1240.817	210.2368	1.590974	0.5977966	0.466321	0.533679	2.654693
7320	-1055.495	-1265.857	210.3625	1.763501	0.9376811	0.313541	0.686459	2.203738
7326	-1031.775	-1243.603	211.8286	2.011041	0.6164104	0.531744	0.468256	1.264511
7332	-1027.484	-1238.713	211.229	1.775715	0.7305786	0.398071	0.601929	1.775113
7338	-1034.122	-1245.364	211.2422	1.81428	0.4174804	0.592806	0.407194	2.062531
7344	-1034.584	-1246.249	211.6651	2.303774	0.8783202	0.629764	0.370236	0.8197318
7350	-1035.232	-1245.62	210.3888	1.650339	0.5749431	0.467112	0.532888	2.544785
7356	-1024.031	-1234.514	210.4834	1.566615	0.5749431	0.546659	0.453341	2.538028
7362	-1031.345	-1241.836	210.4908	1.644722	0.3497809	0.50056	0.49944	2.730441
7368	-1027.003	-1237.025	210.0217	1.533586	0.5702105	0.534087	0.465913	2.846243
7374	-1030.323	-1241.796	211.4733	2.232422	0.8778031	0.677502	0.322498	1.097445
7380	-1014.488	-1224.663	210.1748	1.494584	0.5497031	0.563511	0.436489	2.795935
7386	-1024.743	-1234.44	209.6974	1.667184	0.6550704	0.655248	0.344752	2.888062
7392	-1028.561	-1238.407	209.8461	1.592225	0.6251793	0.383449	0.616551	2.86852
7398	-1019.204	-1229.437	210.2333	1.595578	0.4202526	0.42544	0.57456	2.83232
7404	-1015.934	-1225.947	210.013	1.606931	0.5500377	0.299947	0.700053	2.825704
7410	-1023.962	-1235.221	211.2595	1.730966	0.6329892	0.486648	0.513352	1.87415
7416	-1025.37	-1236.598	211.2276	1.915999	0.7793294	0.458031	0.541969	1.634274
7422	-1026.187	-1238.244	212.0571	1.864958	0.5733164	0.458028	0.541972	1.248471
7428	-1026.41	-1237.938	211.5288	1.943955	0.569827	0.52711	0.47289	1.59968
7434	-1031.07	-1243.488	212.4178	1.943955	0.3656839	0.448398	0.551602	1.1823
7440	-1019.946	-1232.049	212.1031	2.219128	0.5370078	0.527773	0.472227	0.9279228
7446	-1024.112	-1235.997	211.8848	2.139524	0.6827196	0.582614	0.417386	1.018371
7452	-1029.966	-1241.22	211.2542	1.710461	0.4272272	0.544637	0.455363	2.110965
7458	-1030.774	-1239.339	208.5651	1.691825	1.194855	0.442429	0.557571	3.202162
7464	-1029.715	-1240.722	211.0062	1.755185	0.6117754	0.410158	0.589842	2.048101
7470	-1026.121	-1237.243	211.122	2.029605	0.6864054	0.572559	0.427441	1.712038
7476	-1027.639	-1238.995	211.3558	2.029605	0.8361074	0.569178	0.430822	1.40424
7482	-1038.298	-1249.658	211.3602	1.655723	0.9865548	0.584204	0.415796	1.561248
7488	-1022.267	-1234.038	211.7706	1.954463	0.8978608	0.584204	0.415796	1.059029
7494	-1033.732	-1244.349	210.6163	1.97228	0.6183946	0.436055	0.563945	2.155275
7500	-1028.889	-1240.492	211.6031	1.890844	0.6720077	0.436055	0.563945	1.476443
7506	-1034.11	-1245.133	211.0237	1.890844	0.943094	0.436055	0.563945	1.667029
7512	-1032.254	-1242.963	210.7088	1.407068	0.608028	0.367302	0.632698	2.466452
7518	-1027.299	-1238.075	210.7757	1.569926	0.4310268	0.413693	0.586307	2.501967
7524	-1041.497	-1252.662	211.1643	1.692708	0.6003872	0.514159	0.485841	1.995469
7530	-1034.316	-1245.686	211.3695	1.79602	0.5415152	0.5324	0.4676	1.846922
7536	-1036.468	-1247.777	211.3087	1.795729	0.4426308	0.681956	0.318044	2.000071
7542	-1028.313	-1238.526	210.2136	1.795729	0.5026284	0.526048	0.473952	2.633626
7548	-1015.828	-1226.535	210.7071	1.677578	0.5568418	0.292819	0.707181	2.344774
7554	-1027.392	-1238.144	210.7521	1.792527	0.4592199	0.603256	0.396744	2.344774
7560	-1016.433	-1227.062	210.6294	1.837609	0.61318	0.528142	0.471858	2.23876
7566	-1018.331	-1228.895	210.5649	1.946298	0.6811672	0.472256	0.527744	2.14953
7572	-1011.811	-1223.366	211.5545	2.183623	0.5232122	0.348133	0.651867	1.456258
7578	-997.4402	-1209.142	211.7021	2.183623	0.3396951	0.483625	0.516375	1.598326
7584	-992.5708	-1204.198	211.6276	2.161824	0.3670911	0.588651	0.411349	1.626554
7590	-989.3016	-1200.284	210.9819	2.010906	0.4401718	0.568631	0.431369	2.076958
7596	-1012.324	-1224.082	211.7587	1.991962	0.3699747	0.619573	0.380427	1.650189
7602	-1011.364	-1223.058	211.6933	2.017801	0.378554	0.347979	0.652021	1.666161
7608	-997.5455	-1209.461	211.9152	2.171549	0.4855386	0.548774	0.451226	1.227409
7614	-997.3644	-1209.29	211.9257	2.232799	0.6260611	0.330807	0.669193	0.9610538
7620	-1004.925	-1216.071	211.146	2.1466	1.190755	0.446593	0.553407	1.192095
7626	-1017.938	-1229.649	211.7114	1.931955	0.6936674	0.235933	0.764067	1.338217
7632	-1014.349	-1225.241	210.8917	1.737656	0.6936674	0.338129	0.661871	2.061236
7638	-1012.653	-1224.25	211.5971	1.737656	0.3367225	0.352529	0.647471	1.985447
7644	-1015.041	-1226.032	210.9909	1.841946	0.3367225	0.499155	0.500845	2.312719
7650	-1015.351	-1226.973	211.622	1.947906	0.4650956	0.519719	0.480281	1.651813
7656	-1007.265	-1218.941	211.6763	2.011975	0.3960014	0.481426	0.518574	1.657905
7662	-1015.201	-1226.873	211.6724	1.86306	0.5272153	0.481426	0.518574	1.602094
7668	-1020.61	-1232.334	211.7241	2.219162	0.5243129	0.537189	0.462811	1.293586
7674	-1017.467	-1229.211	211.7437	2.206646	0.4213076	0.560555	0.439445	1.428275
7680	-1025.489	-1237.264	211.7748	1.954843	0.6021235	0.310997	0.689003	1.369787
7686	-1018.384	-1230.027	211.6424	2.299772	0.8132566	0.245803	0.754197	0.9365348
7692	-1017.815	-1229.139	211.3234	2.299772	1.141059	0.695263	0.304737	0.9186358
7698	-1031.047	-1242.874	211.8273	2.138626	0.6063119	0.414953	0.585047	1.169644
7704	-1024.062	-1235.68	211.6172	2.138626	0.7648034	0.290156	0.709844	1.169762
7710	-1011.614	-1223.469	211.8556	2.191023	0.5191355	0.659529	0.340471	1.214487
7716	-1013.606	-1225.534	211.9284	2.12809	0.6190187	0.432471	0.567529	1.071343
7722	-1012.098	-1223.879	211.7815	2.210334	0.6657535	0.381283	0.618717	1.071343
7728	-1004.842	-1216.679	211.837	2.433481	0.4810899	0.431921	0.568079	1.071343
7734	-1004.079	-1215.691	211.6121	2.460058	0.6556092	0.582975	0.417025	1.007221
7740	-1023.172	-1234.51	211.3378	1.919345	0.9057891	0.290507	0.709493	1.443598
7746	-1013.088	-1224.868	211.7804	2.097915	0.5237312	0.500087	0.499913	1.346587
7752	-1007.066	-1218.969	211.9028	1.930517	0.6062009	0.34305	0.65695	1.281856
7758	-996.9436	-1208.616	211.672	1.968935	0.3852448	0.567901	0.432099	1.706574
7764	-999.8697	-1210.901	211.0313	1.999416	0.4871633	0.531068	0.468932	1.997592
7770	-1007.151	-1218.152	211.0017	1.796214	0.6397676	0.368653	0.631347	1.997592
7776	-1018.217	-1229.203	210.9861	1.758525	0.4467665	0.4037	0.5963	2.230926
7782	-1008.647	-1219.529	210.8822	1.821417	0.761547	0.444071	0.555929	1.954539
7788	-1001.172	-1212.358	211.1865	1.771901	0.4956303	0.534464	0.465536	2.036269
7794	-1012.039	-1222.776	210.7364	1.846715	0.4465476	0.329007	0.670993	2.334587
7800	-1004.348	-1214.901	210.5533	1.77676	0.4883746	0.581299	0.418701	2.448722
7806	-1007.012	-1216.949	209.9367	1.78376	0.5695071	0.564825	0.435175	2.746309
7812	-1018.642	-1228.304	209.6621	1.72485	0.4583608	0.328285	0.671715	3.056961
7818	-1023.189	-1234.864	211.6754	1.925482	0.6595249	0.453114	0.546886	1.407458
7824	-1015.667	-1227.338	211.6708	1.777899	0.6137401	0.458116	0.541884	1.570139
7830	-1013.951	-1224.031	210.0807	1.694474	0.7045784	0.492556	0.507444	2.59664
7836	-1018.808	-1228.125	209.3175	1.686967	1.002653	0.4342	0.5658	2.861909
7842	-1024.361	-1234.622	210.2608	1.562004	0.7300985	0.499056	0.500944	2.546847
7848	-1018.151	-1228.93	210.779	1.682254	0.6494296	0.486858	0.513142	2.209706
7854	-1023.568	-1234.541	210.9726	1.771304	0.5103463	0.398098	0.601902	2.161113
7860	-1020.739	-1231.998	211.2589	1.827292	0.4553357	0.536657	0.463343	1.997154
7866	-1017.11	-1228.55	211.4407	2.073551	0.7823985	0.536657	0.463343	1.352522
7872	-1030.142	-1241.901	211.7598	2.335932	0.7844375	0.224018	0.775982	0.7946829
7878	-1026.174	-1238.083	211.9083	2.339758	0.6907885	0.294387	0.705613	0.7447298
7884	-1016.546	-1228.658	212.1121	2.357379	0.4811841	0.52544	0.47456	0.8644336
7890	-1028.625	-1240.442	211.8168	2.363629	0.7238674	0.485813	0.514187	0.7808785
7896	-1014.154	-1226.136	211.9823	2.306658	0.5533697	0.381722	0.618278	0.9363823
7902	-1018.984	-1230.932	211.9473	2.339919	0.4985757	0.339301	0.660699	1.027345
7908	-1023.946	-1235.882	211.9353	2.351925	0.4985757	0.520595	0.479405	1.027345
7914	-1032.38	-1244.225	211.8456	2.275161	0.8055066	0.774543	0.225457	0.7209607
7920	-1018.069	-1230.471	212.4026	2.050173	0.4435446	0.571854	0.428146	0.955974
7926	-1033.028	-1244.468	211.4392	2.050173	0.668969	0.571854	0.428146	1.482942
7932	-1018.63	-1230.317	211.6869	1.921003	0.4331147	0.649758	0.350242	1.665398
7938	-1024.973	-1236.124	211.1517	1.918866	0.5412031	0.389633	0.610367	1.911947
7944	-1021.719	-1233.031	211.3124	1.91978	0.4102586	0.648917	0.351083	1.954614
7950	-1012.083	-1223.46	211.3768	1.91978	0.5253566	0.419915	0.580085	1.774014
7956	-1017.546	-1228.594	211.0478	1.949246	0.7013489	0.434053	0.565947	1.806348
7962	-1020.117	-1231.155	211.0378	1.956325	0.4152416	0.387148	0.612852	2.106325
7968	-1020.412	-1232.107	211.6946	2.08103	0.4538164	0.52962	0.47038	1.515964
7974	-1012.339	-1223.667	211.3283	2.058232	0.7209707	0.430044	0.569956	1.5091
7980	-1013.337	-1224.452	211.1147	1.903723	0.7973516	0.549344	0.450656	1.708289
7986	-1006.514	-1217.454	210.9392	1.984465	0.8896314	0.545475	0.454525	1.701178
7992	-997.0442	-1208.329	211.2852	1.813053	0.5629086	0.444451	0.555549	1.870326
7998	-1009.525	-1220.8	211.2753	1.74435	0.6162636	0.564714	0.435286	1.870326
8004	-1013.578	-1224.994	211.4157	1.769449	0.507804	0.564714	0.435286	1.870326
8010	-1015.788	-1227.219	211.4316	1.673615	0.507804	0.520931	0.479069	1.924609
8016	-1025.249	-1236.19	210.941	1.882784	0.7910077	0.545169	0.454831	1.848893
8022	-1018.778	-1229.339	210.5609	1.914956	0.8404829	0.571881	0.428119	2.044358
8028	-1022.765	-1232.968	210.2029	2.01714	1.452679	0.395305	0.604695	1.838849
8034	-1015.511	-1226.893	211.3817	1.904947	0.9385955	0.566186	0.433814	1.393861
8040	-1005.736	-1217.267	211.5318	1.990773	0.5459738	0.485919	0.514081	1.590002
8046	-1015.467	-1225.869	210.4013	1.977578	1.098642	0.557572	0.442428	1.93199
8052	-1015.427	-1225.582	210.1559	1.637686	0.7494599	0.586173	0.413827	2.549993
8058	-1019.177	-1230.623	211.4461	1.742293	0.6070574	0.616701	0.383299	1.763073
8064	-1013.849	-1224.598	210.7497	1.923347	0.7940531	0.476066	0.523934	1.948768
8070	-1016.68	-1228.14	211.46	1.923347	0.7797348	0.452248	0.547752	1.45664
8076	-1006.711	-1217.758	211.0466	1.979027	0.7594397	0.461986	0.538014	1.735343
8082	-1017.647	-1229.305	211.6574	1.984109	0.3965409	0.706679	0.293321	1.690512
8088	-1022.018	-1234.327	212.3092	2.181468	0.3771061	0.494631	0.505369	1.044151
8094	-1028.064	-1239.926	211.8618	2.116492	0.3748157	0.369096	0.630904	1.475579
8100	-1020	-1231.502	211.5023	1.93524	0.5944346	0.486595	0.513405	1.598738
8106	-1019.245	-1230.591	211.3464	1.831508	0.6377624	0.478934	0.521066	1.739958
8112	-1022.253	-1233.921	211.6686	1.828057	0.7001792	0.496003	0.503997	1.446076
8118	-1018.829	-1229.944	211.1151	1.584185	0.7713023	0.5111	0.4889	1.949509
8124	-1027.404	-1237.93	210.5265	1.441019	0.4881645	0.61629	0.38371	2.674221
8130	-1000.497	-1211.115	210.6173	1.743622	0.5742485	0.516695	0.483305	2.34314
8136	-1010.078	-1221.28	211.2019	1.743111	0.7248662	0.516695	0.483305	1.821464
8142	-1012.776	-1223.442	210.6664	1.646541	0.7061009	0.516723	0.483277	2.256631
8148	-1033.565	-1242.486	208.9207	1.546291	0.9514233	0.573168	0.426832	3.214845
8154	-1026.025	-1236.236	210.2103	1.578476	0.5355023	0.316178	0.683822	2.736574
8160	-1022.728	-1232.951	210.2235	1.540519	0.36406	0.69675	0.30325	2.938009
8166	-1008.902	-1219.778	210.876	1.732693	0.6058862	0.661291	0.338709	2.153814
8172	-1016.221	-1227.26	211.0389	1.82769	0.5115792	0.64153	0.35847	2.079585
8178	-1014.807	-1226.111	211.3031	1.960184	0.8856904	0.39926	0.60074	1.455543
8184	-1032.772	-1243.267	210.4949	1.735921	0.8553037	0.474076	0.525924	2.193766
8190	-1008.586	-1219.612	211.0257	1.781683	0.5052662	0.514762	0.485238	2.125192
8196	-1003.551	-1213.733	210.1817	1.630283	0.7750227	0.514762	0.485238	2.519023
8202	-1009.116	-1219.209	210.0934	1.77	0.7333383	0.577993	0.422007	2.519023
8208	-1015.857	-1226.271	210.4146	1.60275	0.6181852	0.394784	0.605216	2.519023
8214	-1011.654	-1222.036	210.3823	1.553975	0.6219134	0.308895	0.691105	2.566155
8220	-1006.812	-1217.25	210.4382	2.015332	0.4343425	0.247387	0.752613	2.430534
8226	-1017.745	-1228.536	210.7907	1.73756	0.2958284	0.402554	0.597446	2.562295
8232	-1022.357	-1232.583	210.2259	1.803476	0.3619189	0.552383	0.447617	2.77984
8238	-1036.277	-1247.216	210.9387	1.663576	0.3362971	0.596089	0.403911	2.459122
8244	-1052.38	-1263.205	210.8255	1.755321	1.1102	0.461185	0.538815	1.786459
8250	-1036.532	-1247.582	211.0505	1.60463	0.7235963	0.513247	0.486753	2.018553
8256	-1039.968	-1250.562	210.5941	1.622577	0.8359429	0.483403	0.516597	2.217081
8262	-1039.887	-1249.08	209.193	1.500496	1.093169	0.376259	0.623741	2.996671
8268	-1008.778	-1218.246	209.4673	1.516161	0.5571038	0.363668	0.636332	3.20078
8274	-1006.254	-1216.448	210.1941	1.703036	0.6129674	0.320197	0.679803	2.598327
8280	-1002.583	-1212.01	209.4273	1.395598	0.6306642	0.508772	0.491228	3.232038
8286	-1009.061	-1218.415	209.354	1.468862	0.6306642	0.546123	0.453877	3.232038
8292	-1035.511	-1245.085	209.5741	1.479245	0.8613534	0.546123	0.453877	2.922509
8298	-1031.688	-1242.103	210.4146	1.453044	0.5468111	0.362866	0.637134	2.677373
8304	-1018.493	-1229.488	210.9944	1.882239	0.924686	0.362866	0.637134	1.707742
8310	-1033.484	-1244.311	210.8276	1.840546	1.302547	0.393774	0.606226	1.605959
8316	-1026.952	-1237.995	211.0429	1.837803	1.08076	0.648086	0.351914	1.592923
8322	-1036.189	-1246.615	210.4253	1.723298	0.784083	0.36844	0.63156	2.299736
8328	-1035.752	-1246.311	210.5594	1.857923	0.5820916	0.363581	0.636419	2.299736
8334	-1043.069	-1254.701	211.6325	1.814812	0.5071327	0.431168	0.568832	1.688707
8340	-1027.988	-1239.791	211.8036	1.696895	0.4753786	0.451239	0.548761	1.688707
8346	-1012.577	-1223.775	211.1986	1.77349	0.4168937	0.57742	0.42258	2.118724
8352	-1026.191	-1237.337	211.1457	1.53525	0.6324489	0.438471	0.561529	2.081838
8358	-1004.831	-1215.737	210.9064	1.539468	0.6324489	0.529201	0.470799	2.234848
8364	-1011.516	-1222.7	211.1838	1.589399	0.4579784	0.504408	0.495592	2.199595
8370	-1009.208	-1220.402	211.1947	1.609111	0.4540427	0.541764	0.458236	2.184291
8376	-1015.377	-1226.434	211.0574	1.525075	0.9743181	0.541764	0.458236	1.876024
8382	-1011.697	-1223.14	211.4437	1.878996	0.6756956	0.47191	0.52809	1.599688
8388	-1021.43	-1232.985	211.5553	1.972038	0.534473	0.536129	0.463871	1.599688
8394	-1012.729	-1224.895	212.1663	2.033537	0.6214096	0.388058	0.611942	0.9240067
8400	-1013.613	-1224.569	210.9566	1.856905	0.7828201	0.503906	0.496094	1.862619
8406	-1025.01	-1235.755	210.7447	1.941023	0.7828201	0.329936	0.670064	1.949265
8412	-1015.86	-1227.673	211.8136	2.060275	0.4780317	0.406968	0.593032	1.40932
8418	-1000.959	-1212.27	211.3109	2.031702	0.817147	0.406968	0.593032	1.454
8424	-1004.004	-1215.035	211.0306	1.977043	0.4288901	0.535072	0.464928	2.080749
8430	-993.8868	-1205.623	211.7358	1.977043	0.5394894	0.535072	0.464928	1.455886
8436	-1011.939	-1223.698	211.7593	2.03551	0.3657941	0.535072	0.464928	1.624596
8442	-1019.413	-1230.724	211.3112	1.991474	0.370415	0.530015	0.469985	1.959725
8448	-1006.567	-1217.947	211.3797	1.885137	0.6925374	0.548927	0.451073	1.625427
8454	-1003.565	-1215.351	211.7864	1.873513	0.4351333	0.454875	0.545125	1.625427
8460	-1017.887	-1229.264	211.3768	1.774775	0.4144669	0.462853	0.537147	2.0032
8466	-1025.363	-1236.28	210.9178	1.848077	0.8557412	0.417479	0.582521	1.837291
8472	-1022.066	-1232.661	210.5949	2.094151	1.446518	0.525263	0.474737	1.507218
8478	-1013.07	-1223.622	210.5513	2.285645	2.014328	0.416811	0.583189	1.078026
8484	-1009.927	-1220.863	210.9362	2.257643	1.471181	0.362757	0.637243	1.078026
8490	-1021.997	-1233.575	211.5779	2.156566	0.9585577	0.408192	0.591808	0.986977
8496	-1031.654	-1243.047	211.3928	2.156566	1.27189	0.590594	0.409406	0.8736339
8502	-1032.703	-1244.309	211.6058	1.772257	0.4854083	0.670283	0.329717	1.76293
8508	-1031.151	-1242.952	211.8002	1.822586	0.3552208	0.384131	0.615869	1.762143
8514	-1031.07	-1242.582	211.5124	1.714417	0.4046938	0.581189	0.418811	1.965287
8520	-1019.889	-1230.931	211.0414	1.61151	0.4046938	0.54405	0.45595	2.339348
8526	-1017.256	-1228.415	211.1596	1.75414	0.4049298	0.600681	0.399319	2.171512
8532	-1012.567	-1224.321	211.7548	1.935653	0.3133079	0.503603	0.496397	1.778507
8538	-1022.198	-1233.261	211.0625	2.030562	0.4255014	0.46903	0.53097	2.028425
8544	-1038.478	-1250.59	212.1116	2.115296	0.6067446	0.515561	0.484439	0.9173933
8550	-1027.875	-1238.502	210.6272	1.856462	0.3164607	0.5679	0.4321	2.560561
8556	-1010.66	-1221.434	210.7738	1.553831	0.5045091	0.453103	0.546897	2.433364
8562	-1015.583	-1227.131	211.5477	2.331774	1.055934	0.375441	0.624559	0.6790746
8568	-1018.148	-1230.048	211.8995	2.22222	0.8173612	0.555694	0.444306	0.6958189
8574	-1027.901	-1239.39	211.4889	1.77504	0.578331	0.436407	0.563593	1.739662
8580	-1025.302	-1236.984	211.6827	2.313172	0.9490227	0.548716	0.451284	0.6601072
8586	-1019.687	-1231.26	211.5734	2.367662	0.9490227	0.719093	0.280907	0.7540578
8592	-1037.483	-1248.42	210.937	1.717597	0.6829664	0.473121	0.526879	2.053818
8598	-1041.646	-1252.005	210.3587	1.71318	0.5777477	0.529204	0.470796	2.521744
8604	-1040.475	-1251.291	210.816	2.123682	1.779179	0.389268	0.610732	1.115859
8610	-1014.444	-1225.451	211.0075	2.4433	1.322312	0.380263	0.619737	0.9374319
8616	-1012.296	-1223.727	211.4306	2.163441	1.088155	0.373278	0.626722	1.000069
8622	-1000.339	-1211.743	211.4043	1.885027	0.863284	0.418555	0.581445	1.454563
8628	-1012.977	-1223.798	210.8218	1.937961	1.445258	0.511458	0.488542	1.454563
8634	-1043.481	-1253.902	210.4212	1.761105	0.4388883	0.516299	0.483701	2.594646
8640	-1018.001	-1229.464	211.4635	1.761105	0.6829529	0.500178	0.499822	1.663465
8646	-1009.899	-1221.313	211.4142	1.841989	0.3871804	0.54392	0.45608	1.968391
8652	-1011.803	-1223.479	211.6768	1.743761	0.4242137	0.709894	0.290106	1.808516
8658	-1011.518	-1222.796	211.2774	1.727261	0.6069087	0.326874	0.673126	1.889707
8664	-1010.107	-1221.454	211.3462	1.99115	0.7703068	0.487186	0.512814	1.500044
8670	-1005.952	-1217.256	211.3036	1.99115	0.9055388	0.423094	0.576906	1.414846
8676	-1009.26	-1221.298	212.0379	1.99115	0.453266	0.491454	0.508546	1.320833
8682	-1007.179	-1218.826	211.6463	1.90431	0.6583654	0.553998	0.446002	1.447386
8688	-1014.579	-1225.728	211.1491	1.681639	0.6583654	0.338413	0.661587	1.958561
8694	-1022.302	-1233.17	210.8687	1.657676	0.8244245	0.43686	0.56314	2.023065
8700	-1019.968	-1230.716	210.7485	1.823527	0.6169078	0.469444	0.530556	2.167433
8706	-1039.322	-1250.681	211.3591	1.629472	0.746023	0.471162	0.528838	1.772875
8712	-1030.719	-1242.29	211.5711	2.443528	0.9692885	0.507594	0.492406	0.5378804
8718	-1032.513	-1243.568	211.0554	2.443528	1.406201	0.604685	0.395315	0.8026198
8724	-1030.345	-1241.487	211.1425	2.301534	1.253309	0.45654	0.54346	1.003288
8730	-1017.671	-1228.996	211.3245	2.155956	0.6954137	0.645908	0.354092	1.46321
8736	-1011.226	-1223.019	211.7931	2.223087	0.4922045	0.29187	0.70813	1.276815
8742	-1007.543	-1218.942	211.3989	2.075708	0.546012	0.454569	0.545431	1.624788
8748	-1006.973	-1218.107	211.1337	1.920117	0.5806681	0.473761	0.526239	1.882385
8754	-1025.816	-1236.653	210.837	1.813357	0.5051756	0.54167	0.45833	2.227224
8760	-1028.41	-1239.73	211.3203	1.792394	0.4456223	0.460664	0.539336	1.991034
8766	-1040.584	-1251.706	211.1226	1.907186	0.6897242	0.460664	0.539336	1.794241
8772	-1039.73	-1251.288	211.5578	2.020269	0.5550152	0.353121	0.646879	1.538953
8778	-1030.961	-1242.132	211.1703	2.020269	0.4320024	0.496521	0.503479	1.955386
8784	-1014.829	-1226.247	211.418	2.020269	0.7608279	0.548241	0.451759	1.43222
8790	-1008.021	-1219.377	211.3559	2.020269	0.947228	0.692321	0.307679	1.315768
8796	-1007.185	-1218.813	211.6273	2.006401	0.4728653	0.419028	0.580972	1.596055
8802	-1010.554	-1221.963	211.4092	2.030337	0.4890338	0.536715	0.463285	1.715483
8808	-1008.586	-1219.929	211.3422	1.862508	0.3859947	0.536715	0.463285	2.004334
8814	-1005.302	-1216.466	211.164	1.862508	0.5375064	0.367163	0.632837	1.94556
8820	-1034.598	-1244.368	209.7705	1.506945	1.180703	0.406297	0.593703	2.592543
8826	-1025.885	-1236.473	210.5878	1.509883	0.5284748	0.302952	0.697048	2.552946
8832	-1029.456	-1240.236	210.7801	1.751093	0.5284748	0.457215	0.542785	2.27961
8838	-1010.716	-1221.538	210.8217	1.739566	0.6369255	0.402606	0.597394	2.156087
8844	-1017.134	-1228.747	211.612	1.753946	0.667664	0.357141	0.642859	1.57597
8850	-1022.002	-1232.974	210.9724	1.603287	0.667664	0.387583	0.612417	2.119164
8856	-1025.789	-1236.462	210.6733	1.988463	1.01447	0.480414	0.519586	1.793832
8862	-1017.943	-1229.071	211.1283	1.988463	0.7165167	0.493949	0.506051	1.709044
8868	-1013.704	-1225.325	211.6218	1.915762	0.7209577	0.478956	0.521044	1.393878
8874	-1007.905	-1218.781	210.8758	1.905739	0.7331402	0.575017	0.424983	1.925786
8880	-1031.683	-1242.614	210.9309	1.777605	0.5754301	0.373308	0.626692	2.117914
8886	-1027.615	-1238.63	211.0144	1.777605	0.6085601	0.398688	0.601312	2.030847
8892	-1030.196	-1241.615	211.4188	2.110607	1.166459	0.365025	0.634975	0.9931008
8898	-1017.73	-1228.75	211.0207	2.084757	1.660027	0.560585	0.439415	1.034502
8904	-1006.665	-1218.133	211.4686	2.001704	0.983874	0.456509	0.543491	1.206592
8910	-1020.721	-1232.296	211.5744	2.139178	0.8936167	0.259066	0.740934	1.074125
8916	-1027.403	-1239.208	211.805	2.024578	0.6407154	0.436269	0.563731	1.244491
8922	-1017.745	-1229.44	211.6954	2.029381	0.6959311	0.387538	0.612462	1.269811
8928	-999.1072	-1210.945	211.8378	1.938652	0.5783492	0.444186	0.555814	1.360453
8934	-1014.542	-1226.278	211.7356	1.962791	0.734303	0.559371	0.440629	1.250953
8940	-1006.526	-1218.485	211.9597	1.962791	0.6886714	0.497778	0.502222	1.107175
8946	-1022.062	-1233.463	211.4013	1.967154	1.213848	0.562422	0.437578	1.107175
8952	-1021.452	-1232.878	211.4259	1.773231	0.9253507	0.572774	0.427226	1.471832
8958	-1026.177	-1238.098	211.9208	1.788484	0.7198867	0.372267	0.627733	1.257027
8964	-1007.4	-1218.551	211.151	1.808636	0.900964	0.452323	0.547677	1.666852
8970	-1031.979	-1243.398	211.4195	1.510987	0.900964	0.581505	0.418495	1.687574
8976	-1024.427	-1234.351	209.9247	1.846595	1.208488	0.493823	0.506177	2.26621
8982	-1034.788	-1245.872	211.0841	1.62397	0.6909145	0.503391	0.496609	2.011433
8988	-1020.032	-1230.492	210.4591	1.680438	0.6909145	0.539873	0.460127	2.379815
8994	-1030.479	-1241.291	210.8119	1.440425	0.4494863	0.314156	0.685844	2.539409
9000	-1011.745	-1223.533	211.7877	1.907067	0.4383471	0.314156	0.685844	1.595924
9006	-1019.008	-1230.525	211.5167	1.845605	0.573991	0.488527	0.511473	1.67467
9012	-1016.904	-1227.917	211.0125	1.778502	0.6709732	0.488527	0.511473	1.973765
9018	-1018.258	-1228.511	210.2528	1.610919	1.102248	0.347404	0.652596	2.268057
9024	-1021.48	-1231.842	210.3623	1.610919	1.108075	0.708278	0.291722	2.194036
9030	-1022.392	-1233.124	210.7321	1.602075	0.6522006	0.490897	0.509103	2.288952
9036	-1014.868	-1226.312	211.4437	1.740149	0.8362699	0.530671	0.469329	1.556386
9042	-1015.719	-1227.008	211.2886	1.735627	0.9388997	0.58546	0.41454	1.591082
9048	-1014.685	-1225.289	210.6045	1.714982	1.153227	0.492422	0.507578	1.938353
9054	-1019.373	-1229.802	210.4287	1.777323	1.28492	0.618963	0.381037	1.938353
9060	-1026.758	-1238.37	211.612	1.855658	0.4810165	0.220147	0.779853	1.705167
9066	-1018.452	-1230.461	212.0089	1.874743	0.6145199	0.500545	0.499455	1.230117
9072	-1011.782	-1222.986	211.2036	1.757096	0.7813115	0.492975	0.507025	1.762255
9078	-1019.353	-1230.592	211.2387	1.888588	0.6696038	0.389281	0.610719	1.744885
9084	-1024.179	-1235.802	211.623	1.898791	0.5232117	0.52958	0.47042	1.616653
9090	-1043.299	-1253.61	210.3106	1.715797	0.6313283	0.524648	0.475352	2.501761
9096	-1045.736	-1256.434	210.6981	1.700287	0.3853757	0.658058	0.341942	2.523233
9102	-1026.667	-1238.167	211.5003	1.938442	0.8356999	0.40824	0.59176	1.362857
9108	-1028.739	-1240.058	211.3191	1.938442	1.005781	0.612111	0.387889	1.362857
9114	-1021.708	-1232.927	211.219	1.671411	1.005781	0.551734	0.448266	1.638523
9120	-1014.406	-1224.885	210.4782	1.90724	1.136216	0.557076	0.442924	1.904123
9126	-1010.635	-1221.597	210.9612	1.863082	0.7918413	0.603844	0.396156	1.847879
9132	-1008.949	-1220.229	211.2802	1.82694	0.6835962	0.515196	0.484804	1.745966
9138	-1014.336	-1224.09	209.754	1.678581	1.004564	0.553232	0.446768	2.598654
9144	-1011.986	-1222.731	210.7454	1.929272	0.7488794	0.322107	0.677893	1.984397
9150	-1013.392	-1224.459	211.0667	1.853343	0.7487644	0.320468	0.679532	1.817983
9156	-1010.828	-1221.499	210.6712	1.92939	1.375952	0.320468	0.679532	1.612308
9162	-1007.756	-1218.583	210.8266	1.939398	0.9532992	0.425924	0.574076	1.76437
9168	-1005.73	-1217.061	211.3315	2.010616	0.9482334	0.420007	0.579993	1.342254
9174	-996.8124	-1208.709	211.8967	2.015763	0.6446055	0.526466	0.473534	1.169127
9180	-1010.146	-1221.318	211.1722	1.803119	0.5434702	0.526173	0.473827	1.973671
9186	-1008.269	-1218.696	210.4271	1.827585	0.9621607	0.489883	0.510117	2.103305
9192	-1032.466	-1242.962	210.496	1.849267	0.7487418	0.522529	0.477471	2.201011
9198	-1025.993	-1236.898	210.9052	1.893526	1.05875	0.502088	0.497912	1.667212
9204	-1009.704	-1220.426	210.7214	1.718636	0.7102091	0.503733	0.496267	2.1711
9210	-1012.155	-1223.509	211.3543	1.541077	0.4650698	0.498193	0.501807	2.112004
9216	-1013.089	-1223.695	210.6064	1.768357	0.7172034	0.498193	0.501807	2.207591
9222	-1014.741	-1225.61	210.8688	1.768357	0.6858297	0.346907	0.653093	2.062897
9228	-1004.81	-1215.653	210.8429	1.720324	0.7932218	0.314433	0.685567	2.022801
9234	-1000.452	-1211.792	211.3396	1.712658	0.5146407	0.302023	0.697977	1.952773
9240	-1013.172	-1223.759	210.5868	1.674165	1.020502	0.411177	0.588823	2.060582
9246	-1018.396	-1229.15	210.7542	1.772931	1.040021	0.418595	0.581405	1.869164
9252	-1021.454	-1232.014	210.5595	1.760601	1.174703	0.573707	0.426293	1.92501
9258	-1016.188	-1226.828	210.6403	1.583922	1.286879	0.546171	0.453829	1.92501
9264	-1021.435	-1233.037	211.6027	1.710125	0.6287871	0.546171	0.453829	1.653164
9270	-1052.849	-1264.483	211.6344	1.755999	0.466751	0.331238	0.668762	1.77655
9276	-1040.193	-1249.432	209.239	1.342017	0.466751	0.336	0.664	3.523647
9282	-1030.855	-1242.285	211.4299	1.428565	0.2939928	0.332743	0.667257	2.357758
9288	-1030.175	-1241.201	211.0262	1.547947	0.431326	0.597881	0.402119	2.357758
9294	-1016.373	-1225.104	208.7311	1.322923	0.6749139	0.486314	0.513686	3.646546
9300	-1025.873	-1234.88	209.007	1.261318	0.4468398	0.239052	0.760948	3.725358
9306	-1020.863	-1229.197	208.334	1.266256	0.7570429	0.290547	0.709453	3.84765
9312	-1025.222	-1234.329	209.1071	1.380951	0.7957869	0.422945	0.577055	3.304232
9318	-1044.013	-1253.689	209.6762	1.380951	0.702478	0.608714	0.391286	3.035057
9324	-1031.172	-1240.857	209.6848	1.667366	0.5195878	0.623568	0.376432	3.016235
9330	-1037.67	-1246.824	209.1549	1.435408	0.541017	0.487988	0.512012	3.446892
9336	-1027.945	-1236.951	209.006	1.478702	0.6115304	0.373525	0.626475	3.446892
9342	-1031.034	-1241.693	210.6588	1.652277	0.4530259	0.409846	0.590154	2.49881
9348	-1018.753	-1230.206	211.4532	1.87399	0.3745692	0.615524	0.384476	1.937585
9354	-1018.993	-1230.437	211.4442	2.024281	0.404544	0.313585	0.686415	1.800915
9360	-1020.315	-1231.199	210.8848	1.862327	1.106907	0.564857	0.435143	1.671604
9366	-1014.602	-1226.188	211.5857	1.831235	0.5674336	0.485363	0.514637	1.642655
9372	-1013.515	-1225.113	211.5988	1.836223	0.7742296	0.486025	0.513975	1.42215
9378	-1023.785	-1234.911	211.1259	1.836223	0.613553	0.403004	0.596996	1.912057
9384	-1016.532	-1227.569	211.0373	1.538634	0.613553	0.540415	0.459585	2.167962
9390	-1012.717	-1224.627	211.9102	1.669923	0.613553	0.654705	0.345295	1.472467
9396	-1003.253	-1214.315	211.0625	1.695745	0.480148	0.200335	0.799665	2.184472
9402	-1004.518	-1215.342	210.8245	1.687395	0.4649496	0.387147	0.612853	2.359186
9408	-1013.133	-1223.888	210.7552	1.814194	0.7689138	0.387147	0.612853	2.038138
9414	-1010.527	-1221.837	211.3096	1.833103	0.5980459	0.387147	0.612853	1.80384
9420	-1017.13	-1228.394	211.2633	1.838143	0.5797379	0.425291	0.574709	1.850816
9426	-1029.825	-1241.255	211.4296	1.890842	0.6610278	0.391819	0.608181	1.615609
9432	-1029.448	-1240.476	211.028	1.907701	0.8855777	0.459416	0.540584	1.695783
9438	-1020.082	-1231.793	211.7104	2.110762	0.5840968	0.565241	0.434759	1.31796
9444	-1022.28	-1233.334	211.0532	1.390562	0.3295383	0.517395	0.482605	2.567286
9450	-1026.173	-1235.977	209.8039	1.478329	0.5969396	0.561332	0.438668	2.987074
9456	-1017.845	-1228.506	210.6603	1.466987	0.8223566	0.420652	0.579348	2.28454
9462	-1017.947	-1228.492	210.5454	1.615576	0.7936702	0.459019	0.540981	2.28454
9468	-1008.955	-1220.752	211.7978	1.760796	0.3029271	0.459019	0.540981	1.885523
9474	-1007.968	-1219.201	211.2331	1.739073	0.6184368	0.300527	0.699473	1.90059
9480	-1013.021	-1225.396	212.3752	1.68532	0.3674087	0.346811	0.653189	1.42431
9486	-1023.345	-1235.332	211.9871	1.68532	0.3977239	0.432817	0.567183	1.666834
9492	-1034.124	-1245.969	211.8447	1.712612	0.3977239	0.453607	0.546393	1.748231
9498	-1024.668	-1236.184	211.5155	1.772097	0.5617991	0.605919	0.394081	1.740583
9504	-1022.29	-1233.586	211.2961	1.700321	0.7515752	0.411433	0.588567	1.762613
9510	-996.5132	-1208.442	211.9288	1.988671	0.5569196	0.425517	0.574483	1.272843
9516	-1001.719	-1213.052	211.3334	1.998361	0.7300765	0.513557	0.486443	1.541274
9522	-1006.347	-1216.508	210.1614	2.032286	1.231111	0.463884	0.536116	1.977038
9528	-1016.149	-1226.977	210.8275	2.186739	0.9392025	0.463884	0.536116	1.598131
9534	-1009.417	-1220.626	211.2088	2.293766	0.5020509	0.466683	0.533317	1.655309
9540	-1010.198	-1221.955	211.7575	2.336248	0.6221822	0.448791	0.551209	1.03163
9546	-1012.673	-1224.914	212.2409	2.515009	0.3343018	0.448791	0.551209	0.8580429
9552	-1028.703	-1240.777	212.0739	2.515009	0.3620055	0.459735	0.540265	0.9773547
9558	-1013.023	-1225.173	212.1501	2.012721	0.5823963	0.333854	0.666146	1.020494
9564	-1013.005	-1224.991	211.9861	2.11729	0.4911951	0.418181	0.581819	1.205237
9570	-1045.665	-1257.171	211.5059	1.733731	0.5033125	0.416028	0.583972	1.838116
9576	-1057.876	-1269.686	211.8104	1.697009	0.4890419	0.443789	0.556211	1.667263
9582	-1039.018	-1251.153	212.1343	1.994071	0.5600798	0.550658	0.449342	1.085282
9588	-1037.956	-1249.485	211.5289	2.045309	0.5600798	0.398719	0.601281	1.536076
9594	-1028.512	-1239.151	210.6394	1.821892	0.9013221	0.583831	0.416169	2.00923
9600	-1037.888	-1247.605	209.7173	1.639359	0.6811658	0.387249	0.612751	2.87161
9606	-1034.53	-1245.138	210.6076	1.653189	0.5408969	0.464277	0.535723	2.438716
9612	-1022.482	-1232.876	210.3934	1.653189	0.6906006	0.518379	0.481621	2.438716
9618	-1020.625	-1231.943	211.3185	1.967696	0.4561745	0.604145	0.395855	1.861154
9624	-1030.926	-1242.518	211.5926	1.922717	0.9390784	0.671203	0.328797	1.207574
9630	-1009.901	-1221.374	211.4726	1.933877	1.078824	0.63614	0.36386	1.181623
9636	-1006.055	-1217.213	211.1586	1.857584	1.2091	0.553149	0.446851	1.40417
9642	-1004.751	-1216.389	211.6379	2.063065	0.4961996	0.504798	0.495202	1.517447
9648	-1003.92	-1215.577	211.6571	2.027502	0.8203129	0.419559	0.580441	1.174366
9654	-1016.726	-1228.359	211.6323	1.960509	0.8203129	0.519608	0.480392	1.252446
9660	-1030.196	-1241.865	211.6686	1.897898	0.8203129	0.519608	0.480392	1.274191
9666	-1019.23	-1231.175	211.9446	1.934305	0.7729217	0.517384	0.482616	1.048643
9672	-1016.104	-1227.216	211.1125	1.957941	0.7306729	0.459165	0.540835	1.729002
9678	-1032.02	-1243.501	211.481	2.044601	0.9266888	0.311247	0.688753	1.209919
9684	-1016.812	-1228.1	211.2884	1.914003	1.049399	0.419964	0.580036	1.372632
9690	-1028.613	-1239.123	210.5101	2.070308	1.695673	0.663045	0.336955	1.455861
9696	-1019.13	-1229.809	210.6797	2.070308	1.570504	0.663045	0.336955	1.391435
9702	-1013.132	-1224.721	211.5898	2.17841	0.6687593	0.534713	0.465287	1.263684
9708	-1014.796	-1225.817	211.0213	2.17841	1.438593	0.534713	0.465287	1.095248
9714	-1030.534	-1241.464	210.9308	2.268944	1.438593	0.534713	0.465287	1.095248
9720	-1025.226	-1236.803	211.5771	2.296764	1.076981	0.532329	0.467671	0.6498894
9726	-1026.646	-1237.749	211.1029	2.536632	1.347242	0.352055	0.647945	0.6498894
9732	-1025.673	-1237.185	211.5122	2.122307	0.9643732	0.493065	0.506935	1.07816
9738	-1034.454	-1245.944	211.4892	2.088367	0.9293303	0.476384	0.523616	1.162576
9744	-1014.829	-1226.246	211.4173	2.554419	0.9953779	0.318742	0.681258	0.6046543
9750	-1023.234	-1234.734	211.5002	2.318382	1.045387	0.369109	0.630891	0.7907445
9756	-1005.631	-1216.886	211.2551	2.343247	1.223399	0.523335	0.476665	0.8642656
9762	-1011.359	-1222.732	211.3723	2.290616	1.101682	0.342265	0.657735	0.9146095
9768	-1012.121	-1223.736	211.615	2.33815	0.8594057	0.499048	0.500952	0.8649299
9774	-1020.924	-1231.923	210.9983	2.33815	1.329334	0.499048	0.500952	1.047113
9780	-1014.133	-1225.489	211.3566	2.320464	0.9707336	0.501629	0.498371	1.031446
9786	-1007.377	-1219.188	211.8116	2.254772	0.7775003	0.404983	0.595017	0.8430263
9792	-1006.097	-1217.672	211.5745	2.269954	0.9655848	0.435241	0.564759	0.8588973
9798	-999.5603	-1211.082	211.5214	2.346915	0.9655848	0.383746	0.616254	0.8295444
9804	-1011.978	-1223.665	211.6869	2.248569	0.8783403	0.368273	0.631727	0.8609631
9810	-1012.444	-1224.044	211.6003	2.248569	0.9923126	0.543395	0.456605	0.8198174
9816	-1004.752	-1216.554	211.8022	2.312597	0.8177187	0.49937	0.50063	0.7072067
9822	-1017.646	-1229.115	211.4687	2.312597	1.138479	0.519773	0.480227	0.716531
9828	-1009.185	-1220.732	211.5468	2.312597	0.9518617	0.364125	0.635875	0.8579129
9834	-1014.94	-1226.79	211.8495	2.275588	0.7486487	0.387937	0.612063	0.8133894
9840	-1003.242	-1214.746	211.504	2.275588	1.007258	0.491627	0.508373	0.8855047
9846	-1003.053	-1214.64	211.5872	2.117343	1.038213	0.336183	0.663817	0.935059
9852	-990.4978	-1202.5	212.0026	2.24325	0.6774193	0.474186	0.525814	0.7739038
9858	-1031.218	-1242.362	211.1437	2.224038	1.22351	0.717356	0.282644	1.100231
9864	-1014.049	-1225.654	211.6044	2.141643	0.9096797	0.605784	0.394216	1.026607
9870	-1014.007	-1225.762	211.7543	1.991762	0.9096797	0.540494	0.459506	1.026607
9876	-1029.955	-1241.35	211.3947	1.790162	0.8565449	0.330328	0.669672	1.538678
9882	-1021.168	-1232.265	211.0968	1.689808	0.6829238	0.427882	0.572118	1.966019
9888	-1022.545	-1233.807	211.2627	1.832178	0.9323965	0.486231	0.513769	1.544216
9894	-1045.921	-1257.329	211.4087	2.127024	0.794762	0.598651	0.401349	1.323585
9900	-1026.994	-1238.739	211.7448	2.066779	0.3187453	0.420401	0.579599	1.68469
9906	-1023.648	-1234.843	211.1946	2.147908	0.3577507	0.420401	0.579599	1.95039
9912	-1038.754	-1249.802	211.0478	2.217044	0.2850808	0.600752	0.399248	2.10958
9918	-1036.553	-1247.368	210.8147	1.929037	0.3700133	0.452786	0.547214	2.325036
9924	-1038.201	-1248.644	210.4424	1.772708	0.719153	0.376716	0.623284	2.308493
9930	-1034.994	-1245.974	210.9802	1.829877	0.3880267	0.463495	0.536505	2.259584
9936	-1031.332	-1242.645	211.3132	1.80612	0.5352941	0.530489	0.469511	1.885122
9942	-1023.707	-1235.25	211.5432	2.523126	0.9034454	0.479944	0.520056	0.6075242
9948	-1047.271	-1258.272	211.0008	2.523126	1.509177	0.632219	0.367781	0.631847
9954	-1034	-1245.547	211.5469	2.11777	0.3902552	0.399611	0.600389	1.68273
9960	-1036.424	-1248.328	211.9045	2.01253	0.51691	0.435435	0.564565	1.324404
9966	-1049.962	-1261.626	211.6636	2.253478	0.51691	0.57747	0.42253	1.324404
9972	-1055.785	-1267.637	211.8517	2.026965	0.6543489	0.471199	0.528801	1.18683
9978	-1040.434	-1251.789	211.355	2.219513	0.509775	0.563846	0.436154	1.594161
9984	-1041.696	-1252.964	211.2678	1.971829	0.7492154	0.49181	0.50819	1.591387
9990	-1029.021	-1240.831	211.8097	2.276128	0.6229154	0.406886	0.593114	1.038247
9996	-1017.068	-1228.805	211.7372	2.276128	0.7814629	0.571177	0.428823	0.899658
10002	-1009.017	-1220.796	211.7793	2.306957	0.7630929	0.578485	0.421515	0.8401124
10008	-1023.11	-1235.096	211.9856	2.222174	0.6665207	0.374036	0.625964	0.8429779
10014	-1048.854	-1260.026	211.1724	2.475625	1.160851	0.551094	0.448906	0.8702509
10020	-1034.162	-1245.27	211.1086	2.475625	1.274695	0.448714	0.551286	0.8284889
10026	-1044.797	-1256.55	211.7527	2.379095	0.8195933	0.505773	0.494227	0.6722936
10032	-1025.618	-1237.289	211.6706	2.423943	0.8011241	0.514728	0.485272	0.768784
10038	-1010.758	-1222.221	211.4629	2.423943	1.007817	0.448186	0.551814	0.7456737
10044	-1006.601	-1218.478	211.8768	2.423943	0.6892011	0.530318	0.469682	0.6561156
10050	-1019.271	-1230.72	211.4488	2.527043	0.9702505	0.722196	0.277804	0.6561156
10056	-1007.403	-1219.108	211.7054	2.406533	0.8540309	0.332573	0.667427	0.6303896
10062	-1016.985	-1228.681	211.6966	2.243843	0.9341104	0.612029	0.387971	0.7774118
10068	-1008.642	-1220.587	211.9447	2.210059	0.7022195	0.402865	0.597135	0.8500359
10074	-1008.252	-1220.078	211.8267	2.308428	0.7749793	0.594836	0.405164	0.7550543
10080	-1007.218	-1218.99	211.7714	2.260718	0.8404888	0.432527	0.567473	0.7922051
10086	-1012.632	-1224.332	211.7004	2.260718	0.9293925	0.591043	0.408957	0.754792
10092	-1020.885	-1232.59	211.7045	2.28646	0.8663373	0.645481	0.354519	0.808218
10098	-1024.317	-1236.133	211.8163	2.072655	0.8663373	0.461825	0.538175	0.9287042
10104	-1031.16	-1242.789	211.6288	2.041854	0.896691	0.290079	0.709921	1.110682
10110	-1026.925	-1238.729	211.804	2.041854	0.7248545	0.326569	0.673431	1.134124
10116	-1024.139	-1236.054	211.9155	2.046602	0.6977221	0.591488	0.408512	1.059397
10122	-1044.671	-1255.93	211.2589	2.123163	1.103136	0.336394	0.663606	1.183047
10128	-1021.449	-1233.44	211.9912	1.864462	0.6746288	0.505934	0.494066	1.183047
10134	-1032.199	-1243.815	211.6158	2.046828	0.876794	0.585449	0.414551	1.13748
10140	-1020.797	-1232.176	211.3785	1.945055	0.5132217	0.434981	0.565019	1.768811
10146	-1015.439	-1227.218	211.7795	2.056468	0.4415617	0.399026	0.600974	1.487119
10152	-1013.649	-1224.913	211.2644	1.949387	0.5135463	0.378352	0.621648	1.844372
10158	-1025.164	-1236.921	211.7568	1.954504	0.5521552	0.483474	0.516526	1.441967
10164	-1023.531	-1234.406	210.8748	1.811198	0.6940923	0.421242	0.578758	2.023326
10170	-1013.932	-1225.134	211.2021	1.926689	0.9618329	0.479213	0.520787	1.496145
10176	-1004.155	-1215.362	211.2069	1.921905	0.9618329	0.46003	0.53997	1.496145
10182	-1002.7	-1214.713	212.0136	1.921905	0.5891986	0.387067	0.612933	1.217275
10188	-1010.445	-1222.025	211.5809	1.778392	0.6408843	0.339024	0.660976	1.607515
10194	-1010.854	-1222.108	211.2536	1.773029	0.6374445	0.355849	0.644151	1.845171
10200	-1000.469	-1211.748	211.2796	1.677365	0.6332068	0.355849	0.644151	1.896743
10206	-1008.877	-1220.307	211.4292	1.830771	0.687994	0.516735	0.483265	1.633282
10212	-1031.626	-1241.288	209.6619	1.607314	0.4351233	0.403088	0.596912	3.151916
10218	-1020.597	-1230.468	209.8713	1.50243	0.6922615	0.403088	0.596912	2.852353
10224	-1017.827	-1227.646	209.8181	1.514524	0.620747	0.418659	0.581341	2.936145
10230	-1021.029	-1232.699	211.6708	1.904366	0.9248429	0.468227	0.531773	1.168842
10236	-1021.394	-1232.803	211.4096	1.765341	0.9248429	0.468227	0.531773	1.490477
10242	-1029.691	-1241.161	211.4695	2.082933	0.799063	0.517423	0.482577	1.306044
10248	-1014.666	-1226.32	211.6537	1.944353	0.4927015	0.355384	0.644616	1.597506
10254	-1007.542	-1218.982	211.4404	2.28823	0.7855044	0.355384	0.644616	1.171721
10260	-997.6891	-1209.417	211.7283	2.155346	0.6635479	0.504971	0.495029	1.171721
10266	-1009.584	-1221.269	211.6847	2.178373	0.6635479	0.504971	0.495029	1.189517
10272	-1021.484	-1232.654	211.1701	2.178373	1.294255	0.512509	0.487491	1.0628
10278	-1023.955	-1235.174	211.2191	2.128976	0.8700604	0.347824	0.652176	1.403551
10284	-1020.023	-1231.506	211.482	2.161852	0.612859	0.69712	0.30288	1.424516
10290	-1021.262	-1232.911	211.649	2.11454	0.7407319	0.600686	0.399314	1.188936
10296	-1023.056	-1234.809	211.7529	1.982309	0.645301	0.424066	0.575934	1.316685
10302	-1015.984	-1227.987	212.0029	1.993834	0.5050547	0.266834	0.733166	1.275305
10308	-1013.751	-1225.71	211.959	2.050512	0.5050547	0.575657	0.424343	1.264813
10314	-1025.065	-1236.352	211.2874	1.760837	0.4574562	0.50616	0.49384	2.019926
10320	-1010.021	-1221.331	211.309	1.806612	0.4202297	0.505017	0.494983	2.019926
10326	-998.8832	-1210.17	211.2866	1.873613	0.5157356	0.379337	0.620663	1.878541
10332	-996.015	-1207.962	211.9471	2.166667	0.4585853	0.379337	0.620663	1.243681
10338	-1007.252	-1219.275	212.0236	2.090234	0.4585853	0.69053	0.30947	1.243681
10344	-1003.972	-1215.563	211.5914	2.171872	0.6410403	0.69053	0.30947	1.298753
10350	-1008.715	-1220.664	211.9487	1.984458	0.4609545	0.334487	0.665513	1.386157
10356	-1005.996	-1217.611	211.6151	1.931715	0.4059888	0.562297	0.437703	1.74449
10362	-1003.148	-1214.789	211.6413	1.984734	0.4345972	0.424294	0.575706	1.650508
10368	-1006.256	-1218.122	211.8662	2.115159	0.4345972	0.617649	0.382351	1.385226
10374	-1013.772	-1225.093	211.3207	2.030194	0.8792824	0.35617	0.64383	1.393448
10380	-1008.295	-1219.89	211.5946	2.121088	0.781165	0.528285	0.471715	1.187482
10386	-1013.112	-1224.861	211.7482	2.030816	0.649022	0.528285	0.471715	1.27689
10392	-1012.89	-1224.473	211.5833	2.28441	0.9016294	0.570435	0.429565	0.9095873
10398	-1022.368	-1234.427	212.0584	2.339213	0.584381	0.343057	0.656943	0.7428651
10404	-1005.097	-1216.19	211.0935	2.413723	1.380086	0.554166	0.445834	0.8182993
10410	-1005.609	-1217.285	211.6753	2.308551	0.9373977	0.548975	0.451025	0.7053568
10416	-1012.833	-1224.382	211.5493	2.308551	0.9373977	0.490096	0.509904	0.8775591
10422	-1009.728	-1221.378	211.6492	2.319463	0.9324718	0.527876	0.472124	0.7383907
10428	-994.5538	-1206.155	211.6008	2.251021	0.9518593	0.400973	0.599027	0.8669427
10434	-999.7102	-1211.513	211.803	2.251509	0.8300194	0.450053	0.549947	0.7778101
10440	-1008.501	-1219.953	211.4524	2.170851	1.128783	0.549633	0.450367	0.9307372
10446	-1001.577	-1213.432	211.8554	2.174192	0.7799355	0.30729	0.69271	0.8833254
10452	-1012.601	-1224.767	212.1655	2.23456	0.5695364	0.488681	0.511319	0.7719699
10458	-1013.989	-1226.135	212.1454	2.23456	0.4708044	0.488681	0.511319	0.9816597
10464	-1025.104	-1236.837	211.7322	2.350021	0.8374319	0.497306	0.502694	0.7236129
10470	-1034.426	-1245.785	211.3589	2.319995	1.220282	0.576394	0.423606	0.7630903
10476	-1031.705	-1243.372	211.6675	2.319995	0.9133182	0.411971	0.588029	0.7408139
10482	-1025.446	-1237.289	211.8432	2.319995	0.7652957	0.355892	0.644108	0.7300881
10488	-1008.841	-1220.487	211.6457	2.306178	0.8929122	0.55329	0.44671	0.8210174
10494	-1018.386	-1230.408	212.022	2.145001	0.5524058	0.447752	0.552248	1.060177
10500	-1037.749	-1249.529	211.7802	2.050741	0.7791977	0.351062	0.648938	1.086693
10506	-1034.499	-1246.062	211.5624	2.021646	1.138298	0.620287	0.379713	0.9630571
10512	-1023.317	-1235.028	211.7106	2.062183	0.917966	0.378009	0.621991	0.9912982
10518	-1015.281	-1226.958	211.6771	2.095715	0.917966	0.378009	0.621991	0.9912982
10524	-1015.053	-1226.428	211.375	2.223961	1.092149	0.497154	0.502846	0.9912982
10530	-1019.166	-1230.727	211.5604	2.325569	0.9559929	0.464107	0.535893	0.81978
10536	-1037.969	-1249.732	211.7628	2.064296	0.8014981	0.506862	0.493138	1.065416
10542	-1033.618	-1244.843	211.2243	1.745042	0.6899467	0.535759	0.464241	1.835721
10548	-1039.143	-1250.944	211.8009	2.015339	0.4194441	0.32471	0.67529	1.532211
10554	-1040.332	-1252.09	211.7578	2.077857	0.6001997	0.32471	0.67529	1.287028
10560	-1032.555	-1243.066	210.5109	1.846649	0.9588797	0.46718	0.53282	2.03775
10566	-1021.923	-1233.376	211.4532	1.963306	0.7705756	0.46718	0.53282	1.439755
10572	-1023.9	-1235.074	211.1741	1.714902	0.9924167	0.46718	0.53282	1.649137
10578	-1014.691	-1226.168	211.4766	1.829458	0.6878395	0.297795	0.702205	1.600029
10584	-1016.491	-1228.062	211.571	1.708297	0.4708808	0.419486	0.580514	1.848333
10590	-1021.146	-1231.886	210.7404	1.692731	0.8073005	0.419486	0.580514	2.097742
10596	-1018.962	-1229.873	210.9115	2.235094	1.351115	0.515597	0.484403	1.202521
10602	-1005.829	-1217.752	211.9227	2.235094	0.700203	0.555775	0.444225	0.849594
10608	-1019.107	-1230.504	211.3965	2.249502	0.9470805	0.400931	0.599069	1.084058
10614	-1005.771	-1217.413	211.6416	2.233393	0.7966708	0.489926	0.510074	1.02497
10620	-1017.664	-1229.352	211.6884	2.263231	0.8958763	0.544057	0.455943	0.8171887
10626	-1008.98	-1220.447	211.4666	2.263231	1.120286	0.544057	0.455943	0.8147809
10632	-1008.093	-1219.514	211.4207	2.309158	1.072362	0.563665	0.436335	0.8698536
10638	-1010.726	-1222.834	212.1081	2.281164	0.5638804	0.29881	0.70119	0.7985723
10644	-1014.974	-1226.84	211.8659	2.485063	0.5638804	0.450216	0.549784	0.8473788
10650	-1020.925	-1232.592	211.6671	2.265464	0.8912191	0.450216	0.549784	0.8473788
10656	-1024.162	-1236.257	212.0953	2.107043	0.6391312	0.372754	0.627246	0.8936595
10662	-1014.106	-1225.829	211.7237	2.264986	0.8280642	0.47652	0.52348	0.8649406
10668	-1015.521	-1227.026	211.5048	2.15061	0.9508189	0.509354	0.490646	1.071653
10674	-1035.734	-1247.084	211.3507	2.15061	1.099331	0.559148	0.440852	1.079357
10680	-1036.567	-1248.724	212.1574	1.99219	0.6788026	0.559148	0.440852	0.8922852
10686	-1034.763	-1246.176	211.4138	1.99219	1.064514	0.287472	0.712528	1.193818
10692	-1025.35	-1236.95	211.5998	2.302005	0.941239	0.42449	0.57551	0.8190814
10698	-1030.332	-1242.145	211.813	2.280976	0.8020753	0.582468	0.417532	0.7679855
10704	-1010.719	-1222.48	211.7605	2.333819	0.7822463	0.398088	0.601912	0.800008
10710	-1013.069	-1224.76	211.6909	2.4261	0.8120004	0.391929	0.608071	0.7147069
10716	-1009.512	-1221.229	211.717	2.403303	0.7559006	0.493396	0.506604	0.80797
10722	-1023.333	-1234.877	211.5446	2.64365	0.8044452	0.234237	0.765763	0.5728907
10728	-1002.977	-1214.271	211.2943	2.575578	1.119245	0.517847	0.482153	0.5337245
10734	-1012.117	-1223.119	211.0027	2.629723	1.37465	0.290902	0.709098	0.6151113
10740	-1002.824	-1214.089	211.2651	2.629723	1.092075	0.67519	0.32481	0.4656676
10746	-1020.834	-1231.826	210.9922	2.742923	1.273001	0.49502	0.50498	0.4656676
10752	-1035.759	-1246.78	211.0211	2.742923	1.230801	0.477796	0.522204	0.4351507
10758	-1011.086	-1222.44	211.3541	2.742923	0.889872	0.477796	0.522204	0.4552403
10764	-1006.099	-1217.308	211.2093	2.742923	1.03368	0.454613	0.545387	0.4796349
10770	-1023.293	-1234.426	211.1333	2.760864	1.095363	0.572997	0.427003	0.4956466
10776	-1007.336	-1218.341	211.0046	2.764659	1.21103	0.498557	0.501443	0.4043737
10782	-1013.142	-1224.385	211.2427	2.764659	0.9777768	0.419019	0.580981	0.4747295
10788	-1006.829	-1217.759	210.9304	2.764659	1.323262	0.419019	0.580981	0.4747295
10794	-1002.73	-1214.214	211.4842	2.681016	0.8275578	0.569352	0.430648	0.4475001
10800	-1006.885	-1218.369	211.4837	2.681016	0.8275578	0.531045	0.468955	0.558641
10806	-1018.979	-1229.935	210.9561	2.683477	1.35928	0.429802	0.570198	0.627917
10812	-1019.539	-1230.886	211.3467	2.513982	0.8636199	0.238633	0.761367	0.9619754
10818	-1015.439	-1227.051	211.6118	2.185414	0.6050354	0.243076	0.756924	1.312583
10824	-1024.508	-1235.828	211.3201	1.944134	0.7827881	0.550558	0.449442	1.543246
10830	-1029.478	-1240.65	211.172	1.945114	0.7723329	0.582318	0.417682	1.659383
10836	-1014.196	-1224.635	210.4392	1.748664	0.7994217	0.582318	0.417682	2.262903
10842	-1016.276	-1226.63	210.3544	1.802473	1.099482	0.426953	0.573047	2.07935
10848	-1009.097	-1220.277	211.1798	1.762307	0.5940908	0.426953	0.573047	1.944591
10854	-1032.368	-1242.837	210.4695	1.86359	0.5940908	0.408879	0.591121	2.342117
10860	-1029.07	-1240.492	211.4223	1.742378	0.7106791	0.52348	0.47652	1.680402
10866	-1020.421	-1231.073	210.6518	1.782484	0.434301	0.52348	0.47652	2.442636
10872	-1009.458	-1219.932	210.4739	1.749664	0.8840045	0.472731	0.527269	2.177825
10878	-1016.341	-1227.365	211.0236	1.68905	0.3880347	0.262466	0.737534	2.321903
10884	-1010.825	-1221.571	210.7459	1.673909	0.5017155	0.31933	0.68067	2.378087
10890	-1017.334	-1228.728	211.394	1.801627	0.375089	0.642599	0.357401	2.024828
10896	-1017.491	-1228.602	211.1105	1.730529	0.5812328	0.474324	0.525676	2.024828
10902	-1019.253	-1230.359	211.1063	1.735255	1.019693	0.555473	0.444527	1.663721
10908	-1003.405	-1214.785	211.3805	1.853562	0.4693008	0.674097	0.325903	1.881119
10914	-1023.854	-1233.818	209.9636	1.618007	0.3797875	0.480293	0.519707	3.028438
10920	-1019.13	-1230.012	210.8822	1.618007	0.5650874	0.393898	0.606102	2.262989
10926	-1013.537	-1223.784	210.2468	1.467294	0.6679436	0.400932	0.599068	2.66424
10932	-1011.684	-1220.983	209.2984	1.607698	0.341959	0.470558	0.529442	3.473855
10938	-1007.9	-1216.561	208.6604	1.338622	0.4788953	0.497254	0.502746	3.848252
10944	-1015.938	-1225.652	209.7137	1.317293	0.4788953	0.316835	0.683165	3.247415
10950	-1007.354	-1216.948	209.594	1.374024	0.6111539	0.456776	0.543224	3.162426
10956	-1041.467	-1251.218	209.7513	1.601565	0.2145646	0.595507	0.404493	3.396128
10962	-1028.421	-1238.864	210.4431	1.804043	0.4431618	0.470871	0.529129	2.549656
10968	-1025.471	-1236.656	211.185	1.749486	0.4199301	0.469879	0.530121	2.139592
10974	-1037.462	-1248.75	211.2883	1.809058	0.3385462	0.489524	0.510476	2.139592
10980	-1026.004	-1237.367	211.3631	1.835569	0.2935954	0.487584	0.512416	2.139592
10986	-1016.294	-1227.527	211.2336	1.95394	0.4224525	0.542032	0.457968	1.969229
10992	-1027.459	-1238.563	211.1036	1.781031	0.6897533	0.538786	0.461214	1.893794
10998	-1009.321	-1220.668	211.3467	1.75129	0.7267905	0.46388	0.53612	1.713056
11004	-1013.685	-1225.681	211.997	1.992727	0.6134646	0.476754	0.523246	1.139622
11010	-1016.507	-1228.254	211.7467	2.182981	0.4841615	0.362317	0.637683	1.357459
11016	-1009.302	-1221.001	211.6986	2.396778	0.7073225	0.466939	0.533061	0.9111094
11022	-1002.745	-1214.486	211.7405	2.173142	0.7073225	0.524414	0.475586	1.092985
11028	-1012.161	-1223.932	211.7714	2.076133	0.6589623	0.387353	0.612647	1.208198
11034	-1016.815	-1228.802	211.9872	2.076172	0.6553021	0.537462	0.462538	1.01627
11040	-1019.322	-1230.933	211.6114	2.031642	0.3667755	0.23033	0.76967	1.731274
11046	-1010.47	-1221.528	211.0574	1.902624	0.8833812	0.499704	0.500296	1.680241
11052	-1012.499	-1222.495	209.9955	1.554753	0.930644	0.468457	0.531543	2.572668
11058	-1024.792	-1236.202	211.4105	1.812517	0.6377026	0.591775	0.408225	1.708225
11064	-1017.096	-1228.515	211.4194	1.93038	0.6377026	0.472811	0.527189	1.617562
11070	-1022.569	-1233.78	211.2116	1.877032	0.6540325	0.333988	0.666012	1.786597
11076	-1010.901	-1222.189	211.2883	1.906839	0.5372734	0.40177	0.59823	1.831113
11082	-1017.513	-1227.92	210.4064	1.846505	0.5921227	0.485119	0.514881	2.394759
11088	-1028.775	-1239.478	210.7033	1.943696	0.734175	0.529698	0.470302	2.015082
11094	-1033.673	-1244.622	210.9485	2.384739	0.2208111	0.495663	0.504337	2.174053
11100	-1023.416	-1234.605	211.1883	2.354029	0.1536923	0.441835	0.558165	2.174053
11106	-1029.983	-1241.432	211.4493	2.624418	0.1505277	0.603703	0.396297	1.826864
11112	-1019.433	-1230.577	211.1443	2.630368	0.1761486	0.68678	0.31322	1.97158
11118	-1026.455	-1237.266	210.8108	2.717315	0.08725206	0.445406	0.554594	2.350732
11124	-1032.318	-1243.149	210.8311	3.072214	0.08725206	0.386023	0.613977	2.108802
11130	-1018.768	-1230.175	211.4078	2.312666	1.178876	0.600595	0.399405	0.7550003
11136	-1016.037	-1227.705	211.6683	2.338126	0.9444412	0.342771	0.657229	0.6478817
11142	-1021.527	-1232.868	211.3405	2.475862	1.140056	0.342771	0.657229	0.6478817
11148	-1023.626	-1235.286	211.6605	2.387529	0.8715257	0.48676	0.51324	0.716835
11154	-1024.76	-1236.434	211.6737	2.319231	0.9222774	0.572427	0.427573	0.716835
11160	-1010.598	-1222.166	211.5686	2.238876	0.9222774	0.49463	0.50537	0.9508306
11166	-1030.31	-1241.773	211.4636	2.238876	1.034993	0.531139	0.468861	0.9405965
11172	-1036.769	-1248.165	211.3956	1.826767	0.4216046	0.548739	0.451261	1.94687
11178	-1033.095	-1244.067	210.9724	1.549141	0.6877445	0.548739	0.451261	2.137114
11184	-1012.709	-1223.9	211.191	1.912176	0.5979859	0.548739	0.451261	1.83118
11190	-1012.64	-1223.52	210.8807	1.939475	0.5600415	0.359843	0.640157	2.059781
11196	-1026.525	-1238	211.4748	2.067623	0.4028388	0.404495	0.595505	1.751777
11202	-1036.296	-1247.971	211.6757	1.935188	0.8334037	0.355963	0.644037	1.224657
11208	-1053.384	-1265.385	212.001	1.954352	0.5157702	0.353788	0.646212	1.294927
11214	-1039.613	-1251.745	212.1315	1.979826	0.4719237	0.45598	0.54402	1.226244
11220	-1035.926	-1247.562	211.6359	2.019643	0.3149891	0.512032	0.487968	1.800089
11226	-1039.703	-1251.594	211.8903	2.291927	0.2855165	0.563955	0.436045	1.469632
11232	-1015.185	-1226.616	211.4312	2.176716	0.2855165	0.492613	0.507387	1.879889
11238	-1011.847	-1223.389	211.5415	1.920503	0.4134883	0.422371	0.577629	1.793653
11244	-1025.733	-1236.617	210.8838	1.920503	1.473867	0.574829	0.425171	1.403844
11250	-1019.858	-1231.479	211.6211	1.900694	0.8098873	0.486251	0.513749	1.320455
11256	-1021.068	-1231.666	210.5977	2.087627	1.425773	0.626174	0.373826	1.521769
11262	-1030.864	-1241.907	211.0428	2.099466	1.353576	0.626174	0.373826	1.204532
11268	-1024.337	-1235.661	211.3239	2.099466	1.205046	0.38527	0.61473	1.063279
11274	-1025.626	-1236.85	211.2231	1.990179	1.205046	0.594065	0.405935	1.248687
11280	-1024.323	-1235.632	211.3094	2.106704	1.15246	0.495934	0.504066	1.112951
11286	-1022.763	-1234.484	211.7211	2.106704	0.596407	0.370025	0.629975	1.297955
11292	-1011.266	-1222.824	211.5583	1.984378	0.8589634	0.370025	0.629975	1.257533
11298	-1021.111	-1232.524	211.4126	1.862124	0.8589634	0.498697	0.501303	1.469328
11304	-1028.211	-1239.746	211.5356	2.001072	0.4387323	0.533401	0.466599	1.708762
11310	-1018.847	-1229.526	210.6792	1.964065	0.7738731	0.368727	0.631273	1.984969
11316	-1038.377	-1249.711	211.3339	2.037202	0.2666348	0.474649	0.525351	2.069573
11322	-1037.982	-1250.242	212.2599	1.961341	0.283859	0.491696	0.508304	1.443004
11328	-1030.155	-1241.946	211.7913	1.976098	0.4586002	0.430221	0.569779	1.515791
11334	-1019.592	-1231.244	211.6521	2.023011	0.42506	0.556175	0.443825	1.62777
11340	-1018.445	-1229.798	211.3533	1.97956	0.6397153	0.556221	0.443779	1.62777
11346	-1013.086	-1224.291	211.2054	2.153643	0.4933818	0.575085	0.424915	1.766815
11352	-1025.933	-1237.443	211.51	1.69827	0.5126216	0.450975	0.549025	1.849126
11358	-1032.181	-1243.112	210.9311	1.977141	1.135476	0.568676	0.431324	1.53552
11364	-1029.398	-1240.358	210.9601	1.707266	0.9421726	0.603619	0.396381	1.840698
11370	-1040.746	-1252.428	211.6818	1.956594	0.4867993	0.424509	0.575491	1.575311
11376	-1024.668	-1236.518	211.8498	2.113383	0.632254	0.604646	0.395354	1.139504
11382	-1025.559	-1236.213	210.6541	1.897916	1.336464	0.604646	0.395354	1.669781
11388	-1029.689	-1240.009	210.3205	1.894481	1.801471	0.618274	0.381726	1.673819
11394	-1034.172	-1245.732	211.5594	1.815507	0.6875406	0.289892	0.710108	1.549931
11400	-1023.918	-1234.775	210.8569	1.740928	0.7258242	0.367644	0.632356	2.054688
11406	-1024.859	-1235.371	210.512	1.740928	0.4432226	0.624696	0.375304	2.546
11412	-1035.123	-1245.923	210.8001	1.692168	0.4798895	0.340154	0.659846	2.355318
11418	-1010.026	-1221.192	211.1662	1.712467	0.4962445	0.574775	0.425225	2.088187
11424	-1016.223	-1227.352	211.1283	1.791871	0.4717331	0.425696	0.574304	2.088187
11430	-1003.013	-1214.678	211.6646	1.660123	0.3487992	0.522522	0.477478	1.974894
11436	-1022.244	-1233.868	211.6238	1.880484	0.6744275	0.458119	0.541881	1.466165
11442	-1022.375	-1233.708	211.3331	1.921839	1.101641	0.633408	0.366592	1.29098
11448	-1023.561	-1234.982	211.4209	1.876845	1.129081	0.500336	0.499664	1.234608
11454	-1026.118	-1237.804	211.6862	1.880596	0.6973196	0.486848	0.513152	1.394874
11460	-1016.83	-1227.994	211.1641	2.043963	1.014524	0.316635	0.683365	1.394874
11466	-1022.162	-1233.833	211.6707	1.942019	0.7941509	0.490586	0.509414	1.261397
11472	-1025.143	-1236.49	211.3466	1.9368	0.8362153	0.490586	0.509414	1.482203
11478	-1009.693	-1220.862	211.1696	2.208676	1.067691	0.611762	0.388238	1.214923
11484	-1011.724	-1223.364	211.6398	2.219291	0.8291979	0.434901	0.565099	1.003235
11490	-1020.016	-1231.893	211.8771	2.116405	0.7181969	0.374266	0.625734	1.003235
11496	-1031.936	-1243.635	211.6997	2.118736	0.7181969	0.356581	0.643419	1.165946
11502	-1019.649	-1231.276	211.6269	2.01747	0.4090596	0.481961	0.518039	1.671395
11508	-1017.839	-1229.169	211.3306	2.01747	0.5866543	0.63742	0.36258	1.671395
11514	-1012.195	-1223.433	211.2376	1.788784	0.7237818	0.426549	0.573451	1.765996
11520	-1013.702	-1225.173	211.471	1.992124	0.6230058	0.523307	0.476693	1.549825
11526	-1018.011	-1230.366	212.3553	2.431488	0.3189826	0.48832	0.51168	0.8614869
11532	-1020.547	-1232.429	211.882	2.235011	0.7450611	0.45479	0.54521	0.8294584
11538	-1025.863	-1237.962	212.0989	2.288253	0.6137266	0.41684	0.58316	0.6894104
11544	-1022.128	-1233.661	211.5334	2.032189	0.8071729	0.479233	0.520767	1.287549
11550	-1000.11	-1211.677	211.5666	2.035219	0.5836945	0.520051	0.479949	1.488882
11556	-1008.194	-1219.215	211.02	2.212985	1.346327	0.436792	0.563208	1.130198
11562	-1008.006	-1219.582	211.5761	2.293795	0.9651752	0.496532	0.503468	0.8281146
11568	-1016.371	-1227.949	211.5778	2.160276	0.7778173	0.394214	0.605786	1.171561
11574	-1033.921	-1245.068	211.1462	2.361705	1.162823	0.394214	0.605786	1.017668
11580	-1017.202	-1228.46	211.2579	2.296806	1.187735	0.540997	0.459003	0.9475901
11586	-1013.397	-1223.724	210.3265	2.329616	2.04988	0.403259	0.596741	1.22003
11592	-1022.344	-1233.123	210.7782	2.194332	1.358698	0.521984	0.478016	1.341085
11598	-1030.162	-1241.875	211.7128	2.202433	0.9589725	0.589556	0.410444	0.7763974
11604	-1028.23	-1240.214	211.9837	2.204418	0.6720807	0.460311	0.539689	0.8577665
11610	-1012.984	-1224.817	211.8323	2.330971	0.7120665	0.552067	0.447933	0.823718
11616	-1011.649	-1223.672	212.0237	2.164918	0.6168346	0.49228	0.50772	0.9430798
11622	-1027.655	-1239.534	211.879	2.181661	0.6404685	0.557574	0.442426	1.038818
11628	-1018.214	-1230.008	211.7942	2.036549	0.6947066	0.489043	0.510957	1.181629
11634	-1007.363	-1218.975	211.6118	1.899618	0.6726526	0.548524	0.451476	1.462524
11640	-997.2435	-1208.939	211.6955	1.899618	0.5348932	0.534178	0.465822	1.549515
11646	-1004.913	-1216.797	211.8841	2.210407	0.6286934	0.384895	0.615105	1.021912
11652	-1016.675	-1229.061	212.3863	2.154736	0.3635965	0.51181	0.48819	1.021912
11658	-1020.244	-1232.01	211.7658	2.154736	0.6335516	0.586366	0.413634	1.175467
11664	-1018.445	-1230.669	212.2234	2.025743	0.5197069	0.286134	0.713866	1.030791
11670	-1024.933	-1236.885	211.9512	1.948633	0.4833649	0.429416	0.570584	1.382056
11676	-1024.057	-1235.7	211.6426	1.996432	0.8145492	0.365357	0.634643	1.21927
11682	-1022.407	-1234.541	212.134	2.044959	0.4937732	0.473251	0.526749	1.135453
11688	-1015.971	-1227.792	211.8203	1.801355	0.5277194	0.530446	0.469554	1.538264
11694	-1023.615	-1235.201	211.5864	2.042634	0.5277194	0.557601	0.442399	1.532798
11700	-1026.904	-1239.034	212.1297	2.042634	0.4989823	0.522154	0.477846	1.133708
11706	-1022.914	-1235.036	212.1229	2.122514	0.5672022	0.550832	0.449168	0.9600839
11712	-1012.497	-1224.112	211.6147	2.107425	0.9964253	0.645175	0.354825	0.9600839
11718	-1022.26	-1233.766	211.5064	2.220165	0.9459148	0.567172	0.432828	1.008071
11724	-1014.632	-1226.492	211.8597	2.220165	0.7962944	0.493965	0.506035	0.7969651
11730	-1003.568	-1215.427	211.8585	2.181594	0.8304322	0.557246	0.442754	0.7969651
11736	-1020.43	-1232.491	212.0609	2.06969	0.6688032	0.522412	0.477588	0.9282239
11742	-1006.054	-1217.882	211.8277	2.160227	0.6946906	0.522412	0.477588	1.038478
11748	-1001.935	-1213.75	211.8148	2.160227	0.7571591	0.557383	0.442617	0.9725669
11754	-1000.535	-1212.369	211.8348	2.109823	0.7713758	0.322961	0.677039	0.9858992
11760	-993.5864	-1205.538	211.9513	2.241016	0.673419	0.43118	0.56882	0.8505768
11766	-1002.776	-1214.907	212.1307	2.170148	0.673419	0.418898	0.581102	0.6961081
11772	-1021.651	-1233.571	211.9198	2.28752	0.7084443	0.630862	0.369138	0.7708334
11778	-1025.163	-1236.907	211.744	2.30199	0.8770071	0.611407	0.388593	0.7101748
11784	-1034.165	-1245.292	211.1271	2.259771	1.490229	0.563523	0.436477	0.8634614
11790	-1020.797	-1233.003	212.2059	2.125309	0.631022	0.435072	0.564928	0.741568
11796	-1018.199	-1229.883	211.6845	2.239174	0.7857855	0.368356	0.631644	0.989572
11802	-1016.512	-1228.382	211.87	2.135517	0.8072576	0.496662	0.503338	0.8735371
11808	-1006.803	-1218.611	211.8079	2.078707	0.9135147	0.612655	0.387345	0.8735371
11814	-1000.899	-1212.035	211.1364	2.319253	1.442895	0.482863	0.517137	0.8224361
11820	-1004.854	-1216.537	211.6837	2.243505	0.9706451	0.642368	0.357632	0.7412566
11826	-1020.24	-1231.191	210.9512	2.38788	1.494628	0.386057	0.613943	0.9144209
11832	-1023.306	-1234.375	211.0691	2.196957	1.564622	0.305782	0.694218	0.9386983
11838	-1014.778	-1226.372	211.5942	2.186686	0.7637565	0.608943	0.391057	1.148917
11844	-1026.304	-1238.479	212.1744	2.091493	0.4352025	0.583279	0.416721	1.148917
11850	-1031.435	-1243.702	212.2664	2.086898	0.4336637	0.723049	0.276951	1.071908
11856	-1017.075	-1229.334	212.2593	1.975786	0.4451661	0.678154	0.321846	1.160172
11862	-1026.381	-1238.012	211.6306	1.975786	0.5420666	0.530271	0.469729	1.532812
11868	-1021.021	-1232.427	211.4061	2.128469	0.6829862	0.456269	0.543731	1.434348
11874	-1009.096	-1221.414	212.3177	2.145508	0.4854324	0.41692	0.58308	0.8633408
11880	-994.9124	-1207.039	212.1269	2.088494	0.4925414	0.482212	0.517788	1.104434
11886	-989.7931	-1201.727	211.9338	2.075331	0.5458535	0.414197	0.585803	1.210437
11892	-1003.298	-1215.607	212.3091	1.886751	0.4821873	0.44522	0.55478	1.137797
11898	-1017.264	-1228.415	211.1515	2.028624	0.4821873	0.565317	0.434683	1.902747
11904	-1018.143	-1228.824	210.6812	1.710048	0.4395666	0.507989	0.492011	2.463697
11910	-1021.981	-1232.688	210.7064	1.784787	0.5559187	0.486362	0.513638	2.277717
11916	-1024.246	-1234.912	210.6657	1.83748	0.5481767	0.568647	0.431353	2.277717
11922	-1040.3	-1250.84	210.5406	1.600739	0.8915032	0.66599	0.33401	2.225689
11928	-1014.459	-1225.431	210.9723	1.74657	0.3641595	0.375869	0.624131	2.348448
11934	-1011.882	-1223.051	211.1687	1.787217	0.5909684	0.334788	0.665212	1.938392
11940	-1029.829	-1240.559	210.7299	1.71258	0.4434961	0.526782	0.473218	2.42705
11946	-1032.595	-1242.59	209.9954	1.604209	0.3763088	0.359845	0.640155	3.021797
11952	-1023.325	-1234.511	211.1856	1.577545	0.3763088	0.467858	0.532142	2.304573
11958	-1019.256	-1230.105	210.8483	1.641376	0.6103656	0.431243	0.568757	2.226775
11964	-1028.013	-1238.789	210.7768	1.765862	0.5742916	0.431243	0.568757	2.226775
11970	-1012.124	-1223.989	211.8653	1.862283	0.3644558	0.516912	0.483088	1.674736
11976	-1021.42	-1233.05	211.6291	1.817871	0.5963524	0.480009	0.519991	1.589823
11982	-1017.766	-1228.522	210.7563	1.715377	0.3950531	0.400834	0.599166	2.46558
11988	-1026.855	-1238.699	211.8444	1.944253	0.4029936	0.400834	0.599166	1.575445
11994	-1027.761	-1239.581	211.8198	1.650926	0.368233	0.508105	0.491895	1.848723
12000	-1022.985	-1233.716	210.7308	1.62445	0.4745703	0.577216	0.422784	2.447595
12006	-1017.291	-1228.469	211.1777	1.606494	0.4562543	0.362862	0.637138	2.194437
12012	-1018.353	-1229.745	211.3926	1.742875	0.4039731	0.463539	0.536461	2.02717
12018	-1029.196	-1240.995	211.7995	1.782286	0.3305702	0.523386	0.476614	1.827078
12024	-1017.383	-1228.722	211.3387	1.824517	0.5409526	0.481535	0.518465	1.849041
12030	-1016.144	-1226.857	210.7135	1.690859	0.5457446	0.713012	0.286988	2.343204
12036	-1013.972	-1224.995	211.023	1.827898	0.5011106	0.362091	0.637909	2.101121
12042	-1028.454	-1239.498	211.044	1.990498	0.5269155	0.427788	0.572212	1.95144
12048	-1021.025	-1232.22	211.1945	1.845354	0.2532546	0.418865	0.581135	2.306427
12054	-1002.293	-1214.068	211.7753	1.853439	0.442157	0.541239	0.458761	1.638747
12060	-1004.222	-1215.538	211.3154	1.729852	0.4594734	0.486656	0.513344	2.019576
12066	-993.6835	-1204.003	210.3199	1.636929	0.9939266	0.397556	0.602444	2.275453
12072	-1006.969	-1217.161	210.1919	1.576058	0.6233711	0.383015	0.616985	2.668909
12078	-1001.784	-1211.937	210.1534	1.709772	0.4383285	0.561871	0.438129	2.791276
12084	-1008.303	-1218.459	210.1567	1.84211	0.7147642	0.412016	0.587984	2.449031
12090	-1004.722	-1215.451	210.7296	1.735417	0.4122663	0.417333	0.582667	2.449031
12096	-1000.155	-1211.901	211.7458	2.066129	0.6189554	0.646978	0.353022	1.284369
12102	-991.5301	-1203.327	211.7968	2.066129	0.7628796	0.421135	0.578865	1.075322
12108	-1007.575	-1219.284	211.7089	2.147915	0.7678604	0.475295	0.524705	1.075322
12114	-1026.122	-1238.176	212.0537	2.335858	0.2883478	0.434923	0.565077	1.302069
12120	-1023.696	-1235.059	211.3628	2.136008	0.6257499	0.473201	0.526799	1.520476
12126	-1016.741	-1228.61	211.8696	1.91791	0.4678489	0.398365	0.601635	1.488647
12132	-1025.311	-1236.994	211.6838	1.925024	0.5464356	0.574655	0.425345	1.525968
12138	-1032.735	-1244.223	211.4883	1.665158	0.4438851	0.392419	0.607581	1.965806
12144	-1019.413	-1230.789	211.3755	1.992947	1.014386	0.520522	0.479478	1.266451
12150	-1022.017	-1233.541	211.5239	1.876801	0.9823624	0.579928	0.420072	1.266327
12156	-1029.595	-1240.678	211.0826	2.070516	1.590637	0.533848	0.466152	1.034668
12162	-1029.153	-1240.426	211.2733	1.975351	1.19657	0.559336	0.440664	1.225235
12168	-1027.861	-1239.364	211.5025	1.995666	0.9817037	0.561164	0.438836	1.184534
12174	-1017.353	-1229.11	211.7569	1.989055	0.7396107	0.47521	0.52479	1.205182
12180	-1016.616	-1227.997	211.3807	2.07157	1.27183	0.581359	0.418641	0.9792557
12186	-1009.718	-1221.352	211.6331	1.957111	0.7286428	0.621471	0.378529	1.344774
12192	-1020.272	-1231.623	211.3506	1.957111	1.012888	0.61792	0.38208	1.317225
12198	-1031.576	-1243.145	211.5693	1.981533	0.9184222	0.551232	0.448768	1.195788
12204	-1030.637	-1242.154	211.5164	1.929732	0.794343	0.663401	0.336599	1.394889
12210	-1017.352	-1228.867	211.5147	1.985331	0.9192033	0.449767	0.550233	1.238242
12216	-1009.863	-1221.122	211.2592	2.047105	1.010098	0.43082	0.56918	1.320597
12222	-1021.304	-1233.147	211.8431	2.147318	0.7372085	0.423021	0.576979	0.98217
12228	-1003.691	-1215.367	211.6764	2.114366	0.9533765	0.532042	0.467958	0.9338089
12234	-1001.58	-1213.143	211.5633	2.138161	1.039325	0.505901	0.494099	0.9371519
12240	-1001.18	-1212.61	211.4307	2.190795	1.114683	0.457449	0.542551	0.9463673
12246	-1009.83	-1221.69	211.8598	2.071165	0.8149416	0.585285	0.414715	0.9463673
12252	-1012.87	-1224.522	211.6523	2.071165	0.9315338	0.51669	0.48331	1.025934
12258	-1018.175	-1229.381	211.2065	2.011803	1.196038	0.564678	0.435322	1.251095
12264	-1015.202	-1227.318	212.1166	1.946325	0.5648567	0.399648	0.600352	1.138209
12270	-1008.83	-1220.474	211.644	2.040816	0.8561015	0.440383	0.559617	1.138209
12276	-1013.779	-1225.834	212.0551	1.995956	0.5958389	0.636346	0.363654	1.107311
12282	-1022.74	-1234.102	211.3616	1.995956	0.8600306	0.459766	0.540234	1.404916
12288	-1020.495	-1232.572	212.0766	1.882782	0.5266462	0.498162	0.501838	1.277342
12294	-1020.566	-1232.074	211.5074	1.886156	0.8351674	0.650932	0.349068	1.398798
12300	-1020.107	-1231.647	211.5408	1.886156	0.7263982	0.521088	0.478912	1.473549
12306	-1033.605	-1245.496	211.8914	1.893027	0.6558409	0.271209	0.728791	1.26472
12312	-1029.74	-1240.168	210.4275	1.919246	1.111071	0.605113	0.394887	1.945848
12318	-1025.523	-1236.173	210.6504	1.919246	0.9495487	0.322614	0.677386	1.902086
12324	-1017.112	-1228.308	211.1965	2.141238	0.7713307	0.418181	0.581819	1.498764
12330	-1021.409	-1233.164	211.7554	2.182173	0.4927108	0.553889	0.446111	1.339819
12336	-1017.971	-1229.641	211.6702	2.251796	0.5309577	0.525304	0.474696	1.302252
12342	-1025.076	-1236.265	211.1887	2.048346	0.5886946	0.563717	0.436283	1.74771
12348	-1020.43	-1232.192	211.7623	1.997219	0.4708391	0.457518	0.542482	1.505742
12354	-1025.801	-1237.798	211.9971	2.03457	0.5570662	0.497106	0.502894	1.176179
12360	-1033.118	-1244.983	211.8654	1.962158	0.7019751	0.337058	0.662942	1.176179
12366	-1039.593	-1250.89	211.2968	1.962158	1.103572	0.647128	0.352872	1.286175
12372	-1051.531	-1262.952	211.4203	1.865917	0.7843432	0.504367	0.495633	1.525593
12378	-1039.243	-1250.759	211.5166	1.709378	0.6739921	0.66603	0.33397	1.670971
12384	-1049.006	-1259.908	210.9017	1.895141	0.9609942	0.375111	0.624889	1.737246
12390	-1035.661	-1244.357	208.6966	1.487807	0.7564651	0.573231	0.426769	3.509992
12396	-1018.599	-1227.306	208.7071	1.367568	0.8496868	0.414223	0.585777	3.509992
12402	-1010.326	-1219.162	208.836	1.445314	1.017978	0.417375	0.582625	3.284797
12408	-998.262	-1207.384	209.1215	1.511607	0.5193171	0.518771	0.481229	3.442
12414	-997.2159	-1208.103	210.8874	1.61025	0.5939282	0.441523	0.558477	2.237018
12420	-1016.784	-1227.067	210.2829	1.602538	0.3117242	0.441523	0.558477	2.932911
12426	-1020.356	-1230.479	210.1234	1.639127	0.9361557	0.34954	0.65046	2.436475
12432	-1024.195	-1234.799	210.6042	1.982072	0.6812645	0.506481	0.493519	2.100299
12438	-1015.187	-1226.579	211.3923	1.991328	0.5439309	0.414619	0.585381	1.69222
12444	-1017.062	-1228.306	211.2438	1.832682	0.7152082	0.621486	0.378514	1.738613
12450	-1023.204	-1234.361	211.1568	1.804446	0.8093592	0.345087	0.654913	1.738613
12456	-1009.412	-1220.953	211.5418	1.855467	0.4423162	0.377063	0.622937	1.801718
12462	-1019.605	-1229.394	209.7888	1.620799	0.6367868	0.377063	0.622937	2.876088
12468	-1034.969	-1245.188	210.2191	1.620799	0.5885326	0.473845	0.526155	2.655585
12474	-1029.998	-1240.905	210.9064	1.667744	1.00994	0.299763	0.700237	1.857218
12480	-1022.569	-1233.38	210.8109	1.92674	0.9161881	0.390774	0.609226	1.811156
12486	-1007.49	-1218.95	211.4603	1.834737	0.5525497	0.413561	0.586439	1.745253
12492	-1023.698	-1233.718	210.0201	2.437006	2.122396	0.400571	0.599429	1.349276
12498	-1027.585	-1238.906	211.3214	2.430209	1.041387	0.575967	0.424033	0.8791695
12504	-1029.007	-1241.027	212.0198	2.204604	0.6083674	0.532456	0.467544	0.9175064
12510	-1016.091	-1227.768	211.6771	2.021172	0.6717068	0.539014	0.460986	1.317529
12516	-1006.294	-1218.132	211.8384	2.253095	0.7380087	0.576168	0.423832	0.8711049
12522	-1003.204	-1215.05	211.8455	2.374545	0.7380087	0.304692	0.695308	0.6910103
12528	-1016.115	-1227.923	211.8085	2.374545	0.7983888	0.304692	0.695308	0.6125913
12534	-1006.705	-1218.417	211.7115	2.394811	0.8280051	0.502596	0.497404	0.7012813
12540	-1011.507	-1223.179	211.6715	2.336774	0.9113919	0.385218	0.614782	0.7106711
12546	-1020.207	-1231.835	211.6284	2.390045	0.9019035	0.555336	0.444664	0.7106711
12552	-1007.24	-1218.781	211.5414	2.708096	0.7357293	0.507029	0.492971	0.3840223
12558	-1020.98	-1232.321	211.3411	2.754837	0.8624494	0.352214	0.647786	0.3782006
12564	-1015.56	-1226.894	211.3332	2.754837	0.874592	0.574855	0.425145	0.3873676
12570	-1011.412	-1222.81	211.3982	2.702605	0.8725882	0.596202	0.403798	0.4077554
12576	-1026.157	-1237.566	211.409	2.543773	1.028912	0.445455	0.554545	0.5511239
12582	-1010.615	-1222.408	211.7931	2.624772	0.6326248	0.486297	0.513703	0.4948018
12588	-1005.916	-1217.887	211.9707	2.565775	0.5518991	0.353049	0.646951	0.4971307
12594	-1005.168	-1216.665	211.4965	2.565775	0.8963169	0.424581	0.575419	0.6373635
12600	-1012.761	-1223.966	211.2056	2.565775	1.195918	0.619924	0.380076	0.6373635
12606	-1013.238	-1224.492	211.2533	2.502454	1.195918	0.618917	0.381083	0.670495
12612	-1011.549	-1223.513	211.964	2.366199	0.6575974	0.422646	0.577354	0.6815588
12618	-1017.344	-1228.761	211.4166	2.366199	1.076485	0.459107	0.540893	0.7988552
12624	-1018.865	-1229.979	211.1136	2.428672	1.354474	0.64791	0.35209	0.7988552
12630	-1034.489	-1246.076	211.5863	1.750861	0.9734801	0.461729	0.538271	1.325385
12636	-1022.32	-1234.293	211.9738	1.728908	0.6612018	0.359811	0.640189	1.325385
12642	-1028.097	-1240.28	212.1832	1.779878	0.6446436	0.453756	0.546244	1.124215
12648	-1027.796	-1239.323	211.5276	1.994244	0.9701937	0.427269	0.572731	1.174127
12654	-1017.592	-1228.675	211.0833	2.786621	1.105013	0.365429	0.634571	0.4176536
12660	-1013.304	-1224.511	211.2066	2.786621	0.9780239	0.504322	0.495678	0.4176536
12666	-1007.081	-1218.425	211.3436	2.786621	0.849999	0.553192	0.446808	0.4176536
12672	-1009.759	-1220.806	211.0471	2.786621	1.14457	0.307007	0.692993	0.4176536
12678	-1004.534	-1215.927	211.393	2.694014	0.8987271	0.364416	0.635584	0.4532009
12684	-1011.654	-1223.073	211.4183	2.588321	0.9709004	0.495172	0.504828	0.4356489
12690	-1022.828	-1234.241	211.4138	2.599943	0.9709004	0.329075	0.670925	0.4690715
12696	-1030.469	-1241.748	211.2795	2.599943	1.109114	0.601075	0.398925	0.4690715
12702	-1025.917	-1237.472	211.5546	2.429331	0.9708091	0.565326	0.434674	0.6371026
12708	-1017.553	-1229.066	211.5128	2.338892	1.013471	0.264198	0.735802	0.7880765
12714	-1015.281	-1226.862	211.5818	2.338892	1.013471	0.428469	0.571531	0.6795019
12720	-1017.426	-1228.855	211.4287	2.371792	1.074414	0.428469	0.571531	0.7772911
12726	-1025.795	-1237.367	211.5721	2.307489	1.016598	0.341954	0.658046	0.7433953
12732	-1022.731	-1234.414	211.6828	2.367078	0.8548535	0.442398	0.557602	0.7433953
12738	-1009.678	-1221.466	211.7871	2.299214	0.7571089	0.427963	0.572037	0.8489944
12744	-1021.498	-1232.968	211.4698	2.463453	1.011461	0.479562	0.520438	0.6585255
12750	-1037.691	-1249.109	211.4176	2.467556	1.105038	0.383721	0.616279	0.5029918
12756	-1027.651	-1239.349	211.6977	2.477445	0.8239749	0.407551	0.592449	0.504419
12762	-1022.459	-1233.905	211.4463	2.56655	0.9737273	0.490302	0.509698	0.4986515
12768	-1017.499	-1228.843	211.3448	2.457391	1.172989	0.490302	0.509698	0.6106871
12774	-1005.567	-1217.136	211.5692	2.388141	1.011747	0.544292	0.455708	0.5988008
12780	-1016.251	-1227.87	211.6189	2.376789	0.9801153	0.544292	0.455708	0.5766025
12786	-1030.677	-1242.175	211.4983	2.376789	1.108015	0.451601	0.548399	0.5628041
12792	-1015.765	-1226.411	210.6456	2.476933	2.06787	0.576033	0.423967	0.713266
12798	-1015.421	-1226.635	211.2137	2.421752	1.396276	0.512402	0.487598	0.5405339
12804	-1021.539	-1233.046	211.5072	2.23795	1.09381	0.482632	0.517368	0.8266498
12810	-1020.439	-1232.357	211.9182	2.151688	0.8619186	0.520235	0.479765	0.6978105
12816	-1020.088	-1231.997	211.9082	2.151688	0.8619186	0.458783	0.541217	0.7148654
12822	-1015.321	-1226.349	211.0274	2.151688	1.541335	0.270254	0.729746	1.043365
12828	-1008.025	-1219.087	211.0613	2.100944	1.564991	0.3968	0.6032	1.043365
12834	-998.7393	-1210.089	211.3502	2.102442	1.195515	0.633946	0.366054	1.043365
12840	-1007.81	-1219.595	211.7843	2.047808	0.8030933	0.555201	0.444799	1.058908
12846	-1017.836	-1229.206	211.3706	2.047808	0.94863	0.587208	0.412792	1.280225
12852	-1011.354	-1222.778	211.424	1.919692	0.9634556	0.537595	0.462405	1.328426
12858	-1025.156	-1236.443	211.2862	1.809216	0.8506924	0.330447	0.669553	1.609052
12864	-1007.088	-1217.901	210.8127	1.739004	1.232613	0.49093	0.50907	1.730886
12870	-1005.295	-1216.04	210.7452	1.65873	0.7578735	0.518801	0.481199	2.155619
12876	-1020.586	-1230.64	210.0543	1.835893	1.002531	0.621202	0.378798	2.312559
12882	-1032.084	-1242.164	210.0801	1.889033	1.002531	0.440711	0.559289	2.261998
12888	-1022.624	-1233.186	210.5622	1.871921	0.6119059	0.440711	0.559289	2.261093
12894	-1026.446	-1236.88	210.4335	1.70221	1.307689	0.422395	0.577605	1.973047
12900	-1050.795	-1259.021	208.226	1.343085	0.4191957	0.46715	0.53285	4.154796
12906	-1040.342	-1250.463	210.1213	1.552978	0.6698277	0.372045	0.627955	2.687175
12912	-1025.925	-1235.999	210.0741	1.681945	0.6813176	0.562129	0.437871	2.627372
12918	-1025.07	-1236.254	211.1841	1.85606	0.6916707	0.54916	0.45084	1.785278
12924	-1024.781	-1236.409	211.6276	2.055136	0.3123819	0.56545	0.43455	1.785278
12930	-1028.985	-1240.323	211.3373	1.786966	0.6524666	0.415636	0.584364	1.763311
12936	-1024.289	-1234.743	210.4536	1.802371	1.090776	0.294871	0.705129	2.019163
12942	-1038.001	-1248.072	210.0709	1.802371	1.395334	0.344465	0.655535	2.100744
12948	-1043.541	-1253.748	210.2066	1.70694	1.401914	0.453283	0.546717	2.070862
12954	-1033.804	-1244.887	211.0834	1.887149	0.5128983	0.408876	0.591124	2.009331
12960	-1038.41	-1248.608	210.1982	1.786165	0.6614996	0.459035	0.540965	2.502055
12966	-1044.562	-1255.445	210.8824	1.685412	0.6991306	0.253272	0.746728	2.097002
12972	-1042.423	-1253.568	211.1452	1.75532	0.5923612	0.339813	0.660187	1.974229
12978	-1047.428	-1257.838	210.4094	1.944306	0.7828578	0.489669	0.510331	2.168571
12984	-1017.724	-1228.084	210.3596	1.76532	0.7354507	0.315216	0.684784	2.352823
12990	-1024.777	-1235.492	210.7155	1.761132	0.6004905	0.519379	0.480621	2.244351
12996	-1014.178	-1225.483	211.3044	1.827973	0.6510588	0.415604	0.584396	1.758998
13002	-1021.814	-1231.605	209.7911	1.59099	0.943456	0.534996	0.465004	2.668313
13008	-1014.31	-1225.098	210.7878	1.719309	0.6276322	0.534996	0.465004	2.199685
13014	-1024.703	-1234.88	210.1765	1.635675	0.7447344	0.266384	0.733616	2.542058
13020	-1008.425	-1219.715	211.2902	1.740315	0.5971761	0.490787	0.509213	1.881733
13026	-1014.625	-1226.168	211.5431	1.748577	0.4362677	0.490787	0.509213	1.881733
13032	-1018.586	-1229.579	210.9932	1.798173	0.6066591	0.539539	0.460461	2.033103
13038	-1032.269	-1243.324	211.0554	1.69604	0.5506824	0.541084	0.458916	2.114433
13044	-1041.284	-1250.845	209.5618	1.461397	0.6071343	0.583478	0.416522	3.133098
13050	-1025.407	-1235.215	209.8077	1.47479	0.7732	0.504209	0.495791	2.845909
13056	-1030.665	-1241.104	210.4393	1.681086	0.9001726	0.402669	0.597331	2.23315
13062	-1011.708	-1222.28	210.572	1.874684	0.6337031	0.590271	0.409729	2.23315
13068	-1021.171	-1231.89	210.7195	1.71154	0.9256931	0.590271	0.409729	2.012006
13074	-1014.17	-1225	210.8304	1.80099	0.9256931	0.486174	0.513826	1.877141
13080	-1016.244	-1226.214	209.9698	1.607299	1.065894	0.467429	0.532571	2.47143
13086	-1016.245	-1226.959	210.7136	1.698146	0.7116186	0.498202	0.501798	2.188293
13092	-1025.253	-1235.604	210.3506	1.564115	0.4973916	0.492145	0.507855	2.69716
13098	-1023.853	-1234.085	210.2318	1.468121	0.6391662	0.541637	0.458363	2.69716
13104	-1027.431	-1237.809	210.3771	1.84003	0.866399	0.456913	0.543087	2.194555
13110	-1020.641	-1231.841	211.1997	1.727967	0.6387645	0.445586	0.554414	1.911341
13116	-1013.8	-1224.191	210.3916	1.641563	1.177828	0.353562	0.646438	2.11392
13122	-1025.576	-1236.634	211.0584	1.523107	0.5826317	0.51263	0.48737	2.193628
13128	-1007.004	-1218.151	211.1469	1.658863	0.5826317	0.51263	0.48737	2.046825
13134	-1022.195	-1232.573	210.3788	1.694197	0.3855968	0.447551	0.552449	2.72397
13140	-1012.389	-1222.508	210.1197	1.533172	0.6009513	0.437207	0.562793	2.759136
13146	-1022.433	-1232.046	209.6135	1.646949	0.6820298	0.562272	0.437728	2.929014
13152	-1020.009	-1230.897	210.8883	1.548598	0.8294267	0.508715	0.491285	2.078372
13158	-1014.888	-1226.554	211.6656	1.964723	0.573924	0.547863	0.452137	1.478413
13164	-1012.327	-1223.594	211.2669	1.832952	0.5172212	0.462586	0.537414	1.917905
13170	-1025.92	-1236.809	210.8895	1.948869	0.5172212	0.335347	0.664653	2.09207
13176	-1011.53	-1222.378	210.8482	1.87743	0.9416593	0.309575	0.690425	1.800848
13182	-1000.056	-1211.613	211.5565	1.961438	0.6634358	0.386664	0.613336	1.46698
13188	-1020.065	-1231.023	210.9582	1.879731	1.062872	0.386664	0.613336	1.636231
13194	-1016.7	-1227.864	211.164	2.045969	0.8769229	0.386664	0.613336	1.503116
13200	-1018.43	-1230.196	211.7666	2.004338	0.7819162	0.403992	0.596008	1.138169
13206	-1016.797	-1228.659	211.8621	2.111449	0.6632334	0.452949	0.547051	1.091486
13212	-1021.678	-1233.257	211.5792	2.250015	0.865017	0.70655	0.29345	0.9925315
13218	-1024.356	-1236.511	212.1553	2.152901	0.572151	0.446785	0.553215	0.8832386
13224	-1028.079	-1239.945	211.8655	2.152901	0.760121	0.625732	0.374268	0.9227661
13230	-1027.423	-1239.253	211.8295	2.152901	0.5969303	0.625732	0.374268	1.167105
13236	-1036.324	-1248.246	211.922	2.346318	0.6382302	0.36113	0.63887	0.8155162
13242	-1023.898	-1235.249	211.3512	2.048778	1.118719	0.497559	0.502441	1.154814
13248	-1026.467	-1238.046	211.5787	2.042816	0.961402	0.343984	0.656016	1.093068
13254	-1027.296	-1238.398	211.1015	2.382296	1.286136	0.352974	0.647026	0.933768
13260	-1029.911	-1241.678	211.767	2.386982	0.8043605	0.535685	0.464315	0.6635866
13266	-1011.848	-1223.254	211.4068	2.386982	1.184324	0.421229	0.578771	0.6062187
13272	-1019.209	-1230.816	211.6062	2.654268	0.7298045	0.410296	0.589704	0.6289494
13278	-1005.831	-1216.924	211.0934	2.479806	1.444414	0.527188	0.472812	0.6289494
13284	-1006.99	-1218.583	211.5921	2.287698	0.9887224	0.402789	0.597211	0.7834346
13290	-1029.03	-1240.9	211.8706	2.287698	0.713005	0.455255	0.544745	0.8284871
13296	-1026.204	-1237.563	211.3592	2.288971	1.108414	0.297096	0.702904	0.9239552
13302	-1022.394	-1233.687	211.2931	2.288971	1.197665	0.414928	0.585072	0.9084575
13308	-1016.689	-1228.312	211.6231	2.227902	0.9181818	0.446336	0.553664	0.9084575
13314	-1013.47	-1224.66	211.1899	2.27924	1.332503	0.376308	0.623692	0.9084575
13320	-1029.643	-1241.132	211.4891	2.194014	1.060354	0.642448	0.357552	0.9351325
13326	-1022.585	-1234.367	211.7812	2.245894	0.871703	0.582214	0.417786	0.7493599
13332	-1015.14	-1226.85	211.7095	2.245894	0.9686167	0.438698	0.561302	0.6984892
13338	-1008.162	-1219.671	211.5096	2.157727	1.085436	0.438698	0.561302	0.9264441
13344	-1008.381	-1219.415	211.0341	2.103397	1.439815	0.479571	0.520429	1.15054
13350	-1021.172	-1232.703	211.5314	2.338536	0.8999699	0.479571	0.520429	0.9090726
13356	-1020.997	-1232.485	211.4874	2.159281	1.007669	0.34431	0.65569	1.024828
13362	-1035.37	-1246.676	211.3052	2.113553	1.108528	0.483819	0.516181	1.146534
13368	-1021.693	-1232.811	211.1177	2.096369	1.393827	0.354841	0.645159	1.113564
13374	-1034.522	-1245.861	211.3381	2.137387	1.092636	0.495684	0.504316	1.10882
13380	-1022.16	-1233.929	211.769	1.964025	0.7037139	0.530954	0.469046	1.254623
13386	-1008.294	-1220.058	211.7636	1.855026	0.6181402	0.273113	0.726887	1.438168
13392	-1016.088	-1227.801	211.7122	1.822224	0.6916512	0.397597	0.602403	1.42565
13398	-1010.111	-1221.789	211.6788	1.822224	0.6916512	0.607311	0.392689	1.45129
13404	-1029.634	-1240.522	210.8878	2.149766	1.380726	0.528362	0.471638	1.27436
13410	-1015.867	-1227.475	211.6072	2.149766	0.9027831	0.384753	0.615247	1.023142
13416	-1016.439	-1227.801	211.3622	2.149766	1.093909	0.425317	0.574683	1.074104
13422	-1011.63	-1223.161	211.5302	2.165028	1.006908	0.490489	0.509511	0.977055
13428	-1027.514	-1239.192	211.6772	2.165028	0.8697547	0.394535	0.605465	0.9739478
13434	-1017.251	-1228.918	211.6668	2.165028	0.8697547	0.552509	0.447491	0.9846514
13440	-1022.642	-1234.028	211.3867	2.140794	1.232792	0.405208	0.594792	0.9350051
13446	-1015.983	-1227.85	211.8673	2.140794	0.7084661	0.348468	0.651532	1.001201
13452	-1011.829	-1223.2	211.3712	2.172353	1.075757	0.585867	0.414133	1.06041
13458	-1017.632	-1229.062	211.4298	2.358145	1.075757	0.470529	0.529471	0.7928453
13464	-1023.671	-1235.047	211.3758	2.331656	1.086218	0.484154	0.515846	0.8806412
13470	-1005.552	-1216.656	211.1038	2.343548	1.524678	0.472267	0.527733	0.7505735
13476	-1005.033	-1216.59	211.5568	2.416931	0.9246969	0.440066	0.559934	0.7432408
13482	-1001.504	-1212.796	211.2918	2.633275	1.0511	0.458964	0.541036	0.5780968
13488	-997.8744	-1209.063	211.1882	2.633275	1.158797	0.461651	0.538349	0.5908555
13494	-991.8361	-1203.303	211.4664	2.617659	0.8920937	0.305532	0.694468	0.5910814
13500	-999.5713	-1210.907	211.3359	2.57129	1.080522	0.556747	0.443253	0.5215625
13506	-1004.535	-1215.53	210.9948	2.57129	1.477868	0.333789	0.666211	0.5762991
13512	-996.2108	-1207.675	211.4643	2.548777	0.972023	0.472669	0.527331	0.4732589
13518	-1014.307	-1225.22	210.913	2.62635	1.517122	0.308606	0.691394	0.5676349
13524	-1014.421	-1225.171	210.7497	2.691881	1.666952	0.34103	0.65897	0.4773864
13530	-1007.618	-1218.494	210.8758	2.740397	1.423661	0.336536	0.663464	0.5257117
13536	-1002.484	-1213.296	210.8126	2.740397	1.501002	0.28264	0.71736	0.4450283
13542	-1006.511	-1217.12	210.6092	2.884876	1.501002	0.573425	0.426575	0.3402037
13548	-1024.226	-1235.293	211.0671	2.841655	1.003043	0.521748	0.478252	0.3309722
13554	-1017.085	-1228.158	211.0731	2.778667	1.131309	0.516824	0.483176	0.4350889
13560	-1003.252	-1214.25	210.9985	2.724266	1.264207	0.50286	0.49714	0.6130253
13566	-1016.748	-1227.834	211.0863	2.44064	1.408273	0.278733	0.721267	0.7614871
13572	-1000.922	-1211.943	211.0206	2.3877	1.408273	0.211827	0.788173	0.9097943
13578	-1010.486	-1221.803	211.3168	2.3877	1.128071	0.377231	0.622769	0.8378707
13584	-1010.844	-1221.562	210.7174	2.466162	1.961074	0.582932	0.417068	0.7153602
13590	-1005.796	-1216.528	210.7326	2.430913	1.961074	0.535181	0.464819	0.74711
13596	-1005.612	-1217.06	211.4482	2.425746	1.019883	0.481646	0.518354	0.74711
13602	-1011.494	-1223.102	211.6082	2.425746	0.8995219	0.589499	0.410501	0.688052
13608	-1014.359	-1225.876	211.5164	2.425746	0.9873692	0.492937	0.507063	0.688052
13614	-1012.227	-1223.675	211.4474	2.416011	1.054837	0.354834	0.645166	0.7097324
13620	-1010.099	-1221.797	211.6983	2.182384	0.9221017	0.57101	0.42899	0.8697398
13626	-1012.429	-1223.839	211.4103	2.143994	1.165029	0.518561	0.481439	0.9689923
13632	-1026.037	-1237.936	211.8995	2.275941	0.6629137	0.356283	0.643717	0.8871452
13638	-1017.391	-1229.119	211.7279	2.275941	0.7306933	0.48302	0.51698	0.9767987
13644	-1004.296	-1216.288	211.9918	2.030247	0.6724089	0.665319	0.334681	1.034055
13650	-1006.012	-1217.77	211.7588	1.974937	0.8444611	0.451763	0.548237	1.105987
13656	-1007.097	-1218.906	211.8088	1.958782	0.7042294	0.431885	0.568115	1.225091
13662	-1010.441	-1221.958	211.5166	2.109205	0.9412243	0.449974	0.550026	1.10833
13668	-1007.95	-1219.561	211.6109	1.924052	0.7947437	0.530367	0.469633	1.324239
13674	-1005.744	-1217.464	211.7203	1.924052	0.747572	0.541385	0.458615	1.281894
13680	-1026.475	-1237.441	210.9659	1.959774	1.056635	0.582827	0.417173	1.576909
13686	-1018.108	-1227.96	209.8515	1.958897	2.233944	0.499107	0.500893	1.780772
13692	-1003.34	-1214.331	210.9909	1.946578	0.9736395	0.522416	0.477584	1.627988
13698	-1001.02	-1212.571	211.5508	1.937585	0.8074064	0.406953	0.593047	1.349528
13704	-1020.891	-1232.063	211.1719	2.009615	1.102363	0.482761	0.517239	1.349528
13710	-1022.265	-1233.729	211.4649	1.995937	0.8104706	0.482761	0.517239	1.368452
13716	-1004.07	-1215.648	211.5774	2.007352	0.7734528	0.417272	0.582728	1.304595
13722	-1015.089	-1226.699	211.6101	1.872834	0.4518422	0.40873	0.59127	1.730087
13728	-1008.895	-1220.625	211.7295	2.051886	0.3144545	0.518936	0.481064	1.712927
13734	-1013.285	-1223.626	210.341	1.865514	1.402805	0.488422	0.511578	1.874122
13740	-1009.32	-1220.298	210.9782	1.931985	1.044585	0.496069	0.503931	1.596626
13746	-1001.092	-1212.416	211.3246	1.892721	1.107535	0.491345	0.508655	1.31704
13752	-1003.301	-1214.893	211.5916	2.098481	0.9078547	0.370217	0.629783	1.08172
13758	-1007.221	-1218.978	211.7564	2.098481	0.9078547	0.413555	0.586445	0.916334
13764	-1026.264	-1238.309	212.0448	2.443102	0.5702675	0.471507	0.528493	0.608431
13770	-1012.696	-1224.769	212.0734	2.167247	0.7173062	0.609325	0.390675	0.7010053
13776	-1020.274	-1232.43	212.1568	2.243039	0.609215	0.307546	0.692454	0.6778226
13782	-1022.641	-1234.651	212.0104	2.294851	0.6917496	0.372089	0.627911	0.6387732
13788	-1023.505	-1235.269	211.7642	2.24081	0.9361894	0.468587	0.531413	0.6687574
13794	-1008.936	-1220.836	211.8999	2.203429	0.7863364	0.314723	0.685277	0.7811429
13800	-1001.719	-1213.213	211.4937	2.203429	1.128932	0.398644	0.601356	0.8459047
13806	-1005.281	-1216.688	211.4067	2.271695	1.149673	0.491575	0.508425	0.8459047
13812	-1001.347	-1212.969	211.6227	1.953286	0.9700819	0.436156	0.563844	1.126345
13818	-1014.68	-1226.13	211.4503	1.953286	1.118072	0.478772	0.521228	1.152171
13824	-1017.031	-1228.615	211.5838	1.814495	0.9048842	0.242887	0.757113	1.33405
13830	-1009.631	-1220.675	211.0436	1.814495	1.301331	0.323076	0.676924	1.465905
13836	-1014.877	-1226.219	211.3418	1.808184	0.9802424	0.382545	0.617455	1.465905
13842	-1010.342	-1221.318	210.9756	1.975359	1.285236	0.444652	0.555348	1.404794
13848	-1010.084	-1221.738	211.6545	1.649643	0.6315548	0.48124	0.51876	1.656593
13854	-1016.597	-1228.188	211.5917	1.673334	0.6247189	0.492792	0.507208	1.691336
13860	-1027.253	-1238.686	211.4328	1.749358	0.6247189	0.439599	0.560401	1.749773
13866	-1028.901	-1240.076	211.1751	1.678327	0.40416	0.353496	0.646504	2.211522
13872	-1029.676	-1240.487	210.8114	1.737831	0.40416	0.497448	0.502552	2.405707
13878	-1046.042	-1256.371	210.3294	1.545017	0.4650054	0.244767	0.755233	2.755511
13884	-1024.813	-1235.548	210.7351	2.22362	0.6808002	0.357642	0.642358	1.851313
13890	-1017.475	-1228.542	211.0672	1.832949	0.2787604	0.496915	0.503085	2.354539
13896	-1021.027	-1231.915	210.8874	1.817371	0.4217855	0.516076	0.483924	2.285716
13902	-1014.026	-1224.657	210.6313	1.733437	0.4825541	0.611748	0.388252	2.433093
13908	-1023.673	-1234.959	211.286	1.827254	0.5067647	0.587657	0.412343	1.920339
13914	-1011.907	-1222.895	210.9883	1.88339	0.4892676	0.545999	0.454001	2.100438
13920	-1017.091	-1227.594	210.5028	1.857444	0.8516744	0.415572	0.584428	2.112077
13926	-1021.007	-1231.943	210.9357	1.588194	0.4864604	0.595012	0.404988	2.328152
13932	-1025.075	-1235.466	210.3917	1.5214	0.4635489	0.480161	0.519839	2.733436
13938	-1036.508	-1247.802	211.294	1.573821	0.5873382	0.541791	0.458209	2.001027
13944	-1021.976	-1232.511	210.5354	1.573821	0.7651206	0.541791	0.458209	2.339457
13950	-1030.155	-1240.359	210.204	1.589825	1.02986	0.514615	0.485385	2.356673
13956	-1044.761	-1254.743	209.9818	1.406047	0.6604069	0.595925	0.404075	2.869601
13962	-1020.147	-1231.774	211.6278	1.620787	0.6102352	0.634067	0.365933	1.717571
13968	-1013.742	-1224.677	210.9349	1.487931	0.7197704	0.438252	0.561748	2.174337
13974	-1012.015	-1221.017	209.0029	1.37998	0.5727322	0.47044	0.52956	3.539545
13980	-1028.284	-1237.411	209.1266	1.455317	0.4507238	0.452529	0.547471	3.539545
13986	-1030.174	-1240.704	210.5305	1.866722	0.7190335	0.452529	0.547471	2.191563
13992	-1028.002	-1238.772	210.7701	1.549845	0.7814379	0.536094	0.463906	2.191563
13998	-1010.147	-1221.554	211.4071	1.549845	0.5753958	0.551875	0.448125	1.953245
14004	-1020.672	-1231.769	211.0968	1.668883	0.7135623	0.612214	0.387786	1.953245
14010	-1023.815	-1235.163	211.3479	1.668883	0.6447353	0.434432	0.565568	1.844968
14016	-1009.978	-1221.087	211.1093	1.519532	0.4873379	0.487736	0.512264	2.260101
14022	-1016.623	-1227.86	211.2367	1.870738	0.2551281	0.487736	0.512264	2.260101
14028	-1027.526	-1239.553	212.0273	1.778941	0.2577776	0.478055	0.521945	1.790909
14034	-1027.686	-1240.05	212.3642	1.902824	0.2499226	0.411818	0.588182	1.473015
14040	-1031.378	-1243.082	211.7043	2.028519	0.5588005	0.358055	0.641945	1.417635
14046	-1028.072	-1239.59	211.5184	1.832155	0.6752009	0.452956	0.547044	1.579864
14052	-1017.588	-1229.202	211.614	1.717563	0.662671	0.599146	0.400854	1.605938
14058	-1006.254	-1217.829	211.5747	1.966444	0.6260733	0.552696	0.447304	1.488444
14064	-1004.664	-1216.385	211.7218	2.016366	0.6670598	0.369469	0.630531	1.290291
14070	-1023.162	-1234.549	211.3868	2.075923	0.5716993	0.496224	0.503776	1.604929
14076	-1021.686	-1232.631	210.9448	1.868688	0.5381813	0.496224	0.503776	2.086522
14082	-1022.674	-1233.369	210.6951	1.868688	0.5804017	0.597564	0.402436	2.207244
14088	-1009.227	-1220.473	211.2459	1.839732	0.5957944	0.428357	0.571643	1.845451
14094	-1023.698	-1235.191	211.4932	1.690451	0.943632	0.516099	0.483901	1.468998
14100	-1023.431	-1234.458	211.027	1.676061	0.7595315	0.387648	0.612352	1.9566
14106	-1007.17	-1217.953	210.7833	1.732829	0.7041068	0.507284	0.492716	2.12668
14112	-1012.316	-1223.595	211.2791	1.536245	0.6687638	0.507284	0.492716	1.959452
14118	-1035.781	-1246.562	210.7817	1.590293	0.4182308	0.68798	0.31202	2.500302
14124	-1017.972	-1228.745	210.7738	1.652532	0.5212817	0.536397	0.463603	2.353745
14130	-1013.2	-1223.715	210.5147	1.884421	0.5898922	0.403116	0.596884	2.303962
14136	-1011.896	-1222.901	211.0051	1.877216	0.4172473	0.441289	0.558711	2.176758
14142	-1025.605	-1236.5	210.8951	1.576275	0.4438096	0.614665	0.385335	2.408438
14148	-1024.898	-1235.255	210.3568	1.574107	0.4438096	0.614665	0.385335	2.743894
14154	-1003.398	-1213.61	210.2112	1.64618	0.6459075	0.244635	0.755365	2.594326
14160	-1016.696	-1226.744	210.048	1.618711	0.6876082	0.570109	0.429891	2.677287
14166	-1011.81	-1222.506	210.6954	1.911095	0.7678753	0.205156	0.794844	2.014291
14172	-1017.542	-1228.561	211.0188	1.890626	0.6420054	0.607839	0.392161	1.920666
14178	-1019.844	-1231.004	211.1601	2.018632	0.7560168	0.578152	0.421848	1.629431
14184	-1012.826	-1224.261	211.4343	1.875543	0.5078248	0.656888	0.343112	1.784464
14190	-1023.353	-1234.756	211.4029	1.553014	0.5690128	0.582934	0.417066	1.960418
14196	-1018.455	-1229.017	210.5621	1.468443	0.5690128	0.584469	0.415531	2.555647
14202	-1020.156	-1231.333	211.1767	1.653389	0.416638	0.594205	0.405795	2.211332
14208	-1041.917	-1252.839	210.9223	1.706395	0.7988652	0.42285	0.57715	1.974697
14214	-1045.246	-1256.642	211.3965	1.656876	0.7493371	0.178762	0.821238	1.72463
14220	-1030.804	-1241.855	211.0516	1.780389	0.481658	0.504056	0.495944	2.134839
14226	-1027.297	-1238.721	211.4245	1.793525	0.3956454	0.393061	0.606939	1.982877
14232	-1025.101	-1235.782	210.6808	1.684576	0.4175959	0.589577	0.410423	2.505156
14238	-1037.115	-1248.501	211.3854	1.764605	0.6732488	0.45095	0.54905	1.725531
14244	-1023.734	-1235.47	211.7362	1.850943	0.736919	0.588633	0.411367	1.338883
14250	-1027.045	-1237.875	210.8302	1.789735	0.6136804	0.572118	0.427882	2.139206
14256	-1024.576	-1236.312	211.7355	1.867284	0.3626241	0.444916	0.555084	1.765399
14262	-1013.734	-1224.998	211.264	1.958113	0.7522533	0.433245	0.566755	1.601354
14268	-1007.88	-1219.042	211.1615	2.139815	1.268749	0.486675	0.513325	1.125728
14274	-1009.605	-1220.773	211.1676	1.974799	0.7725045	0.516407	0.483593	1.641099
14280	-1014.235	-1225.237	211.0013	1.60993	0.6971833	0.496676	0.503324	2.070117
14286	-1019.284	-1229.77	210.4853	1.69724	0.7321414	0.462881	0.537119	2.318766
14292	-1024.044	-1234.875	210.8313	1.615144	0.4558378	0.564863	0.435137	2.410669
14298	-1015.974	-1226.089	210.1156	1.498005	0.953371	0.546766	0.453234	2.518483
14304	-1013.646	-1223.546	209.8997	1.614979	0.5572416	0.35293	0.64707	2.882785
14310	-1013.928	-1223.498	209.5695	1.597487	0.5572416	0.366706	0.633294	3.091604
14316	-1021.881	-1232.046	210.1647	1.726512	0.5572416	0.452695	0.547305	2.652951
14322	-1009.23	-1219.562	210.3314	1.651728	0.4785075	0.452695	0.547305	2.674684
14328	-1019.935	-1230.315	210.3796	1.6899	0.4296267	0.451671	0.548329	2.674684
14334	-1021.304	-1230.603	209.2984	1.505058	0.4214741	0.544303	0.455697	3.441233
14340	-1010.792	-1219.368	208.5766	1.364563	0.4955123	0.34799	0.65201	3.865438
14346	-1006.955	-1216.758	209.8032	1.532277	0.6589613	0.495686	0.504314	2.902422
14352	-1009.604	-1219.411	209.8072	1.579118	0.758961	0.470875	0.529125	2.793326
14358	-1012.242	-1222.931	210.6886	1.799704	0.6977893	0.350947	0.649053	2.150166
14364	-1008.251	-1219.68	211.4285	1.868969	0.7441649	0.566173	0.433827	1.553525
14370	-1020.556	-1231.27	210.7143	1.693907	0.9240308	0.483269	0.516731	2.028339
14376	-1018.827	-1230.104	211.2769	1.759156	0.682838	0.44634	0.55366	1.796153
14382	-997.8926	-1209.301	211.4086	1.974898	0.7146655	0.534086	0.465914	1.517394
14388	-1004.037	-1215.856	211.8182	1.773076	0.5973339	0.462531	0.537469	1.481701
14394	-1004.129	-1215.729	211.5996	1.773076	0.6625967	0.462531	0.537469	1.576031
14400	-1013.421	-1225.18	211.7591	1.971719	0.6148237	0.548846	0.451154	1.354442
14406	-1025.537	-1236.562	211.0248	1.646037	0.7607527	0.502064	0.497936	1.977227
14412	-1020.702	-1231.605	210.9034	1.64924	0.9824311	0.469907	0.530093	1.89076
14418	-1012.394	-1223.612	211.218	1.933614	0.6337777	0.401217	0.598783	1.762268
14424	-1031.2	-1242.694	211.4936	2.001766	0.6337777	0.427894	0.572106	1.514698
14430	-1011.087	-1221.784	210.6967	1.635316	0.633584	0.258908	0.741092	2.306805
14436	-1030.325	-1241.903	211.578	1.808649	0.563766	0.413675	0.586325	1.668326
14442	-1020.818	-1232.422	211.6039	2.025248	0.3066525	0.333276	0.666724	1.831364
14448	-1027.869	-1239.716	211.8469	1.843854	0.4022002	0.466869	0.533131	1.64755
14454	-1023.288	-1234.846	211.5583	2.280084	0.7863232	0.469516	0.530484	1.071777
14460	-1010.925	-1222.773	211.8481	2.095634	0.6278339	0.440764	0.559236	1.162194
14466	-1004.754	-1215.746	210.9918	1.946437	0.7475837	0.357498	0.642502	1.806483
14472	-1011.308	-1222.377	211.0692	1.946437	0.6870576	0.552801	0.447199	1.806483
14478	-1008.478	-1219.626	211.1479	1.902545	0.6082402	0.445582	0.554418	1.857179
14484	-1013.327	-1224.637	211.3105	2.066436	0.40973	0.442508	0.557492	1.857179
14490	-1024.25	-1235.07	210.8203	1.823588	0.5772929	0.414872	0.585128	2.158299
14496	-1024.565	-1235.417	210.852	1.748262	0.3933944	0.534476	0.465524	2.386572
14502	-1014.761	-1225.929	211.1681	1.795993	0.5792061	0.482034	0.517966	1.944613
14508	-1028.315	-1238.678	210.3635	1.886828	0.4103187	0.458774	0.541226	2.585315
14514	-1029.332	-1239.71	210.3784	1.85443	0.2728674	0.490228	0.509772	2.77816
14520	-1026.227	-1237.642	211.4143	1.803042	0.968924	0.527253	0.472747	1.42324
14526	-1023.428	-1234.268	210.8398	1.701735	0.9672876	0.359112	0.640888	1.908716
14532	-1027.903	-1238.893	210.9901	1.813905	1.147232	0.583241	0.416759	1.604145
14538	-1035.352	-1246.604	211.2513	1.886649	0.7005355	0.658172	0.341828	1.708642
14544	-1026.481	-1237.396	210.9152	1.841949	1.054514	0.43236	0.56764	1.699654
14550	-1029.559	-1241.057	211.4974	2.040083	0.923112	0.427578	0.572422	1.202998
14556	-1017.871	-1229.379	211.5083	2.02915	0.923112	0.473856	0.526144	1.202998
14562	-1014.83	-1226.735	211.9051	2.083026	0.8687673	0.478211	0.521789	0.808439
14568	-1029.577	-1241.274	211.6976	2.083026	0.8951651	0.478211	0.521789	1.008048
14574	-1027.274	-1238.727	211.4538	2.083026	1.026781	0.427033	0.572967	1.110438
14580	-1029.19	-1240.525	211.3351	2.028833	1.146621	0.457203	0.542797	1.164219
14586	-1036.466	-1247.626	211.1597	2.154777	1.146621	0.499439	0.500561	1.206954
14592	-1040.086	-1251.799	211.713	2.239813	0.585687	0.327538	0.672462	1.206954
14598	-1015.209	-1226.799	211.5898	2.32214	0.6432321	0.48211	0.51789	1.17122
14604	-1012.927	-1224.924	211.9973	2.431379	0.4627818	0.48211	0.51789	0.9455396
14610	-1024.028	-1235.472	211.4441	2.436183	0.9453016	0.444009	0.555991	0.8408646
14616	-1017.775	-1229.769	211.9935	2.191931	0.5196828	0.431707	0.568293	1.091068
14622	-1020.164	-1231.679	211.5153	2.320306	0.4570292	0.574293	0.425707	1.466563
14628	-1025.029	-1236.457	211.4286	2.09625	0.6937493	0.664329	0.335671	1.430939
14634	-1014.46	-1226.294	211.8343	2.034914	0.6118581	0.435151	0.564849	1.245352
14640	-1016.889	-1228.13	211.241	1.90995	0.6271777	0.513031	0.486969	1.769152
14646	-1018.113	-1229.572	211.4585	1.949404	0.5387712	0.604257	0.395743	1.680692
14652	-1031.403	-1243.334	211.931	1.814758	0.5927301	0.630818	0.369182	1.367874
14658	-1019.076	-1229.934	210.8581	1.800982	0.6218605	0.361455	0.638545	2.10598
14664	-1021.649	-1232.102	210.4532	1.537165	0.4703507	0.361455	0.638545	2.678782
14670	-1007.785	-1219.22	211.4356	1.546343	0.6326211	0.361455	0.638545	1.88034
14676	-1024.014	-1235.264	211.25	1.798261	0.7915522	0.279356	0.720644	1.691988
14682	-1026.574	-1237.564	210.9897	2.022507	0.8222917	0.24775	0.75225	1.691988
14688	-1026.818	-1238.045	211.2271	1.740231	0.8623603	0.428123	0.571877	1.691531
14694	-1030.52	-1241.896	211.3764	1.769124	0.8623603	0.362605	0.637395	1.562876
14700	-1022.934	-1234.203	211.2686	1.874566	0.8623603	0.479602	0.520398	1.564664
14706	-1026.468	-1237.607	211.1396	1.874566	0.4831425	0.598987	0.401013	2.013162
14712	-1020.354	-1231.82	211.4662	1.741878	0.4684088	0.452476	0.547524	1.89982
14718	-1012.013	-1223.371	211.358	1.741878	0.5338833	0.458545	0.541455	1.89982
14724	-1027.63	-1238.884	211.2539	1.741573	0.6029821	0.535251	0.464749	1.89982
14730	-1039.502	-1251.591	212.0885	1.90757	0.5314244	0.326824	0.673176	1.240582
14736	-1034.223	-1246.208	211.9844	2.048262	0.5957717	0.327112	0.672888	1.124007
14742	-1026.01	-1237.015	211.0055	2.025617	1.198396	0.291552	0.708448	1.399795
14748	-1019.46	-1230.949	211.4898	2.320113	0.913491	0.298012	0.701988	0.9581277
14754	-1028.145	-1239.778	211.6332	2.379421	0.913491	0.592395	0.407605	0.699241
14760	-1023.557	-1234.932	211.3753	2.413717	1.168199	0.699232	0.300768	0.652558
14766	-1020.097	-1231.986	211.8885	2.372612	0.7317185	0.457388	0.542612	0.6211444
14772	-999.9866	-1211.839	211.8528	2.271389	0.8285868	0.55956	0.44044	0.6668988
14778	-1006.733	-1218.629	211.8966	2.271389	0.8007746	0.535017	0.464983	0.6427756
14784	-1026.07	-1238.116	212.0462	2.213249	0.5527798	0.381687	0.618313	0.9683134
14790	-1014.713	-1226.642	211.9293	2.173837	0.6252851	0.44595	0.55405	1.018149
14796	-1010.115	-1221.766	211.6504	2.214205	0.8114857	0.44595	0.55405	1.018149
14802	-1023.459	-1235.471	212.012	2.00208	0.6582998	0.488607	0.511393	1.059901
14808	-1031.76	-1243.184	211.4232	1.913581	0.9773221	0.633522	0.366478	1.322588
14814	-1019.601	-1230.792	211.1919	2.018233	1.107809	0.623942	0.376058	1.322588
14820	-1012.62	-1224.582	211.9612	2.004113	0.7487455	0.714595	0.285405	0.9929637
14826	-1021.434	-1232.992	211.5583	1.967763	0.7487455	0.512841	0.487159	1.375557
14832	-1022.461	-1234.154	211.6932	1.95157	0.6572938	0.444092	0.555908	1.375557
14838	-1035.981	-1247.493	211.512	1.58647	0.3889585	0.254827	0.745173	2.07089
14844	-1046.21	-1257.169	210.9589	1.715283	0.7496108	0.337394	0.662606	1.984138
14850	-1048.606	-1260.195	211.5889	2.0442	0.7310293	0.311841	0.688159	1.307911
14856	-1019.938	-1231.781	211.843	2.068644	0.6869812	0.311841	0.688159	1.119022
14862	-1016.934	-1228.03	211.0961	2.245266	1.229707	0.304114	0.695886	1.119322
14868	-1035.693	-1247.345	211.6518	2.310412	0.8503493	0.428811	0.571189	0.8662681
14874	-1010.302	-1221.682	211.3797	1.86372	0.7570177	0.509049	0.490951	1.581582
14880	-1023.61	-1234.79	211.1805	2.224575	1.121056	0.319403	0.680597	1.148392
14886	-1021.034	-1232.868	211.8346	2.030789	0.7798548	0.46348	0.53652	1.053596
14892	-1023.162	-1234.581	211.4187	2.106212	0.9459648	0.579239	0.420761	1.193156
14898	-1025.124	-1236.363	211.2387	1.749018	0.9113707	0.579239	0.420761	1.638699
14904	-1027.816	-1238.776	210.9598	1.905802	1.048306	0.451082	0.548918	1.626385
14910	-1028.464	-1239.782	211.3185	1.945609	0.7443728	0.40633	0.59367	1.577888
14916	-1011.974	-1223.176	211.2013	1.931629	0.5835705	0.541172	0.458828	1.82532
14922	-1025.12	-1235.228	210.1088	1.788197	0.5718181	0.409341	0.590659	2.635753
14928	-1034.223	-1245.267	211.0438	2.077994	0.3916656	0.693135	0.306865	2.051977
14934	-1034.429	-1245.95	211.5217	1.828808	0.4207082	0.394973	0.605027	1.86111
14940	-1025.72	-1237.1	211.3802	2.501822	1.021445	0.475419	0.524581	0.7322135
14946	-1020.802	-1232.431	211.6289	2.506144	0.8339156	0.42856	0.57144	0.6295673
14952	-1022.113	-1233.475	211.3621	1.859483	0.6267668	0.461697	0.538303	1.720042
14958	-1021.591	-1232.058	210.4663	1.858914	0.6434673	0.402277	0.597723	2.302359
14964	-1031.773	-1243.02	211.2464	1.743321	0.4891884	0.556915	0.443085	2.02259
14970	-1029.793	-1241.391	211.5988	1.658333	0.4008287	0.556915	0.443085	1.9499
14976	-1039.772	-1251.256	211.4843	1.904834	0.7226154	0.424719	0.575281	1.505574
14982	-1037.811	-1249.726	211.9153	2.252473	0.7551928	0.471652	0.528348	0.7423243
14988	-1044.963	-1257.198	212.2343	2.226029	0.5452584	0.463661	0.536339	0.7376542
14994	-1028.973	-1241.083	212.1102	2.226029	0.4642808	0.594574	0.405426	1.036218
15000	-1020.7	-1232.966	212.2664	2.043414	0.5288476	0.554101	0.445899	0.9549132
15006	-1025.161	-1236.955	211.7941	1.944482	0.9950244	0.52417	0.47583	0.94428
15012	-1020.989	-1232.247	211.258	2.080212	1.433806	0.387108	0.612892	0.9640112
15018	-1036.601	-1248.608	212.0072	2.249396	0.5573639	0.445213	0.554787	0.9640112
15024	-1022.922	-1235.004	212.0825	2.040476	0.5573639	0.428846	0.571154	1.09416
15030	-1012.764	-1224.452	211.6884	2.017842	0.4611858	0.504514	0.495486	1.55776
15036	-1013.495	-1225.136	211.6406	2.081679	0.6801876	0.52379	0.47621	1.288921
15042	-1027.869	-1238.484	210.6149	1.994213	0.7828695	0.488966	0.511034	2.000552
15048	-1024.55	-1236.453	211.9035	1.994213	0.5880723	0.649187	0.350813	1.250437
15054	-1033.217	-1244.75	211.5322	1.6935	0.6075534	0.622077	0.377923	1.736442
15060	-1030.061	-1241.102	211.0412	1.493344	0.4997586	0.703261	0.296739	2.30721
15066	-1025.162	-1236.788	211.6262	1.561235	0.4562941	0.703261	0.296739	1.928116
15072	-1021.444	-1231.842	210.3982	1.435315	0.5914161	0.337294	0.662706	2.656931
15078	-1025.308	-1234.935	209.6263	1.474605	0.7412381	0.49993	0.50007	2.979209
15084	-1026.418	-1236.963	210.5449	1.452111	0.7277933	0.5758	0.4242	2.439738
15090	-1025.794	-1237.298	211.5037	1.847149	0.4167743	0.389092	0.610908	1.865885
15096	-1027.234	-1238.28	211.0454	1.836201	0.3982842	0.411537	0.588463	2.200625
15102	-1024.998	-1236.222	211.224	1.92706	1.162197	0.539025	0.460975	1.330379
15108	-1011.853	-1223.454	211.6016	2.178414	0.8957656	0.433784	0.566216	1.007983
15114	-1012.467	-1223.747	211.2801	2.178414	1.099261	0.519855	0.480145	1.118662
15120	-1010.714	-1222.269	211.5554	2.242664	1.018613	0.599561	0.400439	0.8504375
15126	-1011.017	-1222.799	211.7821	2.316252	0.6864833	0.406774	0.593226	0.9375775
15132	-1012.754	-1224.557	211.8033	2.25673	0.7791418	0.327642	0.672358	0.8483362
15138	-1002.867	-1214.811	211.9438	2.25673	0.6514988	0.579504	0.420496	0.8760736
15144	-1006.536	-1218.037	211.5016	2.097923	1.107276	0.440308	0.559692	0.976407
15150	-1014.9	-1225.894	210.9938	2.467607	1.452862	0.283469	0.716531	0.8051363
15156	-1022.96	-1234.791	211.8306	2.421686	0.7239837	0.52066	0.47934	0.6632067
15162	-1036.24	-1247.625	211.3853	2.622823	0.9635617	0.593751	0.406249	0.5919841
15168	-1029.821	-1241.167	211.3466	2.601983	1.024543	0.412974	0.587026	0.5862522
15174	-1033.517	-1245.39	211.873	2.514149	0.6488492	0.319156	0.680844	0.5673544
15180	-1026.086	-1237.22	211.1341	2.539082	1.254655	0.571982	0.428018	0.7272783
15186	-1038.337	-1249.713	211.3761	2.480947	1.071659	0.470354	0.529646	0.6926845
15192	-1048.765	-1259.28	210.5147	1.981547	0.4447141	0.523204	0.476796	2.391714
15198	-1039.163	-1250.321	211.1579	1.981547	0.4447141	0.470661	0.529339	1.974178
15204	-1049.138	-1260.399	211.261	1.649918	0.3779925	0.361796	0.638204	2.207479
15210	-1053.561	-1265.087	211.5255	2.410114	0.9562164	0.302324	0.697676	0.7509708
15216	-1064.106	-1275.348	211.2415	2.628333	1.11318	0.525541	0.474459	0.5652192
15222	-1033.8	-1245.09	211.2898	1.85195	0.6581805	0.515588	0.484412	1.745596
15228	-1024.555	-1235.812	211.2566	1.85195	0.6829492	0.396036	0.603964	1.745596
15234	-1029.893	-1240.458	210.5649	1.825307	0.6829492	0.476602	0.523398	2.226388
15240	-1032.604	-1243.561	210.9566	1.782749	0.6882339	0.462832	0.537168	1.992965
15246	-1028.508	-1239.972	211.4631	2.148632	0.4942411	0.473545	0.526455	1.585708
15252	-1022.207	-1233.967	211.7601	2.148632	0.3504939	0.495653	0.504347	1.564722
15258	-1030.682	-1242.213	211.5314	2.037333	0.5633523	0.240274	0.759726	1.536433
15264	-1026.845	-1238.744	211.8991	2.310254	0.3757982	0.633276	0.366724	1.293028
15270	-1036.148	-1247.995	211.8468	2.037173	0.391243	0.479869	0.520131	1.521877
15276	-1014.222	-1225.911	211.6896	1.935186	0.5053117	0.444913	0.555087	1.562739
15282	-1011.824	-1223.116	211.2919	1.954712	0.5053117	0.691688	0.308312	1.831046
15288	-1006.835	-1218.118	211.2824	1.871546	0.720922	0.384947	0.615053	1.678651
15294	-1014.064	-1225.258	211.1934	1.70751	0.720922	0.384947	0.615053	1.855174
15300	-1026.393	-1236.778	210.385	1.724191	0.4318748	0.48985	0.51015	2.647717
15306	-1029.636	-1240.367	210.7314	1.724191	0.3882343	0.497427	0.502573	2.483966
15312	-1026.232	-1236.691	210.4589	1.58164	0.3882343	0.49396	0.50604	2.740682
15318	-1048.255	-1257.359	209.1043	1.542888	0.6257985	0.46639	0.53361	3.339707
15324	-1025.009	-1235.721	210.712	1.533609	0.4755384	0.267574	0.732426	2.51519
15330	-1022.78	-1233.459	210.6794	1.474949	0.4890124	0.493532	0.506468	2.557803
15336	-1021.815	-1232.649	210.8337	1.862347	0.4578026	0.493532	0.506468	2.249551
15342	-1012.752	-1224.018	211.2659	1.853548	0.4580241	0.467427	0.532573	1.971772
15348	-1024.168	-1235.209	211.0404	1.811283	0.6178325	0.430412	0.569588	1.982309
15354	-1019.676	-1230.899	211.2231	2.024162	0.6126906	0.267206	0.732794	1.716079
15360	-1030.699	-1242.163	211.4642	2.077605	0.6557054	0.452634	0.547366	1.456826
15366	-1027.886	-1239.495	211.6098	1.894	0.6653071	0.477222	0.522778	1.475808
15372	-1028.683	-1240.185	211.5018	1.946897	0.3590084	0.488629	0.511371	1.87675
15378	-1007.233	-1218.885	211.6519	2.105156	0.3727723	0.488629	0.511371	1.641579
15384	-1006.43	-1217.89	211.46	2.180816	0.4333275	0.5715	0.4285	1.641579
15390	-1010.002	-1221.408	211.4067	2.180816	0.4632131	0.419634	0.580366	1.641579
15396	-1015.975	-1227.691	211.716	1.986643	0.4965215	0.594501	0.405499	1.515836
15402	-1014.219	-1225.594	211.3755	2.035442	0.6550698	0.538383	0.461617	1.555448
15408	-1021.756	-1233.334	211.5776	2.035442	0.6294556	0.374472	0.625528	1.43014
15414	-1025.702	-1236.734	211.0312	1.743157	0.7285038	0.374472	0.625528	1.934591
15420	-1020.376	-1231.344	210.9685	1.919795	0.5962847	0.376315	0.623685	1.978558
15426	-1013.944	-1225.175	211.2309	1.919795	0.5017056	0.402865	0.597135	1.900602
15432	-1019.417	-1230.316	210.8982	1.922464	0.4316443	0.575871	0.424129	2.199469
15438	-1027.295	-1237.864	210.5693	1.705041	1.15559	0.632572	0.367428	1.967276
15444	-1032.985	-1243.905	210.9203	2.015775	1.012511	0.483615	0.516385	1.60068
15450	-1048.103	-1258.277	210.1739	1.709374	0.8763	0.625789	0.374211	2.400981
15456	-1039.194	-1250.505	211.3108	1.738332	0.7377405	0.688035	0.311965	1.737746
15462	-1038.402	-1249.251	210.8483	1.781009	0.50544	0.750098	0.249902	2.240497
15468	-1038.942	-1249.767	210.8253	1.638653	0.3498888	0.550644	0.449356	2.527534
15474	-1037.643	-1248.005	210.3623	1.53014	0.5420865	0.472911	0.527089	2.666645
15480	-1035.785	-1245.7	209.9154	1.532819	0.3889337	0.470407	0.529593	3.097293
15486	-1032.692	-1242.544	209.8519	1.532819	0.3869764	0.443579	0.556421	3.137422
15492	-1024.135	-1234.283	210.1476	1.70658	0.4871288	0.43709	0.56291	2.744736
15498	-1029.196	-1239.651	210.455	1.674167	0.5690984	0.606425	0.393575	2.494063
15504	-1027.493	-1237.986	210.4931	1.685552	0.4976007	0.501774	0.498226	2.533816
15510	-1033.338	-1243.659	210.321	1.713187	0.6197712	0.567327	0.432673	2.507112
15516	-1048.646	-1259.648	211.0027	1.847888	0.548242	0.410303	0.589697	2.051678
15522	-1039.044	-1250.516	211.4718	1.820871	0.548242	0.498193	0.501807	1.751567
15528	-1041.036	-1252.333	211.297	1.838939	0.4957636	0.434746	0.565254	1.917287
15534	-1019.05	-1230.383	211.3336	1.70141	0.744769	0.502885	0.497115	1.741519
15540	-1024.225	-1235.591	211.3661	1.724623	0.7032038	0.411203	0.588797	1.739482
15546	-1031.961	-1243.243	211.2816	1.739456	0.9707234	0.47272	0.52728	1.569337
15552	-1033.92	-1245.173	211.2524	1.951428	0.866614	0.416347	0.583653	1.516255
15558	-1035.606	-1247.286	211.6798	1.905709	0.866614	0.358774	0.641226	1.214431
15564	-1043.851	-1255.39	211.5396	1.803095	0.9781013	0.453297	0.546703	1.31715
15570	-1026.68	-1238.358	211.6779	1.809004	0.5028912	0.434062	0.565938	1.665474
15576	-1019.034	-1230.08	211.0462	2.02505	1.449292	0.436917	0.563083	1.201882
15582	-1023.493	-1235.064	211.5716	2.079833	0.7471182	0.395138	0.604862	1.276544
15588	-1036.933	-1248	211.0667	2.264142	1.460919	0.44241	0.55759	0.950261
15594	-1013.535	-1225.063	211.5282	1.9474	1.019775	0.523236	0.476764	1.171105
15600	-1018.941	-1230.446	211.5057	2.152379	1.019775	0.509809	0.490191	1.001776
15606	-1039.282	-1250.515	211.2327	2.152379	1.196213	0.32621	0.67379	1.105973
15612	-1036.323	-1248.087	211.7636	2.102982	0.7273972	0.534111	0.465889	1.112572
15618	-1031.083	-1242.868	211.7844	1.868417	0.6595398	0.608348	0.391652	1.366825
15624	-1041.728	-1253.724	211.9955	2.068984	0.6468941	0.484242	0.515758	1.026523
15630	-1027.489	-1239.523	212.0347	2.068984	0.6400281	0.521511	0.478489	0.9971465
15636	-1022.674	-1233.48	210.8061	1.89962	0.5159344	0.312996	0.687004	2.180027
15642	-1017.197	-1228.809	211.612	2.004269	0.538614	0.57431	0.42569	1.529524
15648	-1017.177	-1228.261	211.0844	1.838936	0.8827894	0.651896	0.348104	1.706731
15654	-1016.29	-1227.785	211.495	1.905954	0.9368535	0.486773	0.513227	1.304531
15660	-1027.413	-1238.688	211.2754	2.006656	1.055326	0.580092	0.419908	1.304531
15666	-1029.924	-1241.42	211.4954	2.066258	0.9202597	0.399251	0.600749	1.184762
15672	-1028.114	-1239.518	211.404	2.046246	0.8945946	0.523035	0.476965	1.301116
15678	-1022.929	-1234.267	211.3383	1.994513	0.8519446	0.754377	0.245623	1.430995
15684	-1024.789	-1236.692	211.9031	1.934906	0.7223581	0.432138	0.567862	1.144012
15690	-1022.071	-1234.103	212.0319	1.907983	0.6685056	0.376675	0.623325	1.115802
15696	-1019.474	-1231.25	211.7759	1.810176	0.6685056	0.367309	0.632691	1.409532
15702	-1022.112	-1233.951	211.8388	2.058163	0.743017	0.562879	0.437121	1.066337
15708	-1013.752	-1225.751	211.9986	1.986348	0.814228	0.44187	0.55813	0.8879697
15714	-1021.441	-1233.543	212.1014	2.050286	0.6718659	0.683697	0.316303	0.9004097
15720	-1013.005	-1224.961	211.9557	2.124587	0.7943497	0.333492	0.666508	0.7995397
15726	-1021.545	-1233.595	212.0501	2.126779	0.6976802	0.37211	0.62789	0.8299854
15732	-1024.794	-1236.639	211.845	2.126779	0.8583463	0.348545	0.651455	0.8438522
15738	-1029.227	-1241.221	211.9942	1.966371	0.5977952	0.608173	0.391827	1.184998
15744	-1033.901	-1245.278	211.377	2.298	1.194923	0.535883	0.464117	0.7989588
15750	-1023.527	-1234.787	211.2601	2.255351	1.371611	0.425325	0.574675	0.8161808
15756	-1021.392	-1231.956	210.5637	2.229016	1.844201	0.348489	0.651511	1.208741
15762	-1006.968	-1218.505	211.5368	2.262194	1.021408	0.346186	0.653814	0.8460272
15768	-1027.327	-1239.25	211.923	2.194893	0.7331201	0.539346	0.460654	0.84687
15774	-1031.706	-1243.298	211.5914	2.155105	1.042133	0.510399	0.489601	0.8841465
15780	-1029.059	-1239.465	210.4062	1.572938	0.960565	0.554105	0.445895	2.282871
15786	-1025.068	-1235.609	210.5411	1.591064	1.387444	0.474621	0.525379	1.932635
15792	-1007.448	-1217.866	210.4176	1.684752	1.061437	0.450219	0.549781	2.138574
15798	-1016.974	-1227.823	210.8485	1.725686	0.5244397	0.577649	0.422351	2.256156
15804	-1009.492	-1220.896	211.4031	1.725686	0.8369598	0.525958	0.474042	1.596105
15810	-1019.498	-1231.009	211.5105	1.687912	0.697487	0.405135	0.594865	1.668474
15816	-1010.172	-1221.574	211.4023	1.994798	1.030704	0.452585	0.547415	1.229201
15822	-1008.402	-1220.111	211.7082	2.022758	0.9371883	0.310555	0.689445	1.012726
15828	-1011.894	-1223.423	211.5289	2.129863	0.8272153	0.310555	0.689445	1.189849
15834	-1022.896	-1234.151	211.2548	2.477644	1.256152	0.519471	0.480529	0.6049133
15840	-1026.92	-1238.5	211.58	2.015747	0.7210717	0.394174	0.605826	1.34798
15846	-1022.401	-1233.469	211.0676	1.890469	0.760549	0.62354	0.37646	1.781599
15852	-1023.411	-1234.935	211.5247	1.98431	0.4702094	0.504064	0.495936	1.688954
15858	-1007.411	-1218.719	211.3084	1.877327	0.6922486	0.342661	0.657339	1.682454
15864	-996.4193	-1208.017	211.598	1.881399	0.6799474	0.64682	0.35318	1.479393
15870	-999.592	-1211.263	211.6706	1.838334	0.7103493	0.412182	0.587818	1.426575
15876	-1003.005	-1214.176	211.1713	1.567284	0.6809607	0.3617	0.6383	1.999895
15882	-998.5336	-1209.864	211.3306	1.670922	0.5026156	0.325015	0.674985	1.999895
15888	-1005.247	-1216.099	210.8522	1.671254	0.5026156	0.58269	0.41731	2.311296
15894	-1018.182	-1229.403	211.221	1.612205	0.5850999	0.58269	0.41731	2.026276
15900	-1017.171	-1227.737	210.5666	1.715976	0.5850999	0.435057	0.564943	2.382561
15906	-1008.851	-1220.295	211.444	1.821096	0.8602693	0.352218	0.647782	1.47549
15912	-1005.75	-1217.445	211.695	2.061035	0.7623381	0.384837	0.615163	1.172276
15918	-1009.28	-1220.883	211.6026	2.198082	0.8623225	0.470183	0.529817	1.023836
15924	-1013.395	-1225.194	211.7993	2.259189	0.780654	0.444717	0.555283	0.8480696
15930	-1021.789	-1232.899	211.11	2.202787	1.342721	0.393236	0.606764	1.059421
15936	-1019.443	-1230.831	211.3887	2.226845	1.183478	0.245018	0.754982	0.88468
15942	-1018.83	-1230.384	211.5536	2.158936	0.949015	0.231348	0.768652	1.018693
15948	-1026.028	-1237.798	211.7698	2.158682	0.8449342	0.479339	0.520661	0.9117585
15954	-1015.813	-1227.409	211.5965	2.247793	0.9828732	0.484913	0.515087	0.8375218
15960	-1014.961	-1226.513	211.5516	2.301899	0.9828732	0.404691	0.595309	0.8259915
15966	-1023.462	-1234.833	211.371	2.22272	0.9828732	0.414407	0.585593	1.098416
15972	-1019.022	-1230.54	211.5177	2.081899	0.9828732	0.496989	0.503011	1.093032
15978	-1014.192	-1226.043	211.8518	2.081899	0.6752533	0.732829	0.267171	1.113169
15984	-1027.915	-1239.481	211.5656	2.138863	0.8197027	0.62971	0.37029	1.157609
15990	-1006.525	-1217.981	211.4563	2.217784	1.052765	0.477496	0.522504	0.9524322
15996	-1006.431	-1217.771	211.3405	2.114828	1.052765	0.415159	0.584841	1.160713
16002	-1008.705	-1219.997	211.2924	2.116145	1.183753	0.434695	0.565305	1.094471
16008	-1017.623	-1229.321	211.6978	2.17189	0.8962321	0.423529	0.576471	0.9139018
16014	-1023.227	-1234.926	211.6993	2.17189	0.9121465	0.595337	0.404663	0.8929566
16020	-1009.914	-1221.471	211.5567	2.039156	1.162439	0.468311	0.531689	0.9275073
16026	-1017.801	-1229.883	212.0818	2.027422	0.6879233	0.410582	0.589418	0.9237273
16032	-1031.591	-1242.73	211.1391	2.075333	0.2974155	0.616164	0.383836	2.123415
16038	-1038.949	-1250.499	211.5492	2.035141	0.4353781	0.646702	0.353298	1.679281
16044	-1025.245	-1236.962	211.7167	1.940735	0.3704589	0.574747	0.425253	1.715817
16050	-1025.477	-1236.672	211.195	2.067631	0.4106147	0.484678	0.515322	1.933635
16056	-1029.06	-1239.681	210.6202	1.938572	0.3685069	0.532551	0.467449	2.444023
16062	-1024.874	-1236.393	211.5189	1.89182	0.4629749	0.610146	0.389854	1.766999
16068	-1015.276	-1226.405	211.1286	1.636853	0.4027424	0.450856	0.549144	2.269886
16074	-1032.41	-1243.312	210.9022	1.510346	0.5511063	0.425345	0.574655	2.332692
16080	-1016.15	-1228.104	211.9533	2.303235	0.7033035	0.460318	0.539682	0.7047592
16086	-1016.203	-1228.205	212.0019	2.254611	0.7033035	0.449303	0.550697	0.7047592
16092	-1009.338	-1220.93	211.5925	2.404173	0.9589358	0.640851	0.359149	0.635782
16098	-1005.867	-1217.616	211.7496	2.320925	0.8875105	0.41232	0.58768	0.6403547
16104	-1012.651	-1224.014	211.3629	2.32948	1.248457	0.621289	0.378711	0.7041104
16110	-1020.757	-1232.439	211.6821	2.329694	0.892285	0.570011	0.429989	0.738286
16116	-1015.69	-1227.537	211.8463	2.321548	0.7765589	0.495585	0.504415	0.6995994
16122	-1014.987	-1226.753	211.7665	2.308035	0.9021948	0.511552	0.488448	0.5862789
16128	-1018.478	-1230.141	211.6632	2.336951	0.9519647	0.340501	0.659499	0.6442573
16134	-1016.022	-1227.932	211.9098	2.088436	0.7319455	0.452966	0.547034	0.980891
16140	-1005.927	-1217.911	211.9837	2.14042	0.6473119	0.40259	0.59741	0.9660335
16146	-1010.846	-1222.82	211.9735	2.08349	0.5910843	0.41142	0.58858	1.108244
16152	-1012.552	-1223.866	211.3146	2.187414	0.9572707	0.441973	0.558027	1.202764
16158	-1018.413	-1229.749	211.3359	2.314155	1.035898	0.231695	0.768305	0.9939806
16164	-1028.791	-1240.333	211.5422	2.136903	0.9697746	0.270118	0.729882	1.030497
16170	-1022.844	-1234.886	212.042	2.197202	0.6925904	0.611263	0.388737	0.7544881
16176	-1021.158	-1232.806	211.6482	2.124005	0.9640488	0.476357	0.523643	0.9419376
16182	-1008.759	-1220.241	211.4816	2.135541	1.124057	0.543885	0.456115	0.9419376
16188	-1009.138	-1220.654	211.5158	2.19056	1.15469	0.445818	0.554182	0.8047358
16194	-1010.727	-1222.084	211.357	2.192429	1.15469	0.469579	0.530421	0.9834122
16200	-1001.324	-1212.439	211.115	2.19134	1.410434	0.487507	0.512493	1.014337
16206	-1009.492	-1220.388	210.8954	2.19134	1.410434	0.390415	0.609585	1.213972
16212	-1007.936	-1219.635	211.6985	1.833126	0.8070278	0.364689	0.635311	1.315235
16218	-1021.465	-1232.372	210.9073	1.679769	0.7165289	0.730071	0.269929	2.06956
16224	-1020.055	-1230.382	210.3272	1.802247	0.6386462	0.40034	0.59966	2.430711
16230	-1014.59	-1224.635	210.0445	1.639979	1.021925	0.548182	0.451818	2.430711
16236	-1020.605	-1231.521	210.9166	1.474366	0.4694276	0.592533	0.407467	2.430711
16242	-1020.834	-1231.184	210.3504	1.61144	0.6898108	0.384361	0.615639	2.492473
16248	-1034.302	-1244.913	210.611	1.478352	0.461279	0.490579	0.509421	2.62754
16254	-1024.046	-1235.001	210.9545	1.492399	0.5501875	0.407338	0.592662	2.311689
16260	-1030.31	-1240.352	210.0414	1.556262	0.4028534	0.368552	0.631448	2.991726
16266	-1035.488	-1246.994	211.5063	1.66827	0.5062265	0.626032	0.373968	1.879345
16272	-1040.91	-1252.694	211.784	2.148563	0.6147362	0.488798	0.511202	1.188128
16278	-1035.029	-1247	211.9718	2.140298	0.3221152	0.586102	0.413898	1.458645
16284	-1028.517	-1240.017	211.4998	1.941854	0.3221152	0.534944	0.465056	1.935231
16290	-1023.312	-1234.987	211.6756	2.046498	0.2003841	0.446522	0.553478	1.956524
16296	-1020.499	-1231.708	211.2091	1.931318	0.554597	0.51313	0.48687	1.850165
16302	-1026.182	-1237.919	211.7371	2.037228	0.3732573	0.444987	0.555013	1.62842
16308	-1036.021	-1247.661	211.6406	2.180207	0.8979595	0.405248	0.594752	0.964205
16314	-1043.501	-1255.637	212.1358	2.244866	0.3431282	0.436847	0.563153	1.206636
16320	-1045.493	-1257.628	212.135	1.879695	0.2753738	0.416886	0.583114	1.611971
16326	-1053.434	-1265.056	211.6218	2.058541	0.5336165	0.617095	0.382905	1.487476
16332	-1041.268	-1251.775	210.5068	1.746396	0.6036862	0.44117	0.55883	2.383922
16338	-1037.874	-1248.821	210.9468	1.846824	0.6036862	0.542241	0.457759	2.034473
16344	-1037.061	-1247.673	210.6119	1.81946	0.6237805	0.349781	0.650219	2.251984
16350	-1039.499	-1251.314	211.8149	2.186401	0.5977344	0.492831	0.507169	1.149449
16356	-1035.236	-1246.822	211.5855	2.278152	0.367836	0.360432	0.639568	1.571419
16362	-1030.757	-1242.048	211.291	1.928053	0.3034665	0.375285	0.624715	2.111201
16368	-1038.752	-1249.208	210.4565	1.386952	0.619793	0.368388	0.631612	2.625498
16374	-1018.753	-1230.184	211.4311	2.346248	1.092515	0.480558	0.519442	0.7857814
16380	-1017.045	-1228.487	211.4422	2.33306	1.074894	0.315998	0.684002	0.8107975
16386	-1027.293	-1238.073	210.7796	2.402459	1.737602	0.262222	0.737778	0.9015166
16392	-1004.23	-1216.227	211.9974	2.21384	0.7077585	0.642013	0.357987	0.7665083
16398	-1011.643	-1223.723	212.0799	1.953221	0.7173595	0.642013	0.357987	0.9640476
16404	-1016.175	-1227.613	211.4379	2.116064	1.019228	0.297858	0.702142	1.101551
16410	-1031.717	-1242.988	211.2718	1.909882	1.28627	0.343765	0.656235	1.217434
16416	-1022.631	-1233.633	211.0012	2.113722	1.235424	0.412527	0.587473	1.308045
16422	-1013.687	-1224.873	211.1866	1.756566	0.7677963	0.518423	0.481577	1.78583
16428	-1007.384	-1218.521	211.1369	2.003741	0.9092216	0.522069	0.477931	1.528559
16434	-1007.398	-1218.646	211.2484	2.275703	1.08855	0.582693	0.417307	1.067381
16440	-1009.476	-1220.8	211.3242	2.199989	1.08855	0.339736	0.660264	1.067381
16446	-1016.443	-1227.85	211.4064	2.378846	1.104677	0.356583	0.643417	0.7585388
16452	-1012.62	-1224.027	211.4064	2.378846	1.104677	0.433254	0.566746	0.7585388
16458	-1001.556	-1213.056	211.4999	2.254409	1.107464	0.610444	0.389556	0.7981733
16464	-1027.738	-1239.729	211.9915	2.254409	0.6078279	0.493224	0.506776	0.8944369
16470	-1021.268	-1232.776	211.5073	1.958374	1.135636	0.552897	0.447103	1.081369
16476	-1023.397	-1234.356	210.959	1.983649	1.227953	0.518274	0.481726	1.44831
16482	-1031.242	-1242.125	210.8829	1.859579	1.059977	0.423093	0.576907	1.706289
16488	-1026.975	-1238.572	211.5962	1.641974	0.7564058	0.413657	0.586343	1.585939
16494	-1015.066	-1226.291	211.2248	1.876096	0.9322915	0.358551	0.641449	1.539838
16500	-1023.768	-1234.644	210.8758	1.681877	1.103438	0.2281	0.7719	1.806837
16506	-1020.771	-1232.145	211.3739	1.783563	0.7734025	0.619232	0.380768	1.629469
16512	-1028.748	-1239.37	210.622	1.778149	0.6881786	0.454912	0.545088	2.215495
16518	-1016.633	-1227.784	211.151	2.011121	0.6104568	0.498634	0.501366	1.777938
16524	-1024.937	-1236.797	211.8601	2.033223	0.4657164	0.489439	0.510561	1.410706
16530	-1018.688	-1229.53	210.8428	1.905813	0.9221789	0.464056	0.535944	1.799147
16536	-1023.32	-1233.931	210.6116	1.699123	0.7574884	0.370808	0.629192	2.21637
16542	-1020.44	-1231.434	210.994	1.825515	0.6696104	0.373382	0.626618	1.955881
16548	-1033.614	-1244.657	211.0434	1.933906	0.7963774	0.540009	0.459991	1.738062
16554	-1026.188	-1237.322	211.1341	2.113054	0.8871702	0.592041	0.407959	1.466548
16560	-1029.002	-1239.708	210.7055	1.724298	1.124882	0.339492	0.660508	1.881055
16566	-1021.086	-1232.709	211.6231	2.025242	0.6621089	0.293855	0.706145	1.367647
16572	-1028.463	-1240.045	211.5825	2.13521	0.8597376	0.324489	0.675511	1.104852
16578	-1016.509	-1228.333	211.8239	2.116063	0.6774163	0.314688	0.685312	1.104852
16584	-1014.239	-1225.863	211.6242	2.134403	0.7332078	0.514121	0.485879	1.201279
16590	-1001.667	-1213.254	211.5872	2.183993	0.6649599	0.595198	0.404802	1.265412
16596	-1011.021	-1222.443	211.4222	2.097967	0.947276	0.451521	0.548479	1.196012
16602	-1024.949	-1236.577	211.6277	2.097967	0.8048879	0.565884	0.434116	1.154148
16608	-1028.738	-1240.415	211.677	2.556377	0.6239229	0.500945	0.499055	0.882513
16614	-1032.911	-1244.576	211.6656	2.095692	0.8758646	0.404623	0.595377	1.04742
16620	-1020.285	-1231.537	211.2514	1.961006	0.7309516	0.409124	0.590876	1.627625
16626	-1021.075	-1231.958	210.8832	1.769101	0.7027982	0.412458	0.587542	2.038195
16632	-1032.343	-1243.233	210.8894	1.890454	0.7557119	0.390772	0.609228	1.907956
16638	-1019.074	-1229.872	210.7981	1.660704	0.6094425	0.420668	0.579332	2.247501
16644	-1023.67	-1234.051	210.3813	1.586788	0.5519561	0.413443	0.586557	2.61055
16650	-1022.429	-1233.542	211.1134	1.762114	0.3385424	0.626071	0.373929	2.282916
16656	-1028.893	-1240.391	211.4982	1.820421	0.2837676	0.551858	0.448142	2.076363
16662	-1029.58	-1241.287	211.707	1.843901	0.5945562	0.357742	0.642258	1.515087
16668	-1030.022	-1241.724	211.7018	2.087917	0.28056	0.464531	0.535469	1.762886
16674	-1037.703	-1249.579	211.8758	2.007922	0.212386	0.522986	0.477014	1.822658
16680	-1035.05	-1246.602	211.5521	1.927931	0.4290564	0.522986	0.477014	1.761004
16686	-1030.302	-1242.351	212.0487	1.910584	0.4412845	0.349999	0.650001	1.393002
16692	-1014.854	-1226.821	211.9675	1.883829	0.5146619	0.497879	0.502121	1.379472
16698	-1015.464	-1226.618	211.1538	1.687667	0.9171446	0.434753	0.565247	1.738222
16704	-1001.048	-1211.674	210.6261	1.778249	0.9696677	0.333395	0.666605	1.999265
16710	-1020.521	-1230.702	210.1809	1.869923	0.8651587	0.291031	0.708969	2.30239
16716	-1023.247	-1234.559	211.3111	1.699693	0.4346187	0.473623	0.526377	2.071748
16722	-1020.752	-1232.061	211.3089	1.786359	0.558772	0.268671	0.731329	1.876685
16728	-1011.248	-1222.976	211.7275	1.741442	0.5108803	0.341129	0.658871	1.668944
16734	-1021.681	-1233.172	211.4907	1.995301	0.5108803	0.367418	0.632582	1.656776
16740	-1027.601	-1238.879	211.2777	2.033541	0.3985963	0.630779	0.369221	1.916319
16746	-1004.323	-1215.127	210.8036	2.044776	0.5446681	0.501551	0.498449	2.056837
16752	-1001.455	-1213.136	211.6807	1.902039	0.8042477	0.496978	0.503022	1.276325
16758	-1016.551	-1227.95	211.3985	1.913198	0.7682956	0.458771	0.541229	1.520974
16764	-1036.641	-1248.2	211.5587	1.693999	0.497008	0.647992	0.352008	1.836272
16770	-1028.495	-1239.885	211.3899	1.977087	0.4592443	0.568528	0.431472	1.801897
16776	-1035.272	-1246.719	211.4465	1.970439	0.8888443	0.600384	0.399616	1.333039
16782	-1018.169	-1230.181	212.012	2.024015	0.556539	0.547307	0.452693	1.173054
16788	-1013.39	-1225.128	211.7373	2.163156	0.5075404	0.398235	0.601765	1.349834
16794	-1020.848	-1232.168	211.3196	2.228629	1.159652	0.449921	0.550079	0.9801802
16800	-1011.115	-1222.865	211.7506	2.390567	0.7574661	0.458546	0.541454	0.7771436
16806	-1029.854	-1241.128	211.2739	2.359009	1.241678	0.374499	0.625501	0.8014461
16812	-1007.35	-1219.464	212.1138	2.119118	0.6140083	0.4092	0.5908	0.8990529
16818	-1017.119	-1228.759	211.6406	1.974773	0.5171708	0.393816	0.606184	1.555457
16824	-1019.857	-1230.91	211.0523	1.858805	0.5171708	0.442785	0.557215	2.044194
16830	-1017.797	-1228.961	211.1642	1.777726	0.4697304	0.346792	0.653208	2.076151
16836	-1011.787	-1222.987	211.1995	1.76417	0.4572203	0.370635	0.629365	2.076151
16842	-1006.751	-1218.743	211.9918	2.102564	0.4386187	0.510608	0.489392	1.289139
16848	-1024.598	-1236.461	211.8624	2.239534	0.4194488	0.545062	0.454938	1.311654
16854	-1023.834	-1235.636	211.8019	2.096076	0.4628115	0.460296	0.539704	1.410994
16860	-1026.688	-1238.388	211.6998	1.723339	0.4681017	0.56155	0.43845	1.752112
16866	-1031.829	-1243.838	212.0092	1.796767	0.462814	0.400293	0.599707	1.481343
16872	-1023.016	-1234.542	211.5265	1.682066	0.462814	0.438498	0.561502	1.906056
16878	-1026.602	-1237.82	211.2179	1.653893	0.462814	0.506041	0.493959	2.129984
16884	-1020.032	-1231.187	211.1556	1.556078	0.3422911	0.521344	0.478656	2.382091
16890	-1016.771	-1227.761	210.9901	1.589573	0.4527499	0.462473	0.537527	2.329713
16896	-1018.369	-1228.868	210.4988	1.479122	0.3498479	0.455555	0.544445	2.826453
16902	-1015.066	-1227.093	212.0265	1.984059	0.6268222	0.425937	0.574063	1.10369
16908	-1020.597	-1232.756	212.1596	1.984059	0.4335839	0.521586	0.478414	1.256075
16914	-1029.904	-1241.74	211.8359	1.964559	0.5895161	0.447073	0.552927	1.328146
16920	-1038.117	-1248.603	210.4863	1.571651	1.142795	0.492402	0.507598	2.1182
16926	-1031.05	-1242.646	211.5958	1.946257	0.4608294	0.561045	0.438955	1.677104
16932	-1028.568	-1240.319	211.751	1.946257	0.7149418	0.410912	0.589088	1.272176
16938	-1015.002	-1226.898	211.896	2.208612	0.6374623	0.551227	0.448773	0.9997301
16944	-1028.683	-1240.399	211.7158	1.956343	0.4964632	0.564568	0.435432	1.538571
16950	-1004.427	-1216.511	212.0843	1.956343	0.397475	0.285852	0.714148	1.393407
16956	-1023.6	-1235.338	211.7378	1.7454	0.5819114	0.303746	0.696254	1.578853
16962	-1008.539	-1220.222	211.6829	1.748136	0.617796	0.604862	0.395138	1.578853
16968	-1010.326	-1221.732	211.4064	1.788602	0.684531	0.434415	0.565585	1.683035
16974	-1008.802	-1220.117	211.3152	1.822859	0.7286405	0.563124	0.436876	1.683035
16980	-1009.417	-1220.526	211.1089	1.822859	0.9056984	0.399122	0.600878	1.683035
16986	-1003.151	-1214.938	211.787	1.896676	0.5005921	0.408039	0.591961	1.524938
16992	-1017.896	-1229.825	211.9283	1.800956	0.8504556	0.648016	0.351984	1.103865
16998	-1009.086	-1220.959	211.8738	2.001986	0.4307131	0.644984	0.355016	1.471963
17004	-1017.959	-1229.56	211.6008	1.858199	0.4616151	0.481853	0.518147	1.734816
17010	-1019.696	-1230.919	211.2231	1.669462	0.6576419	0.365086	0.634914	1.917546
17016	-1020.221	-1230.521	210.3005	1.696651	0.5727878	0.537455	0.462545	2.572876
17022	-1000.809	-1210.78	209.9705	1.65026	0.8653082	0.47557	0.52443	2.572876
17028	-998.0702	-1209.218	211.1479	1.65026	0.5381995	0.354095	0.645905	2.096573
17034	-1029.189	-1240.559	211.3701	1.862459	0.558613	0.319958	0.680042	1.782376
17040	-1003.957	-1215.191	211.2338	1.765613	0.437992	0.461423	0.538577	2.075253
17046	-997.5079	-1208.343	210.8349	1.714107	0.5033471	0.461423	0.538577	2.294178
17052	-997.2857	-1208.418	211.1327	1.83287	0.3986441	0.468077	0.531923	2.145643
17058	-999.6716	-1211.433	211.7611	1.863596	0.3986441	0.275825	0.724175	1.699553
17064	-1011.272	-1222.589	211.3176	1.654979	0.4786591	0.614078	0.385922	2.045805
17070	-1009.373	-1219.092	209.7187	1.692487	0.6619113	0.641798	0.358202	2.8542
17076	-1038.082	-1248.15	210.067	1.618212	0.5235301	0.375261	0.624739	2.811338
17082	-1026.147	-1237.78	211.633	2.275422	0.6105314	0.423757	0.576243	1.213942
17088	-1023.477	-1235.731	212.2543	2.342692	0.4236163	0.479833	0.520167	0.8335296
17094	-1015.084	-1226.728	211.6443	2.35774	0.6325956	0.496005	0.503995	1.104084
17100	-1018.857	-1230.473	211.616	1.772907	0.6652346	0.619551	0.380449	1.561507
17106	-1028.114	-1239.436	211.3226	1.911999	0.5048108	0.533159	0.466841	1.839857
17112	-1028.988	-1239.868	210.8807	1.971451	0.9175777	0.408548	0.591452	1.730338
17118	-1009.514	-1219.905	210.3912	1.839466	0.9893795	0.408548	0.591452	2.100923
17124	-1009.193	-1219.138	209.9446	1.942804	0.9962108	0.648836	0.351164	2.318334
17130	-1009.65	-1221.699	212.049	1.992153	0.4097712	0.371667	0.628333	1.374545
17136	-1013.182	-1224.741	211.5594	1.779276	0.7134053	0.391936	0.608064	1.551806
17142	-1019.141	-1230.614	211.4733	1.695481	0.5002587	0.391936	0.608064	1.88992
17148	-1029.945	-1240.666	210.7218	1.909727	0.8745838	0.494594	0.505406	1.914569
17154	-1017.595	-1227.785	210.1901	1.686434	0.7516962	0.530817	0.469183	2.496547
17160	-1029.162	-1239.22	210.0578	1.837896	0.7154349	0.534867	0.465133	2.513067
17166	-1025.235	-1234.607	209.3719	1.56984	0.5570001	0.544082	0.455918	3.225622
17172	-1032.01	-1242.271	210.2605	1.66306	0.6195206	0.372123	0.627877	2.576186
17178	-1004.752	-1215.007	210.2553	1.583014	0.8855078	0.538281	0.461719	2.422945
17184	-1014.545	-1225.244	210.6982	1.560602	0.4559213	0.278667	0.721333	2.528277
17190	-1009.968	-1219.884	209.9161	1.632484	0.6609919	0.278667	0.721333	2.771403
17196	-1017.6	-1228.015	210.4148	1.523059	0.8359686	0.461607	0.538393	2.395058
17202	-1018.854	-1229.89	211.0355	1.813024	0.5188323	0.488298	0.511702	2.083698
17208	-1023.553	-1233.575	210.0213	1.552941	0.7219602	0.485167	0.514833	2.706734
17214	-1020.232	-1231.895	211.6625	2.39325	0.9071102	0.491101	0.508899	0.6251055
17220	-1015.814	-1227.157	211.343	2.405035	1.04665	0.518782	0.481218	0.8773757
17226	-1018.061	-1229.198	211.1372	2.363733	1.325812	0.422362	0.577638	0.8785017
17232	-1018.269	-1229.816	211.5461	2.198893	1.048771	0.340012	0.659988	0.8785017
17238	-1022.851	-1233.594	210.743	2.326766	1.601447	0.512914	0.487086	1.105841
17244	-1021.338	-1232.65	211.3112	1.953691	0.4802888	0.621325	0.378675	1.847155
17250	-1023.996	-1235.148	211.1524	1.826954	0.5709862	0.273225	0.726775	1.942663
17256	-1022.472	-1234.01	211.5378	1.696823	0.419855	0.360068	0.639932	1.940786
17262	-1018.105	-1229.102	210.9969	1.724357	0.4973676	0.279477	0.720523	2.1897
17268	-1012.343	-1224.234	211.8913	1.965386	0.4973676	0.516933	0.483067	1.397388
17274	-1029.567	-1241.068	211.5013	1.878886	0.5770334	0.535997	0.464003	1.658668
17280	-1057.905	-1269.307	211.4013	1.671063	0.4497094	0.551427	0.448573	2.013035
17286	-1044.577	-1255.074	210.4974	1.469153	0.525839	0.55952	0.44048	2.636815
17292	-1052.865	-1261.872	209.007	1.615787	0.4429932	0.685545	0.314455	3.52376
17298	-1045.008	-1254.204	209.1958	1.585891	0.5940424	0.419621	0.580379	3.287359
17304	-1037.599	-1246.604	209.0048	1.48138	0.5107686	0.446941	0.553059	3.535791
17310	-1035.5	-1245.34	209.8403	1.522757	0.4672266	0.404412	0.595588	3.062
17316	-1015.542	-1225.077	209.5356	1.674622	0.4672266	0.572666	0.427334	3.153091
17322	-1036.43	-1247.427	210.9972	1.885064	0.3950973	0.509917	0.490083	2.204179
17328	-1017.15	-1228.667	211.5168	1.930186	0.3479202	0.44749	0.55251	1.89372
17334	-1028.517	-1239.129	210.6121	1.90965	0.4655948	0.544042	0.455958	2.352236
17340	-1020.574	-1229.88	209.3057	1.541242	0.4655948	0.440088	0.559912	3.369328
17346	-1034.11	-1244.117	210.0067	1.61185	0.4962221	0.564187	0.435813	2.878812
17352	-1027.169	-1237.627	210.4577	1.600842	0.3691783	0.342831	0.657169	2.75299
17358	-1043.054	-1254.434	211.3798	1.702331	0.2721523	0.448424	0.551576	2.248687
17364	-1051.485	-1261.731	210.2457	1.689437	0.5716263	0.468357	0.531643	2.612364
17370	-1045.889	-1256.682	210.7933	1.656327	0.3776025	0.637937	0.362063	2.500941
17376	-1025.25	-1236.051	210.8017	1.845828	0.4324789	0.322306	0.677694	2.309711
17382	-1039.773	-1250.256	210.4829	1.677947	0.4821375	0.501735	0.498265	2.560997
17388	-1040.14	-1250.463	210.3235	1.509396	0.4589103	0.401904	0.598096	2.787336
17394	-1027.605	-1238.087	210.4822	1.801605	0.5959218	0.470783	0.529217	2.371699
17400	-1029.099	-1239.96	210.8612	1.865145	0.5857002	0.547694	0.452306	2.096179
17406	-1037.232	-1247.616	210.3841	1.902428	0.7388749	0.52994	0.47006	2.246796
17412	-1028.559	-1239.899	211.3405	1.899659	0.3988679	0.329962	0.670038	1.963885
17418	-1014.961	-1225.9	210.9389	1.948862	0.4644604	0.367483	0.632517	2.117692
17424	-1015.12	-1227.302	212.182	2.001122	0.2770017	0.2536	0.7464	1.484618
17430	-1029.821	-1241.655	211.8338	2.229066	0.4377628	0.591618	0.408382	1.316
17436	-1021.403	-1233.572	212.1694	2.179536	0.4377628	0.522547	0.477453	1.06897
17442	-1009.208	-1221.324	212.1156	2.176612	0.4043086	0.503614	0.496386	1.176325
17448	-1016.822	-1228.262	211.4407	2.050331	0.4262525	0.390623	0.609377	1.756883
17454	-1020.675	-1232.766	212.0911	2.050331	0.3247778	0.449789	0.550211	1.431736
17460	-1027.119	-1239.061	211.9417	2.095901	0.2505756	0.331727	0.668273	1.640821
17466	-1021.536	-1232.184	210.6488	1.890645	0.6625787	0.348552	0.651448	2.147314
17472	-1025.489	-1236.965	211.4754	2.086491	0.4750204	0.353127	0.646873	1.645315
17478	-1023.836	-1235.815	211.9782	2.221157	0.3738064	0.470341	0.529659	1.304422
17484	-1020.863	-1232.524	211.6613	2.120305	0.5819023	0.468591	0.531409	1.352184
17490	-1029.431	-1241.297	211.866	1.859027	0.4432692	0.468591	0.531409	1.567287
17496	-1027.614	-1238.799	211.1849	2.014393	0.5617453	0.60235	0.39765	1.802135
17502	-1025.253	-1236.196	210.9429	2.014393	0.9990252	0.528328	0.471672	1.594998
17508	-1015.255	-1226.516	211.2618	1.95971	0.5549732	0.439635	0.560365	1.793941
17514	-1009.589	-1220.875	211.2863	1.984682	0.5036224	0.532678	0.467322	1.816131
17520	-1043.989	-1253.533	209.5443	1.685607	0.8173053	0.408202	0.591798	2.846068
17526	-1028.469	-1238.387	209.918	1.806124	0.4658854	0.551984	0.448016	2.846068
17532	-1025.602	-1235.678	210.0764	1.943215	0.7638164	0.537766	0.462234	2.397242
17538	-1029.377	-1240.553	211.1765	1.88591	0.4164079	0.599119	0.400881	2.059943
17544	-1021.378	-1232.938	211.5592	1.698836	0.3838315	0.482655	0.517345	1.971583
17550	-1023.194	-1233.779	210.5853	1.698836	0.7151443	0.595768	0.404232	2.267618
17556	-1038.694	-1249.957	211.2627	1.804497	0.3876054	0.448246	0.551754	2.093238
17562	-1044.027	-1254.849	210.8222	1.816315	0.5588805	0.290064	0.709936	2.179819
17568	-1031.962	-1242.842	210.88	1.808801	0.5267102	0.46144	0.53856	2.179819
17574	-1033.166	-1243.577	210.4115	1.753842	0.4551322	0.485784	0.514216	2.587217
17580	-1019.401	-1230.218	210.8173	1.670074	0.4191839	0.511818	0.488182	2.42678
17586	-1022.468	-1232.722	210.2542	1.622689	0.4741916	0.47082	0.52918	2.744349
17592	-1031.115	-1242.372	211.2565	1.82917	0.4755529	0.47082	0.52918	1.974053
17598	-1025.313	-1233.927	208.6139	1.562044	0.4739265	0.485315	0.514685	3.751332
17604	-1012.666	-1222.766	210.0998	1.583387	0.5047516	0.394005	0.605995	2.831061
17610	-1036.613	-1247.842	211.2287	1.850685	0.4974499	0.454631	0.545369	1.953484
17616	-1018.366	-1227.978	209.6125	1.829557	0.7555573	0.265322	0.734678	2.761884
17622	-1032.652	-1242.641	209.9893	1.496636	0.6483616	0.3487	0.6513	2.820056
17628	-1030.261	-1240.996	210.7352	1.465756	0.512055	0.47771	0.52229	2.505082
17634	-1019.928	-1228.573	208.6449	1.465756	0.6973182	0.625862	0.374138	3.596536
17640	-1018.201	-1226.995	208.7943	1.540204	0.4944896	0.44082	0.55918	3.639518
17646	-1014.989	-1224.539	209.5504	1.473134	0.6563444	0.304668	0.695332	3.091767
17652	-1022.266	-1232.354	210.0885	1.646757	0.553836	0.386886	0.613114	2.751849
17658	-1021.197	-1232.184	210.987	1.783474	0.5448884	0.466287	0.533713	2.107856
17664	-1024.528	-1236.089	211.5619	1.930639	0.2731351	0.409822	0.590178	1.978179
17670	-1021.404	-1232.319	210.9156	1.930639	0.2978377	0.301551	0.698449	2.359793
17676	-1021.257	-1231.488	210.2312	1.474256	0.4604262	0.619804	0.380196	2.863155
17682	-1032.571	-1241.201	208.6303	1.338597	0.4269816	0.412277	0.587723	3.918371
17688	-1016.476	-1226.505	210.0289	1.472545	0.6560394	0.627949	0.372051	2.804237
17694	-1036.163	-1247.594	211.4309	1.528741	0.4029335	0.399859	0.600141	2.144089
17700	-1014.258	-1225.298	211.04	1.778529	0.4516581	0.533303	0.466697	2.17746
17706	-1018.511	-1229.886	211.3752	1.81488	0.6758662	0.387975	0.612025	1.694728
17712	-1014.925	-1225.853	210.9286	1.69795	0.6194064	0.601745	0.398255	2.129551
17718	-1018.583	-1228.193	209.6096	1.503939	0.7652134	0.619632	0.380368	2.953822
17724	-1001.035	-1211.836	210.8008	1.50513	0.7652134	0.662023	0.337977	2.213315
17730	-1012.739	-1222.544	209.8047	1.512409	0.6607287	0.397757	0.602243	2.91205
17736	-1020.288	-1230.685	210.3974	1.628668	0.3861351	0.406066	0.593934	2.752042
17742	-1015.119	-1224.935	209.8156	1.577836	0.3861351	0.463421	0.536579	3.133223
17748	-1015.451	-1225.235	209.7844	1.482034	0.5036828	0.540077	0.459923	3.082984
17754	-1001.388	-1212.339	210.9517	1.666254	0.6816234	0.417245	0.582755	2.079212
17760	-1002.759	-1213.91	211.1517	1.688888	0.3762075	0.544368	0.455632	2.255121
17766	-1004.708	-1215.83	211.1225	1.69343	0.3792754	0.347622	0.652378	2.266991
17772	-1003.11	-1213.865	210.7555	1.750353	0.3532631	0.347622	0.652378	2.496953
17778	-997.8298	-1208.829	210.9996	1.664167	0.2918066	0.515008	0.484992	2.48377
17784	-1007.33	-1218.583	211.2527	1.684744	0.6379969	0.633989	0.366011	1.905442
17790	-1006.198	-1217.343	211.1453	1.823709	0.5163924	0.527769	0.472231	2.006602
17796	-1012.338	-1223.492	211.1538	1.823709	0.4529369	0.427223	0.572777	2.072008
17802	-1018.573	-1230.616	212.0434	1.857927	0.287729	0.585114	0.414886	1.67189
17808	-1014.808	-1225.741	210.9326	1.933503	0.3920657	0.677942	0.322058	2.218429
17814	-998.7576	-1210.467	211.709	1.786532	0.4006673	0.500323	0.499677	1.787381
17820	-1012.795	-1224.563	211.7674	2.047989	0.3995333	0.571187	0.428813	1.560738
17826	-1009.526	-1220.949	211.4227	2.045005	0.5547784	0.356516	0.643484	1.619939
17832	-1008.391	-1219.787	211.3962	1.839284	0.5547784	0.48448	0.51552	1.784404
17838	-1022.061	-1232.61	210.5483	1.676119	0.5547784	0.336253	0.663747	2.448069
17844	-1014.719	-1225.294	210.5755	1.683381	0.284808	0.336253	0.663747	2.74444
17850	-1012.967	-1223.026	210.0591	1.761518	0.284808	0.376118	0.623882	3.009736
17856	-1028.849	-1239.462	210.6132	1.788861	0.19812	0.340481	0.659519	2.798968
17862	-1047.469	-1257.646	210.1776	1.648081	0.351804	0.653878	0.346122	2.916118
17868	-1031.991	-1242.786	210.7949	1.768548	0.3468424	0.451984	0.548016	2.469335
17874	-1031.487	-1243	211.5128	2.021525	0.5692126	0.480016	0.519984	1.555287
17880	-1047.892	-1258.356	210.4638	1.783299	0.3852074	0.588301	0.411699	2.617353
17886	-1039.262	-1249.786	210.5239	1.723185	0.3852074	0.532199	0.467801	2.617353
17892	-1024.105	-1235.09	210.9841	1.900273	0.529162	0.547499	0.452501	2.049191
17898	-1016.019	-1227.261	211.242	1.904153	0.4082892	0.294127	0.705873	2.014591
17904	-1001.431	-1213.398	211.9668	2.09202	0.4665209	0.532397	0.467603	1.277777
17910	-1005.862	-1217.674	211.8121	1.979367	0.3250773	0.588294	0.411706	1.689014
17916	-1012.024	-1223.33	211.3063	1.972416	0.9519726	0.381414	0.618586	1.389208
17922	-1008.538	-1219.862	211.3242	1.840025	1.061272	0.638722	0.361278	1.393564
17928	-1012.223	-1224.276	212.0528	1.730369	0.5881509	0.581149	0.418851	1.343614
17934	-1019.067	-1230.508	211.4404	1.850436	0.7191006	0.475517	0.524483	1.581573
17940	-1018.08	-1229.812	211.7321	1.713719	0.5206856	0.466284	0.533716	1.674176
17946	-1027.018	-1238.801	211.7837	1.677382	0.5424273	0.455302	0.544698	1.63858
17952	-1022.708	-1234.579	211.8715	2.112757	0.387668	0.509416	0.490584	1.451576
17958	-1035.281	-1247.557	212.2762	2.217929	0.3584907	0.247004	0.752996	1.076827
17964	-1016.4	-1228.084	211.6844	1.906006	0.3951998	0.660866	0.339134	1.728425
17970	-1008.62	-1220.012	211.3915	1.901508	0.5319593	0.540875	0.459125	1.769136
17976	-1011.587	-1221.966	210.3789	1.889077	0.6233928	0.382512	0.617488	2.356685
17982	-1014.27	-1225.785	211.5142	1.970848	0.5896951	0.464424	0.535576	1.569071
17988	-1009.321	-1221.112	211.7912	1.957638	0.4330847	0.481226	0.518774	1.563404
17994	-1015.966	-1227.942	211.9757	1.957638	0.437661	0.578384	0.421616	1.418267
18000	-1024.913	-1236.98	212.0663	2.216353	0.4724703	0.578384	0.421616	1.073677
18006	-1014.29	-1226.3	212.0101	2.216353	0.494399	0.591245	0.408755	1.091453
18012	-1007.78	-1219.51	211.7303	1.852989	0.430303	0.326837	0.673163	1.68666
18018	-1008.349	-1219.114	210.7647	1.610581	0.4435572	0.480989	0.519011	2.469174
18024	-1001.865	-1213.587	211.7214	2.218883	0.8148056	0.551911	0.448089	0.9366552
18030	-1001.064	-1212.583	211.5193	2.584312	0.8820743	0.42502	0.57498	0.557793
18036	-997.3548	-1209.169	211.8143	2.584312	0.6465893	0.630196	0.369804	0.4974302
18042	-996.0844	-1208.086	212.0021	2.320598	0.6729799	0.423825	0.576175	0.6550976
18048	-1014.644	-1226.542	211.8984	2.441796	0.6729799	0.463871	0.536129	0.6137062
18054	-1022.266	-1233.913	211.6465	2.493089	0.8504345	0.364479	0.635521	0.5538594
18060	-1017.89	-1229.335	211.4454	2.742348	0.7805097	0.370191	0.629809	0.3734571
18066	-1022.971	-1233.757	210.7863	2.812264	1.431779	0.417484	0.582516	0.4244947
18072	-1015.371	-1226.476	211.1051	2.812264	1.065227	0.403725	0.596275	0.4503619
18078	-1023.825	-1234.816	210.9911	2.747594	1.265407	0.403725	0.596275	0.4503619
18084	-1023.785	-1234.884	211.0983	2.747594	1.140736	0.488848	0.511152	0.4450409
18090	-1022.196	-1233.516	211.3207	2.783633	0.8811032	0.375993	0.624007	0.4450409
18096	-1006.556	-1217.696	211.1401	2.712534	1.135122	0.435319	0.564681	0.4518539
18102	-1010.202	-1221.301	211.0989	2.745039	1.135122	0.580359	0.419641	0.5871822
18108	-1002.095	-1213.173	211.0778	2.595726	1.275209	0.580359	0.419641	0.6978499
18114	-998.2558	-1209.557	211.3014	2.595726	1.084942	0.499985	0.500015	0.5605808
18120	-1031.137	-1242.575	211.4383	2.584661	0.939091	0.41875	0.58125	0.6221017
18126	-1010.527	-1221.702	211.175	2.584661	1.240207	0.577087	0.422913	0.5545943
18132	-1022.791	-1233.931	211.1401	2.625138	1.240207	0.689477	0.310523	0.4977635
18138	-1019.37	-1230.407	211.0376	2.649398	1.334076	0.621195	0.378805	0.5183596
18144	-1029.951	-1240.989	211.0376	2.649429	1.334076	0.362437	0.637563	0.5183596
18150	-1021.373	-1232.423	211.0499	2.649429	1.318694	0.428404	0.571596	0.520342
18156	-1015.79	-1226.82	211.0298	2.790369	1.175271	0.366591	0.633409	0.4743443
18162	-1001.819	-1212.754	210.9349	2.790369	1.287407	0.449675	0.550325	0.5141913
18168	-1006.921	-1218.304	211.3826	2.650881	0.9495616	0.701562	0.298438	0.4552559
18174	-1006.107	-1216.962	210.8553	2.650881	1.54162	0.566726	0.433274	0.6173002
18180	-1006.83	-1218.248	211.4174	2.540686	1.004322	0.495439	0.504561	0.6173002
18186	-994.4319	-1205.978	211.5457	2.489614	0.9402957	0.374783	0.625217	0.5816029
18192	-1006.09	-1217.276	211.1856	2.489614	1.296503	0.517982	0.482018	0.6612883
18198	-1016.592	-1227.822	211.2296	2.647263	1.104801	0.494796	0.505204	0.4373337
18204	-1023.324	-1234.529	211.2047	2.67918	1.104801	0.364104	0.635896	0.5284657
18210	-1016.376	-1227.348	210.9716	2.677239	1.367113	0.606498	0.393502	0.5832669
18216	-1026.485	-1238.101	211.6154	2.634666	0.7577886	0.565442	0.434558	0.5457876
18222	-1004.358	-1215.597	211.2387	2.7259	1.021641	0.506644	0.493356	0.4891459
18228	-1011.399	-1222.638	211.2387	2.7259	1.021641	0.413303	0.586697	0.4891459
18234	-1020.771	-1232.087	211.3152	2.727046	0.945064	0.53759	0.46241	0.5101143
18240	-1010.539	-1221.63	211.0903	2.703554	1.206812	0.662627	0.337373	0.5014543
18246	-1015.148	-1226.406	211.2582	2.556011	1.183538	0.470014	0.529986	0.5014543
18252	-1024.561	-1235.249	210.6874	2.607518	1.896703	0.435916	0.564084	0.5014543
18258	-1010.932	-1222.014	211.0825	2.655427	1.252016	0.583183	0.416817	0.5988911
18264	-1020.122	-1231.56	211.4378	2.476902	1.003097	0.315123	0.684877	0.708509
18270	-1035.593	-1246.421	210.828	2.522827	1.71928	0.412114	0.587886	0.6879926
18276	-1024.896	-1236.021	211.1249	2.384735	1.475205	0.5021	0.4979	0.7093351
18282	-1028.883	-1240.89	212.0071	2.384735	0.6463051	0.36062	0.63938	0.5620177
18288	-1021.416	-1232.959	211.5438	2.428362	1.01343	0.450418	0.549582	0.5203791
18294	-1020.513	-1232.057	211.5445	2.428362	1.01343	0.479821	0.520179	0.5045032
18300	-1040.835	-1252.341	211.506	1.919827	0.4032666	0.420857	0.579143	1.832082
18306	-1032.686	-1244.529	211.8432	1.752913	0.5532506	0.436523	0.563477	1.527605
18312	-1023.898	-1235.723	211.8249	1.641071	0.5484983	0.502315	0.497685	1.628241
18318	-1028.94	-1240.042	211.1015	1.713698	0.5721433	0.475766	0.524234	2.051007
18324	-1031.981	-1242.986	211.0048	1.655795	0.7877689	0.497689	0.502311	1.962162
18330	-1038.977	-1250.316	211.3386	2.453461	1.206034	0.404956	0.595044	0.5362948
18336	-1025.934	-1237.046	211.1112	2.660355	1.22096	0.454666	0.545334	0.4322839
18342	-1019.048	-1230.276	211.2278	2.660355	1.090983	0.538933	0.461067	0.4322839
18348	-1021.66	-1233.018	211.3581	2.652515	0.9660545	0.266347	0.733653	0.4322839
18354	-1014.429	-1225.728	211.2996	2.484163	1.12521	0.371727	0.628273	0.7319288
18360	-1008.931	-1220.192	211.2614	2.484163	1.246368	0.519389	0.480611	0.5898321
18366	-1019.77	-1231.479	211.7091	2.554169	0.74942	0.453345	0.546655	0.524087
18372	-1023.409	-1234.364	210.955	1.812816	0.6052812	0.459684	0.540316	2.050021
18378	-1027.31	-1238.586	211.2762	1.8216	0.6052812	0.42625	0.57375	1.8276
18384	-1031.18	-1242.982	211.8027	2.366551	0.7507573	0.452456	0.547544	0.7484247
18390	-1025.515	-1237.422	211.9074	2.405714	0.6407699	0.381635	0.618365	0.7484247
18396	-1026.402	-1237.696	211.2941	2.394066	1.220985	0.685666	0.314334	0.7484247
18402	-1025.95	-1237.484	211.5338	2.399794	0.9585555	0.516737	0.483263	0.7503637
18408	-1033.047	-1245.236	212.1888	2.399794	0.509286	0.478577	0.521423	0.5934015
18414	-1025.087	-1236.635	211.5488	2.399794	0.9391264	0.543768	0.456232	0.7582059
18420	-1032.767	-1244.761	211.9941	2.309101	0.6431909	0.670538	0.329462	0.7582059
18426	-1014.218	-1225.908	211.69	2.325083	0.9129531	0.400706	0.599294	0.6959972
18432	-1023.605	-1235.131	211.5259	2.475001	0.9195493	0.453761	0.546239	0.708425
18438	-1029.815	-1241.496	211.6811	2.557344	0.6381051	0.314872	0.685128	0.8530453
18444	-1011.159	-1222.938	211.7797	2.282517	0.7741514	0.416724	0.583276	0.8530453
18450	-1010.004	-1221.744	211.7398	2.320569	0.775646	0.544641	0.455359	0.8530453
18456	-1003.225	-1214.914	211.6887	2.194644	0.9328624	0.583124	0.416876	0.8530453
18462	-1014.521	-1225.711	211.1895	2.267299	1.151383	0.493167	0.506833	1.07638
18468	-1016.964	-1228.552	211.5883	2.247771	1.032412	0.464525	0.535475	0.7839844
18474	-1020.948	-1232.234	211.2863	2.367117	0.9283372	0.333462	0.666538	1.095387
18480	-1002.715	-1214.625	211.9102	2.215373	0.7076329	0.528512	0.471488	0.8763781
18486	-1010.376	-1221.562	211.1859	2.625591	1.08028	0.435362	0.564638	0.7533788
18492	-1005.793	-1216.632	210.8383	2.589333	1.469756	0.330868	0.669132	0.8323569
18498	-1009.591	-1220.263	210.6716	2.69119	1.624759	0.563506	0.436494	0.7707115
18504	-1002.066	-1213.384	211.3179	2.350206	1.108591	0.491444	0.508556	0.9017251
18510	-1031.333	-1242.946	211.6132	2.11493	0.6025859	0.454314	0.545686	1.370474
18516	-1029.27	-1240.959	211.689	1.896328	0.7286469	0.433206	0.566794	1.348601
18522	-1021.378	-1232.942	211.5645	1.896328	0.7903734	0.442305	0.557695	1.387042
18528	-1020.746	-1232.503	211.7562	1.896328	0.6409982	0.391013	0.608987	1.387042
18534	-1027.532	-1238.746	211.2147	1.832851	0.6862192	0.491986	0.508014	1.785074
18540	-1022.043	-1233.038	210.9951	1.76194	0.9407783	0.593182	0.406818	1.779719
18546	-1033.151	-1244.512	211.3607	1.868088	1.032696	0.46061	0.53939	1.364601
18552	-1032.568	-1243.64	211.0721	1.916345	1.009149	0.636927	0.363073	1.564805
18558	-1026.666	-1238.953	212.2874	2.132111	0.5459532	0.60465	0.39535	0.7949091
18564	-1011.605	-1223.671	212.0662	2.221828	0.6959407	0.414327	0.585673	0.6640383
18570	-1023.687	-1235.452	211.7653	2.430114	0.7711725	0.545641	0.454359	0.6597975
18576	-1011.334	-1222.919	211.5852	2.430114	0.9323406	0.536548	0.463452	0.6559453
18582	-1024.182	-1235.593	211.4114	2.586038	0.9814594	0.516255	0.483745	0.563935
18588	-1023.515	-1234.575	211.0603	2.559071	1.356653	0.37067	0.62933	0.6757087
18594	-1010.739	-1222.381	211.6426	2.105662	0.9031393	0.454324	0.545676	1.031243
18600	-1019.817	-1231.331	211.5133	2.559071	0.8949322	0.279745	0.720255	0.6161382
18606	-1013.858	-1225.316	211.458	2.620901	0.8892071	0.37098	0.62902	0.6153497
18612	-1026.445	-1237.738	211.2935	2.53425	1.10245	0.48786	0.51214	0.6933908
18618	-1017.514	-1229.125	211.6107	2.738546	0.6766825	0.476672	0.523328	0.4374219
18624	-1020.481	-1231.601	211.1192	2.723741	1.121437	0.415486	0.584514	0.392349
18630	-1025.788	-1236.669	210.8811	2.783264	1.355906	0.526901	0.473099	0.5560222
18636	-1028.791	-1239.887	211.0958	2.627968	1.272185	0.384393	0.615607	0.5901229
18642	-1027.245	-1238.843	211.5975	2.372158	0.9658668	0.614083	0.385917	0.6774972
18648	-1022.284	-1233.559	211.2753	2.372158	1.175809	0.364222	0.635778	0.8550767
18654	-1008.925	-1220.437	211.5118	2.252026	0.9147327	0.401489	0.598511	1.00374
18660	-1016.69	-1228.363	211.6723	2.269526	0.8365169	0.568175	0.431825	0.9076093
18666	-1027.055	-1238.606	211.5512	2.372963	0.7474464	0.345753	0.654247	1.035211
18672	-1037.303	-1249.262	211.9586	2.049763	0.7140361	0.402858	0.597142	0.9936679
18678	-1032.389	-1244.585	212.1957	2.13214	0.5906801	0.56851	0.43149	0.8264027
18684	-1025.298	-1236.877	211.5782	2.417622	0.9064347	0.489674	0.510326	0.7392458
18690	-1021.486	-1233.032	211.5467	2.387229	0.9653677	0.489674	0.510326	0.7392458
18696	-1020.304	-1231.053	210.7494	2.598046	1.770234	0.255193	0.744807	0.6253141
18702	-1032.594	-1243.32	210.7255	2.532959	1.881793	0.4589	0.5411	0.6666132
18708	-1025.61	-1237.286	211.6757	2.533083	0.7879018	0.490792	0.509208	0.5694043
18714	-1030.604	-1241.495	210.8905	2.6861	1.47598	0.695435	0.304565	0.5269777
18720	-1026.765	-1238.046	211.2818	2.580959	1.085111	0.42691	0.57309	0.6572275
18726	-1019.042	-1230.105	211.0629	2.575972	1.343758	0.399335	0.600665	0.6572275
18732	-1030.094	-1241.145	211.0512	2.626962	1.343758	0.488809	0.511191	0.5302268
18738	-1013.925	-1224.916	210.9917	2.71848	1.306279	0.542947	0.457053	0.4990246
18744	-1016.115	-1227.837	211.7217	2.418984	0.8385629	0.39839	0.60161	0.6003197
18750	-1012.299	-1223.472	211.1729	2.71848	1.098	0.538012	0.461988	0.4870705
18756	-1008.858	-1220.156	211.2977	2.682117	1.006129	0.528644	0.471356	0.4870705
18762	-1010.652	-1221.686	211.0342	2.770887	1.188368	0.456127	0.543873	0.4518921
18768	-1018.818	-1230.01	211.192	2.447894	1.384534	0.505847	0.494153	0.5652028
18774	-1017.883	-1228.938	211.0559	2.447894	1.43095	0.495489	0.504511	0.7698237
18780	-1025.832	-1236.945	211.1126	2.438102	1.370334	0.427777	0.572223	0.7698237
18786	-1028.854	-1239.693	210.8385	2.397227	1.647844	0.451695	0.548305	0.908671
18792	-1025.22	-1236.492	211.272	2.267878	1.139027	0.304612	0.695388	1.00724
18798	-1012.807	-1224.196	211.3889	2.352723	1.093131	0.390851	0.609149	0.8318096
18804	-1008.834	-1219.835	211.0007	2.297578	1.478069	0.488313	0.511687	0.9709407
18810	-1027.561	-1238.691	211.1295	2.405128	1.32883	0.54146	0.45854	0.8350744
18816	-1014.159	-1225.627	211.4683	2.237181	1.143881	0.686169	0.313831	0.8184929
18822	-1021.831	-1233.794	211.963	2.254302	0.6717687	0.543086	0.456914	0.8222829
18828	-1010.059	-1221.249	211.19	2.370558	1.299833	0.544843	0.455157	0.8321215
18834	-1017.409	-1228.954	211.5449	2.436837	0.9887977	0.517169	0.482831	0.5943694
18840	-1015.167	-1226.812	211.6453	2.436837	0.8684362	0.641163	0.358837	0.6607411
18846	-1007.13	-1218.912	211.7825	2.229604	0.5953295	0.629546	0.370454	1.143004
18852	-1008.83	-1220.433	211.6032	2.219471	0.8284845	0.487248	0.512752	1.039708
18858	-1014.223	-1225.572	211.3492	2.201355	0.8284845	0.496252	0.503748	1.279538
18864	-1015.079	-1226.346	211.2672	2.476287	1.194051	0.418225	0.581775	0.6965523
18870	-1016.342	-1228.016	211.6735	1.946343	0.8089636	0.44141	0.55859	1.240928
18876	-1020.019	-1230.595	210.5756	1.990894	0.7901978	0.456809	0.543191	2.023066
18882	-1014.281	-1225.637	211.3556	1.78816	0.4002119	0.436154	0.563846	2.026467
18888	-1026.451	-1237.368	210.9167	1.951528	0.5752155	0.363751	0.636249	2.012728
18894	-1023.067	-1234.646	211.579	2.312684	0.9367318	0.403594	0.596406	0.8378064
18900	-1028.971	-1240.403	211.4316	2.128894	0.4894002	0.402378	0.597622	1.628767
18906	-1021.997	-1233.861	211.8645	2.069567	0.3443084	0.619663	0.380337	1.555742
18912	-1014.299	-1226.258	211.9587	2.425674	0.356014	0.175674	0.824326	1.179996
18918	-1001.315	-1213.312	211.9973	2.431956	0.4118695	0.482093	0.517907	1.038211
18924	-1003.174	-1214.804	211.6297	2.104495	0.42729	0.640334	0.359666	1.581873
18930	-996.6809	-1208.181	211.5005	2.129699	0.4863544	0.448321	0.551679	1.581873
18936	-1011.933	-1223.61	211.6765	1.883461	0.6884339	0.649876	0.350124	1.409211
18942	-1013.484	-1224.942	211.4578	1.818096	0.6424308	0.240281	0.759719	1.665976
18948	-1023.123	-1233.524	210.4015	1.701267	0.4525505	0.509807	0.490193	2.628733
18954	-1020.386	-1231.925	211.5388	1.809432	0.8083469	0.38199	0.61801	1.457555
18960	-1020.842	-1232.799	211.9571	1.780753	0.6442995	0.489938	0.510062	1.315739
18966	-1018.436	-1229.398	210.9625	1.796963	1.366102	0.379423	0.620577	1.500981
18972	-1022.816	-1234.348	211.5316	1.767194	1.037764	0.601277	0.398723	1.304717
18978	-1026.042	-1237.434	211.3921	1.781757	0.8398762	0.616729	0.383271	1.560677
18984	-1022.227	-1232.428	210.2013	1.647622	0.6835636	0.628281	0.371719	2.567994
18990	-1028.711	-1239.087	210.3755	1.521323	0.7684423	0.550298	0.449702	2.471001
18996	-1022.091	-1232.716	210.6253	1.430289	0.5695741	0.345909	0.654091	2.539534
19002	-1026.002	-1235.365	209.3623	1.511034	1.183015	0.639702	0.360298	2.839003
19008	-1033.441	-1244.303	210.862	1.511034	0.8637737	0.510344	0.489656	2.094811
19014	-1023.269	-1233.961	210.6921	1.431782	0.5145174	0.542872	0.457128	2.550619
19020	-1034.459	-1243.944	209.4855	1.640242	0.4192242	0.540152	0.459848	3.254302
19026	-1035.496	-1245.737	210.2415	1.75731	0.4354669	0.402764	0.597236	2.711579
19032	-1023.405	-1233.706	210.3014	1.499703	0.5538282	0.42385	0.57615	2.711579
19038	-1035.188	-1245.646	210.4581	1.664278	0.4196609	0.449438	0.550562	2.653479
19044	-1020.777	-1231.005	210.2277	1.848401	0.5058946	0.397412	0.602588	2.588995
19050	-1033.077	-1243.478	210.4015	1.733537	0.4708415	0.340236	0.659764	2.588995
19056	-1023.474	-1233.927	210.4532	1.643162	0.4936421	0.449993	0.550007	2.588995
19062	-1035.611	-1246.125	210.5141	1.700792	0.411454	0.446216	0.553784	2.605879
19068	-1024.059	-1234.879	210.8197	1.700792	0.411454	0.458047	0.541953	2.415067
19074	-1032.316	-1241.79	209.4743	1.700792	0.4628557	0.516835	0.483165	3.178459
19080	-1019.456	-1228.781	209.3248	1.661199	0.8514593	0.474745	0.525255	2.969742
19086	-1012.161	-1221.791	209.6301	1.717966	0.4510075	0.540754	0.459246	3.087942
19092	-1023.249	-1232.84	209.5911	1.66927	0.5023015	0.378692	0.621308	3.087942
19098	-1014.262	-1224.829	210.5676	1.740323	0.7780967	0.378692	0.621308	2.201966
19104	-1007.874	-1219.119	211.2452	1.99512	0.5669198	0.434254	0.565746	1.768144
19110	-1002.943	-1214.96	212.0169	1.99512	0.5735903	0.487869	0.512131	1.171405
19116	-1013.414	-1224.873	211.4588	1.967906	0.5735903	0.470065	0.529935	1.628977
19122	-1011.57	-1222.262	210.6919	2.021772	1.210752	0.457248	0.542752	1.628977
19128	-1019.628	-1229.715	210.0867	1.703249	0.9757174	0.404041	0.595959	2.393349
19134	-1008.285	-1219.195	210.909	1.678822	0.666374	0.499223	0.500777	2.112359
19140	-1028.752	-1239.533	210.7815	1.5464	0.6744582	0.42781	0.57219	2.2737
19146	-1025.666	-1236.489	210.8223	1.696385	0.4823988	0.615886	0.384114	2.335825
19152	-1034.689	-1244.543	209.8541	1.52034	1.068715	0.614849	0.385151	2.59599
19158	-1019.746	-1230.228	210.4818	1.578152	0.5463695	0.562002	0.437998	2.558909
19164	-1008.899	-1220.097	211.1979	1.787223	0.6436061	0.305378	0.694622	1.867713
19170	-1015.146	-1226.248	211.1018	1.742671	0.6636706	0.539368	0.460632	1.944467
19176	-1012.006	-1222.478	210.4721	1.754196	0.8105109	0.428744	0.571256	2.229838
19182	-1008.787	-1219.27	210.4826	1.694681	0.6573835	0.492523	0.507477	2.384287
19188	-1011.972	-1223.097	211.1244	1.639708	0.5372359	0.570177	0.429823	2.119859
19194	-1022.633	-1233.06	210.4275	1.552321	1.266783	0.631051	0.368949	2.098775
19200	-1021.681	-1231.871	210.19	1.509068	0.4103427	0.658728	0.341272	2.922159
19206	-1022.121	-1232.698	210.5767	1.314129	0.4807275	0.631745	0.368255	2.728951
19212	-1031.156	-1239.638	208.4825	1.206089	0.6551809	0.583898	0.416102	3.872661
19218	-1015.762	-1226.726	210.964	1.525745	0.4021923	0.650002	0.349998	2.445558
19224	-1012.494	-1222.288	209.7937	1.666688	0.7646424	0.296574	0.703426	2.743892
19230	-1015.649	-1226.74	211.0905	1.752772	0.4065833	0.554785	0.445215	2.21507
19236	-1023.67	-1234.549	210.8797	1.752772	0.7586836	0.444564	0.555436	2.004525
19242	-1005.716	-1216.639	210.9228	1.731641	0.5855836	0.381503	0.618497	2.143365
19248	-1016.614	-1227.26	210.645	1.731641	0.6264757	0.548549	0.451451	2.284642
19254	-1017.141	-1227.919	210.7782	1.759654	0.5145469	0.548549	0.451451	2.289631
19260	-1016.551	-1227.797	211.2459	1.732519	0.4002198	0.557016	0.442984	2.135297
19266	-1019.003	-1230.408	211.4057	1.833196	0.6062983	0.51952	0.48048	1.728449
19272	-1019.041	-1231.014	211.9723	1.838215	0.452855	0.436034	0.563966	1.491111
19278	-1015.82	-1227.76	211.9401	1.857904	0.651273	0.222573	0.777427	1.258648
19284	-1023.489	-1234.627	211.138	2.150184	1.038151	0.502268	0.497732	1.312991
19290	-1002.513	-1214.057	211.5443	2.049685	0.8911438	0.502268	0.497732	1.183938
19296	-1010.399	-1221.915	211.5167	1.908066	0.6814132	0.444536	0.555464	1.518909
19302	-1014.151	-1225.314	211.1634	1.908066	0.7452149	0.568789	0.431211	1.715502
19308	-1006.191	-1216.726	210.535	1.908066	0.8876901	0.568789	0.431211	2.031175
19314	-1012.312	-1222.443	210.1304	1.661577	1.16834	0.403382	0.596618	2.275508
19320	-1014.761	-1226.406	211.6455	2.163934	0.7000285	0.3504	0.6496	1.19405
19326	-1021.056	-1231.635	210.5787	1.937215	0.7933606	0.380607	0.619393	2.054078
19332	-1019.092	-1229.682	210.59	1.672631	0.6211605	0.582133	0.417867	2.362073
19338	-1022.929	-1233.937	211.008	1.646126	0.8433896	0.402502	0.597498	1.922916
19344	-1014.666	-1225.722	211.0562	1.653168	0.6883958	0.332233	0.667767	2.012784
19350	-1024.319	-1235.087	210.7677	1.629477	0.4545559	0.399584	0.600416	2.443126
19356	-1020.784	-1231.505	210.7214	1.571002	0.5166092	0.423676	0.576324	2.443126
19362	-1015.592	-1225.98	210.3885	1.478392	0.4688641	0.637463	0.362537	2.756021
19368	-1026.203	-1236.35	210.1475	1.476647	0.4918894	0.571569	0.428431	2.879791
19374	-1029.122	-1240.449	211.3271	1.646147	0.2953972	0.484799	0.515201	2.282527
19380	-1015.389	-1226.228	210.8383	1.72808	0.5133636	0.356121	0.643879	2.272592
19386	-1011.223	-1221.749	210.5253	1.724303	0.5736826	0.347843	0.652157	2.414141
19392	-1011.575	-1222.162	210.5864	1.702885	0.6265325	0.634257	0.365743	2.340355
19398	-1013.251	-1223.44	210.189	1.593768	0.5475881	0.4014	0.5986	2.728708
19404	-1032.902	-1242.508	209.6052	1.529397	0.4738347	0.337571	0.662429	3.191187
19410	-1025.104	-1234.273	209.1695	1.461901	0.8370274	0.410027	0.589973	3.191187
19416	-1026.694	-1235.195	208.5005	1.332959	0.4116017	0.460818	0.539182	4.012293
19422	-1032.633	-1240.819	208.1862	1.307546	0.5708697	0.451124	0.548876	4.053266
19428	-1019.752	-1228.75	208.9972	1.344247	0.4701986	0.373147	0.626853	3.659355
19434	-1008.191	-1216.566	208.3751	1.35391	0.7117667	0.422687	0.577313	3.806313
19440	-1016.69	-1226.097	209.4063	1.35391	0.4727693	0.507231	0.492769	3.412889
19446	-1023.546	-1232.795	209.2484	1.540705	0.4727693	0.499402	0.500598	3.395947
19452	-1041.523	-1250.924	209.4006	1.540705	0.5837491	0.594647	0.405353	3.202018
19458	-1041.424	-1250.127	208.703	1.474422	0.6603308	0.476998	0.523002	3.586333
19464	-1004.033	-1215.621	211.5885	1.908507	0.5618246	0.444493	0.555507	1.59086
19470	-1016.505	-1228.3	211.795	1.908507	0.6014096	0.461663	0.538337	1.391134
19476	-1016.962	-1228.64	211.6775	1.955443	0.6014096	0.461663	0.538337	1.445595
19482	-1014.764	-1225.775	211.011	1.795013	0.5919772	0.301678	0.698322	2.037577
19488	-1022.613	-1234.089	211.476	1.865093	0.3001167	0.351481	0.648519	2.03588
19494	-1023.51	-1235.216	211.7066	1.932924	0.5416311	0.349149	0.650851	1.508651
19500	-1015.84	-1227.425	211.5854	2.003759	0.4166727	0.496162	0.503838	1.70039
19506	-1012.583	-1224.311	211.7272	1.862973	0.4078578	0.454095	0.545905	1.711472
19512	-1005.985	-1217.281	211.2957	1.850435	0.612927	0.494868	0.505132	1.786579
19518	-1020.691	-1232.276	211.5852	1.87872	0.5607933	0.733164	0.266836	1.616022
19524	-1023.576	-1235.644	212.0682	1.867879	0.5440494	0.428217	0.571783	1.273978
19530	-1015.633	-1226.65	211.0169	2.076443	1.26069	0.362598	0.637402	1.308199
19536	-1011.564	-1222.437	210.8735	2.076443	1.440648	0.544746	0.455254	1.308199
19542	-1005.874	-1217.575	211.7006	2.234637	0.705996	0.459217	0.540783	1.074525
19548	-996.1669	-1207.768	211.6011	2.210863	0.8229944	0.459217	0.540783	1.056076
19554	-989.3247	-1200.639	211.3145	2.409628	1.125404	0.510745	0.489255	0.8161156
19560	-993.3026	-1204.785	211.4823	2.368158	1.044759	0.343146	0.656854	0.745863
19566	-1002.897	-1214.043	211.1463	2.590733	1.273079	0.395418	0.604582	0.5165966
19572	-1016.284	-1227.771	211.4867	2.523692	0.976107	0.376555	0.623445	0.4963895
19578	-1009.143	-1220.627	211.4836	2.523692	0.976107	0.462713	0.537287	0.5403059
19584	-997.6104	-1209.076	211.4657	2.523692	0.9723237	0.452668	0.547332	0.6198675
19590	-1012.317	-1223.586	211.2689	2.523692	1.179972	0.442114	0.557886	0.6198675
19596	-1014.815	-1226.835	212.0199	2.357857	0.5534376	0.663294	0.336706	0.8340688
19602	-1008.169	-1219.857	211.6878	2.593294	0.6944562	0.674297	0.325703	0.6812303
19608	-1014.679	-1226.082	211.4029	2.40387	0.9509242	0.728053	0.271947	0.9192223
19614	-1002.063	-1213.816	211.7524	2.418859	0.785477	0.728053	0.271947	0.6735911
19620	-1009.599	-1220.615	211.0164	2.418859	1.412484	0.425941	0.574059	0.8754239
19626	-1014.924	-1226.22	211.2962	2.437974	1.080658	0.447242	0.552758	0.8554112
19632	-1008.481	-1220.109	211.6288	2.303803	0.8576136	0.447242	0.552758	0.8911331
19638	-996.786	-1208.525	211.7392	2.350053	0.7479543	0.438779	0.561221	0.8591431
19644	-1007.861	-1219.269	211.408	2.293324	0.9817324	0.448767	0.551233	0.9965168
19650	-1016.007	-1226.874	210.8678	2.388308	1.568111	0.503279	0.496721	0.9467264
19656	-1014.529	-1226.149	211.6201	2.336444	0.958627	0.503279	0.496721	0.7140529
19662	-1006.112	-1217.674	211.5621	2.290642	0.9347477	0.36454	0.63546	0.8866562
19668	-1014.017	-1225.311	211.2944	2.263534	1.167001	0.603923	0.396077	0.9634568
19674	-1013.896	-1225.376	211.4799	2.307141	1.021435	0.475217	0.524783	0.8603927
19680	-999.6596	-1210.311	210.6517	2.307141	1.869334	0.456952	0.543048	1.045101
19686	-1005.14	-1216.387	211.2472	2.307141	1.329592	0.438705	0.561295	0.8092013
19692	-1006.621	-1218.566	211.9446	2.286634	0.6989554	0.52296	0.47704	0.7538996
19698	-1015.472	-1227.302	211.8305	2.183984	0.7036573	0.710394	0.289606	1.000994
19704	-1007.869	-1219.271	211.4021	2.283205	1.017567	0.633586	0.366414	0.9764368
19710	-1004.345	-1215.566	211.2204	2.358614	1.28055	0.474499	0.525501	0.8289395
19716	-1009.225	-1220.851	211.6262	2.362635	0.9261671	0.461521	0.538479	0.7167684
19722	-999.2432	-1211.301	212.0578	2.291072	0.6295394	0.208439	0.791561	0.7167684
19728	-994.472	-1206.374	211.9021	2.309869	0.6970253	0.582166	0.417834	0.7851291
19734	-993.5808	-1205.306	211.7249	2.309869	0.8895755	0.4392	0.5608	0.7056699
19740	-1003.933	-1215.821	211.8879	2.260585	0.7784191	0.535144	0.464856	0.7282703
19746	-1005.59	-1217.383	211.7927	2.376537	0.7784191	0.569911	0.430089	0.6932301
19752	-1015.622	-1226.987	211.3652	2.515129	1.108179	0.54751	0.45249	0.5314611
19758	-1012.797	-1224.113	211.3157	2.515129	1.108179	0.419046	0.580954	0.677869
19764	-1006.629	-1217.938	211.3083	2.515129	1.108179	0.488304	0.511696	0.6916382
19770	-992.613	-1204.495	211.8821	2.421546	0.705741	0.346004	0.653996	0.5948708
19776	-989.9277	-1201.663	211.7349	2.375458	0.8218713	0.443818	0.556182	0.7065844
19782	-993.956	-1205.757	211.8005	2.408278	0.7399385	0.530668	0.469332	0.7065844
19788	-1011.953	-1224.066	212.1128	2.174633	0.6028551	0.41889	0.58111	0.8542464
19794	-1010.489	-1222.532	212.043	2.19028	0.5191906	0.408218	0.591782	1.046877
19800	-1016.101	-1227.897	211.7959	2.240978	0.71556	0.407214	0.592786	0.9625529
19806	-1005.813	-1217.573	211.7608	2.06324	0.7961211	0.292275	0.707725	1.0743
19812	-1007.501	-1219.17	211.6691	2.06324	0.7739782	0.374054	0.625946	1.180553
19818	-999.595	-1211.002	211.4072	1.975423	0.854026	0.535847	0.464153	1.39064
19824	-1012.968	-1224.31	211.342	1.970845	1.231643	0.35858	0.64142	1.143415
19830	-1013.962	-1225.891	211.9287	2.018462	0.6794216	0.438667	0.561333	1.095829
19836	-1004.79	-1216.915	212.1257	2.013497	0.6794216	0.55184	0.44816	0.9030729
19842	-1013.303	-1225.154	211.8515	2.117071	0.9510063	0.485521	0.514479	0.7071551
19848	-1004.862	-1216.944	212.0816	2.120977	0.7146654	0.567485	0.432515	0.7662221
19854	-1009.932	-1222.31	212.3785	2.114327	0.5128094	0.567485	0.432515	0.7662221
19860	-1006.736	-1218.922	212.1868	2.039392	0.5128094	0.569363	0.430637	1.063422
19866	-1017.824	-1229.345	211.521	1.762206	1.085514	0.395358	0.604642	1.280201
19872	-1036.926	-1248.197	211.2707	1.69638	0.3173046	0.485964	0.514036	2.254168
19878	-1015.772	-1226.913	211.1413	1.671099	0.3726858	0.495577	0.504423	2.277723
19884	-1017.535	-1228.466	210.9309	1.671099	0.5584406	0.442067	0.557933	2.203959
19890	-1017.208	-1228.122	210.9142	1.728015	0.4547467	0.481733	0.518267	2.287545
19896	-1004.829	-1215.793	210.9644	1.765993	0.6571892	0.321094	0.678906	2.026601
19902	-1013.812	-1225.324	211.5126	1.763655	0.6371375	0.305016	0.694984	1.670982
19908	-1012.137	-1223.276	211.1384	1.791558	0.6794572	0.429867	0.570133	1.872172
19914	-1008.616	-1220.132	211.5162	1.966345	0.5251611	0.522361	0.477639	1.642733
19920	-1017.657	-1228.577	210.92	1.894817	0.8108442	0.675709	0.324291	1.839008
19926	-1047.618	-1258.725	211.1071	1.879529	0.4853919	0.43566	0.56434	2.028885
19932	-1024.92	-1235.759	210.8397	1.692309	0.6720919	0.520438	0.479562	2.143852
19938	-1017.426	-1227.897	210.4717	1.69717	0.7156637	0.306152	0.693848	2.340816
19944	-1014.41	-1224.73	210.3198	1.489676	0.3849212	0.507424	0.492576	2.885155
19950	-1024.605	-1235.571	210.9657	1.824563	0.5051164	0.431503	0.568497	2.136481
19956	-1018.287	-1229.238	210.9511	1.547863	0.4637007	0.56034	0.43966	2.36876
19962	-1021.935	-1232.125	210.1895	1.851361	0.8585239	0.486028	0.513972	2.313471
19968	-1013.798	-1225.316	211.5177	1.622043	0.3861111	0.54497	0.45503	2.047368
19974	-1011.19	-1222.506	211.316	1.841481	0.7884965	0.464686	0.535314	1.616389
19980	-1006.788	-1217.359	210.5707	1.841481	0.6411481	0.585967	0.414033	2.248692
19986	-1015.568	-1226.91	211.3425	1.70253	0.6411481	0.585967	0.414033	1.829006
19992	-1014.869	-1226.721	211.8515	2.057588	0.5322411	0.452628	0.547372	1.311104
19998	-1016.157	-1227.872	211.7149	2.13655	0.6763051	0.501049	0.498951	1.184784
20004	-992.2533	-1204.015	211.7616	1.885501	0.6763051	0.444725	0.555275	1.353492
20010	-1002.39	-1213.82	211.4304	2.085368	0.5983736	0.438279	0.561721	1.537093
20016	-1011.805	-1223.227	211.4214	2.085368	0.533089	0.535245	0.464755	1.616147
20022	-1011.84	-1223.409	211.5695	1.919237	0.5754966	0.483766	0.516234	1.581811
20028	-1020.917	-1232.278	211.3606	1.796368	0.4549205	0.505277	0.494723	1.950247
20034	-1026.692	-1237.532	210.8392	1.763274	0.4188292	0.561559	0.438441	2.354455
20040	-1012.486	-1223.689	211.2031	1.777893	0.4188292	0.363058	0.636942	2.110465
20046	-1031.227	-1241.121	209.8942	1.596996	0.8118031	0.546071	0.453929	2.690511
20052	-1028.756	-1240.296	211.5401	1.828021	0.7191348	0.435756	0.564244	1.524606
20058	-1033.154	-1243.963	210.8092	1.753417	0.9280088	0.445993	0.554007	1.922139
20064	-1034.453	-1246.095	211.6415	1.918153	0.6905689	0.39914	0.60086	1.407296
20070	-1019.066	-1230.68	211.6143	1.889566	0.6905689	0.469846	0.530154	1.45017
20076	-1029.523	-1241.285	211.7621	2.029793	0.7862367	0.354024	0.645976	1.114713
20082	-1011.956	-1223.479	211.5221	2.029793	0.7203064	0.583261	0.416739	1.383362
20088	-1014.234	-1225.201	210.9677	2.030163	1.261916	0.478218	0.521782	1.383362
20094	-1010.086	-1221.455	211.3694	2.065038	1.044099	0.291636	0.708364	1.186155
20100	-1021.358	-1232.508	211.1496	2.010597	1.029162	0.389693	0.610307	1.420784
20106	-1029.824	-1240.799	210.9757	1.955791	1.01894	0.384802	0.615198	1.599386
20112	-1017.59	-1229.214	211.6237	1.931069	0.5102646	0.384802	0.615198	1.607969
20118	-1023.462	-1235.082	211.6193	1.804205	0.4991155	0.627638	0.372362	1.714911
20124	-1025.12	-1236.517	211.3972	1.904748	0.5561133	0.417879	0.582121	1.736604
20130	-1029.262	-1240.536	211.2741	1.929424	0.4282061	0.417879	0.582121	1.951344
20136	-1019.449	-1230.902	211.4531	1.674234	0.3442172	0.466774	0.533226	2.112018
20142	-1018.631	-1230.031	211.4004	1.929328	0.5085909	0.445124	0.554876	1.769781
20148	-1015.422	-1226.328	210.9057	1.697656	0.9069282	0.409221	0.590779	1.909793
20154	-1026.866	-1237.703	210.8373	1.697656	0.5893485	0.528744	0.471256	2.217287
20160	-1028.277	-1238.31	210.0336	1.579389	0.5893485	0.53607	0.46393	2.793813
20166	-1024.909	-1235.416	210.507	1.916165	0.8556467	0.53607	0.46393	2.067829
20172	-1019.185	-1230.834	211.649	1.70836	0.7850074	0.367866	0.632134	1.471581
20178	-1017.575	-1228.541	210.9664	1.70836	0.9406402	0.678512	0.321488	1.83669
20184	-1019.702	-1230.65	210.9478	1.670785	1.002595	0.589324	0.410676	1.831803
20190	-1019.121	-1230.156	211.0355	1.849571	0.9352002	0.413787	0.586213	1.693959
20196	-1039.743	-1251.015	211.2725	1.65147	0.9171686	0.470189	0.529811	1.679846
20202	-1018.714	-1229.59	210.8762	1.630655	1.023219	0.288811	0.711189	1.894209
20208	-1021.954	-1232.254	210.3003	1.803592	1.179942	0.360937	0.639063	2.066197
20214	-1017.66	-1228.574	210.914	1.741873	0.6459551	0.343207	0.656793	2.085973
20220	-1031.216	-1242.889	211.6729	1.692925	0.5030862	0.377354	0.622646	1.750833
20226	-1025.219	-1236.626	211.407	1.90133	0.4459362	0.52459	0.47541	1.858474
20232	-1022.79	-1233.563	210.7724	1.685899	0.6402572	0.424855	0.575145	2.219788
20238	-1030.082	-1240.713	210.6314	1.685899	0.4765168	0.483927	0.516073	2.469355
20244	-1024.907	-1235.906	210.9989	1.685899	0.3838614	0.343625	0.656375	2.344887
20250	-1020.158	-1230.789	210.6307	1.806694	0.6952452	0.33962	0.66038	2.185393
20256	-1027.479	-1237.878	210.399	1.901614	0.8703732	0.4713	0.5287	2.13741
20262	-1023.794	-1235.762	211.9685	1.95466	0.5560117	0.457344	0.542656	1.269313
20268	-1025.225	-1237.033	211.8079	2.087325	0.6140462	0.315705	0.684295	1.220853
20274	-1025.923	-1237.898	211.9752	2.189652	0.6114276	0.381361	0.618639	0.9760114
20280	-1042.779	-1253.945	211.1661	1.9908	0.6640748	0.461307	0.538693	1.729363
20286	-1043.049	-1253.891	210.8419	2.052812	0.8195192	0.419772	0.580228	1.776805
20292	-1030.073	-1241.761	211.6881	2.710044	0.6085919	0.524218	0.475782	0.6826707
20298	-1031.739	-1242.963	211.2235	2.710044	1.044757	0.26211	0.73789	0.5689226
20304	-1022.083	-1234.046	211.9633	2.181911	0.3707441	0.234973	0.765027	1.352765
20310	-1032.687	-1244.671	211.9837	2.218577	0.3203796	0.378172	0.621828	1.39217
20316	-1030.679	-1241.017	210.3383	2.334386	0.7633384	0.395113	0.604887	1.973857
20322	-1045.538	-1256.968	211.4298	2.334386	0.5940219	0.455582	0.544418	1.351836
20328	-1043.15	-1254.703	211.5535	2.403667	0.4438489	0.455582	0.544418	1.391045
20334	-1060.362	-1271.299	210.9371	2.068024	0.4614893	0.551407	0.448593	2.043883
20340	-1055.979	-1267.415	211.4353	2.024826	0.3753583	0.570003	0.429997	1.846121
20346	-1054.235	-1265.663	211.4286	1.895116	0.4440414	0.302012	0.697988	1.850249
20352	-1044.128	-1255.265	211.1369	1.895116	0.4230568	0.533427	0.466573	2.071767
20358	-1047.812	-1258.901	211.0888	2.20388	0.6583917	0.406268	0.593732	1.638226
20364	-1017.84	-1229.357	211.5164	2.094121	0.4341354	0.406268	0.593732	1.662263
20370	-1015.021	-1226.821	211.8	2.094121	0.4341354	0.485173	0.514827	1.453248
20376	-1017.308	-1229.225	211.9171	2.114403	0.3551395	0.581271	0.418729	1.465855
20382	-1014.537	-1226.042	211.5054	1.846364	0.5970743	0.602863	0.397137	1.657806
20388	-1004.215	-1215.287	211.072	1.801591	0.5311363	0.491494	0.508506	2.054223
20394	-1009.702	-1221.043	211.3405	1.989009	0.4276564	0.373993	0.626007	1.866691
20400	-1024.876	-1235.987	211.1106	1.768306	0.3565337	0.310347	0.689653	2.256332
20406	-1014.864	-1225.799	210.9349	1.768306	0.6294965	0.624817	0.375183	2.069905
20412	-1024.17	-1234.492	210.3222	1.726007	0.3854911	0.601781	0.398219	2.739315
20418	-1015.057	-1226.006	210.949	1.544264	0.3735771	0.395478	0.604522	2.478671
20424	-1034.986	-1245.67	210.6838	1.813	0.4005012	0.296565	0.703435	2.443144
20430	-1031.764	-1242.464	210.7007	1.952072	0.829351	0.397022	0.602978	1.934676
20436	-1019.268	-1229.801	210.5328	1.684207	0.7404998	0.476533	0.523467	2.290096
20442	-1033.604	-1242.631	209.0266	1.441465	0.7972221	0.378806	0.621194	3.315043
20448	-1031.486	-1240.973	209.4873	1.501168	0.3330793	0.378806	0.621194	3.436915
20454	-1030.588	-1241.876	211.2878	1.883771	0.395217	0.421854	0.578146	2.014368
20460	-1022.631	-1234.216	211.5849	1.910772	0.6435469	0.39409	0.60591	1.504248
20466	-1018.747	-1230.519	211.7713	2.282811	0.7370995	0.322741	0.677259	0.91494
20472	-1017.667	-1229.601	211.9337	2.246075	0.736032	0.371533	0.628467	0.7600352
20478	-1008.09	-1219.171	211.0811	2.351833	1.438621	0.428735	0.571265	0.8545461
20484	-1009.271	-1221	211.7295	2.351833	0.7273183	0.543733	0.456267	0.8982803
20490	-1014.365	-1226.171	211.8061	2.316629	0.747192	0.548735	0.451265	0.8188415
20496	-1024.524	-1236.288	211.7642	2.06744	0.9480289	0.357984	0.642016	0.8949081
20502	-1025.624	-1235.532	209.908	1.738772	0.5104645	0.511605	0.488395	2.847525
20508	-1018.13	-1228.825	210.6948	1.685965	0.7783903	0.362116	0.637884	2.154462
20514	-1008.778	-1219.673	210.895	1.897259	0.5639063	0.446694	0.553306	2.07436
20520	-1014.294	-1225.157	210.8635	1.928768	0.5639063	0.503959	0.496041	2.07436
20526	-1019.773	-1231.293	211.52	2.259281	0.5273352	0.503968	0.496032	1.419663
20532	-1015.591	-1227.237	211.6458	2.127647	0.5153262	0.686176	0.313824	1.438966
20538	-1009.366	-1220.911	211.5449	2.15919	0.5594596	0.367449	0.632551	1.438966
20544	-1010.122	-1221.83	211.7081	2.057797	0.6939649	0.479373	0.520627	1.237752
20550	-1014.167	-1225.882	211.7146	1.870703	0.7029457	0.463084	0.536916	1.374638
20556	-1008.785	-1220.165	211.3799	1.705379	0.4785257	0.511919	0.488081	1.970893
20562	-1014.144	-1225.662	211.5182	1.799113	0.8186834	0.543034	0.456966	1.471832
20568	-1017.81	-1229.42	211.61	1.799113	0.6119061	0.167688	0.832312	1.601002
20574	-1021.288	-1233.354	212.0655	1.7668	0.4336018	0.369477	0.630523	1.50075
20580	-1022.491	-1234.109	211.6183	1.820407	0.6893079	0.442501	0.557499	1.50075
20586	-1019.111	-1230.735	211.6237	1.692541	0.415528	0.442501	0.557499	1.891073
20592	-1016.973	-1228.666	211.6928	1.596863	0.5731271	0.395784	0.604216	1.727041
20598	-1011.857	-1223.558	211.7004	1.596863	0.4622255	0.533256	0.466744	1.846351
20604	-1015.178	-1225.717	210.539	1.672701	1.07166	0.475135	0.524865	2.060396
20610	-1026.802	-1237.648	210.8462	1.856102	1.344705	0.366611	0.633389	1.556104
20616	-1022.055	-1233.328	211.2731	2.019711	1.300672	0.366539	0.633461	1.109482
20622	-1020.389	-1231.66	211.2703	2.242364	1.300672	0.514352	0.485648	0.8885705
20628	-1011.243	-1223.031	211.7876	2.285908	0.8860035	0.454182	0.545818	0.6373196
20634	-1017.056	-1229.321	212.2656	2.335843	0.5029308	0.504833	0.495167	0.5853792
20640	-1000.879	-1212.885	212.0058	2.305138	0.6502334	0.418727	0.581273	0.7316105
20646	-1020.719	-1232.484	211.7653	2.446906	0.72913	0.640542	0.359458	0.7235322
20652	-1020.856	-1232.992	212.1357	2.284522	0.5940164	0.503653	0.496347	0.6809055
20658	-1022.049	-1234.052	212.0037	2.405866	0.5940164	0.397821	0.602179	0.7002644
20664	-1058.074	-1269.154	211.0804	2.129516	1.017787	0.60237	0.39763	1.390924
20670	-1048.634	-1258.629	209.9954	2.182503	1.657115	0.597228	0.402772	1.76692
20676	-1046.22	-1257.791	211.5714	1.884422	0.4090053	0.503701	0.496299	1.803826
20682	-1035.214	-1246.476	211.2612	1.813255	0.4090053	0.503701	0.496299	2.061197
20688	-1051.092	-1262.876	211.7844	1.836064	0.4308217	0.36432	0.63568	1.659419
20694	-1038.87	-1250.091	211.2203	1.983765	0.6212656	0.460712	0.539288	1.737887
20700	-1050.704	-1262.2	211.4962	1.983765	0.9725579	0.488765	0.511235	1.208147
20706	-1051.604	-1263	211.3961	2.011739	0.9434068	0.483702	0.516298	1.293349
20712	-1032.415	-1243.725	211.3098	1.948848	0.5203631	0.24076	0.75924	1.805875
20718	-1020.022	-1230.993	210.9708	1.930692	0.8579642	0.320149	0.679851	1.741501
20724	-1034.174	-1244.937	210.7632	1.722738	0.8579642	0.581105	0.418895	2.024568
20730	-1031.356	-1242.152	210.7964	1.861049	1.095642	0.330315	0.669685	1.742482
20736	-1039.022	-1250.495	211.4735	1.852132	0.7821302	0.436672	0.563328	1.498078
20742	-1028.786	-1239.995	211.2096	1.90712	0.971085	0.458683	0.541317	1.498078
20748	-1019.183	-1230.966	211.7831	1.970769	0.6798316	0.478528	0.521472	1.263312
20754	-1014.347	-1225.971	211.6244	1.809825	0.6561479	0.352384	0.647616	1.537151
20760	-1024.489	-1236.131	211.6411	1.694268	0.7315897	0.441426	0.558574	1.537151
20766	-1022.574	-1233.328	210.7534	1.633056	0.9846192	0.484974	0.515026	2.001052
20772	-1017.007	-1228.741	211.734	1.796174	0.6572488	0.353923	0.646077	1.464088
20778	-1022.212	-1233.922	211.7094	2.000976	0.6922046	0.5586	0.4414	1.285627
20784	-1022.903	-1234.549	211.6456	1.945567	0.8160968	0.578341	0.421659	1.257855
20790	-1021.628	-1233.069	211.4413	2.043336	0.9987459	0.239036	0.760964	1.181382
20796	-1016.98	-1228.775	211.7949	2.043336	0.689228	0.412645	0.587355	1.181382
20802	-1011.259	-1222.201	210.9419	1.990814	0.8331072	0.396866	0.603134	1.73932
20808	-1010.33	-1221.065	210.7351	2.012182	1.007034	0.436363	0.563637	1.73932
20814	-1013.559	-1224.766	211.2071	1.790981	0.4381087	0.437097	0.562903	2.075973
20820	-1015.12	-1226.208	211.0884	1.764768	0.6295219	0.526846	0.473154	1.97021
20826	-1018.147	-1229.785	211.6382	1.981886	0.976875	0.526846	0.473154	1.07968
20832	-1025.292	-1237.471	212.1788	2.103796	0.5522927	0.461878	0.538122	0.9449397
20838	-1025.695	-1237.385	211.6899	2.102619	0.749688	0.446606	0.553394	1.153908
20844	-1009.062	-1220.677	211.6146	1.976018	0.4944542	0.483025	0.516975	1.600794
20850	-1034.75	-1246.237	211.487	1.976018	0.4944542	0.523718	0.476282	1.692481
20856	-1036.149	-1247.481	211.3317	1.932943	0.4650102	0.457743	0.542257	1.865333
20862	-1018.753	-1230.419	211.6665	2.057149	0.6916468	0.428018	0.571982	1.27537
20868	-1026.392	-1237.915	211.5225	2.027557	0.6916468	0.564159	0.435841	1.413588
20874	-1037.279	-1248.754	211.4744	2.075719	0.6916468	0.625566	0.374434	1.413588
20880	-1026.254	-1237.93	211.6769	1.889643	0.6404139	0.664178	0.335822	1.454051
20886	-1034.846	-1246.497	211.6507	1.78341	0.4776809	0.432558	0.567442	1.732854
20892	-1040.91	-1252.18	211.2701	1.908148	0.8655766	0.402699	0.597301	1.536125
20898	-1027.501	-1238.799	211.2984	1.883221	0.5124534	0.301596	0.698404	1.867594
20904	-1052.489	-1264.385	211.8953	2.010291	0.469807	0.501209	0.498791	1.395667
20910	-1036.533	-1246.067	209.5342	1.627267	1.161639	0.491686	0.508314	2.674545
20916	-1043.083	-1254.086	211.0024	1.715395	0.6744659	0.504986	0.495014	2.019466
20922	-1054.141	-1264.678	210.5363	1.850977	1.022361	0.541548	0.458452	1.975358
20928	-1044.054	-1255.006	210.952	1.954006	1.141591	0.578887	0.421113	1.533037
20934	-1035.416	-1246.404	210.9884	1.734027	0.5815636	0.499461	0.500539	2.10281
20940	-1023.349	-1234.685	211.3361	2.215124	1.116491	0.475971	0.524029	1.016408
20946	-1011.154	-1222.849	211.695	2.062833	0.995819	0.472504	0.527496	0.9226895
20952	-1021.932	-1233.619	211.6865	2.136081	0.995819	0.594218	0.405782	0.8482502
20958	-1022.575	-1234.43	211.8554	2.181349	0.8182561	0.366106	0.633894	0.8197339
20964	-1029.118	-1240.585	211.4669	2.387412	0.9869142	0.48823	0.51177	0.8197339
20970	-1029.231	-1240.42	211.1894	2.372883	1.3316	0.539158	0.460842	0.796555
20976	-1034.246	-1246.117	211.871	2.305605	0.6896058	0.549283	0.450717	0.8435805
20982	-1030.269	-1242.026	211.7571	2.263984	0.9172488	0.374282	0.625718	0.6765219
20988	-1027.748	-1239.915	212.1664	2.247021	0.5772242	0.466988	0.533012	0.734929
20994	-1030.356	-1241.775	211.419	2.174405	0.5966103	0.554673	0.445327	1.480964
21000	-1033.114	-1243.501	210.3864	2.646619	2.36128	0.552749	0.447251	0.5307174
21006	-1030.391	-1241.367	210.9761	2.600657	1.453326	0.491517	0.508483	0.6014841
21012	-1032.732	-1244.272	211.5399	2.44501	0.9927341	0.555974	0.444026	0.5688168
21018	-1008.669	-1219.947	211.2782	2.535248	1.17459	0.343126	0.656874	0.5688168
21024	-1004.118	-1215.612	211.4941	2.29721	1.17459	0.430819	0.569181	0.6345299
21030	-1016.629	-1228.418	211.7887	2.287214	0.8493905	0.384519	0.615481	0.7115234
21036	-1022.13	-1233.695	211.5642	2.44399	0.9181817	0.328775	0.671225	0.6983857
21042	-1008.565	-1220.043	211.4779	2.44399	1.055754	0.531708	0.468292	0.5731554
21048	-1010.231	-1221.896	211.6646	2.449451	0.8720138	0.580744	0.419256	0.5609743
21054	-1012.386	-1224.166	211.7801	2.304197	0.8079314	0.435206	0.564794	0.7719451
21060	-1020.031	-1231.547	211.5161	2.176626	1.169845	0.500199	0.499801	0.8047646
21066	-1019.967	-1231.885	211.9182	2.062862	0.8330139	0.706201	0.293799	0.8672885
21072	-1018.2	-1230.134	211.9339	2.062862	0.7776247	0.649029	0.350971	0.9232258
21078	-1008.521	-1219.946	211.4244	2.154614	1.096895	0.451754	0.548246	1.006902
21084	-1012.756	-1224.544	211.7872	1.95078	0.7401174	0.478638	0.521362	1.211445
21090	-1010.041	-1221.548	211.507	1.95078	0.9805692	0.37061	0.62939	1.220075
21096	-1006.04	-1216.866	210.8259	2.084784	1.350036	0.515879	0.484121	1.395197
21102	-1020.781	-1231.931	211.1496	2.047083	1.02565	0.429385	0.570615	1.395197
21108	-1007.912	-1219.529	211.6171	2.047083	0.8251154	0.451331	0.548669	1.187241
21114	-1001.778	-1212.404	210.6258	2.141917	1.281021	0.483726	0.516274	1.546032
21120	-1014.752	-1226.307	211.555	1.938916	0.6552622	0.562642	0.437358	1.493528
21126	-1030.491	-1241.928	211.4373	2.019941	0.6768914	0.521826	0.478174	1.499186
21132	-1026.698	-1238.175	211.4771	2.365088	0.7933251	0.422063	0.577937	1.060312
21138	-1028.674	-1240.462	211.7871	2.245731	0.6806595	0.474359	0.525641	1.012718
21144	-1025.415	-1237.245	211.8302	2.415209	0.6456283	0.289937	0.710063	0.8316968
21150	-1035.335	-1246.923	211.5883	2.342447	0.8786347	0.46877	0.53123	0.8661195
21156	-1027.5	-1239.052	211.5515	2.293932	0.9062402	0.46877	0.53123	0.9286209
21162	-1025.409	-1236.922	211.5131	2.301912	1.048211	0.524208	0.475792	0.7917722
21168	-1023.861	-1235.17	211.3092	2.246343	1.234946	0.524208	0.475792	0.9022278
21174	-1020.755	-1232.135	211.3797	2.40295	1.188548	0.490008	0.509992	0.6258033
21180	-1021.407	-1233.165	211.7577	2.351343	0.7844717	0.623556	0.376444	0.7762857
21186	-1017.421	-1228.932	211.5112	2.38123	1.007738	0.274198	0.725802	0.7372446
21192	-1028.665	-1240.151	211.4858	2.38123	1.024456	0.463058	0.536942	0.7507758
21198	-1011.065	-1222.635	211.5706	2.302507	1.018245	0.349374	0.650626	0.7507758
21204	-1021.969	-1233.505	211.5361	2.342937	1.030761	0.501977	0.498023	0.7224832
21210	-1027.153	-1238.875	211.7227	2.339512	0.8557117	0.433653	0.566347	0.7224832
21216	-1029.916	-1241.859	211.9421	2.339512	0.6827723	0.288231	0.711769	0.7078486
21222	-1023.46	-1235.22	211.7594	2.428153	0.806172	0.620645	0.379355	0.567785
21228	-1018.583	-1230.154	211.5706	2.477736	0.9147622	0.450283	0.549717	0.6230247
21234	-1017.629	-1228.929	211.3005	2.567303	1.104987	0.478335	0.521665	0.5993545
21240	-1015.336	-1226.659	211.3236	2.544111	1.104987	0.476916	0.523084	0.5993545
21246	-1030.993	-1242.099	211.1061	2.544111	1.355691	0.459147	0.540853	0.607339
21252	-1017.054	-1228.414	211.3602	2.544111	1.083429	0.303727	0.696273	0.5237839
21258	-1022.156	-1233.559	211.4031	2.560038	1.006165	0.354178	0.645822	0.5979447
21264	-1014.83	-1226.218	211.3884	2.545123	1.045024	0.491144	0.508856	0.5680194
21270	-1013.724	-1225.166	211.4421	2.545123	0.9986666	0.491144	0.508856	0.5141847
21276	-1019.626	-1231.365	211.7383	2.655444	0.6490649	0.336106	0.663894	0.5276042
21282	-1006.075	-1217.57	211.4942	2.730276	0.7727481	0.639021	0.360979	0.4285643
21288	-1008.438	-1219.902	211.464	2.614677	0.9002885	0.538622	0.461378	0.4285643
21294	-1013.528	-1224.985	211.4568	2.629026	0.9002885	0.538622	0.461378	0.5470023
21300	-1010.913	-1222.728	211.8154	2.580031	0.6224453	0.550594	0.449406	0.6484151
21306	-1018.81	-1230.335	211.5255	2.463715	0.9906311	0.534811	0.465189	0.5592611
21312	-1026.96	-1238.453	211.4934	2.343506	1.088674	0.487479	0.512521	0.6999739
21318	-1023.589	-1235.326	211.7369	2.320806	0.871775	0.402807	0.597193	0.6999739
21324	-1015.193	-1226.918	211.7244	2.296723	0.8855427	0.400726	0.599274	0.7353054
21330	-1010.351	-1222.048	211.6978	2.296723	0.8855427	0.422592	0.577408	0.7746425
21336	-1015.222	-1227.25	212.0277	2.08771	0.6250424	0.428923	0.571077	1.006385
21342	-1011.219	-1222.925	211.7058	2.19754	0.7917172	0.567966	0.432034	1.002823
21348	-1021.419	-1233.32	211.9008	2.121654	0.7226872	0.59215	0.40785	0.9680899
21354	-1031.615	-1243.4	211.7854	2.035683	0.8670565	0.368816	0.631184	0.9985119
21360	-1007.745	-1219.656	211.9114	2.073042	0.6784266	0.425132	0.574868	1.062336
21366	-1020.66	-1232.576	211.9162	1.87428	0.7695613	0.404762	0.595238	1.134096
21372	-1014.449	-1226.172	211.7229	1.78893	0.6129542	0.455877	0.544123	1.524388
21378	-1019.915	-1231.289	211.3739	1.914017	0.852193	0.364688	0.635312	1.465127
21384	-1012.423	-1224.101	211.6779	2.143887	0.852193	0.494338	0.505662	1.014302
21390	-1003.579	-1215.236	211.6569	2.268543	0.9075858	0.200148	0.799852	0.8343268
21396	-1006.103	-1217.858	211.7556	2.024821	0.8087115	0.595373	0.404627	1.100949
21402	-1009.936	-1221.674	211.7381	2.024821	0.6256292	0.412524	0.587476	1.316471
21408	-1019.857	-1231.443	211.5855	2.224793	0.7506607	0.416565	0.583435	1.137061
21414	-1009.27	-1221.031	211.7605	2.224793	0.8208329	0.377639	0.622361	0.8787138
21420	-1015.952	-1227.533	211.5806	2.195061	0.9283037	0.567583	0.432417	0.9771978
21426	-1004.87	-1216.279	211.4091	2.255222	0.9267956	0.274179	0.725821	1.086823
21432	-993.0424	-1205.087	212.0447	2.002375	0.6140034	0.525752	0.474248	1.086823
21438	-1008.383	-1219.882	211.4988	2.002375	0.519274	0.23766	0.76234	1.636107
21444	-1014.081	-1225.371	211.2904	1.940698	0.519274	0.338925	0.661075	1.826077
21450	-1016.716	-1229.061	212.345	1.988173	0.4983212	0.342212	0.657788	0.9819921
21456	-1016.804	-1228.817	212.0138	1.997076	0.6764898	0.548009	0.451991	1.039516
21462	-1015.028	-1226.464	211.4355	2.121998	0.9792899	0.414316	0.585684	1.13448
21468	-1010.441	-1222.646	212.205	2.177509	0.5381011	0.617504	0.382496	0.8573292
21474	-1017.713	-1227.931	210.2174	2.108284	1.528322	0.476219	0.523781	1.726654
21480	-1021.754	-1232.654	210.8999	1.918178	0.9540756	0.56448	0.43552	1.727356
21486	-1029.134	-1239.559	210.4253	1.961828	1.608431	0.519198	0.480802	1.642566
21492	-1033.229	-1243.917	210.6874	1.963622	1.422431	0.550636	0.449364	1.549118
21498	-1045.228	-1256.179	210.9512	1.930803	1.144118	0.597218	0.402782	1.549118
21504	-1029.005	-1239.836	210.8312	1.911184	1.363562	0.427358	0.572642	1.515244
21510	-1035.715	-1247.199	211.4837	2.085476	1.017672	0.575409	0.424591	1.088979
21516	-1019.08	-1230.102	211.0221	2.186072	1.263479	0.494408	0.505592	1.21099
21522	-1018.051	-1229.573	211.5218	1.895906	0.873599	0.617319	0.382681	1.345773
21528	-1014.118	-1225.303	211.1855	1.902611	0.9911483	0.449447	0.550553	1.504227
21534	-1022.966	-1234.392	211.4258	1.645579	0.4921779	0.509955	0.490045	1.964756
21540	-1037.039	-1248.755	211.716	1.70481	0.4921779	0.394537	0.605463	1.724942
21546	-1033.84	-1245.383	211.543	1.679733	0.676694	0.500589	0.499411	1.670735
21552	-1034.046	-1245.004	210.958	1.846369	1.176601	0.514059	0.485941	1.58479
21558	-1023.197	-1235.026	211.8295	1.815031	0.7314316	0.438646	0.561354	1.298212
21564	-1032.609	-1243.604	210.9959	1.830758	1.018932	0.476472	0.523528	1.674886
21570	-1022.571	-1233.822	211.2506	1.84019	0.7761432	0.476472	0.523528	1.674886
21576	-1016.261	-1226.859	210.5977	1.79965	0.7735026	0.476472	0.523528	2.147465
21582	-1023.409	-1234.167	210.7583	1.79965	0.4959745	0.305989	0.694011	2.29628
21588	-1008.759	-1220.485	211.7258	1.768503	0.490135	0.551047	0.448953	1.675362
21594	-1031.957	-1242.664	210.7072	1.749317	0.5453468	0.651436	0.348564	2.310359
21600	-1026.157	-1236.511	210.3543	1.69075	0.5513476	0.311834	0.688166	2.563383
21606	-1019.204	-1229.755	210.5514	1.776842	0.522734	0.591572	0.408428	2.414369
21612	-1022.086	-1231.652	209.5658	1.389709	0.4687584	0.562641	0.437359	3.30223
21618	-1027.693	-1236.419	208.7262	1.404012	0.5811859	0.37551	0.62449	3.678875
21624	-1035.459	-1243.944	208.4852	1.499077	0.762288	0.383885	0.616115	3.622252
21630	-1015.102	-1225.297	210.1953	1.671123	0.4027372	0.591863	0.408137	2.829643
21636	-1019.918	-1230.659	210.7408	1.671123	0.6568311	0.367978	0.632022	2.235032
21642	-1024.003	-1234.917	210.9133	1.732425	0.6180606	0.385345	0.614655	2.11827
21648	-1028.418	-1239.988	211.5707	1.623597	0.5930882	0.40834	0.59166	1.773105
21654	-1018.57	-1229.57	211	1.715237	0.4773093	0.52384	0.47616	2.215453
21660	-1015.509	-1225.514	210.0047	1.796843	0.7186008	0.52384	0.47616	2.569152
21666	-1018.026	-1228.624	210.5977	1.874168	0.8241025	0.431373	0.568627	2.059357
21672	-1018.662	-1229.483	210.8205	1.970621	0.9203191	0.338024	0.661976	1.771002
21678	-1018.274	-1229.527	211.2533	1.929275	0.660385	0.407088	0.592912	1.714793
21684	-1032.856	-1242.952	210.0958	1.656353	0.6346282	0.404858	0.595142	2.668888
21690	-1021.162	-1231.415	210.2526	1.690269	0.3897907	0.501373	0.498627	2.798407
21696	-1019.326	-1230.936	211.6091	1.708997	0.5535979	0.56366	0.43634	1.727916
21702	-1033.725	-1245.213	211.4878	1.761284	0.5535979	0.594901	0.405099	1.776226
21708	-1024.911	-1236.722	211.8104	1.714891	0.3847764	0.515011	0.484989	1.788201
21714	-1021.565	-1233.374	211.8084	1.786898	0.3847764	0.531931	0.468069	1.739397
21720	-1032.158	-1243.846	211.6877	1.963373	0.4823479	0.548213	0.451787	1.571515
21726	-1018.524	-1229.189	210.6655	1.757413	0.5637733	0.520613	0.479387	2.313687
21732	-1017.152	-1228.094	210.9421	1.783849	1.100712	0.506169	0.493831	1.69079
21738	-1011.969	-1222.757	210.7885	1.592722	0.5736136	0.495003	0.504997	2.330823
21744	-1013.28	-1224.413	211.1332	1.651647	0.5691964	0.639753	0.360247	2.073918
21750	-1027.612	-1238.512	210.8999	1.791077	0.4700061	0.518999	0.481001	2.239193
21756	-1018.684	-1229.896	211.2118	1.955332	0.7327817	0.546799	0.453201	1.658509
21762	-1026.494	-1237.922	211.4278	1.770897	0.7823496	0.490058	0.509942	1.591745
21768	-1026.498	-1238.28	211.7816	1.925127	0.5969493	0.544675	0.455325	1.393628
21774	-1009.69	-1221.202	211.5115	1.897682	0.4961536	0.516225	0.483775	1.728523
21780	-1008.397	-1219.667	211.27	1.92501	0.617645	0.652223	0.347777	1.747788
21786	-1023.018	-1234.243	211.2251	1.671623	0.3812335	0.55419	0.44581	2.212483
21792	-1024.602	-1235.906	211.3044	1.748373	0.6544747	0.539522	0.460478	1.811
21798	-1020.775	-1232.113	211.338	1.89511	0.5724966	0.258107	0.741893	1.767366
21804	-1022.769	-1234.097	211.3281	1.845015	0.6752887	0.6167	0.3833	1.707278
21810	-1012.313	-1223.381	211.0674	1.756539	0.9633757	0.472681	0.527319	1.716485
21816	-1012.457	-1223.9	211.4429	1.702049	0.7094086	0.301104	0.698896	1.695545
21822	-1005.054	-1216.384	211.3302	1.622264	0.6586209	0.585393	0.414607	1.875962
21828	-1008.774	-1219.71	210.9355	1.758834	0.7355552	0.536701	0.463299	1.982362
21834	-1010.837	-1222.568	211.7307	1.752325	0.7355552	0.431889	0.568111	1.421877
21840	-1012.313	-1223.651	211.3376	1.881871	0.9685588	0.506294	0.493706	1.421877
21846	-1013.892	-1225.329	211.4371	1.780073	0.9126427	0.506294	0.493706	1.468447
21852	-1011.979	-1223.364	211.3848	1.77702	0.6886981	0.595329	0.404671	1.702738
21858	-1019.883	-1231.349	211.4661	1.677283	0.6375234	0.40039	0.59961	1.764346
21864	-1017.804	-1229.057	211.2529	1.7666	0.4243757	0.530887	0.469113	2.078438
21870	-1026.806	-1238.079	211.2726	1.67141	0.521145	0.461971	0.538029	2.018147
21876	-1021.418	-1232.843	211.4247	1.606804	0.5535373	0.406633	0.593367	1.925399
21882	-1016.673	-1227.428	210.7545	1.922629	0.5693304	0.719403	0.280597	2.144407
21888	-1013.6	-1224.425	210.8248	1.874949	0.739652	0.615606	0.384394	1.975327
21894	-1006.093	-1216.67	210.5777	1.798064	0.4677612	0.50776	0.49224	2.442074
21900	-1018.945	-1229.693	210.7474	1.650047	0.4435388	0.441311	0.558689	2.455317
21906	-1008.413	-1219.578	211.1651	1.760011	0.4476411	0.592595	0.407405	2.112626
21912	-1015.679	-1226.591	210.9122	1.419629	0.4828772	0.428409	0.571591	2.453415
21918	-1035.211	-1244.905	209.6945	1.358077	0.4328911	0.428409	0.571591	3.28258
21924	-1020.323	-1230.636	210.3123	1.33116	0.4266273	0.46214	0.53786	2.937287
21930	-1023.34	-1233.131	209.7908	1.533785	0.4654632	0.604226	0.395774	3.086839
21936	-1007.338	-1217.349	210.0113	1.474702	0.5426348	0.502444	0.497556	2.913748
21942	-1019.424	-1229.865	210.4413	1.688758	0.5882696	0.502444	0.497556	2.475643
21948	-1026.417	-1236.832	210.4147	1.771487	0.5510403	0.406706	0.593294	2.475643
21954	-1039.421	-1250.811	211.3891	1.787785	0.4923311	0.295274	0.704726	1.893384
21960	-1035.42	-1247.401	211.9816	2.039821	0.3705778	0.276097	0.723903	1.449286
21966	-1038.098	-1249.824	211.7264	2.068077	0.4942873	0.443064	0.556936	1.449286
21972	-1018.784	-1230.423	211.639	1.756237	0.4368075	0.414967	0.585033	1.81001
21978	-1012.48	-1223.931	211.4509	1.883948	0.4709882	0.40235	0.59765	1.81001
21984	-1012.683	-1223.533	210.8502	1.687351	0.4860328	0.277287	0.722713	2.319943
21990	-1012.285	-1223.366	211.0812	1.774147	0.4719051	0.362744	0.637256	2.130478
21996	-1003.768	-1214.937	211.1687	1.895544	0.589562	0.362744	0.637256	1.866334
22002	-999.2194	-1210.581	211.3617	1.878042	0.5179237	0.466286	0.533714	1.821642
22008	-1025.645	-1236.368	210.723	1.573892	0.9168308	0.384009	0.615991	2.106816
22014	-1017.66	-1228.583	210.9229	1.842761	0.5730589	0.467577	0.532423	2.082741
22020	-1023.965	-1235.471	211.506	1.929568	0.4413127	0.627441	0.372559	1.776432
22026	-1018.268	-1229.523	211.2554	1.823903	0.7859606	0.658333	0.341667	1.674693
22032	-1030.126	-1241.505	211.3793	1.823903	0.7859606	0.658333	0.341667	1.585321
22038	-1008.304	-1218.994	210.6897	1.825284	0.6406083	0.382176	0.617824	2.182785
22044	-1033.607	-1245.698	212.0915	2.430334	0.5614121	0.338257	0.661743	0.505951
22050	-1019.28	-1230.268	210.9887	1.945947	0.9003455	0.579656	0.420344	1.685148
22056	-1010.779	-1222.176	211.3969	2.090892	0.5882319	0.501607	0.498393	1.568652
22062	-1020.346	-1232.001	211.6552	1.853319	0.5824364	0.354642	0.645358	1.559739
22068	-1019.359	-1228.93	209.5706	1.85962	1.096315	0.345469	0.654531	2.545196
22074	-1021.69	-1232.367	210.6771	2.203072	1.094251	0.450957	0.549043	1.584142
22080	-1015.987	-1227.298	211.3111	2.203072	1.007729	0.41432	0.58568	1.147605
22086	-1026.637	-1238.069	211.4321	2.258884	0.8062152	0.557926	0.442074	1.18312
22092	-1024.08	-1235.435	211.3549	1.940219	0.4137799	0.375764	0.624236	1.907663
22098	-1013.447	-1224.983	211.5358	1.925311	0.3804178	0.564093	0.435907	1.83853
22104	-1012.722	-1223.856	211.1347	1.749457	0.5944775	0.511782	0.488218	1.98313
22110	-1007.837	-1219.264	211.4266	1.69498	0.3669119	0.611347	0.388653	2.084758
22116	-1001.526	-1212.487	210.9612	1.639802	0.279103	0.353913	0.646087	2.542012
22122	-1003.863	-1214.354	210.4918	1.690591	0.3467073	0.599735	0.400265	2.705701
22128	-1023.925	-1234.682	210.7568	1.486392	0.5831634	0.54082	0.45918	2.409273
22134	-1021.904	-1232.055	210.1507	1.637831	0.5126461	0.447562	0.552438	2.759067
22140	-1015.143	-1225.397	210.2544	1.638737	0.4510281	0.543923	0.456077	2.759067
22146	-1025.015	-1236.049	211.0345	1.578471	0.68994	0.390541	0.609459	2.075261
22152	-1031.416	-1242.185	210.769	1.705561	0.6980228	0.554652	0.445348	2.158951
22158	-1012.327	-1224.175	211.8483	2.070718	0.4300203	0.376907	0.623093	1.440004
22164	-1014.493	-1226.12	211.6273	2.065536	0.5470271	0.429594	0.570406	1.462129
22170	-1003.407	-1215.272	211.8652	1.966896	0.5470271	0.429594	0.570406	1.35414
22176	-1012.392	-1224.301	211.9093	1.975841	0.5244569	0.550486	0.449514	1.340209
22182	-1023.251	-1235.1	211.8499	2.01444	0.5244569	0.410159	0.589841	1.356797
22188	-1019.724	-1231.311	211.5871	2.050352	0.5169905	0.49251	0.50749	1.539336
22194	-1016.782	-1228.419	211.637	1.957121	0.4237482	0.398229	0.601771	1.687529
22200	-1031.222	-1242.856	211.6339	1.96023	0.4237482	0.692122	0.307878	1.687529
22206	-1019.889	-1231.904	212.0149	2.111647	0.3659788	0.482018	0.517982	1.375221
22212	-1030.376	-1242.28	211.9033	2.075782	0.4428969	0.381363	0.618637	1.375221
22218	-1022.139	-1233.916	211.7775	2.056112	0.4849866	0.454342	0.545658	1.431258
22224	-1024.121	-1235.769	211.6481	2.057749	0.533641	0.558895	0.441105	1.468194
22230	-1017.432	-1228.654	211.2219	2.038493	0.533641	0.647826	0.352174	1.789981
22236	-1014.782	-1226.245	211.463	1.992881	0.5266735	0.475195	0.524805	1.660093
22242	-1012.081	-1223.332	211.2512	1.977591	0.5101404	0.475195	0.524805	1.837856
22248	-1014.11	-1224.867	210.7572	1.977591	0.2689469	0.417645	0.582355	2.474123
22254	-1005.892	-1217.4	211.5078	1.946431	0.3646244	0.474762	0.525238	1.865073
22260	-1023.347	-1233.771	210.424	1.67959	0.5276045	0.708087	0.291913	2.550135
22266	-1024.981	-1234.997	210.0159	1.521127	0.2556397	0.526942	0.473058	3.22191
22272	-1032.111	-1243.086	210.9755	1.921781	0.2108813	0.447728	0.552272	2.469994
22278	-1007.354	-1218.737	211.3831	1.921781	0.4077503	0.494943	0.505057	1.908754
22284	-1001.921	-1213.298	211.3773	2.047444	0.3630883	0.404231	0.595769	1.887328
22290	-1003.258	-1214.774	211.5164	1.815735	0.4787064	0.618194	0.381806	1.802701
22296	-1004.229	-1215.392	211.163	1.849135	0.5265418	0.539346	0.460654	1.966876
22302	-1008.361	-1219.308	210.9479	1.773395	0.4382473	0.39949	0.60051	2.255775
22308	-1012.191	-1222.664	210.4729	1.549444	0.2851453	0.39949	0.60051	2.887792
22314	-1004.06	-1214.063	210.003	1.518286	0.693823	0.384626	0.615374	2.761353
22320	-985.4456	-1196.522	211.0768	1.687699	0.3795504	0.601298	0.398702	2.299566
22326	-1009.984	-1220.76	210.7756	1.72103	0.5021092	0.601298	0.398702	2.328897
22332	-999.5931	-1210.185	210.5923	1.794151	0.5021092	0.437421	0.562579	2.398801
22338	-1003.054	-1214.355	211.3009	2.08501	0.3952939	0.328031	0.671969	1.869947
22344	-1023.094	-1233.876	210.7816	1.898695	0.5414919	0.600471	0.399529	2.170206
22350	-1013.528	-1224.781	211.2523	1.860382	0.4791958	0.430115	0.569885	1.951711
22356	-1024.189	-1235.454	211.2648	1.88306	0.3473916	0.451771	0.548229	2.09416
22362	-1030.02	-1241.51	211.4905	1.703616	0.4011443	0.470128	0.529872	1.991733
22368	-1015.894	-1227.193	211.2991	1.682098	0.5226577	0.501635	0.498365	1.991733
22374	-1027.636	-1238.529	210.8928	1.704432	0.4655504	0.615194	0.384806	2.304187
22380	-1022.724	-1234.138	211.4144	2.00689	0.3951543	0.601879	0.398121	1.845948
22386	-1032.307	-1244.138	211.8312	1.824303	0.2863738	0.543198	0.456802	1.845948
22392	-1034.053	-1244.729	210.6762	1.861101	0.6600996	0.478778	0.521222	2.150921
22398	-1018.21	-1228.967	210.7577	1.836787	0.7522214	0.477569	0.522431	2.035062
22404	-1018.029	-1227.4	209.3713	1.517859	0.7875489	0.5151	0.4849	3.072165
22410	-1020.525	-1230.473	209.9484	1.46626	0.5007073	0.456144	0.543856	2.997176
22416	-1033.634	-1243.373	209.7388	1.492688	0.383826	0.456144	0.543856	3.231995
22422	-1023.634	-1234.748	211.1135	1.492688	0.2824919	0.473919	0.526081	2.533631
22428	-1026.014	-1237.017	211.0032	1.56188	0.3528415	0.48983	0.51017	2.460397
22434	-1025.544	-1236.618	211.0734	1.955178	0.5890667	0.304235	0.695765	1.891149
22440	-1023.444	-1234.938	211.4943	1.98993	0.6610739	0.474329	0.525671	1.494866
22446	-1012.102	-1223.938	211.8359	1.876344	0.3797956	0.550643	0.449357	1.663594
22452	-1020.023	-1231.214	211.1908	1.84418	0.790061	0.469628	0.530372	1.702682
22458	-1015.676	-1227.176	211.5002	1.954214	0.8332985	0.614331	0.385669	1.352635
22464	-1011.311	-1221.972	210.6613	1.954214	0.8332985	0.472594	0.527406	1.956707
22470	-1004.138	-1215.871	211.7325	2.129867	0.8725084	0.473726	0.526274	0.9498554
22476	-1015.371	-1226.648	211.2771	2.17726	1.214656	0.577915	0.422085	1.025551
22482	-1014.663	-1226.125	211.4616	2.094477	1.214656	0.633749	0.366251	0.9208358
22488	-1007.773	-1219.468	211.6949	2.094477	0.8304732	0.523385	0.476615	1.069192
22494	-1011.494	-1223.287	211.7939	2.113284	0.8465034	0.598729	0.401271	0.9330641
22500	-1006.514	-1217.831	211.3174	2.409846	1.122464	0.378253	0.621747	0.8156288
22506	-1009.558	-1221.377	211.8189	2.043666	0.8168813	0.575147	0.424853	1.013967
22512	-1014.23	-1225.535	211.3051	2.336732	1.202857	0.367943	0.632057	0.8329339
22518	-1012.461	-1224.463	212.0018	2.323288	0.5601229	0.527275	0.472725	0.8847165
22524	-1015.595	-1227.485	211.8901	2.323576	0.6951565	0.4341	0.5659	0.7860752
22530	-1013.956	-1225.744	211.7878	2.151026	0.5744982	0.457117	0.542883	1.232941
22536	-1014.974	-1226.987	212.0129	2.038995	0.5744982	0.406802	0.593198	1.135046
22542	-1026.417	-1238.358	211.9416	2.069424	0.404852	0.510268	0.489732	1.40535
22548	-1025.832	-1237.543	211.7108	2.072309	0.7095159	0.507663	0.492337	1.20611
22554	-1020.628	-1232.448	211.8201	2.278124	0.755153	0.534104	0.465896	0.8373279
22560	-1014.162	-1225.972	211.8097	2.010053	0.5138376	0.398295	0.601705	1.405126
22566	-1019.538	-1231.029	211.4909	2.000818	0.5052622	0.398295	0.601705	1.65923
22572	-1013.356	-1224.496	211.1396	1.821714	0.5052622	0.321914	0.678086	2.023781
22578	-1019.857	-1231.495	211.6379	1.791587	0.4312168	0.639593	0.360407	1.793378
22584	-1027.189	-1238.856	211.6668	1.840664	0.3493027	0.565766	0.434234	1.85048
22590	-1023.816	-1235.177	211.3607	2.106997	0.7335545	0.46364	0.53636	1.435618
22596	-1017.055	-1227.992	210.9376	1.808188	0.8867703	0.573782	0.426218	1.827512
22602	-1022.959	-1234.196	211.2369	1.920271	0.5595532	0.517336	0.482664	1.833519
22608	-1015.438	-1226.938	211.4998	2.101322	0.3176035	0.517336	0.482664	1.833519
22614	-1015.589	-1227.589	212.0004	2.265805	0.5596807	0.280188	0.719812	0.9502734
22620	-1005.422	-1217.224	211.8015	2.265803	0.7836344	0.432498	0.567502	0.8327089
22626	-1013.126	-1224.361	211.2344	2.378534	1.295367	0.595199	0.404801	0.7670793
22632	-1009.522	-1221.198	211.6752	2.30019	0.9080519	0.427326	0.572674	0.7670793
22638	-1009.225	-1220.921	211.696	2.361672	0.8521391	0.427326	0.572674	0.7361259
22644	-1017.871	-1229.37	211.4988	2.361672	0.9617604	0.376827	0.623173	0.8441968
22650	-1028.137	-1239.603	211.4668	2.361672	1.026417	0.489625	0.510375	0.8022659
22656	-1014.727	-1226.287	211.5609	2.305955	0.9979617	0.489625	0.510375	0.7885266
22662	-1022.562	-1234.013	211.4507	2.305955	0.9979617	0.493369	0.506631	0.9215342
22668	-1036.582	-1248.041	211.4598	2.309088	0.9979617	0.670416	0.329584	0.9080789
22674	-1042.115	-1252.845	210.7302	1.580804	0.6662414	0.203088	0.796912	2.29159
22680	-1045.252	-1257.108	211.8557	2.071499	0.7680301	0.635189	0.364811	1.007435
22686	-1034.851	-1246.465	211.6141	2.109457	0.9182149	0.403247	0.596753	1.039529
22692	-1026.366	-1236.225	209.8592	1.513059	0.5504569	0.428914	0.571086	2.97496
22698	-1025.425	-1236.843	211.4179	1.880407	0.812807	0.316931	0.683069	1.491349
22704	-1017.346	-1228.818	211.4714	1.90456	0.7269941	0.27787	0.72213	1.511326
22710	-1015.91	-1227.059	211.1497	1.815195	0.8956207	0.381689	0.618311	1.667177
22716	-1020.201	-1231.48	211.2788	2.032198	0.8300556	0.462498	0.537502	1.466704
22722	-1036.641	-1247.597	210.9565	2.035292	1.079957	0.463411	0.536589	1.511564
22728	-1021.459	-1232.283	210.824	1.969719	0.7038946	0.386092	0.613908	1.942804
22734	-1034.957	-1245.905	210.9482	2.020545	0.6762873	0.441865	0.558135	1.848552
22740	-1022.438	-1234.137	211.6991	2.192647	0.5124819	0.376119	0.623881	1.350378
22746	-1019.359	-1231.008	211.6482	2.20439	0.5124819	0.401332	0.598668	1.381232
22752	-1003.935	-1215.33	211.3947	2.043305	0.6167683	0.528736	0.471264	1.57486
22758	-1014.662	-1226.126	211.4635	2.043305	0.4968752	0.505418	0.494582	1.658344
22764	-1014.957	-1226.374	211.4169	2.043305	0.4968752	0.505418	0.494582	1.691596
22770	-1018.62	-1230.025	211.4049	1.97098	0.6138374	0.476681	0.523319	1.623056
22776	-1029.018	-1239.847	210.8286	1.667203	0.6071446	0.369753	0.630247	2.225788
22782	-1025.03	-1235.735	210.7048	1.679465	0.6040838	0.539013	0.460987	2.300227
22788	-1014.752	-1226.233	211.4813	1.775589	0.6040838	0.539013	0.460987	1.717998
22794	-1018.949	-1230.224	211.2754	1.863254	0.8084496	0.203036	0.796964	1.612901
22800	-1041.205	-1252.841	211.6361	2.013168	0.6643771	0.334144	0.665856	1.364477
22806	-1031.193	-1242.616	211.4226	1.954692	0.2903793	0.456809	0.543191	2.027083
22812	-1011.316	-1222.303	210.9874	1.947483	0.4109973	0.456809	0.543191	2.150233
22818	-1010.075	-1221.364	211.2888	2.065055	0.3717115	0.51438	0.48562	1.923476
22824	-1012.71	-1224.362	211.6521	2.097282	0.5053909	0.354685	0.645315	1.469643
22830	-1012.151	-1224.053	211.9024	1.955682	0.6487006	0.381967	0.618033	1.211164
22836	-1025.387	-1237.079	211.692	1.881197	0.7097851	0.36392	0.63608	1.377242
22842	-1012.779	-1223.789	211.0101	1.79948	0.7000038	0.49019	0.50981	1.935506
22848	-1013.792	-1225.131	211.3385	1.938242	0.3704007	0.49019	0.50981	1.977106
22854	-1018.403	-1229.766	211.3627	1.842302	0.8736477	0.34148	0.65852	1.509539
22860	-1023.822	-1235.372	211.55	1.641881	0.4854742	0.43552	0.56448	1.890997
22866	-1026.228	-1236.383	210.1554	1.751869	0.6853208	0.378782	0.621218	2.53023
22872	-1025.47	-1237.572	212.1021	1.938242	0.5681333	0.43884	0.56116	1.153842
22878	-1014.821	-1226.593	211.772	1.945607	0.7911775	0.36603	0.63397	1.175438
22884	-1012.144	-1223.497	211.3532	1.77316	0.7521453	0.466808	0.533192	1.670432
22890	-1018.77	-1230.254	211.4837	1.77316	0.5893699	0.466808	0.533192	1.733158
22896	-1027.405	-1239.446	212.0418	2.299356	0.4848326	0.543009	0.456991	0.9966849
22902	-1016.239	-1228.526	212.2871	2.158183	0.4622761	0.596828	0.403172	0.9286798
22908	-1020.333	-1232.414	212.0805	1.995371	0.6769156	0.580838	0.419162	0.9744598
22914	-1010.064	-1222.004	211.9407	2.214528	0.6192237	0.496453	0.503547	0.9744598
22920	-1013.202	-1225.033	211.8312	2.282048	0.7131486	0.41024	0.58976	0.8825243
22926	-1030.202	-1241.98	211.778	2.282048	0.8171072	0.40432	0.59568	0.7907202
22932	-1027.121	-1238.782	211.6613	2.171722	0.9139326	0.316335	0.683665	0.9331024
22938	-1021.241	-1232.646	211.4052	2.175132	1.011927	0.608781	0.391219	1.083924
22944	-1035.828	-1245.644	209.816	1.572633	0.4405731	0.579625	0.420375	3.074863
22950	-1032.936	-1244.548	211.6121	1.733146	0.4631331	0.373096	0.626904	1.812206
22956	-1030.142	-1240.553	210.4112	1.643586	0.514044	0.540735	0.459265	2.593962
22962	-1037.378	-1247.797	210.4191	1.540682	0.5719103	0.633421	0.366579	2.596861
22968	-1060.028	-1268.892	208.8641	1.531159	0.9083233	0.470998	0.529002	3.284131
22974	-1046.038	-1254.914	208.8753	1.665461	0.7802379	0.392804	0.607196	3.284131
22980	-1047.014	-1256.62	209.6062	1.489022	0.6302209	0.396899	0.603101	3.070561
22986	-1046.097	-1257.634	211.5373	1.930938	0.6302209	0.535922	0.464078	1.538508
22992	-1023.026	-1234.95	211.9234	2.126474	0.6302209	0.323106	0.676894	1.062759
22998	-1005.436	-1217.402	211.9657	2.10808	0.5966651	0.484572	0.515428	1.085314
23004	-1006.15	-1217.802	211.6516	2.233328	0.8371953	0.535044	0.464956	0.9677825
23010	-1003.182	-1214.62	211.438	2.017131	0.8371953	0.496326	0.503674	1.348537
23016	-995.7193	-1207.041	211.3222	1.944417	0.8689653	0.480208	0.519792	1.467026
23022	-1000.417	-1211.707	211.2904	1.895127	0.6014366	0.317245	0.682755	1.77069
23028	-993.0724	-1204.199	211.1261	1.885895	0.7298277	0.435707	0.564293	1.77069
23034	-992.8411	-1203.917	211.0761	1.750888	0.8874992	0.433434	0.566566	1.77069
23040	-996.6925	-1207.948	211.256	1.775097	0.849212	0.51717	0.48283	1.656615
23046	-1009.341	-1220.371	211.0303	1.696541	0.6714032	0.256364	0.743636	2.016175
23052	-1029.308	-1240.708	211.3995	1.805672	0.833362	0.539394	0.460606	1.543126
23058	-1016.42	-1227.328	210.9085	1.940295	1.10822	0.619917	0.380083	1.597482
23064	-1011.614	-1222.513	210.8991	1.991428	1.204182	0.447634	0.552366	1.503231
23070	-1018.055	-1229.984	211.929	1.692163	0.4336088	0.511187	0.488813	1.65528
23076	-1027.49	-1239.17	211.6804	1.788777	0.6204851	0.569595	0.430405	1.547994
23082	-1019.486	-1230.859	211.3729	1.867961	0.9059567	0.531947	0.468053	1.455875
23088	-1018.001	-1229.23	211.2285	1.785858	0.6488671	0.531947	0.468053	1.842734
23094	-1017.188	-1228.486	211.2987	1.704704	0.5297181	0.577334	0.422666	1.969329
23100	-1019.34	-1230.612	211.2718	1.809011	0.8331318	0.395618	0.604382	1.634062
23106	-995.2256	-1207.189	211.9635	1.941207	0.5983153	0.596389	0.403611	1.23207
23112	-1009.215	-1220.818	211.6032	1.749783	0.9017321	0.575288	0.424712	1.37263
23118	-1012.421	-1223.937	211.5155	1.996622	0.8056166	0.276123	0.723877	1.332268
23124	-1020.378	-1232.18	211.8021	1.996622	0.8056166	0.581066	0.418934	1.087392
23130	-1001.198	-1212.928	211.7299	2.042886	0.8056166	0.28889	0.71111	1.11123
23136	-1017.126	-1228.548	211.422	1.93425	1.154292	0.365673	0.634327	1.164859
23142	-1027.239	-1238.477	211.2375	1.979495	0.8289008	0.539104	0.460896	1.538145
23148	-1022.74	-1234.381	211.641	2.161657	0.9110052	0.651043	0.348957	0.9683673
23154	-1020.596	-1232.498	211.9022	2.074649	0.7844668	0.246777	0.753223	0.9358018
23160	-1014.403	-1225.701	211.2977	2.140476	1.214192	0.489416	0.510584	1.041636
23166	-1026.602	-1237.824	211.2222	2.081573	1.262388	0.484272	0.515728	1.128256
23172	-1024.104	-1235.449	211.3449	1.95895	1.262388	0.407082	0.592918	1.128256
23178	-1025.079	-1236.473	211.3946	1.742654	0.6263548	0.59824	0.40176	1.779522
23184	-1015.342	-1226.549	211.2075	1.786137	0.9579368	0.386877	0.613123	1.598981
23190	-1026.094	-1237.858	211.7641	1.780114	0.782098	0.334334	0.665666	1.328881
23196	-1019.096	-1230.716	211.6201	1.863364	0.5933256	0.484727	0.515273	1.566354
23202	-1013.144	-1224.412	211.2683	1.64613	0.5401335	0.506004	0.493996	2.017786
23208	-1024.349	-1235.992	211.643	1.719161	0.6370963	0.381672	0.618328	1.609254
23214	-1023.049	-1234.539	211.4902	1.754289	0.6053942	0.551678	0.448322	1.725417
23220	-1031.24	-1242.733	211.4933	1.793396	0.586973	0.390414	0.609586	1.714643
23226	-1019.985	-1231.609	211.6241	1.839934	0.586973	0.455052	0.544948	1.587399
23232	-1016.882	-1228.56	211.6777	1.944859	0.611169	0.361545	0.638455	1.442764
23238	-1011.833	-1223.563	211.7303	1.964126	0.5625419	0.603246	0.396754	1.442764
23244	-1028.906	-1239.901	210.995	2.027456	0.6401662	0.265759	0.734241	1.845443
23250	-1007.331	-1219.065	211.7336	2.028995	0.502458	0.600568	0.399432	1.46331
23256	-1003.21	-1215.115	211.9046	2.050579	0.514773	0.578166	0.421834	1.296388
23262	-1005.969	-1217.849	211.8795	1.983123	0.52298	0.512521	0.487479	1.36001
23268	-1008.66	-1220.32	211.6601	1.855876	0.6405389	0.644799	0.355201	1.492199
23274	-1020.769	-1232.63	211.8606	1.869513	0.4126502	0.571154	0.428846	1.604739
23280	-1009.128	-1220.262	211.1341	1.800822	0.6500759	0.496994	0.503006	1.895864
23286	-1013.44	-1224.356	210.9156	1.780255	0.5561099	0.456616	0.543384	2.145327
23292	-1021.264	-1231.856	210.5921	1.824776	0.5086973	0.31329	0.68671	2.372673
23298	-1032.705	-1244.079	211.3742	2.065619	0.5086973	0.473246	0.526754	1.69227
23304	-1032.209	-1243.641	211.432	2.051028	0.9383847	0.290339	0.709661	1.235493
23310	-1030.578	-1241.996	211.4184	2.105614	0.8998667	0.290339	0.709661	1.235493
23316	-1023.237	-1234.87	211.6331	2.223774	0.6700355	0.452255	0.547745	1.187369
23322	-1016.527	-1227.966	211.4398	2.038177	0.7266258	0.561674	0.438326	1.434409
23328	-1017.775	-1229.421	211.646	1.988282	0.6555241	0.561674	0.438326	1.38571
23334	-1018.968	-1230.647	211.6792	2.023817	0.6789114	0.535198	0.464802	1.305933
23340	-1008.973	-1220.954	211.9818	2.023817	0.5982021	0.321531	0.678469	1.145094
23346	-1030.181	-1241.926	211.7452	2.183178	0.518742	0.279007	0.720993	1.312887
23352	-1021.548	-1233.12	211.5726	2.122627	0.4756362	0.480296	0.519704	1.547488
23358	-1018.468	-1230.166	211.6988	2.024455	0.5385662	0.480296	0.519704	1.449025
23364	-1019.632	-1231.145	211.5135	2.263718	0.5049297	0.596237	0.403763	1.449025
23370	-1034.989	-1246.934	211.9446	2.085382	0.6322978	0.564426	0.435574	1.078617
23376	-1026.85	-1238.77	211.9193	2.140435	0.6322978	0.448865	0.551135	1.050565
23382	-1020.802	-1232.255	211.4535	1.856121	0.4415959	0.377988	0.622012	1.862938
23388	-1035.038	-1246.504	211.4657	1.916572	0.906255	0.540874	0.459126	1.345631
23394	-1023.64	-1235.503	211.8631	1.916572	0.4750614	0.353785	0.646215	1.485225
23400	-1018.456	-1230.205	211.7489	1.857671	0.4942291	0.404666	0.595334	1.589451
23406	-1024.822	-1236.782	211.9605	2.193029	0.5076863	0.404666	0.595334	1.137643
23412	-1017.112	-1229.647	212.5354	2.105492	0.369946	0.494572	0.505428	0.9044283
23418	-1051.539	-1263.514	211.9747	2.496006	0.5491609	0.341534	0.658466	0.7111832
23424	-1025.925	-1236.551	210.6264	2.855808	1.549818	0.464571	0.535429	0.3687763
23430	-1031.647	-1242.355	210.7074	2.816628	1.549818	0.407102	0.592898	0.5067169
23436	-1024.17	-1235.428	211.2572	2.816628	0.8967562	0.433082	0.566918	0.4066679
23442	-1027.955	-1239.756	211.8009	2.65426	0.6018868	0.490186	0.509814	0.5596836
23448	-1008.413	-1219.496	211.0834	2.488212	1.460691	0.597198	0.402802	0.6003668
23454	-1004.947	-1216.328	211.3802	2.464957	1.114457	0.490055	0.509945	0.6358263
23460	-1009.645	-1221.154	211.5084	2.464957	0.9609301	0.289621	0.710379	0.6800739
23466	-1008.618	-1220.394	211.7762	2.393521	0.7839429	0.557458	0.442542	0.6800739
23472	-1025.134	-1236.872	211.7389	2.365149	0.8831286	0.508871	0.491129	0.5495897
23478	-1040.683	-1252.636	211.9537	2.48116	0.5929724	0.508871	0.491129	0.6547633
23484	-1013.956	-1225.84	211.8837	2.225738	0.8471555	0.518085	0.481915	0.6534523
23490	-1013.774	-1225.703	211.929	2.338284	0.730741	0.518797	0.481203	0.6079305
23496	-1018.874	-1230.538	211.6639	2.224683	0.9593201	0.475053	0.524947	0.8118411
23502	-1020.602	-1232.202	211.6003	2.420197	0.9316126	0.345966	0.654034	0.6465084
23508	-1034.936	-1246.245	211.3096	2.481135	1.19594	0.468928	0.531072	0.5836528
23514	-1016.41	-1227.687	211.2771	2.353724	1.324843	0.566482	0.433518	0.7013439
23520	-1018.011	-1229.101	211.0899	2.356759	1.424055	0.583111	0.416889	0.8513929
23526	-1035.42	-1246.877	211.4575	2.227491	1.137325	0.322935	0.677065	0.8513929
23532	-1008.428	-1219.92	211.4917	2.227491	1.100108	0.429238	0.570762	0.8513929
23538	-1018.971	-1230.789	211.8173	1.982741	0.8169947	0.576	0.424	1.07381
23544	-1018.349	-1230.341	211.9915	1.923704	0.7342035	0.54467	0.45533	1.059577
23550	-1033.771	-1245.186	211.4144	2.47844	1.06194	0.406538	0.593462	0.6393929
23556	-1032.122	-1243.145	211.0229	2.414206	1.626897	0.33659	0.66341	0.6393929
23562	-1029.452	-1240.682	211.2298	2.477356	1.304095	0.396888	0.603112	0.5505454
23568	-1024.598	-1236.021	211.4232	2.630674	0.9340955	0.396888	0.603112	0.5043512
23574	-1046.817	-1257.644	210.8272	1.778764	0.9837366	0.62266	0.37734	1.853473
23580	-1021.833	-1233.411	211.5779	2.429706	0.9681254	0.568888	0.431112	0.5776645
23586	-1028.039	-1239.553	211.5138	2.469909	0.9681254	0.381642	0.618358	0.6438847
23592	-1021.656	-1233.25	211.5941	1.782063	0.7834927	0.423812	0.576188	1.458703
23598	-1018.895	-1228.102	209.2074	1.743923	0.9845465	0.423812	0.576188	2.905044
23604	-1012.602	-1224.423	211.8216	2.327146	0.6795881	0.309267	0.690733	0.8919791
23610	-1013.341	-1225.135	211.7941	2.35471	0.6795881	0.617903	0.382097	0.8919791
23616	-1030.182	-1241.96	211.7781	2.372551	0.7749067	0.388021	0.611979	0.7316029
23622	-1018.397	-1230.289	211.8926	2.263997	0.6234547	0.441505	0.558495	0.9668583
23628	-1008.093	-1219.751	211.658	2.285546	0.844825	0.384665	0.615335	0.8950022
23634	-1013.481	-1225.102	211.6216	2.122169	0.7280176	0.319993	0.680007	1.219498
23640	-1026.59	-1238.027	211.4367	2.224834	0.6042233	0.609689	0.390311	1.42049
23646	-1018.993	-1230.748	211.7554	2.20121	0.7154384	0.664639	0.335361	1.04278
23652	-1022.54	-1234.046	211.5057	1.916474	0.6069505	0.461589	0.538411	1.596676
23658	-1025.09	-1236.515	211.4256	1.916474	0.6391294	0.518516	0.481484	1.621766
23664	-1020.253	-1230.666	210.4132	1.837967	0.9781753	0.453036	0.546964	2.094892
23670	-1015.82	-1226.067	210.2468	1.597745	1.003339	0.528022	0.471978	2.341124
23676	-1026.001	-1237.274	211.273	1.599957	0.4885373	0.429686	0.570314	2.100388
23682	-1015.362	-1226.624	211.2624	1.785108	0.5771162	0.503092	0.496908	1.890278
23688	-1024.013	-1235.542	211.5292	1.753219	0.806643	0.402403	0.597597	1.508695
23694	-1020.329	-1231.495	211.1657	1.843181	1.066014	0.610371	0.389629	1.508695
23700	-1035.104	-1245.684	210.5802	1.843181	0.8747333	0.603379	0.396621	2.053629
23706	-1026.526	-1238.399	211.8729	2.010953	0.3640397	0.353013	0.646987	1.562328
23712	-1022.109	-1234.087	211.9778	2.113427	0.3948782	0.422806	0.577194	1.357623
23718	-1015.317	-1227.262	211.9447	2.213902	0.4365759	0.568103	0.431897	1.23906
23724	-1045.253	-1256.02	210.7668	2.021007	1.163758	0.529544	0.470456	1.605176
23730	-1031.874	-1243.461	211.5864	1.879087	0.4243577	0.521747	0.478253	1.777165
23736	-1010	-1221.679	211.6796	1.879087	0.5308526	0.404738	0.595262	1.580964
23742	-1020.48	-1232.157	211.6767	2.119775	0.6925528	0.409519	0.590481	1.213445
23748	-1032.136	-1243.886	211.7497	1.958661	0.5531236	0.548769	0.451231	1.443077
23754	-1053.327	-1265.444	212.1173	2.079484	0.707755	0.499404	0.500596	0.7868023
23760	-1044.804	-1255.551	210.7471	2.163636	1.531026	0.440075	0.559925	1.285703
23766	-1023.205	-1234.476	211.2713	2.163636	1.074766	0.58029	0.41971	1.160121
23772	-1021.165	-1232.272	211.107	2.297364	1.342952	0.389284	0.610716	0.9688572
23778	-1033.762	-1245.177	211.4145	2.02746	0.9980504	0.291591	0.708409	1.218568
23784	-1010.24	-1221.625	211.3857	2.092644	0.9980504	0.455062	0.544938	1.187425
23790	-1022.074	-1233.379	211.3057	2.092644	0.9689912	0.499576	0.500424	1.279446
23796	-1024.968	-1236.729	211.761	2.127204	0.8187457	0.244334	0.755666	0.9861435
23802	-1024.169	-1236.003	211.8339	2.127204	0.8187457	0.629896	0.370104	0.9088593
23808	-1030.406	-1242.139	211.7324	2.214185	0.8187457	0.442251	0.557749	0.9249052
23814	-1040.155	-1251.737	211.5818	2.226286	0.9985359	0.460696	0.539304	0.8623986
23820	-1020.763	-1232.067	211.3046	2.307726	0.9232929	0.468736	0.531264	1.137475
23826	-1004.508	-1216.499	211.9906	1.962703	0.4469856	0.36372	0.63628	1.389726
23832	-1023.237	-1234.906	211.669	1.93095	0.4399398	0.452469	0.547531	1.662237
23838	-1040.89	-1252.099	211.2091	1.701516	0.3504849	0.650161	0.349839	2.244051
23844	-1028.128	-1239.483	211.3545	1.771701	0.6895983	0.478054	0.521946	1.726974
23850	-1012.508	-1222.763	210.2545	1.534144	0.8498289	0.382801	0.617199	2.479054
23856	-1011.247	-1222.492	211.2446	1.933302	0.4350775	0.440886	0.559114	1.960063
23862	-1031.847	-1243.465	211.6175	1.730895	0.5388964	0.658912	0.341088	1.722669
23868	-1021.502	-1231.908	210.4057	1.731451	1.088714	0.323796	0.676204	2.098901
23874	-1016.736	-1227.251	210.5145	1.750248	0.8414874	0.460734	0.539266	2.181894
23880	-1011.479	-1222.32	210.8406	1.532401	0.4080741	0.512298	0.487702	2.511633
23886	-1011.688	-1221.703	210.0153	1.757893	0.7301884	0.424662	0.575338	2.577588
23892	-1016.545	-1228.586	212.0404	1.956291	0.4375836	0.428253	0.571747	1.368976
23898	-1017.204	-1228.404	211.2003	1.964113	0.9546733	0.265959	0.734041	1.474892
23904	-1032.49	-1243.249	210.7592	2.006051	1.048448	0.228889	0.771111	1.698006
23910	-1025.329	-1237.252	211.9231	2.124935	0.4982129	0.470329	0.529671	1.24218
23916	-1011.014	-1222.682	211.6679	2.36734	0.8477161	0.523906	0.476094	0.7764951
23922	-1013.733	-1225.385	211.6526	2.403614	0.9134532	0.450501	0.549499	0.6055256
23928	-1005.094	-1216.844	211.7496	2.403614	0.790646	0.345007	0.654993	0.6957019
23934	-1043.681	-1255.029	211.3485	1.868501	0.4948157	0.544107	0.455893	1.863211
23940	-1029.323	-1240.823	211.5004	1.941545	0.7179492	0.658415	0.341585	1.470266
23946	-1021.41	-1232.264	210.8539	1.864222	0.6526524	0.520188	0.479812	2.038809
23952	-1023.009	-1234.004	210.9945	1.840106	0.7820946	0.563994	0.436006	1.848783
23958	-1020.926	-1232.841	211.9141	1.935372	0.4127496	0.368818	0.631182	1.51677
23964	-1018.701	-1228.831	210.1297	1.77007	0.6944583	0.401174	0.598826	2.527414
23970	-1007.096	-1218.127	211.0317	1.749688	0.5843868	0.324945	0.675055	2.061216
23976	-1017.944	-1229.036	211.0918	1.727712	0.4450512	0.335588	0.664412	2.184503
23982	-1026.56	-1237.75	211.1896	1.914109	0.4830675	0.645539	0.354461	1.953351
23988	-1023.719	-1235.427	211.708	1.879985	0.4379475	0.434772	0.565228	1.673352
23994	-1039.284	-1250.383	211.0986	2.430798	1.438162	0.397021	0.602979	0.7227326
24000	-1040.261	-1251.825	211.5636	2.430798	0.9657426	0.416754	0.583246	0.6243806
24006	-1025.481	-1236.838	211.3565	2.430798	1.11695	0.597531	0.402469	0.7382495
24012	-1032.139	-1243.428	211.2888	2.462536	1.239596	0.518218	0.481782	0.5896029
24018	-1013.985	-1225.394	211.4089	2.584569	0.9712712	0.484642	0.515358	0.6120268
24024	-1017.838	-1229.171	211.3325	2.584569	1.048142	0.321329	0.678671	0.6120268
24030	-1026.504	-1237.085	210.5816	2.542427	2.022194	0.321689	0.678311	0.7522921
24036	-1029.131	-1239.518	210.387	2.879042	1.940028	0.321689	0.678311	0.5372978
24042	-1029.524	-1240.862	211.338	2.517077	1.12181	0.161529	0.838471	0.5903594
24048	-1033.89	-1245.457	211.5676	2.516991	0.9028469	0.441649	0.558351	0.5367816
24054	-1024.279	-1235.609	211.3295	2.497107	1.150511	0.441649	0.558351	0.5980724
24060	-1019.216	-1230.986	211.7706	1.622629	0.5723885	0.39042	0.60958	1.65433
24066	-1017.314	-1228.124	210.8094	1.770594	0.5309517	0.475405	0.524595	2.245739
24072	-1012.679	-1223.659	210.9803	1.845483	0.5592669	0.414918	0.585082	2.056882
24078	-1027.304	-1238.023	210.7193	1.845483	0.8156466	0.519383	0.480617	2.004264
24084	-1017.031	-1228.25	211.2186	2.742507	1.025355	0.545584	0.454416	0.4963433
24090	-1032.084	-1243.176	211.0921	2.702287	1.180975	0.598483	0.401517	0.4020858
24096	-1009.252	-1220.242	210.9899	2.688887	1.339722	0.52826	0.47174	0.5482457
24102	-1014.593	-1225.639	211.0455	2.69421	1.269828	0.320453	0.679547	0.5177306
24108	-1004.391	-1215.699	211.308	2.51634	1.143976	0.45011	0.54989	0.6208734
24114	-1022.11	-1233.705	211.5953	2.505226	0.8591357	0.681586	0.318414	0.6434766
24120	-1024.933	-1236.12	211.1878	2.529964	1.234201	0.235976	0.764024	0.6802008
24126	-1037.965	-1249.576	211.6109	2.407898	0.9180315	0.526282	0.473718	0.6792939
24132	-1033.716	-1244.749	211.0339	1.744807	0.7604522	0.562378	0.437622	1.904819
24138	-1015.514	-1226.71	211.1953	1.559794	0.6575658	0.54197	0.45803	2.009842
24144	-1013.488	-1224.894	211.4068	1.631224	0.6295243	0.362192	0.637808	1.844929
24150	-1022.22	-1233.767	211.5467	1.725348	0.5646038	0.472318	0.527682	1.748447
24156	-1019.232	-1228.345	209.1133	1.627153	0.7983456	0.309134	0.690866	3.153103
24162	-1037.56	-1247.944	210.3844	1.863817	0.7659407	0.253199	0.746801	2.249924
24168	-1025.079	-1235.657	210.5779	1.568143	0.4470865	0.254577	0.745423	2.607985
24174	-1015.347	-1226.297	210.9493	2.051326	0.5960649	0.38673	0.61327	1.903125
24180	-1012.399	-1223.586	211.1873	2.013192	0.5389343	0.265135	0.734865	1.825666
24186	-1016.22	-1227.541	211.3209	1.740732	0.567967	0.400773	0.599227	1.890036
24192	-1019.421	-1231.046	211.6251	1.776362	0.4902329	0.405797	0.594203	1.740867
24198	-1010.769	-1221.529	210.7605	1.669705	0.7309694	0.527172	0.472828	2.160293
24204	-1025.533	-1236.072	210.5387	1.797478	0.6662373	0.509071	0.490929	2.275485
24210	-1036.629	-1246.89	210.2612	1.839595	0.7322259	0.591836	0.408164	2.370698
24216	-1023.985	-1234.706	210.7205	1.775064	0.605055	0.444115	0.555885	2.227931
24222	-1014.798	-1225.646	210.8478	1.877335	0.7893671	0.541912	0.458088	1.917376
24228	-1021.767	-1232.55	210.7832	1.795284	1.116419	0.256361	0.743639	1.784118
24234	-1028.17	-1239.305	211.1356	2.395669	1.467328	0.463947	0.536053	0.681349
24240	-1019.487	-1230.575	211.0875	2.395669	1.450676	0.355812	0.644188	0.7778914
24246	-1027.11	-1238.085	210.9752	2.419413	1.634206	0.213556	0.786444	0.7117981
24252	-1025.228	-1237.091	211.8629	2.347912	0.7684	0.525875	0.474125	0.6332429
24258	-1030.509	-1242.619	212.11	2.386014	0.5586124	0.602802	0.397198	0.6332429
24264	-1034.188	-1245.092	210.9046	2.386014	1.664078	0.573394	0.426606	0.8310475
24270	-1028.215	-1239.523	211.3078	2.477859	1.145948	0.480073	0.519927	0.6975201
24276	-1030.052	-1241.082	211.0298	2.477859	1.452709	0.464763	0.535237	0.7397988
24282	-1026.813	-1237.536	210.7222	2.505162	1.888544	0.626287	0.373713	0.7155258
24288	-1020.013	-1231.363	211.35	2.341075	1.045514	0.698682	0.301318	0.9418498
24294	-1019.744	-1231.043	211.2994	2.356509	1.175522	0.381777	0.618223	0.8451179
24300	-1026.6	-1238.392	211.7923	2.392749	0.7804838	0.360843	0.639157	0.6580449
24306	-1019.43	-1230.458	211.0287	2.641675	1.349438	0.548864	0.451136	0.5517246
24312	-1023.472	-1234.563	211.0911	2.474705	1.426318	0.354117	0.645883	0.6745252
24318	-1030.718	-1241.747	211.0283	2.416421	1.400093	0.391709	0.608291	0.8755515
24324	-1010.293	-1221.414	211.1209	2.416421	1.368442	0.4013	0.5987	0.7906152
24330	-1008.527	-1220.192	211.6648	2.416421	0.8797558	0.4013	0.5987	0.6353749
24336	-1020.548	-1232.214	211.6658	2.416421	0.8430817	0.541735	0.458265	0.7129318
24342	-1023.533	-1235.383	211.8494	2.437411	0.7294864	0.396876	0.603124	0.5357412
24348	-1024.388	-1236.219	211.8308	2.509475	0.6444249	0.483661	0.516339	0.6960173
24354	-1022.42	-1233.729	211.3085	2.53877	1.080074	0.597412	0.402588	0.6960173
24360	-1028.425	-1240.08	211.6543	2.354743	0.8487947	0.346873	0.653127	0.810277
24366	-1024.081	-1236.005	211.924	2.354743	0.6439851	0.327865	0.672135	0.7912127
24372	-1014.8	-1226.529	211.7289	2.550798	0.7290059	0.318139	0.681861	0.5747643
24378	-1012.256	-1224.174	211.9172	2.519084	0.6092953	0.318139	0.681861	0.5909133
24384	-1023.874	-1235.107	211.2333	2.408623	1.290298	0.565085	0.434915	0.7297195
24390	-1006.079	-1217.825	211.7463	2.208752	0.8521922	0.596671	0.403329	0.8721913
24396	-1007.524	-1219.096	211.5717	2.208752	0.7854253	0.504529	0.495471	1.125935
24402	-1009.808	-1221.085	211.2763	2.106633	1.147741	0.504529	0.495471	1.146517
24408	-1018.691	-1229.976	211.2854	2.130317	1.147741	0.607679	0.392321	1.117211
24414	-1019.565	-1231.015	211.4499	2.130317	1.258596	0.366815	0.633185	0.8500861
24420	-1018.424	-1229.592	211.1678	2.220456	1.315533	0.411798	0.588202	1.007482
24426	-1015.321	-1226.689	211.3683	2.15099	1.315533	0.480437	0.519563	0.8667253
24432	-1022.576	-1234.28	211.7036	2.220618	0.9116249	0.480437	0.519563	0.8304188
24438	-1020.207	-1232.02	211.8133	2.153315	0.8727196	0.56852	0.43148	0.8304188
24444	-1031.239	-1242.418	211.1786	1.999758	1.056615	0.331248	0.668752	1.386037
24450	-1033.032	-1244.309	211.277	1.976038	1.045399	0.583848	0.416152	1.335558
24456	-1019.082	-1230.805	211.7228	2.135209	0.9899489	0.542361	0.457639	0.8110578
24462	-1027.2	-1238.966	211.7657	2.063874	0.820419	0.251572	0.748428	1.042089
24468	-1013.471	-1225.217	211.7458	2.207471	0.9307956	0.478554	0.521446	0.7640351
24474	-1013.672	-1225.072	211.3993	2.207471	1.140102	0.478554	0.521446	0.9373721
24480	-1019.916	-1231.945	212.0289	1.903748	0.6308204	0.395654	0.604346	1.168216
24486	-1026.909	-1238.407	211.4977	1.93639	0.8937644	0.453934	0.546066	1.314907
24492	-1033.981	-1245.86	211.879	2.177352	0.51051	0.306264	0.693736	1.218133
24498	-1032.761	-1244.504	211.743	2.191316	0.5893552	0.4346	0.5654	1.218133
24504	-1017.078	-1228.866	211.788	2.264367	0.7643207	0.487705	0.512295	0.8787877
24510	-1025.837	-1237.547	211.7098	2.259459	0.8283784	0.54977	0.45023	0.8872016
24516	-1027.47	-1239.188	211.7176	2.131162	0.6177179	0.582692	0.417308	1.255472
24522	-1031.541	-1243.257	211.7157	2.316154	0.8688623	0.633021	0.366979	0.7470586
24528	-1013.772	-1225.568	211.7955	2.327925	0.8379161	0.446426	0.553574	0.6460699
24534	-1014.044	-1225.342	211.2982	2.479122	1.170756	0.593629	0.406371	0.6717177
24540	-1005.597	-1217.333	211.7365	2.356203	0.8470913	0.573203	0.426797	0.6866634
24546	-1006.996	-1218.772	211.7763	2.241316	0.8470913	0.493917	0.506083	0.8015877
24552	-1021.044	-1232.747	211.7028	2.13813	0.8470913	0.485394	0.514606	1.001033
24558	-1025.901	-1237.195	211.2937	2.049529	1.142092	0.586605	0.413395	1.185757
24564	-1034.034	-1245.251	211.2169	1.968513	1.214192	0.478188	0.521812	1.265253
24570	-1018.143	-1229.226	211.083	1.968513	1.214192	0.478188	0.521812	1.373118
24576	-1008.667	-1220.531	211.8647	1.924714	0.8187016	0.4888	0.5112	1.081855
24582	-1033.841	-1245.379	211.5379	2.321052	1.084288	0.617448	0.382552	0.6665667
24588	-1022.376	-1234.237	211.8607	1.862512	0.5531288	0.544167	0.455833	1.43169
24594	-1032.398	-1243.595	211.1972	1.982843	0.8295863	0.403512	0.596488	1.564791
24600	-1027.781	-1239.156	211.3745	1.923445	0.7315883	0.36322	0.63678	1.564791
24606	-1024.944	-1235.965	211.0207	1.934845	0.5818597	0.443448	0.556552	1.947723
24612	-1037.858	-1249.572	211.7141	1.996394	0.4220499	0.267922	0.732078	1.606193
24618	-1026.567	-1238.398	211.8319	2.131306	0.4220499	0.514908	0.485092	1.417314
24624	-1011.389	-1223.099	211.71	2.113359	0.4683343	0.406918	0.593082	1.460873
24630	-1008.726	-1220.468	211.7419	2.251957	0.4129976	0.333111	0.666889	1.40673
24636	-1017.267	-1228.782	211.5147	2.300118	0.5156121	0.522003	0.477997	1.40673
24642	-1012.428	-1224.108	211.6806	2.295328	0.5156121	0.42879	0.57121	1.278278
24648	-1008.495	-1219.571	211.0755	2.076404	0.58431	0.463073	0.536927	1.811484
24654	-1004.777	-1215.883	211.1055	1.962243	0.58431	0.463073	0.536927	1.869228
24660	-1001.474	-1212.736	211.2618	2.075863	0.3830555	0.305037	0.694963	1.919072
24666	-1005.516	-1217.327	211.8108	2.119791	0.3880649	0.464367	0.535633	1.491701
24672	-1012.804	-1223.999	211.1947	2.302258	0.578807	0.425671	0.574329	1.57219
24678	-1001.826	-1213.641	211.8152	2.188197	0.4087951	0.588991	0.411009	1.405496
24684	-999.093	-1210.474	211.3808	2.122196	0.5161952	0.588991	0.411009	1.638402
24690	-1001.764	-1213.229	211.4651	2.058055	0.675094	0.301901	0.698099	1.45112
24696	-1014.912	-1225.67	210.7574	2.006913	1.008534	0.552586	0.447414	1.726269
24702	-1010.52	-1222.242	211.7223	1.963143	0.5892765	0.34246	0.65754	1.418882
24708	-1007.619	-1217.733	210.1137	1.748706	0.4696502	0.419958	0.580042	2.757951
24714	-1020.29	-1230.84	210.5504	1.707327	1.005514	0.380714	0.619286	2.07247
24720	-1018.07	-1228.934	210.864	1.772207	0.7612599	0.450424	0.549576	1.999903
24726	-1017.43	-1228.053	210.6234	1.712013	0.5706998	0.459347	0.540653	2.362678
24732	-1017.969	-1228.188	210.2188	1.785962	0.6233197	0.492511	0.507489	2.522298
24738	-1026.887	-1236.437	209.5493	1.656242	1.079794	0.44572	0.55428	2.693662
24744	-1019.746	-1229.311	209.5654	1.691967	0.823999	0.417166	0.582834	2.824711
24750	-1022.448	-1233.422	210.9737	1.832621	0.823999	0.355555	0.644445	1.83439
24756	-1029.145	-1239.416	210.2707	1.800424	0.3247398	0.615832	0.384168	2.802774
24762	-1050.006	-1261.676	211.6695	2.167338	0.8003485	0.335189	0.664811	1.057496
24768	-1034.346	-1245.904	211.5582	2.003331	0.8003485	0.586428	0.413572	1.297388
24774	-1030.736	-1242.282	211.5453	2.184533	0.9175606	0.396609	0.603391	1.034173
24780	-1030.635	-1242.509	211.8741	2.184533	0.8036739	0.384628	0.615372	0.8135016
24786	-1017.319	-1228.995	211.6759	2.184533	0.8368118	0.599554	0.400446	0.9931529
24792	-1019.362	-1231.288	211.9258	2.286774	0.6915366	0.429971	0.570029	0.7940907
24798	-1015.008	-1226.266	211.2582	2.256475	1.013819	0.495999	0.504001	1.141846
24804	-1020.371	-1232.121	211.7498	2.256475	0.7898828	0.641242	0.358758	0.8962681
24810	-1023.851	-1235.294	211.4428	2.256475	1.081986	0.641242	0.358758	0.894676
24816	-1012.927	-1224.478	211.5508	2.056429	1.020834	0.479357	0.520643	1.050351
24822	-1016.598	-1228.088	211.4901	2.056429	1.20981	0.479357	0.520643	0.9357227
24828	-1015.2	-1226.89	211.6895	2.213888	0.9085849	0.315941	0.684059	0.8598986
24834	-1007.967	-1219.411	211.4439	2.226753	0.9085849	0.551668	0.448332	1.098928
24840	-1013.162	-1224.514	211.3524	2.083456	1.061999	0.495823	0.504177	1.169996
24846	-1024.898	-1236.84	211.9427	1.966355	0.6463836	0.311425	0.688575	1.169996
24852	-1020.41	-1231.694	211.2844	2.340392	1.110105	0.386069	0.613931	0.9473766
24858	-1008.984	-1220.836	211.8512	1.935359	0.6524587	0.554071	0.445929	1.266817
24864	-1015.268	-1227.164	211.8965	1.935359	0.6118721	0.657281	0.342719	1.276333
24870	-1014.898	-1226.577	211.6792	1.935359	0.7229556	0.411751	0.588249	1.331044
24876	-1025.33	-1236.057	210.727	1.785116	0.5866078	0.187909	0.812091	2.234589
24882	-1018.998	-1229.873	210.8745	1.637681	0.5866078	0.64333	0.35667	2.234589
24888	-1022.253	-1233.185	210.9328	1.628043	0.2646767	0.563263	0.436737	2.58915
24894	-1022.918	-1234.723	211.8051	2.001498	0.291046	0.347768	0.652232	1.733378
24900	-1009.385	-1220.482	211.0966	1.811288	0.5077979	0.517128	0.482872	2.056408
24906	-1015.3	-1226.971	211.6711	1.699662	0.295633	0.517128	0.482872	2.023194
24912	-1013.693	-1225.301	211.6077	1.923414	0.2907593	0.533284	0.466716	1.923517
24918	-1001.386	-1213.119	211.733	1.813608	0.6019562	0.558209	0.441791	1.510241
24924	-1004.203	-1215.391	211.1885	2.108463	0.7319517	0.508109	0.491891	1.565164
24930	-1005.816	-1217.434	211.6174	1.812736	0.3824935	0.331813	0.668187	1.856905
24936	-1027.555	-1239.029	211.4739	2.032925	0.2890046	0.321626	0.678374	1.942675
24942	-1026.234	-1237.422	211.1883	2.063204	0.4695218	0.537185	0.462815	1.868931
24948	-1024.916	-1236.741	211.8246	2.063204	0.3640778	0.57168	0.42832	1.559349
24954	-1007.977	-1219.349	211.3719	1.748018	0.4461252	0.588659	0.411341	1.98557
24960	-1012.452	-1223.921	211.4693	1.714004	0.3615429	0.641694	0.358306	2.051301
24966	-1021.041	-1232.499	211.4579	1.789637	0.4927993	0.641694	0.358306	1.844651
24972	-1032.701	-1243.625	210.9241	1.901548	0.6850703	0.582336	0.417664	1.93785
24978	-1033.989	-1245.697	211.708	2.056463	0.5636162	0.376496	0.623504	1.387318
24984	-1009.161	-1220.754	211.5934	2.10737	0.8047593	0.556517	0.443483	1.176106
24990	-1007.888	-1219.274	211.3863	2.003735	0.5267426	0.583152	0.416848	1.706878
24996	-1005.668	-1217.208	211.5406	1.726385	0.5108898	0.504368	0.495632	1.810696
25002	-1002.284	-1213.702	211.4186	1.881017	0.6138364	0.649766	0.350234	1.67775
25008	-1008.175	-1219.682	211.5073	2.021754	0.5939562	0.605068	0.394932	1.532028
25014	-1014.266	-1225.672	211.406	1.882064	0.8987332	0.636955	0.363045	1.425722
25020	-1010.823	-1222.27	211.4466	1.882064	0.9909929	0.499502	0.500498	1.317983
25026	-1022.186	-1233.756	211.5705	1.969081	0.7973855	0.529049	0.470951	1.317983
25032	-1003.123	-1215.025	211.9022	1.876694	0.4985322	0.376099	0.623901	1.455785
25038	-1003.493	-1215.151	211.6583	2.109506	0.5016284	0.459787	0.540213	1.460346
25044	-1007.646	-1219.151	211.5041	2.109506	1.011771	0.471434	0.528566	1.052788
25050	-1031.312	-1242.832	211.5198	2.030837	0.8220584	0.420081	0.579919	1.285622
25056	-1034.869	-1246.813	211.9438	1.927054	0.5714492	0.352583	0.647417	1.293028
25062	-1028.794	-1240.321	211.5272	1.921355	0.9053378	0.410177	0.589823	1.293028
25068	-1024.078	-1235.566	211.4884	1.986611	0.9453875	0.395261	0.604739	1.236106
25074	-1026.052	-1237.415	211.3635	2.042042	1.21847	0.547503	0.452497	1.069168
25080	-1034.995	-1247.125	212.1302	2.04943	0.5523968	0.530558	0.469442	1.048197
25086	-1025.566	-1236.742	211.1761	2.04943	1.096875	0.525466	0.474534	1.318402
25092	-1008.188	-1219.362	211.174	1.986422	1.107344	0.273964	0.726036	1.362569
25098	-1019.827	-1231.468	211.6408	1.910537	0.8942285	0.555685	0.444315	1.21759
25104	-1021.331	-1232.98	211.6489	1.915083	0.8167674	0.663773	0.336227	1.279707
25110	-1026.455	-1238.399	211.9445	1.782912	0.7182715	0.345102	0.654898	1.243688
25116	-1009.557	-1220.704	211.147	1.746364	0.6290796	0.345102	0.654898	1.943629
25122	-1011.84	-1222.892	211.0514	1.852824	0.9400511	0.487621	0.512379	1.67668
25128	-1026.891	-1238.471	211.5802	1.830963	0.5403278	0.662561	0.337439	1.67668
25134	-1021.882	-1233.829	211.947	1.89375	0.5403278	0.46481	0.53519	1.355567
25140	-1019.842	-1231.063	211.2207	1.949451	0.9840886	0.358366	0.641634	1.447625
25146	-1020.657	-1232.691	212.0342	1.728458	0.3270256	0.550065	0.449935	1.70634
25152	-1002.655	-1213.628	210.9721	1.728843	0.7066209	0.4641	0.5359	2.002559
25158	-1008.241	-1218.443	210.2017	1.568588	0.4439209	0.51029	0.48971	2.841606
25164	-1017.382	-1227.728	210.3451	1.568588	0.6187869	0.503056	0.496944	2.582938
25170	-1019.119	-1230.182	211.063	1.756524	0.5620762	0.503056	0.496944	2.058191
25176	-1017.116	-1228.208	211.0919	1.628794	0.3708399	0.329204	0.670796	2.33865
25182	-1011.948	-1223.022	211.0731	1.814828	0.6424196	0.367955	0.632045	1.934742
25188	-1021.074	-1232.139	211.0655	1.799193	0.4786618	0.405706	0.594294	2.116788
25194	-1013.616	-1224.618	211.0019	1.799193	0.6406585	0.55999	0.44001	1.994619
25200	-1027.365	-1238.661	211.296	1.799193	0.6652821	0.438527	0.561473	1.771371
25206	-1018.299	-1228.97	210.6709	1.767545	0.5247537	0.392924	0.607076	2.342552
25212	-1007.788	-1219.348	211.5605	2.039808	0.5322475	0.418116	0.581884	1.548768
25218	-1014.203	-1225.853	211.6503	2.101923	0.4432238	0.537867	0.462133	1.547305
25224	-1008.683	-1219.904	211.2207	1.859781	0.8267545	0.63015	0.36985	1.639524
25230	-1012.718	-1224.037	211.3194	2.095536	0.7805246	0.380718	0.619282	1.431729
25236	-1008.001	-1219.891	211.8899	2.392945	0.5578775	0.598749	0.401251	0.9354817
25242	-1020.183	-1232.058	211.8747	2.392945	0.5226176	0.39145	0.60855	1.008018
25248	-1005.194	-1217.512	212.3177	2.213082	0.3755903	0.40901	0.59099	1.008018
25254	-1016.145	-1227.515	211.3697	2.072801	0.5278815	0.331987	0.668013	1.66829
25260	-1029.566	-1240.992	211.4261	2.016417	0.5278815	0.464102	0.535898	1.66829
25266	-1023.006	-1234.496	211.49	2.016417	0.8765479	0.464102	0.535898	1.271387
25272	-1026.453	-1237.952	211.4984	1.904338	0.8823915	0.536985	0.463015	1.349986
25278	-1028.225	-1239.82	211.5942	1.904338	0.8147445	0.404428	0.595572	1.33459
25284	-1033.174	-1244.67	211.496	1.904338	0.8147445	0.241297	0.758703	1.411819
25290	-1031.341	-1242.908	211.5663	1.987361	0.7366355	0.510026	0.489974	1.365743
25296	-1038.106	-1249.853	211.7473	2.031355	0.4367182	0.510026	0.489974	1.536462
25302	-1045.249	-1256.991	211.7424	2.12525	0.7515092	0.514476	0.485524	1.083931
25308	-1019.349	-1231.189	211.8395	2.080524	0.8090451	0.392704	0.607296	0.9651005
25314	-1024.319	-1236.124	211.8052	2.082155	0.7596684	0.427688	0.572312	1.055967
25320	-1030.947	-1242.847	211.8998	2.082155	0.5519663	0.45187	0.54813	1.225499
25326	-1033.824	-1245.414	211.5901	1.93435	0.9104777	0.482985	0.517015	1.225499
25332	-1047.129	-1258.755	211.6254	1.770835	0.7304667	0.549252	0.450748	1.492792
25338	-1031.503	-1242.459	210.9569	1.666269	0.668885	0.553767	0.446233	2.086982
25344	-1053.106	-1263.628	210.5214	1.546117	0.7322043	0.443541	0.556459	2.391731
25350	-1058.4	-1269.916	211.5158	2.299623	1.132579	0.398351	0.601649	0.6641589
25356	-1054.075	-1265.38	211.3052	2.403303	1.223487	0.50187	0.49813	0.7128344
25362	-1034.979	-1246.063	211.0839	2.602205	1.315566	0.358815	0.641185	0.59653
25368	-1016.261	-1227.368	211.1071	2.579009	1.315566	0.564276	0.435724	0.59653
25374	-1038.584	-1249.5	210.9165	2.480275	1.473072	0.377782	0.622218	0.8667941
25380	-1025.066	-1236.339	211.2733	2.480275	0.9158493	0.442814	0.557186	1.01273
25386	-1016.163	-1227.638	211.4755	2.242772	1.068989	0.37993	0.62007	0.8870109
25392	-1010.964	-1222.572	211.6079	2.011677	1.018367	0.401989	0.598011	1.040835
25398	-1009.524	-1220.799	211.2746	2.140433	1.156873	0.405493	0.594507	1.110389
25404	-1028.92	-1240.654	211.7342	2.211621	0.8885511	0.509549	0.490451	0.8346772
25410	-1033.823	-1245.732	211.9089	2.211192	0.744731	0.616216	0.383784	0.8260815
25416	-1034.325	-1246.044	211.7195	2.211646	0.8239036	0.671892	0.328108	0.9351067
25422	-1040.482	-1252.425	211.9439	1.704529	0.4713457	0.422957	0.577043	1.587212
25428	-1047.129	-1258.493	211.3636	1.875215	0.9302286	0.596735	0.403265	1.437632
25434	-1025.78	-1237.035	211.2553	2.239128	1.41371	0.542247	0.457753	0.8008968
25440	-1016.633	-1227.961	211.3281	2.36116	1.187947	0.493915	0.506085	0.7880574
25446	-1012.911	-1224.413	211.5024	2.282406	1.124217	0.52936	0.47064	0.7317697
25452	-1001.425	-1212.801	211.3755	2.361155	1.177805	0.546457	0.453543	0.7317697
25458	-1019.901	-1231.54	211.6387	2.265763	0.7538808	0.575917	0.424083	1.046466
25464	-1032.774	-1244.232	211.4578	1.774183	0.9277502	0.459661	0.540339	1.444894
25470	-1032.407	-1244.066	211.6599	2.079728	0.9277502	0.480174	0.519826	1.014015
25476	-1031.608	-1243.514	211.9064	1.951499	0.7274814	0.332944	0.667056	1.120333
25482	-1031.455	-1242.787	211.3323	1.683645	0.4989945	0.373381	0.626619	1.99425
25488	-1016.857	-1228.832	211.9747	1.709804	0.4658565	0.530368	0.469632	1.567752
25494	-1022.261	-1233.939	211.6787	1.792799	0.4955967	0.60791	0.39209	1.685056
25500	-1031.934	-1243.376	211.4419	2.080607	0.5404825	0.544491	0.455509	1.596325
25506	-1019.254	-1231.244	211.9906	2.161768	0.5721418	0.29157	0.70843	1.045472
25512	-1020.777	-1232.418	211.6409	2.183005	0.6917597	0.396069	0.603931	1.190867
25518	-1008.315	-1220.263	211.9474	2.176028	0.5974862	0.375168	0.624832	1.037194
25524	-1007.407	-1218.508	211.1007	2.276739	1.068285	0.634001	0.365999	1.215125
25530	-1019.028	-1230.622	211.5934	2.070201	0.8578877	0.530555	0.469445	1.155256
25536	-1027.969	-1239.928	211.9584	2.091389	0.559171	0.511207	0.488793	1.157486
25542	-1010.236	-1221.9	211.6644	2.131539	0.6761139	0.617944	0.382056	1.232338
25548	-1008.781	-1220.593	211.8122	1.980647	0.4856529	0.45463	0.54537	1.461597
25554	-1015.236	-1226.876	211.6391	2.135012	0.6454553	0.545884	0.454116	1.284975
25560	-1008.412	-1219.926	211.5136	2.063012	0.8460187	0.418214	0.581786	1.241421
25566	-1017.366	-1229.138	211.772	2.126072	0.7536781	0.339241	0.660759	1.052823
25572	-1023.779	-1235.803	212.0241	2.252522	0.5848068	0.503168	0.496832	0.8976766
25578	-1028.172	-1239.978	211.8061	2.016581	0.8279825	0.510346	0.489654	1.040281
25584	-1029.856	-1241.394	211.5376	2.083642	0.4629083	0.493905	0.506095	1.617588
25590	-1020.117	-1231.388	211.2712	1.926295	0.7813205	0.411061	0.588939	1.593541
25596	-1036.999	-1248.592	211.5936	2.102548	0.9191175	0.450606	0.549394	1.064718
25602	-1031.658	-1243.221	211.5635	1.921538	0.9069438	0.692669	0.307331	1.261693
25608	-1035.884	-1247.129	211.245	2.112544	0.9257232	0.577521	0.422479	1.348798
25614	-1025.89	-1236.871	210.9808	1.953598	1.123878	0.541781	0.458219	1.523933
25620	-1021.495	-1233.431	211.9357	1.966317	0.7519457	0.543176	0.456824	1.051134
25626	-1012.034	-1223.576	211.5424	2.154298	0.9691324	0.383377	0.616623	1.0139
25632	-1015.845	-1227.194	211.3484	2.128134	1.05168	0.417903	0.582097	1.142907
25638	-1016.694	-1228.126	211.4318	2.126656	1.036936	0.432231	0.567769	1.081392
25644	-1015.838	-1227.121	211.2835	2.036278	1.083371	0.429068	0.570932	1.25165
25650	-1018.145	-1229.764	211.6182	1.696257	0.7376139	0.366583	0.633417	1.54707
25656	-1014.625	-1225.948	211.3229	1.781208	0.8695491	0.41821	0.58179	1.587372
25662	-1013.89	-1225.683	211.7936	2.025857	0.7676124	0.485675	0.514325	1.110045
25668	-1020.257	-1231.738	211.4811	2.025857	1.02781	0.485675	0.514325	1.136394
25674	-1021.709	-1232.944	211.2346	1.930828	1.206312	0.50095	0.49905	1.287294
25680	-1029.024	-1240.064	211.039	1.874821	1.120834	0.642556	0.357444	1.541239
25686	-1031.459	-1243.097	211.6383	1.874821	0.8387087	0.459104	0.540896	1.300557
25692	-1015.631	-1227.325	211.6937	1.981737	0.7049949	0.706616	0.293384	1.300557
25698	-1016.049	-1228.12	212.0708	1.977233	0.6167197	0.392574	0.607426	1.082381
25704	-1019.112	-1230.591	211.4787	1.977233	0.6420552	0.558684	0.441316	1.535439
25710	-1022.486	-1233.622	211.1364	1.857013	0.7085291	0.551923	0.448077	1.802473
25716	-1015.888	-1226.709	210.8212	1.667452	0.6979275	0.360996	0.639004	2.1498
25722	-1017.324	-1227.767	210.4429	1.598992	0.5498856	0.640105	0.359895	2.566765
25728	-1029.099	-1238.662	209.5624	1.636	0.6924821	0.526254	0.473746	2.958095
25734	-1036.145	-1247.497	211.3519	1.483705	0.5159284	0.60406	0.39594	2.095312
25740	-1022.765	-1233.47	210.7053	1.632538	0.4685291	0.517353	0.482647	2.465054
25746	-1017.91	-1227.364	209.4535	1.425828	0.68325	0.47312	0.52688	3.15609
25752	-1010.802	-1220.423	209.6203	1.517056	0.5065915	0.408574	0.591426	3.156998
25758	-1019.543	-1230.026	210.483	1.66421	0.7455975	0.496703	0.503297	2.330589
25764	-1011.485	-1223.475	211.9896	2.215923	0.3701375	0.304251	0.695749	1.305436
25770	-1007.847	-1219.722	211.8753	1.922559	0.4831805	0.481861	0.518139	1.460978
25776	-1005.532	-1216.756	211.2242	1.830761	0.5188459	0.293151	0.706849	1.946428
25782	-1019.814	-1230.906	211.0923	1.464401	0.5188459	0.655711	0.344289	2.273088
25788	-1011.346	-1221.908	210.5615	1.778169	0.6664478	0.648639	0.351361	2.273088
25794	-1007.533	-1218.252	210.7195	1.88973	0.6664478	0.308733	0.691267	2.098272
25800	-1029.946	-1241.068	211.122	1.683508	0.579097	0.431247	0.568753	2.050526
25806	-1042.855	-1253.202	210.3472	1.560932	0.763381	0.399889	0.600111	2.467767
25812	-1011.269	-1222.387	211.1177	1.714194	0.5738653	0.508966	0.491034	2.038226
25818	-1022.71	-1233.703	210.9929	1.702931	0.6163543	0.480753	0.519247	2.087006
25824	-1011.762	-1222.513	210.7505	1.685816	0.5480526	0.537488	0.462512	2.320538
25830	-1025.216	-1235.535	210.3192	1.543398	0.6762359	0.546796	0.453204	2.565578
25836	-1016.308	-1227.243	210.9352	1.543398	0.5175905	0.546796	0.453204	2.324347
25842	-1022.777	-1233.061	210.2847	1.499907	0.5175905	0.57396	0.42604	2.7566
25848	-1019.204	-1229.694	210.49	1.570795	1.075402	0.52655	0.47345	2.157029
25854	-1007.696	-1219.062	211.3668	1.9151	0.5828736	0.476132	0.523868	1.722274
25860	-1014.757	-1225.894	211.1371	1.785249	0.7187707	0.661715	0.338285	1.842332
25866	-1009.42	-1220.148	210.728	1.661079	0.9136951	0.424881	0.575119	2.048291
25872	-1012.418	-1222.379	209.9604	1.903615	1.665374	0.376684	0.623316	1.977308
25878	-1015.21	-1225.996	210.7864	1.903615	0.8849092	0.565276	0.434724	1.867082
25884	-1033.718	-1244.168	210.4501	1.793241	1.141883	0.530907	0.469093	1.996258
25890	-1026.777	-1238.042	211.2647	1.759149	0.3645793	0.660903	0.339097	2.15184
25896	-1027.199	-1236.653	209.4542	1.650101	0.7282248	0.309664	0.690336	2.986973
25902	-1031.297	-1241.081	209.7843	1.650101	1.068504	0.376751	0.623249	2.558935
25908	-1030.612	-1240.922	210.31	1.744716	0.7171985	0.463898	0.536102	2.411876
25914	-1032.297	-1243.034	210.7376	1.667869	0.5329371	0.463898	0.536102	2.355258
25920	-1024.914	-1235.085	210.1709	1.744625	0.6034689	0.463898	0.536102	2.59543
25926	-1036.433	-1246.378	209.9455	1.7736	0.8754618	0.401716	0.598284	2.504673
25932	-1027.101	-1237.713	210.6116	1.568959	0.6950657	0.480618	0.519382	2.350311
25938	-1032.283	-1242.566	210.2827	1.457676	0.6827797	0.523283	0.476717	2.635812
25944	-1029.026	-1241.055	212.0286	2.091024	0.5677831	0.360497	0.639503	1.082517
25950	-1031.177	-1243.093	211.9161	1.677566	0.7168048	0.308485	0.691515	1.353943
25956	-1016.608	-1228.219	211.611	1.802287	0.6813605	0.693438	0.306562	1.527518
25962	-1024.886	-1237.16	212.2735	1.837226	0.4342062	0.685427	0.314573	1.28235
25968	-1031.041	-1242.556	211.5149	1.854839	0.7778174	0.448307	0.551693	1.468732
25974	-1022.528	-1234.08	211.5522	1.915716	0.9543804	0.326947	0.673053	1.234198
25980	-1026.785	-1238.806	212.0207	1.911827	0.7599045	0.564173	0.435827	1.01196
25986	-1023.334	-1234.935	211.6017	1.79781	0.9060898	0.328866	0.671134	1.331988
25992	-1018.052	-1229.369	211.3166	1.792232	0.9696569	0.53592	0.46408	1.505078
25998	-1022.551	-1234.23	211.6788	1.890662	0.8587499	0.5397	0.4603	1.235362
26004	-1030.417	-1242.392	211.9752	2.08177	0.6772787	0.568871	0.431129	0.9931689
26010	-1030.517	-1242.463	211.946	2.067284	0.750764	0.68477	0.31523	0.9407483
26016	-1017.632	-1229.637	212.0042	2.224701	0.6171856	0.42427	0.57573	0.8985065
26022	-1030.579	-1242.025	211.4466	2.312658	0.9889168	0.473496	0.526504	0.9286778
26028	-1013.977	-1225.695	211.7172	2.316788	0.6145476	0.563294	0.436706	1.098176
26034	-1032.044	-1243.545	211.5012	2.069698	0.9402654	0.551371	0.448629	1.158333
26040	-1025.109	-1236.711	211.6023	1.988809	0.9373298	0.442726	0.557274	1.143144
26046	-1030.979	-1242.411	211.4316	2.156428	0.9402554	0.384143	0.615857	1.143144
26052	-1019.729	-1231.809	212.0798	2.226394	0.589958	0.637255	0.362745	0.8544351
26058	-1033.172	-1244.329	211.1567	2.389006	1.027504	0.402716	0.597284	1.101691
26064	-1031.145	-1242.771	211.6263	1.973819	0.7907769	0.465422	0.534578	1.275131
26070	-1007.404	-1219.156	211.7523	1.828643	0.5572679	0.370593	0.629407	1.534256
26076	-1025.485	-1236.03	210.545	1.912462	1.149449	0.344155	0.655845	1.846882
26082	-1026.592	-1238.317	211.7252	2.12811	0.6319134	0.499331	0.500669	1.234927
26088	-1032.382	-1244.214	211.8312	1.9101	0.6078555	0.539782	0.460218	1.354008
26094	-1027.433	-1239.087	211.6536	1.957676	0.6725679	0.602072	0.397928	1.38569
26100	-1031.266	-1243.004	211.7377	1.831914	0.7103715	0.626283	0.373717	1.379439
26106	-1031.988	-1243.251	211.2624	1.877203	0.6608826	0.407664	0.592336	1.744511
26112	-1041.519	-1252.93	211.4114	1.72821	0.6608826	0.448486	0.551514	1.744511
26118	-1027.768	-1238.701	210.9329	1.862871	0.8616121	0.443369	0.556631	1.812165
26124	-1043.51	-1253.727	210.2162	1.590132	0.8067748	0.597707	0.402293	2.498942
26130	-1024.135	-1235.562	211.4272	2.106455	0.5774723	0.440788	0.559212	1.546641
26136	-1015.79	-1227.356	211.5662	2.039135	0.8562596	0.390451	0.609549	1.207374
26142	-1014.104	-1225.779	211.6747	2.089546	0.7968858	0.385319	0.614681	1.128261
26148	-1025.76	-1237.534	211.7744	1.957104	0.8248862	0.4767	0.5233	1.128261
26154	-1002.152	-1213.544	211.3918	2.061253	0.931632	0.473876	0.526124	1.266329
26160	-1014.533	-1225.947	211.414	1.863564	0.931632	0.535934	0.464066	1.406607
26166	-1016.285	-1228.236	211.951	2.000248	0.4673748	0.457656	0.542344	1.363156
26172	-998.8774	-1210.655	211.7771	1.955872	0.6781212	0.368844	0.631156	1.282388
26178	-1016.832	-1228.321	211.4892	1.983863	0.6254544	0.578288	0.421712	1.539907
26184	-995.8952	-1207.411	211.5161	2.356844	1.062537	0.473883	0.526117	0.679495
26190	-1015.197	-1226.78	211.582	2.521699	0.8841235	0.417974	0.582026	0.545036
26196	-999.4436	-1210.604	211.1605	2.581661	1.267322	0.50344	0.49656	0.5112405
26202	-997.7033	-1209.322	211.6188	2.429484	0.9337058	0.50344	0.49656	0.5570418
26208	-1008.105	-1218.538	210.4328	2.429484	2.183436	0.601308	0.398692	0.9592322
26214	-1005.283	-1217.265	211.9823	2.321373	0.6480361	0.520592	0.479408	0.7476032
26220	-1002.247	-1213.494	211.2474	2.321373	1.366717	0.548501	0.451499	0.7476032
26226	-1010.867	-1222.821	211.9543	2.279602	0.6903465	0.492777	0.507223	0.7665262
26232	-1001.558	-1213.527	211.9693	2.156838	0.6903465	0.553872	0.446128	0.901474
26238	-1000.147	-1211.829	211.681	2.366512	0.7807796	0.469785	0.530215	0.8610491
26244	-1006.595	-1218.415	211.8202	2.366512	0.7807796	0.491319	0.508681	0.6538251
26250	-1010.575	-1222.314	211.7386	2.091067	0.7807796	0.357287	0.642713	1.086073
26256	-1009.264	-1221.018	211.7544	2.047131	0.7754953	0.429974	0.570026	1.117682
26262	-1013.45	-1225.074	211.624	1.915089	0.5004968	0.551189	0.448811	1.630895
26268	-1023.342	-1233.223	209.8811	1.621241	0.8612193	0.42715	0.57285	2.648934
26274	-1027.988	-1237.793	209.8052	1.910303	0.8635122	0.384532	0.615468	2.51515
26280	-1026.612	-1236.326	209.7141	1.851578	1.005767	0.464542	0.535458	2.51515
26286	-1047.041	-1257.376	210.3356	1.839635	1.712238	0.464542	0.535458	1.742871
26292	-1028.566	-1238.529	209.9627	1.857146	1.237088	0.537199	0.462801	2.219145
26298	-1018.694	-1230.189	211.4952	2.039898	0.5663188	0.482462	0.517538	1.557954
26304	-1019.127	-1231.11	211.983	1.952246	0.3510743	0.511917	0.488083	1.544259
26310	-1036.267	-1247.499	211.2321	2.049184	0.356063	0.511917	0.488083	1.993766
26316	-1021.047	-1232.914	211.8668	2.288602	0.5335369	0.511917	0.488083	1.098364
26322	-1027.072	-1238.229	211.1572	2.218041	1.217066	0.47235	0.52765	1.098364
26328	-1019.607	-1231	211.3937	2.231858	1.223455	0.47235	0.52765	0.8310153
26334	-1012.952	-1225.131	212.1788	2.268824	0.5148189	0.630474	0.369526	0.8228779
26340	-1023.381	-1234.924	211.5432	2.338662	0.9252337	0.419607	0.580393	0.8644065
26346	-1028.218	-1239.441	211.2228	2.338662	1.266719	0.548099	0.451901	0.8644065
26352	-1027.708	-1239.129	211.4211	2.352358	1.137612	0.548099	0.451901	0.7303715
26358	-1036.422	-1247.928	211.5059	2.426647	0.8847087	0.324498	0.675502	0.8559986
26364	-1041.404	-1253.017	211.6127	2.387784	0.8847087	0.36367	0.63633	0.7674308
26370	-1044.396	-1255.755	211.3587	2.435039	1.088998	0.569147	0.430853	0.7674308
26376	-1046.798	-1258.771	211.973	2.21418	0.72213	0.630739	0.369261	0.7745483
26382	-1042.884	-1254.163	211.2794	2.329257	1.268891	0.596196	0.403804	0.8032586
26388	-1040.862	-1252.269	211.4065	2.274846	1.184056	0.643445	0.356555	0.8032586
26394	-1005.412	-1217.186	211.7743	2.102215	0.8328592	0.653767	0.346233	0.9814778
26400	-1000.61	-1212.462	211.8516	2.0124	0.8437851	0.576902	0.423098	0.9814778
26406	-1005.329	-1216.231	210.9015	2.155272	1.562288	0.518596	0.481404	1.142363
26412	-1011.55	-1222.227	210.677	2.094799	1.801169	0.345732	0.654268	1.249212
26418	-1007.728	-1218.764	211.0356	2.297076	1.626576	0.268579	0.731421	0.8100369
26424	-1018.149	-1229.419	211.2708	2.18947	1.297779	0.439779	0.560221	0.9486504
26430	-1016.332	-1227.784	211.452	2.252149	1.177173	0.439779	0.560221	0.7805418
26436	-1021.503	-1233.036	211.5328	2.325094	1.076303	0.439277	0.560723	0.6830949
26442	-1013.677	-1224.984	211.3068	2.373519	1.276782	0.407669	0.592331	0.6830949
26448	-1009.474	-1220.816	211.3422	2.374214	1.23002	0.394115	0.605885	0.6892053
26454	-1016.639	-1227.812	211.1735	2.374214	1.431407	0.351594	0.648406	0.7005517
26460	-1009.648	-1220.886	211.2387	1.938808	1.166816	0.403152	0.596848	1.305693
26466	-1008.374	-1219.371	210.9971	2.17982	1.39272	0.579951	0.420049	1.147645
26472	-1005.793	-1216.94	211.1462	2.03025	1.393285	0.48764	0.51236	1.147645
26478	-1023.76	-1235.685	211.9249	2.19766	0.7417333	0.54393	0.45607	0.8276377
26484	-1026.923	-1238.527	211.6036	2.184797	0.8716439	0.528434	0.471566	1.025736
26490	-1023.176	-1234.66	211.4838	2.436466	1.033867	0.265849	0.734151	0.6387268
26496	-1020.722	-1232.485	211.7626	2.432582	0.8037607	0.697721	0.302279	0.5436548
26502	-1022.573	-1233.581	211.008	2.591562	1.430897	0.321359	0.678641	0.5828557
26508	-1023.276	-1234.218	210.9413	2.635546	1.40678	0.469507	0.530493	0.6819353
26514	-1028.349	-1239.846	211.4972	2.288488	1.155434	0.349325	0.650675	0.6819353
26520	-1026.326	-1237.918	211.5923	2.029292	0.9937616	0.478827	0.521173	1.062202
26526	-1014.224	-1226.094	211.8701	2.132165	0.7717275	0.577975	0.422025	0.9249498
26532	-1007.218	-1219.404	212.1854	2.00399	0.6282352	0.577975	0.422025	0.9249498
26538	-1008.932	-1221.145	212.2124	1.980923	0.6804896	0.445483	0.554517	0.8377568
26544	-1013.486	-1224.996	211.5102	1.979361	1.095524	0.445483	0.554517	1.093482
26550	-1017.05	-1228.755	211.705	1.979361	0.8522178	0.649614	0.350386	1.142496
26556	-1012.956	-1224.602	211.6461	2.035812	0.9119553	0.530311	0.469689	1.08521
26562	-1020.986	-1232.665	211.679	2.629061	0.7147351	0.494675	0.505325	0.4975662
26568	-1027.056	-1238.783	211.727	2.536147	0.7500228	0.395687	0.604313	0.515124
26574	-1028.291	-1239.483	211.192	2.536147	1.26964	0.33548	0.66452	0.5824302
26580	-1012.098	-1223.869	211.7714	2.364914	0.8472991	0.513183	0.486817	0.5824302
26586	-1027.102	-1238.76	211.6578	2.401363	0.9175436	0.492256	0.507744	0.5824302
26592	-1030.12	-1241.539	211.4193	2.204836	1.034676	0.401071	0.598929	1.020887
26598	-1020.888	-1231.744	210.8561	2.159102	1.304384	0.53047	0.46953	1.341874
26604	-1012.789	-1224.279	211.4894	1.971891	0.875835	0.343391	0.656609	1.308863
26610	-1011.254	-1222.822	211.5689	2.054589	0.9395455	0.594172	0.405828	1.112009
26616	-1026.076	-1237.447	211.3709	2.140333	1.010477	0.580662	0.419338	1.147838
26622	-1014.858	-1226.567	211.7086	2.094018	0.5828706	0.419333	0.580667	1.334271
26628	-1028.509	-1239.426	210.9161	2.083837	1.205471	0.464904	0.535096	1.419194
26634	-1019.831	-1231.741	211.9105	1.924616	0.6307873	0.485537	0.514463	1.251399
26640	-1027.018	-1239.185	212.1678	2.234559	0.5979555	0.526311	0.473689	0.7028534
26646	-1017.088	-1228.439	211.351	2.342844	1.244702	0.49062	0.50938	0.7069832
26652	-1029.163	-1240.658	211.4943	2.205455	1.202156	0.608187	0.391813	0.7554577
26658	-1030.171	-1241.636	211.4655	2.42749	1.055537	0.603153	0.396847	0.6528071
26664	-1021.039	-1232.651	211.6124	2.01672	0.9189599	0.525951	0.474049	1.12655
26670	-1022.964	-1234.522	211.5585	2.413115	0.9852332	0.421454	0.578546	0.6316669
26676	-1027.712	-1238.834	211.1227	2.413115	1.370445	0.509015	0.490985	0.7904237
26682	-1017.944	-1229.438	211.4947	2.452289	1.005562	0.460706	0.539294	0.6413296
26688	-1031.445	-1242.874	211.4291	2.319997	1.131539	0.522921	0.477079	0.7749033
26694	-1017.71	-1229.035	211.3251	2.319997	1.276749	0.515931	0.484069	0.7422102
26700	-1025.546	-1237.421	211.8755	2.329431	0.7054273	0.321596	0.678404	0.7797586
26706	-1008.082	-1219.804	211.7224	2.322285	0.8251213	0.559325	0.440675	0.7989374
26712	-1016.114	-1227.801	211.6863	2.348117	0.830446	0.635034	0.364966	0.8044974
26718	-1023.543	-1234.69	211.1472	2.348117	1.347436	0.331132	0.668868	0.8647011
26724	-1016.884	-1228.712	211.8282	2.24831	0.8102135	0.516449	0.483551	0.7790935
26730	-1012.099	-1223.932	211.8328	2.14522	0.7774444	0.416088	0.583912	0.9435448
26736	-1003.53	-1215.283	211.7533	2.051848	0.9309439	0.434378	0.565622	0.9435448
26742	-1007.451	-1219.266	211.814	2.051848	0.8732694	0.615244	0.384756	0.9452265
26748	-1008.956	-1220.363	211.4067	2.088389	1.03564	0.615244	0.384756	1.140176
26754	-1007.547	-1218.795	211.2488	2.088389	1.356173	0.496316	0.503684	1.025711
26760	-1007.195	-1218.711	211.516	2.187911	0.8658798	0.491146	0.508854	1.111149
26766	-1005.244	-1217.24	211.996	2.187911	0.4822322	0.443217	0.556783	1.148352
26772	-1014.669	-1226.132	211.4629	1.887687	0.5383999	0.462368	0.537632	1.721701
26778	-1007.982	-1219.324	211.3424	2.008614	0.6815031	0.495095	0.504905	1.573374
26784	-1022.284	-1234.197	211.9127	1.909378	0.5751269	0.455994	0.544006	1.327978
26790	-1023.119	-1234.444	211.3247	2.064007	0.794179	0.426599	0.573401	1.439388
26796	-1046.677	-1257.203	210.5261	2.064007	1.098897	0.592294	0.407706	1.787339
26802	-1014.635	-1226.159	211.5242	2.199662	1.170974	0.537627	0.462373	0.7602996
26808	-1019.286	-1231.397	212.1103	2.30445	0.622222	0.537627	0.462373	0.6005422
26814	-1011.923	-1223.133	211.2106	1.899001	0.6634925	0.445676	0.554324	1.763072
26820	-1030.459	-1242.169	211.7098	2.15766	0.7855206	0.341316	0.658684	1.045121
26826	-1026.105	-1237.507	211.4021	2.101417	1.093639	0.341316	0.658684	1.082182
26832	-1018.984	-1230.605	211.6205	2.101417	0.9143433	0.454464	0.545536	1.045048
26838	-1037.975	-1248.806	210.8311	2.029432	1.430403	0.612421	0.387579	1.385538
26844	-1037.744	-1248.453	210.7089	2.163826	1.430403	0.379217	0.620783	1.375956
26850	-1023.543	-1234.384	210.8416	2.054106	1.459772	0.364945	0.635055	1.340176
26856	-1035.769	-1246.499	210.7296	2.092803	1.225983	0.502884	0.497116	1.539946
26862	-1034.959	-1247.021	212.0623	1.877841	0.4955083	0.456842	0.543158	1.334043
26868	-1040.555	-1252.483	211.9281	1.978926	0.6914655	0.613028	0.386972	1.117928
26874	-1032.342	-1244.068	211.7265	2.03681	0.7537962	0.47777	0.52223	1.175036
26880	-1022.597	-1233.633	211.0358	2.039935	1.415687	0.498049	0.501951	1.219842
26886	-1034.121	-1244.858	210.7366	2.039935	1.188959	0.585644	0.414356	1.597173
26892	-1034.287	-1246.087	211.8	1.867915	0.6074101	0.613332	0.386668	1.412047
26898	-1016.083	-1226.898	210.8155	1.719039	0.6074101	0.489082	0.510918	2.200564
26904	-1008.604	-1219.768	211.1648	1.707369	0.717426	0.6003	0.3997	1.877872
26910	-1000.795	-1212.441	211.6459	1.852777	0.6621892	0.44354	0.55646	1.482869
26916	-1003.09	-1215.171	212.0815	1.970375	0.4253751	0.485847	0.514153	1.342975
26922	-1024.023	-1235.193	211.1696	1.945448	0.8472797	0.485847	0.514153	1.597594
26928	-1029.282	-1240.777	211.4943	1.904102	0.6226999	0.623819	0.376181	1.597594
26934	-1056.347	-1267.568	211.2209	1.846667	0.9344334	0.579554	0.420446	1.562768
26940	-1042.762	-1254.119	211.3571	1.927942	0.7498962	0.445492	0.554508	1.557456
26946	-1031.299	-1243.061	211.7619	1.994208	0.5129693	0.410664	0.589336	1.455118
26952	-1034.334	-1246.412	212.0781	1.903615	0.4761197	0.395532	0.604468	1.326886
26958	-1039.935	-1250.384	210.449	2.307531	1.247433	0.476477	0.523523	1.57498
26964	-1029.121	-1240.698	211.5777	2.166183	0.5616651	0.520528	0.479472	1.405654
26970	-1035.986	-1247.536	211.55	2.014365	0.7504937	0.544275	0.455725	1.343567
26976	-1041.229	-1252.162	210.9336	2.014365	0.8641164	0.524143	0.475857	1.703895
26982	-1033.551	-1245.205	211.6544	2.064676	0.9847197	0.360901	0.639099	0.9754775
26988	-1020.898	-1232.578	211.6802	2.276276	0.7628629	0.572739	0.427261	0.9843573
26994	-1034.664	-1246.131	211.4666	2.050502	0.9251231	0.572739	0.427261	1.218498
27000	-1006.26	-1218.112	211.8522	2.139723	0.6846072	0.543836	0.456164	1.047378
27006	-1007.233	-1218.766	211.5324	2.13125	1.006574	0.564185	0.435815	1.009148
27012	-1026.381	-1237.988	211.6077	1.969855	0.8885133	0.430463	0.569537	1.20056
27018	-1030.592	-1242.339	211.7473	1.917953	0.7852414	0.274494	0.725506	1.226361
27024	-1025.469	-1237.154	211.6848	2.045934	0.598836	0.47191	0.52809	1.372704
27030	-1015.677	-1227.761	212.0842	1.999438	0.5625184	0.403801	0.596199	1.122756
27036	-1029.414	-1240.308	210.8935	1.999438	0.7806384	0.620193	0.379807	1.809867
27042	-1035.5	-1246.642	211.1419	2.637282	1.217339	0.386412	0.613588	0.4490426
27048	-1029.322	-1240.001	210.6791	2.637282	1.838695	0.514946	0.485054	0.589919
27054	-1034.214	-1245.474	211.2598	2.681625	1.036016	0.408901	0.591099	0.4348793
27060	-1050.807	-1262.564	211.7568	1.777033	0.7225783	0.547092	0.452908	1.395161
27066	-1027.842	-1239.47	211.6283	1.796091	0.6455681	0.422441	0.577559	1.55517
27072	-1016.801	-1228.077	211.2754	1.806678	0.6455681	0.460232	0.539768	1.799226
27078	-1018.187	-1228.798	210.6104	1.539356	0.5182442	0.57013	0.42987	2.530763
27084	-1020.388	-1231.025	210.6377	1.539356	0.4074493	0.656816	0.343184	2.633964
27090	-1018.414	-1228.28	209.8652	1.654028	0.5447729	0.453444	0.546556	2.891668
27096	-1005.403	-1215.701	210.2977	1.463705	0.5638335	0.464378	0.535622	2.726485
27102	-1011.821	-1221.779	209.9577	1.50686	0.6821452	0.521033	0.478967	2.805327
27108	-1031.851	-1241.45	209.5989	1.50686	0.9775187	0.66119	0.33881	2.815775
27114	-1031.543	-1241.795	210.2517	1.268746	0.9218672	0.598127	0.401873	2.596956
27120	-1018.738	-1228.961	210.2233	1.470244	0.4402429	0.415994	0.584006	2.892108
27126	-1011.625	-1222.175	210.5493	1.442975	0.5131253	0.470326	0.529674	2.633553
27132	-1016.963	-1227.982	211.0197	1.715509	0.672894	0.518629	0.481371	2.00929
27138	-1027.826	-1239.299	211.4734	1.699005	0.3987257	0.48937	0.51063	2.00929
27144	-1021.77	-1232.669	210.899	1.763737	0.4199082	0.370621	0.629379	2.314839
27150	-1030.063	-1240.436	210.3727	1.581595	0.4295185	0.470703	0.529297	2.745457
27156	-1031.125	-1242.592	211.4679	1.611003	0.3418011	0.399545	0.600455	2.147048
27162	-1034.833	-1246.353	211.5198	2.489407	0.9415168	0.381556	0.618444	0.6483339
27168	-1034.053	-1245.643	211.5898	2.39655	0.9357536	0.381556	0.618444	0.7040062
27174	-1030.8	-1242.491	211.6911	2.431303	0.85464	0.365798	0.634202	0.6005125
27180	-1022.772	-1234.372	211.5999	2.482626	0.859446	0.322584	0.677416	0.6796463
27186	-1021.25	-1233.029	211.7789	2.368676	0.818796	0.338199	0.661801	0.6410841
27192	-1029.412	-1241.397	211.9853	2.156195	0.5249681	0.310527	0.689473	1.123429
27198	-1012.427	-1224.605	212.1775	2.079733	0.5622789	0.539568	0.460432	0.9555229
27204	-1031.954	-1243.649	211.6951	1.973544	0.7121142	0.426671	0.573329	1.298624
27210	-1026.372	-1238.084	211.7119	2.412537	0.8242076	0.472796	0.527204	0.6762782
27216	-1010.415	-1222.165	211.7503	1.997335	0.6818679	0.539775	0.460225	1.266213
27222	-1020.781	-1232.335	211.554	1.872284	0.6818679	0.583087	0.416913	1.517397
27228	-1028.259	-1239.076	210.8169	1.859423	0.7606592	0.583087	0.416913	1.973593
27234	-1018.197	-1229.599	211.402	1.884088	0.7670291	0.348489	0.651511	1.541147
27240	-1014.757	-1225.865	211.1073	1.878843	0.3450307	0.388801	0.611199	2.202828
27246	-1017.888	-1229.072	211.1838	1.862608	0.4451435	0.459677	0.540323	2.03566
27252	-1009.465	-1220.985	211.5205	1.831581	0.5045767	0.312835	0.687165	1.758778
27258	-1010.055	-1221.303	211.2475	1.846162	0.4226262	0.350792	0.649208	2.031577
27264	-1012.266	-1224.028	211.763	1.898871	0.3824182	0.318687	0.681313	1.695719
27270	-1009.582	-1221.175	211.5927	1.697958	0.6640272	0.318687	0.681313	1.634204
27276	-1016.267	-1227.406	211.1393	1.663891	0.4651734	0.567926	0.432074	2.172001
27282	-1017.623	-1229.458	211.8352	1.742617	0.5015581	0.427174	0.572826	1.601552
27288	-1008.036	-1219.353	211.3171	1.759011	0.8772785	0.457911	0.542089	1.601552
27294	-1018.014	-1228.023	210.009	1.627074	0.5581259	0.485709	0.514291	2.808282
27300	-1015.296	-1226.073	210.7769	1.506423	0.5471553	0.566285	0.433715	2.418408
27306	-1015.271	-1226.378	211.1067	1.584213	0.5471553	0.52149	0.47851	2.157523
27312	-1023.472	-1234.959	211.4874	1.723041	0.6393127	0.52149	0.47851	1.715515
27318	-1015.283	-1226.411	211.1284	1.702946	0.4363354	0.52149	0.47851	2.186989
27324	-1015.148	-1226.447	211.2988	1.764753	0.9034429	0.495355	0.504645	1.589906
27330	-1036.576	-1248.603	212.0276	2.150641	0.4702101	0.495355	0.504645	1.171376
27336	-1015.048	-1226.816	211.7684	2.054562	0.5973386	0.499302	0.500698	1.300757
27342	-1031.921	-1243.594	211.673	2.139626	0.6044459	0.447458	0.552542	1.300757
27348	-1043.705	-1255.337	211.6317	2.028599	0.6417187	0.561172	0.438828	1.380207
27354	-1025.031	-1236.118	211.0867	2.028599	1.165764	0.574699	0.425301	1.356279
27360	-1029.113	-1240.798	211.685	1.820716	0.6858374	0.674047	0.325953	1.453498
27366	-1013.57	-1224.91	211.3402	1.921608	0.5945002	0.605449	0.394551	1.724346
27372	-1011.035	-1222.421	211.3853	1.86379	0.4985944	0.360692	0.639308	1.836904
27378	-1021.216	-1232.208	210.9926	1.867023	0.7757227	0.360692	0.639308	1.836904
27384	-1018.161	-1229.32	211.1587	1.80736	0.6054309	0.592854	0.407146	1.917324
27390	-1017.562	-1228.653	211.0909	2.163114	0.5265171	0.364916	0.635084	1.802253
27396	-1025.39	-1236.816	211.426	2.026683	0.3724662	0.354167	0.645833	1.855254
27402	-1016.677	-1227.338	210.661	1.745748	0.5228721	0.579427	0.420573	2.364594
27408	-1008.513	-1219.791	211.2773	1.896588	0.5228721	0.580049	0.419951	1.861333
27414	-1020.098	-1231.155	211.0564	1.860178	0.5228721	0.457688	0.542312	2.034459
27420	-1018.739	-1230.317	211.5777	1.863874	0.4880429	0.533799	0.466201	1.715215
27426	-1024.93	-1235.235	210.3043	1.806376	1.180112	0.533799	0.466201	2.061595
27432	-1028.58	-1239.367	210.7877	1.751157	0.6334115	0.301962	0.698038	2.173814
27438	-1018.499	-1229.289	210.7896	1.698751	0.4631929	0.570617	0.429383	2.376026
27444	-1027.984	-1239.912	211.9287	1.703429	0.5282991	0.402854	0.597146	1.529846
27450	-1017.628	-1229.291	211.6633	1.65695	0.3427821	0.392738	0.607262	1.986474
27456	-1020.019	-1231.289	211.2706	1.742541	0.4524951	0.297538	0.702462	2.04904
27462	-1021.644	-1232.473	210.8289	1.742541	0.5407957	0.485428	0.514572	2.241288
27468	-1012.266	-1223.312	211.0461	1.64016	0.3870157	0.436582	0.563418	2.339965
27474	-1011.7	-1222.592	210.8914	1.64016	0.4791117	0.498999	0.501001	2.331194
27480	-1004.141	-1215.439	211.2977	1.622151	0.4447074	0.450803	0.549197	2.119547
27486	-1006.358	-1218.273	211.915	1.97372	0.4913683	0.46946	0.53054	1.380234
27492	-1023.943	-1235.31	211.3668	1.859747	0.8546707	0.483926	0.516074	1.509256
27498	-1013.644	-1225.152	211.508	1.777738	0.6378276	0.323506	0.676494	1.663536
27504	-1015.135	-1225.906	210.7715	1.745812	0.5993507	0.396466	0.603534	2.219246
27510	-1028.056	-1238.232	210.1759	1.661384	0.5443546	0.781018	0.218982	2.698385
27516	-1022.323	-1233.654	211.3308	1.804634	0.6993588	0.357823	0.642177	1.711518
27522	-1006.115	-1217.444	211.3288	1.66785	0.7084038	0.262481	0.737519	1.80035
27528	-1015.295	-1225.757	210.4619	1.74326	0.8395507	0.401465	0.598535	2.221875
27534	-1013.83	-1225.102	211.2722	1.906968	0.8395507	0.354523	0.645477	1.5571
27540	-1017.621	-1229.14	211.5187	2.139917	0.5921839	0.583265	0.416735	1.43621
27546	-1009.956	-1221.871	211.9149	2.143666	0.4983759	0.597715	0.402285	1.233055
27552	-1007.285	-1218.194	210.9091	1.890916	0.3929205	0.458665	0.541335	2.25993
27558	-1021.003	-1231.472	210.4692	1.570224	0.5927568	0.486843	0.513157	2.528143
27564	-1026.044	-1237.246	211.2018	1.65775	0.6712913	0.722228	0.277772	1.927375
27570	-1030.035	-1238.646	208.6118	1.403378	0.7183095	0.472139	0.527861	3.636198
27576	-1023.514	-1233.464	209.9505	1.563592	0.4965565	0.501567	0.498433	2.941542
27582	-1013.939	-1224.33	210.3906	1.563592	0.4477503	0.464296	0.535704	2.725358
27588	-1025.407	-1236.647	211.24	1.609691	0.4788696	0.515953	0.484047	2.126384
27594	-1023.38	-1234.692	211.3116	1.609691	0.4041133	0.460131	0.539869	2.167634
27600	-1021.614	-1233.386	211.7722	1.637537	0.3912938	0.552406	0.447594	1.85903
27606	-1024.562	-1236.354	211.7925	1.791864	0.4816908	0.421465	0.578535	1.620914
27612	-1028.685	-1240.108	211.4224	1.925526	0.4575004	0.456243	0.543757	1.817141
27618	-1027.865	-1238.987	211.1224	1.748083	0.5079752	0.31672	0.68328	2.080859
27624	-1030.915	-1241.037	210.1216	1.887701	0.6456945	0.420064	0.579936	2.499968
27630	-1023.459	-1234.997	211.5389	1.830374	0.4178096	0.348387	0.651613	1.851955
27636	-1035.256	-1245.702	210.4451	1.784318	0.6347639	0.521556	0.478444	2.371028
27642	-1034.371	-1244.858	210.4865	1.737212	0.5478171	0.509238	0.490762	2.455235
27648	-1043.075	-1253.813	210.7379	1.678031	0.5237236	0.605523	0.394477	2.357894
27654	-1022.399	-1233.444	211.0452	1.838021	0.5911706	0.641174	0.358826	1.986993
27660	-1026.76	-1237.644	210.8836	1.965691	0.6145858	0.33208	0.66792	1.986993
27666	-991.5228	-1202.767	211.2437	1.737808	0.6148516	0.447576	0.552424	1.89771
27672	-1006.028	-1216.327	210.2993	1.686957	0.6487975	0.446499	0.553501	2.511713
27678	-1022.474	-1233.005	210.5311	1.695344	0.718521	0.341737	0.658263	2.301803
27684	-1034.366	-1245.463	211.097	1.739204	0.3929173	0.525565	0.474435	2.236663
27690	-1034.594	-1245.899	211.3054	1.739204	0.2969517	0.582256	0.417744	2.234336
27696	-1021.087	-1232.755	211.6688	1.979876	0.2780009	0.607009	0.392991	1.86452
27702	-1014.752	-1225.951	211.1989	1.788363	0.3250837	0.451188	0.548812	2.229985
27708	-1021.133	-1231.755	210.6211	1.73798	0.3935154	0.445147	0.554853	2.53778
27714	-1015.331	-1226.346	211.0152	1.821881	0.7169795	0.505434	0.494566	1.902078
27720	-1017.074	-1228.265	211.1914	1.885135	0.546681	0.493899	0.506101	1.902078
27726	-1004.171	-1215.049	210.8776	1.70991	0.45003	0.516402	0.483598	2.327814
27732	-1013.393	-1223.739	210.3457	1.70991	0.4846854	0.276832	0.723168	2.623542
27738	-1010.617	-1221.332	210.7154	1.530388	0.5493072	0.365112	0.634888	2.439908
27744	-1021.575	-1231.724	210.149	1.854408	0.6245257	0.615983	0.384017	2.52209
27750	-1020.917	-1232.788	211.8711	2.088163	0.4715198	0.316741	0.683259	1.351112
27756	-1011.836	-1223.539	211.7024	2.177477	0.6800763	0.370928	0.629072	1.15555
27762	-1008.065	-1219.628	211.563	2.173434	0.5622754	0.538115	0.461885	1.410707
27768	-1004.841	-1216.052	211.2108	2.030312	0.6646587	0.354214	0.645786	1.669151
27774	-1015.517	-1227.418	211.9013	1.855414	0.3441896	0.560825	0.439175	1.684192
27780	-1029.137	-1240.333	211.1957	1.927534	0.7930519	0.718058	0.281942	1.637149
27786	-1020.541	-1232.411	211.87	1.977656	0.5578686	0.552154	0.447846	1.328448
27792	-1012.593	-1223.649	211.0557	1.978561	0.474243	0.3483	0.6517	2.009845
27798	-1015.702	-1227.594	211.8915	2.250292	0.4428102	0.3483	0.6517	1.243682
27804	-1023.167	-1234.322	211.1555	1.855562	1.047446	0.370591	0.629409	1.520327
27810	-1028.981	-1240.265	211.2834	1.972078	1.047446	0.637842	0.362158	1.331998
27816	-1019.182	-1229.22	210.0377	2.0122	1.212562	0.542202	0.457798	2.082976
27822	-1024.435	-1235.181	210.7453	1.877298	0.8307111	0.530806	0.469194	1.95393
27828	-1035.886	-1247.282	211.3964	1.926208	0.755098	0.396553	0.603447	1.524898
27834	-1027.013	-1238.144	211.1307	1.932068	0.8449137	0.498396	0.501604	1.637371
27840	-1026.526	-1238.401	211.875	1.990158	0.5997755	0.498396	0.501604	1.263293
27846	-1023.879	-1235.345	211.4664	1.762738	0.7812262	0.456721	0.543279	1.57047
27852	-1021.403	-1233.325	211.9228	1.964816	0.6316523	0.463138	0.536862	1.206173
27858	-1027.901	-1239.7	211.7989	2.09	0.8110603	0.443192	0.556808	0.9944395
27864	-1027.096	-1237.416	210.3203	1.70276	0.6497999	0.503439	0.496561	2.487834
27870	-1026.809	-1238.702	211.8934	1.907634	0.6263835	0.465335	0.534665	1.284704
27876	-1012.251	-1224.018	211.7665	2.027464	0.6073938	0.649607	0.350393	1.312477
27882	-1005.987	-1217.784	211.7967	2.07206	0.6891968	0.366065	0.633935	1.154769
27888	-1020.873	-1233.191	212.3174	1.901511	0.4119357	0.536449	0.463551	1.22672
27894	-1019.317	-1230.454	211.1375	1.81521	0.5656324	0.37031	0.62969	1.965956
27900	-1009.993	-1221.941	211.948	1.577207	0.479798	0.485001	0.514999	1.665727
27906	-1004.802	-1215.907	211.105	1.583526	0.5875109	0.401778	0.598222	2.119265
27912	-1034.259	-1245.919	211.66	1.582964	0.4643849	0.461905	0.538095	1.880819
27918	-1007.58	-1219.783	212.2035	1.784621	0.4643849	0.516544	0.483456	1.338009
27924	-1023.489	-1235.006	211.5172	1.893135	0.6677949	0.564938	0.435062	1.543193
27930	-1029.703	-1240.059	210.3558	1.608136	0.7940677	0.360509	0.639491	2.409397
27936	-1014.425	-1224.324	209.899	1.426367	0.3679391	0.455734	0.544266	3.195334
27942	-1019.357	-1229.676	210.3189	1.821942	0.5063713	0.501042	0.498958	2.548335
27948	-1019.188	-1229.437	210.2488	1.85536	0.5290696	0.354515	0.645485	2.548335
27954	-1006.979	-1218.261	211.2821	1.819564	0.5290696	0.611043	0.388957	1.903784
27960	-1003.325	-1214.928	211.6027	1.829527	0.5460607	0.381976	0.618024	1.655235
27966	-1011.044	-1222.665	211.621	2.12618	0.6887508	0.476142	0.523858	1.259071
27972	-994.8689	-1206.409	211.5406	1.8967	0.5128068	0.476142	0.523858	1.689302
27978	-1007.406	-1219.238	211.8321	1.803071	0.3787467	0.518983	0.481017	1.719778
27984	-1024.563	-1235.836	211.273	1.92347	0.4251736	0.518983	0.481017	1.959827
27990	-1021.696	-1232.721	211.0241	1.785329	0.7807982	0.517877	0.482123	1.867076
27996	-1002.058	-1213.622	211.5633	1.794433	0.4121976	0.483782	0.516218	1.867076
28002	-1015.647	-1227.302	211.6546	1.773418	0.5949356	0.551676	0.448324	1.605093
28008	-997.194	-1208.327	211.1327	1.829823	0.3451342	0.505072	0.494928	2.217909
28014	-995.5015	-1206.566	211.064	1.675129	0.3593914	0.397831	0.602169	2.341839
28020	-1003.12	-1215.005	211.8848	1.734621	0.4178526	0.448929	0.551071	1.677307
28026	-998.474	-1209.264	210.7905	1.90158	0.4820801	0.448929	0.551071	2.22515
28032	-1009.591	-1221.176	211.585	1.850303	0.6179324	0.595645	0.404355	1.575621
28038	-1008.909	-1221.082	212.1723	1.886184	0.5859857	0.434964	0.565036	1.11366
28044	-1013.163	-1224.507	211.3442	1.799033	0.8452458	0.435495	0.564505	1.578719
28050	-1011.315	-1222.994	211.6792	1.855653	0.6913446	0.371714	0.628286	1.425673
28056	-1017.044	-1228.961	211.9169	1.986676	0.5635612	0.478083	0.521917	1.275965
28062	-1015.224	-1227.256	212.0321	1.829015	0.5675169	0.462062	0.537938	1.305702
28068	-1004.567	-1215.305	210.7378	1.706154	0.4452465	0.369292	0.630708	2.424102
28074	-1010.596	-1221.174	210.5785	1.678426	0.4862882	0.447656	0.552344	2.496754
28080	-1016.162	-1226.976	210.8135	1.910541	0.4862882	0.555388	0.444612	2.199897
28086	-1008.856	-1219.652	210.796	1.928027	0.4862882	0.492699	0.507301	2.199897
28092	-1005.507	-1216.938	211.4307	2.069678	0.448582	0.645506	0.354494	1.721904
28098	-1005.522	-1216.77	211.2481	2.075718	1.050006	0.492522	0.507478	1.274593
28104	-1014.765	-1226.72	211.9543	2.101281	0.6614166	0.529072	0.470928	1.015714
28110	-1018.631	-1230.36	211.7292	2.124584	0.923619	0.269976	0.730024	0.8988679
28116	-1018.995	-1230.578	211.5839	2.319744	0.9402307	0.596096	0.403904	0.818086
28122	-1011.241	-1223.161	211.9203	2.194284	0.7542801	0.622533	0.377467	0.818086
28128	-1009.136	-1220.495	211.3589	2.398392	1.173233	0.442267	0.557733	0.7043772
28134	-1031.073	-1242.966	211.8927	2.016679	0.5120293	0.647718	0.352282	1.336928
28140	-1027.673	-1239.209	211.5355	1.862885	0.8440651	0.373938	0.626062	1.387109
28146	-1016.994	-1228.689	211.6948	1.988046	0.6237902	0.57853	0.42147	1.382162
28152	-1009.588	-1221.043	211.4553	1.823131	0.5576525	0.471452	0.528548	1.751424
28158	-1022.093	-1232.959	210.8662	1.885615	0.3911723	0.243891	0.756109	2.292974
28164	-1014.432	-1225.179	210.7474	2.748225	1.560171	0.532631	0.467369	0.404066
28170	-1019.83	-1230.943	211.1135	2.918187	0.8871967	0.427698	0.572302	0.332926
28176	-1034.957	-1245.772	210.8148	2.918187	1.193444	0.622248	0.377752	0.332926
28182	-1027.478	-1238.265	210.7869	2.903048	1.282396	0.233002	0.766998	0.3717596
28188	-1037.465	-1248.207	210.7422	2.903048	1.282396	0.397586	0.602414	0.3215425
28194	-1020.532	-1231.9	211.3675	2.695133	0.8940315	0.59041	0.40959	0.3805071
28200	-1033.443	-1244.874	211.4312	2.708002	0.844288	0.618413	0.381587	0.4241778
28206	-1026.721	-1238.626	211.9052	2.708002	0.498792	0.557363	0.442637	0.4386404
28212	-1011.251	-1222.569	211.318	2.725497	0.8817859	0.385349	0.614651	0.3389903
28218	-1024.839	-1235.875	211.0361	2.73623	1.155676	0.608546	0.391454	0.3389903
28224	-1016.917	-1228.239	211.3214	2.893995	0.7210874	0.535196	0.464804	0.3215801
28230	-1008.089	-1218.144	210.0547	3.196141	1.540545	0.350406	0.649594	0.2127654
28236	-996.8827	-1206.995	210.1128	3.196141	1.671505	0.449431	0.550569	0.2859566
28242	-1005.084	-1215.074	209.9903	3.196141	1.88739	0.622425	0.377575	0.2974976
28248	-1005.653	-1215.749	210.0959	3.195958	1.683836	0.412477	0.587523	0.2802434
28254	-1009.331	-1219.48	210.1497	3.097622	1.683836	0.376268	0.623732	0.2546809
28260	-1022.944	-1233.309	210.365	3.097622	1.410902	0.518366	0.481634	0.265134
28266	-1011.689	-1222.097	210.4082	3.097622	1.410902	0.518366	0.481634	0.2923139
28272	-1000.497	-1210.891	210.3939	3.097622	1.410902	0.407723	0.592277	0.2826348
28278	-1006.38	-1216.703	210.323	3.097622	1.520309	0.481596	0.518404	0.2899524
28284	-996.478	-1206.874	210.3959	3.048755	1.472896	0.395597	0.604403	0.2826996
28290	-1016.207	-1226.891	210.6844	2.950382	1.234088	0.395597	0.604403	0.2826996
28296	-1018.022	-1228.557	210.5347	3.089153	1.244188	0.504994	0.495006	0.2811868
28302	-1038.358	-1248.598	210.2405	1.69039	0.6018282	0.390514	0.609486	2.587399
28308	-1011.247	-1221.123	209.8762	1.639582	0.4564621	0.434389	0.565611	2.981761
28314	-1012.432	-1222.906	210.4741	1.779143	0.6321135	0.34587	0.65413	2.358287
28320	-1012.217	-1223.546	211.3296	1.910761	0.5319863	0.428509	0.571491	1.805691
28326	-1029.006	-1239.845	210.839	2.059846	0.7807704	0.469408	0.530592	1.805691
28332	-1035.836	-1247.406	211.5692	2.018481	0.5773361	0.533108	0.466892	1.506622
28338	-1031.712	-1243.465	211.753	2.203933	0.7197779	0.346388	0.653612	1.037111
28344	-1029.646	-1240.333	210.6875	2.888324	1.453494	0.463892	0.536108	0.4086415
28350	-1017.893	-1229.676	211.7829	2.227462	0.6823518	0.432127	0.567873	1.032547
28356	-1022.094	-1233.8	211.7065	2.523098	0.6823518	0.41779	0.58221	0.7873865
28362	-1017.905	-1228.786	210.8815	2.942458	1.1213	0.590749	0.409251	0.3629409
28368	-1014.465	-1226.498	212.0331	2.470528	0.5729704	0.473566	0.526434	0.5211561
28374	-1025.765	-1237.728	211.9629	2.47527	0.6037584	0.49915	0.50085	0.60913
28380	-1021.82	-1233.625	211.805	2.188856	0.8452822	0.425	0.575	0.8347956
28386	-1009.454	-1221.114	211.6602	2.3028	0.8452822	0.395258	0.604742	0.8720628
28392	-1008.428	-1219.926	211.4981	2.496849	0.9216968	0.402756	0.597244	0.7144935
28398	-1011.525	-1223.045	211.5199	2.536874	0.9216968	0.482898	0.517102	0.5750247
28404	-1014.963	-1226.634	211.6708	2.523144	0.803436	0.610999	0.389001	0.5527797
28410	-1011.569	-1223.1	211.5305	2.578666	0.8779036	0.514026	0.485974	0.5527797
28416	-1009.589	-1220.864	211.2744	2.580639	1.116413	0.388267	0.611733	0.6057193
28422	-1012.702	-1224.207	211.5047	2.56028	0.9058245	0.395207	0.604793	0.6038834
28428	-1024.492	-1235.993	211.5007	2.537237	0.9312585	0.427511	0.572489	0.6038834
28434	-1030.364	-1241.891	211.5269	2.596242	0.8620747	0.250938	0.749062	0.5693008
28440	-1031.447	-1243.198	211.7512	2.494737	0.7643362	0.603476	0.396524	0.4940683
28446	-1044.017	-1255.653	211.6354	2.494737	0.8636173	0.373219	0.626781	0.4940683
28452	-1027.134	-1238.32	211.1867	1.879593	1.280605	0.43821	0.56179	1.316656
28458	-1016.62	-1228.447	211.8275	1.836493	0.7227689	0.254959	0.745041	1.291262
28464	-1021.736	-1233.159	211.4233	2.188019	0.875473	0.492596	0.507404	1.183795
28470	-1029.107	-1240.931	211.8238	2.188019	0.7428393	0.367729	0.632271	0.9526974
28476	-1016.222	-1228.258	212.0363	2.046509	0.6874303	0.482051	0.517949	0.9526974
28482	-1009.967	-1221.55	211.5823	2.174404	1.148594	0.352223	0.647777	0.741101
28488	-1004.76	-1216.118	211.3579	2.298978	1.076993	0.486504	0.513496	0.9462425
28494	-1021.402	-1232.822	211.4198	2.304222	0.9885232	0.436859	0.563141	0.9663558
28500	-1026.461	-1238.153	211.6916	2.202358	0.7755573	0.445482	0.554518	1.031148
28506	-1016.592	-1227.986	211.3949	2.250464	1.111164	0.557824	0.442176	0.9243038
28512	-1016.782	-1228.608	211.826	2.195088	0.8909878	0.410616	0.589384	0.7258453
28518	-1005.822	-1217.327	211.5046	2.389888	1.006688	0.601198	0.398802	0.7355927
28524	-1012.069	-1223.56	211.4918	2.185628	1.123153	0.440446	0.559554	0.8758094
28530	-1019.953	-1231.73	211.777	2.185628	0.8102098	0.548036	0.451964	0.9182466
28536	-1010.14	-1221.756	211.6157	2.225574	0.895583	0.536151	0.463849	0.9453611
28542	-1010.632	-1221.849	211.217	2.142052	1.429807	0.534079	0.465921	0.9453611
28548	-1024.589	-1236.278	211.6898	2.142052	0.7684812	0.332149	0.667851	1.097781
28554	-1015.935	-1227.457	211.5221	2.176756	0.8837874	0.551609	0.448391	1.097781
28560	-1017.846	-1229.523	211.6774	2.1937	0.9659215	0.609404	0.390596	0.8255763
28566	-1011.169	-1222.893	211.7238	2.076728	1.006269	0.40669	0.59331	0.8622304
28572	-1014.46	-1225.793	211.3329	1.795117	1.223441	0.40669	0.59331	1.305732
28578	-1030.349	-1241.378	211.0289	1.93696	1.313792	0.497493	0.502507	1.374838
28584	-1021.906	-1233.53	211.6235	2.023093	0.6389769	0.617915	0.382085	1.39389
28590	-1011.155	-1221.547	210.3924	1.965139	1.91663	0.527867	0.472133	1.517844
28596	-1011.307	-1222.008	210.701	2.282715	1.820714	0.527867	0.472133	1.050433
28602	-1022.97	-1233.881	210.9104	2.269481	1.926022	0.495346	0.504654	0.7539971
28608	-1021.615	-1232.641	211.0264	2.269481	1.669516	0.495346	0.504654	0.8197224
28614	-1020.741	-1232.097	211.3567	1.902871	0.5085077	0.574993	0.425007	1.818498
28620	-1040.32	-1251.648	211.3278	1.994254	0.4712767	0.409876	0.590124	1.818498
28626	-1037.178	-1248.246	211.0675	2.062704	0.7856598	0.54023	0.45977	1.638488
28632	-1027.966	-1239.336	211.3699	2.392788	1.227622	0.606227	0.393773	0.5859444
28638	-1024.014	-1235.109	211.0954	2.392788	1.499339	0.550688	0.449312	0.7153805
28644	-1014.672	-1225.821	211.1483	2.512182	1.312085	0.515625	0.484375	0.6652537
28650	-1002.211	-1213.146	210.9354	2.512182	1.595372	0.34887	0.65113	0.6640009
28656	-1001.433	-1213.04	211.6066	2.292	1.018787	0.269083	0.730917	0.7095277
28662	-997.073	-1208.721	211.6485	2.343475	0.965802	0.298216	0.701784	0.6301563
28668	-1020.215	-1231.623	211.4078	2.340003	1.12159	0.351443	0.648557	0.7893968
28674	-1019.942	-1231.79	211.8482	2.109667	0.9174244	0.338176	0.661824	0.7776779
28680	-1003.729	-1215.412	211.6827	2.418754	0.8478568	0.516507	0.483493	0.6683107
28686	-1004.414	-1215.895	211.4813	2.505275	0.9843496	0.408087	0.591913	0.5932714
28692	-1007.457	-1218.957	211.4998	2.436099	0.9843496	0.391464	0.608536	0.7045308
28698	-1008.356	-1220.113	211.7573	2.402719	0.780732	0.52493	0.47507	0.7045308
28704	-1011.42	-1223.025	211.6049	1.996537	0.8627325	0.517111	0.482889	1.204535
28710	-1018.119	-1229.608	211.4885	1.928692	0.872433	0.517111	0.482889	1.347205
28716	-1028.266	-1239.908	211.6414	1.903206	0.832612	0.518112	0.481888	1.280598
28722	-1021.173	-1232.7	211.528	1.749579	0.6210275	0.35742	0.64258	1.686202
28728	-1036.224	-1246.182	209.9577	1.55176	0.5858853	0.548154	0.451846	2.859839
28734	-1025.086	-1234.329	209.2435	1.192972	0.5153126	0.720905	0.279095	3.560461
28740	-1032.896	-1242.937	210.041	1.192972	0.5453279	0.720905	0.279095	3.062583
28746	-1026.993	-1236.215	209.2215	1.285529	0.4183367	0.408929	0.591071	3.617336
28752	-1030.63	-1237.902	207.2723	1.371762	0.5760083	0.429794	0.570206	4.529827
28758	-1012.793	-1223.805	211.0125	1.59175	0.8604737	0.326736	0.673264	1.943612
28764	-1011.638	-1221.141	209.5032	1.529045	0.5710484	0.314797	0.685203	3.159288
28770	-1046.155	-1257.419	211.264	1.734683	0.5456882	0.373881	0.626119	1.955689
28776	-1035.098	-1246.458	211.3593	1.721749	0.4660946	0.575488	0.424512	1.988064
28782	-1023.244	-1234.651	211.4074	1.852606	0.5035156	0.655251	0.344749	1.823808
28788	-1028.638	-1240.569	211.9306	1.852606	0.7137831	0.465463	0.534537	1.201293
28794	-1014.433	-1225.037	210.6035	1.677731	0.9210002	0.510153	0.489847	2.11418
28800	-1014.764	-1225.142	210.3784	1.622073	0.7752939	0.432796	0.567204	2.400563
28806	-1018.993	-1229.376	210.3838	1.463347	0.3507717	0.569116	0.430884	2.904489
28812	-1030.358	-1240.979	210.6206	1.579895	0.3280305	0.569116	0.430884	2.719357
28818	-1028.12	-1238.474	210.3538	1.938663	0.625684	0.392123	0.607877	2.339108
28824	-1031.814	-1242.657	210.8433	1.859324	0.7005751	0.48678	0.51322	2.006632
28830	-1017.019	-1228.329	211.3095	1.852432	0.5654683	0.352693	0.647307	1.824018
28836	-1022.834	-1234.429	211.5948	1.962376	0.4813981	0.536158	0.463842	1.640903
28842	-1015.528	-1227.153	211.6248	1.878516	0.3221703	0.386493	0.613507	1.893436
28848	-1016.591	-1227.206	210.6158	1.61577	0.6315944	0.643706	0.356294	2.372444
28854	-1026.676	-1237.33	210.654	1.730138	0.7291291	0.675362	0.324638	2.191697
28860	-1023.951	-1234.483	210.5321	1.711295	0.8199834	0.443061	0.556939	2.211663
28866	-1029.965	-1241.183	211.2183	1.711295	0.5111614	0.461699	0.538301	2.038402
28872	-1034.546	-1244.599	210.0534	1.510508	0.5333486	0.260487	0.739513	2.875482
28878	-1032.732	-1242.79	210.0582	1.441751	0.5994937	0.470319	0.529681	2.853491
28884	-1027.274	-1239.047	211.7733	1.706725	0.5671856	0.381035	0.618965	1.597317
28890	-1002.758	-1214.268	211.5096	2.017248	0.8929194	0.564228	0.435772	1.23951
28896	-1009.961	-1221.238	211.2776	1.957957	1.080287	0.537617	0.462383	1.322886
28902	-1012.844	-1224.817	211.9724	1.933593	0.6508091	0.471669	0.528331	1.167296
28908	-1004.527	-1216.081	211.5544	1.839682	0.7103556	0.525529	0.474471	1.513644
28914	-1009.522	-1220.487	210.9652	1.773104	0.9176931	0.376236	0.623764	1.809592
28920	-1010.975	-1222.28	211.3047	1.953955	0.7608224	0.51263	0.48737	1.566958
28926	-1020.387	-1232.342	211.9547	1.954525	0.6963462	0.436649	0.563351	1.110125
28932	-1024.224	-1235.794	211.5704	2.191935	0.8367625	0.402376	0.597624	1.087699
28938	-1034.354	-1246.092	211.7381	2.191935	0.8778809	0.41993	0.58007	0.8679647
28944	-1019.269	-1230.534	211.2648	2.333149	1.250097	0.441461	0.558539	0.8371687
28950	-1016.432	-1227.658	211.2259	2.483928	1.217606	0.516994	0.483006	0.718995
28956	-1022.301	-1233.482	211.181	2.383458	1.275473	0.480356	0.519644	0.8521428
28962	-1021.916	-1233.695	211.7798	2.16626	0.9119959	0.480356	0.519644	0.8016963
28968	-1015.725	-1227.124	211.3992	2.141685	1.062483	0.480356	0.519644	1.074814
28974	-1006.908	-1218.622	211.7142	2.141685	0.9074452	0.566861	0.433139	0.9157715
28980	-1017.944	-1229.935	211.9918	2.225407	0.6612162	0.411243	0.588757	0.8401978
28986	-1009.826	-1221.555	211.7296	2.191641	0.986201	0.50966	0.49034	0.7258464
28992	-1009.088	-1220.557	211.4686	2.191641	1.129159	0.512231	0.487769	0.8892241
28998	-1020.1	-1231.29	211.1899	2.191641	1.44945	0.449123	0.550877	0.9046957
29004	-1021.162	-1232.887	211.7254	2.208616	0.8806099	0.413759	0.586241	0.8596886
29010	-1002.998	-1214.72	211.7211	2.099607	0.8453206	0.413759	0.586241	1.022947
29016	-1010.539	-1222.067	211.5279	2.093296	0.8453206	0.526525	0.473475	1.204339
29022	-1017.992	-1229.64	211.6482	2.03351	0.8941086	0.42365	0.57635	1.103083
29028	-1033.441	-1244.984	211.5424	2.031077	1.026177	0.462659	0.537341	1.077237
29034	-1036.477	-1248.445	211.9685	2.043474	0.6436113	0.483999	0.516001	1.080761
29040	-1010.433	-1221.773	211.34	2.164096	1.219034	0.563777	0.436223	0.9719852
29046	-1023.112	-1234.445	211.3328	2.161333	0.6953271	0.335293	0.664707	1.452865
29052	-1027.392	-1239.253	211.8605	2.161333	0.7205945	0.326362	0.673638	0.9715029
29058	-1011.909	-1223.76	211.8508	2.161333	0.7120881	0.515286	0.484714	0.9924405
29064	-1011.832	-1223.928	212.0962	2.054625	0.6127279	0.445491	0.554509	0.9884234
29070	-1020.084	-1231.572	211.4882	2.09989	1.106943	0.484072	0.515928	0.9884234
29076	-1016.366	-1228.201	211.8357	2.201694	0.7677532	0.584847	0.415153	0.8912583
29082	-1031.363	-1242.531	211.168	2.34056	1.357708	0.438056	0.561944	0.8388726
29088	-1035.166	-1246.288	211.1223	2.308137	1.486367	0.438056	0.561944	0.8130078
29094	-1056.23	-1267.273	211.0436	2.481529	1.486367	0.564814	0.435186	0.6658547
29100	-1027.074	-1238.628	211.5541	2.344072	1.026724	0.524154	0.475846	0.6967628
29106	-1030.999	-1242.835	211.8363	2.344072	0.7675435	0.524154	0.475846	0.6968994
29112	-1016.266	-1227.98	211.7142	2.414208	0.7810923	0.472823	0.527177	0.7542194
29118	-1011.101	-1222.83	211.7292	2.406228	0.8434679	0.404455	0.595545	0.599492
29124	-1024.836	-1236.527	211.6904	2.406228	0.8835788	0.579101	0.420899	0.5797812
29130	-1025.022	-1236.963	211.9404	2.39531	0.6519119	0.512127	0.487873	0.6857104
29136	-1019.743	-1231.767	212.024	2.39531	0.6216053	0.463908	0.536092	0.5888785
29142	-1008.57	-1220.503	211.933	2.311279	0.6886161	0.444021	0.555979	0.7546978
29148	-1018.715	-1230.276	211.5613	2.369049	0.9589316	0.408459	0.591541	0.7546978
29154	-1034.568	-1246.081	211.5134	2.416942	0.9589316	0.408459	0.591541	0.7546978
29160	-1047.009	-1259.368	212.3598	2.364127	0.2792754	0.464505	0.535495	1.027292
29166	-1042.93	-1254.641	211.7107	2.19907	0.7657445	0.526221	0.473779	1.027292
29172	-1018.407	-1230.562	212.1556	2.396635	0.3702782	0.530281	0.469719	0.9973376
29178	-1022.334	-1234.173	211.8385	1.849958	0.4699112	0.50359	0.49641	1.559671
29184	-1020.31	-1232.052	211.7413	1.809029	0.6203941	0.396647	0.603353	1.48758
29190	-1032.946	-1244.804	211.858	2.056825	0.7223636	0.32533	0.67467	1.074054
29196	-1035.932	-1247.353	211.421	2.056825	1.115561	0.497496	0.502504	1.087185
29202	-1030.979	-1242.727	211.7472	2.061015	0.5560965	0.500838	0.499162	1.361926
29208	-1029.218	-1241.213	211.9944	2.019245	0.586067	0.42307	0.57693	1.153674
29214	-1010.851	-1221.953	211.1016	1.782184	0.7345259	0.549435	0.450565	1.855141
29220	-1012.701	-1223.188	210.4868	1.607636	0.7345259	0.434826	0.565174	2.372894
29226	-1016.315	-1225.886	209.5716	1.550525	0.8410916	0.316209	0.683791	2.894751
29232	-1032.993	-1243.521	210.5281	1.584641	0.5808728	0.568873	0.431127	2.493349
29238	-1031.835	-1243.222	211.3866	1.522361	0.3460318	0.48202	0.51798	2.251222
29244	-1020.702	-1231.971	211.269	2.210492	1.173712	0.321996	0.678004	1.035973
29250	-1018.014	-1229.033	211.0196	2.403025	1.173712	0.595202	0.404798	1.089643
29256	-1006.068	-1217.429	211.3617	2.449546	1.130998	0.470632	0.529368	0.6753767
29262	-1013.866	-1225.35	211.484	2.411541	1.032596	0.470632	0.529368	0.6911719
29268	-1012.075	-1223.743	211.6682	2.136841	0.7371318	0.498432	0.501568	1.156681
29274	-1015.732	-1227.4	211.6682	2.136841	0.7371318	0.379778	0.620222	1.156681
29280	-1029.063	-1240.538	211.4756	2.128943	0.9604046	0.547084	0.452916	1.109484
29286	-1015.968	-1227.511	211.5427	1.93545	0.9604046	0.596869	0.403131	1.22033
29292	-1022.716	-1234.259	211.5421	2.112753	0.9545395	0.321558	0.678442	1.068599
29298	-1019.668	-1231.377	211.7089	2.217281	0.9125644	0.616471	0.383529	0.8266993
29304	-1016.146	-1227.577	211.4313	2.493042	1.016457	0.616471	0.383529	0.6664865
29310	-1006.279	-1217.827	211.5489	2.493042	0.9036392	0.402724	0.597276	0.6641862
29316	-1005.566	-1216.751	211.1851	2.542678	1.218589	0.50807	0.49193	0.6864263
29322	-997.9329	-1209.01	211.0773	2.542678	1.355266	0.503219	0.496781	0.6766037
29328	-1012.702	-1224.052	211.35	2.347819	1.081115	0.47996	0.52004	0.8971718
29334	-1011.685	-1223.065	211.3796	2.385246	0.9326429	0.535216	0.464784	0.983621
29340	-993.198	-1204.506	211.3079	2.19002	1.213031	0.487716	0.512284	0.983621
29346	-1004.488	-1215.23	210.7429	2.19002	1.642482	0.436213	0.563787	1.201578
29352	-1001.959	-1213.293	211.3345	2.082211	1.088172	0.359037	0.640963	1.165054
29358	-996.9089	-1208.381	211.4717	2.02751	1.101157	0.39164	0.60836	1.079665
29364	-998.5958	-1210.622	212.0258	2.19651	0.6146036	0.563242	0.436758	0.9099736
29370	-997.3595	-1208.987	211.6271	2.210818	0.8721896	0.63519	0.36481	0.9756067
29376	-994.256	-1205.962	211.7059	2.210818	0.8031368	0.560259	0.439741	0.9756067
29382	-998.1344	-1209.642	211.5078	2.14939	0.9996286	0.461466	0.538534	1.022422
29388	-1001.912	-1213.394	211.4821	2.132518	0.9412122	0.534766	0.465234	1.118449
29394	-1008.996	-1220.723	211.727	2.300518	0.6390178	0.318797	0.681203	1.072154
29400	-1013.71	-1225.127	211.4176	2.004835	1.013072	0.507773	0.492227	1.222449
29406	-1015.331	-1226.491	211.1593	2.004835	0.8260454	0.565921	0.434079	1.579469
29412	-1042.107	-1253.187	211.0799	2.004835	1.108564	0.551219	0.448781	1.42076
29418	-1028.113	-1239.735	211.6215	1.956976	0.8036757	0.641552	0.358448	1.28038
29424	-1008.668	-1220.179	211.5107	1.934509	0.9550763	0.606922	0.393078	1.252548
29430	-1021.953	-1233.369	211.4153	1.934509	1.136871	0.623126	0.376874	1.184184
29436	-1007.7	-1219.333	211.6333	1.945608	0.8228001	0.600779	0.399221	1.261624
29442	-1009.269	-1221.167	211.8976	1.945608	0.8228001	0.455917	0.544083	1.026189
29448	-1028.986	-1240.201	211.215	2.055951	1.164743	0.467818	0.532182	1.230048
29454	-1010.01	-1221.851	211.8409	2.014904	0.7899116	0.633532	0.366468	1.051234
29460	-1012.049	-1223.637	211.5881	1.935067	0.9853514	0.425375	0.574625	1.159497
29466	-1009.089	-1220.961	211.8726	2.041415	0.7012253	0.37485	0.62515	1.09992
29472	-998.3022	-1209.979	211.6772	2.377879	0.8053372	0.594758	0.405242	0.8155686
29478	-1014.916	-1226.089	211.1737	2.313158	1.425454	0.331266	0.668734	0.7989994
29484	-1026.645	-1237.68	211.035	2.303275	1.378838	0.559778	0.440222	1.007022
29490	-1005.928	-1217.203	211.2756	2.303275	1.345471	0.492727	0.507273	0.7576751
29496	-1007.436	-1219.122	211.6863	2.035921	0.6875547	0.673015	0.326985	1.28093
29502	-1004.101	-1215.794	211.6926	2.068614	0.4001358	0.470093	0.529907	1.599519
29508	-1017.895	-1230.197	212.3018	2.119271	0.4001358	0.540963	0.459037	1.067252
29514	-1031.85	-1243.555	211.7054	1.884968	0.8397255	0.524437	0.475563	1.235846
29520	-1027.679	-1239.377	211.6981	1.839631	0.7099646	0.462222	0.537778	1.404702
29526	-1040.243	-1251.93	211.6871	1.871868	0.764259	0.534869	0.465131	1.334357
29532	-1022.873	-1234.581	211.7072	2.08351	0.8268961	0.654965	0.345035	1.071879
29538	-1017.582	-1229.608	212.0254	2.216195	0.6628504	0.39262	0.60738	0.8063112
29544	-1024.764	-1236.313	211.5485	2.216195	0.9974385	0.633413	0.366587	0.9132883
29550	-1002.94	-1214.517	211.5773	2.276664	0.9974385	0.466902	0.533098	0.8065285
29556	-1012.544	-1224.463	211.9189	2.163109	0.626394	0.450913	0.549087	1.037203
29562	-1030.407	-1242.531	212.1237	2.10722	0.5903432	0.487952	0.512048	0.9389423
29568	-1022.167	-1234.427	212.2607	1.990533	0.4879201	0.61897	0.38103	1.078534
29574	-1018.333	-1230.458	212.1253	2.197066	0.4711685	0.505466	0.494534	1.038141
29580	-1035.039	-1247.397	212.3581	2.147582	0.411765	0.441113	0.558887	0.9619208
29586	-1010.839	-1222.398	211.5584	2.070929	0.9667062	0.441113	0.558887	1.080754
29592	-1016.761	-1228.667	211.9062	1.958719	0.764695	0.398716	0.601284	1.071331
29598	-1013.837	-1225.391	211.5543	2.058664	0.9927839	0.597166	0.402834	1.071331
29604	-1026.714	-1238.276	211.5619	2.138895	0.9224314	0.582681	0.417319	1.056976
29610	-1020.151	-1231.758	211.6074	2.099118	0.8103525	0.593669	0.406331	1.165368
29616	-1013.511	-1225.053	211.5429	1.969665	0.9892534	0.719575	0.280425	1.165368
29622	-1021.899	-1233.558	211.6593	2.123628	0.8801249	0.719575	0.280425	1.021906
29628	-1031.136	-1242.945	211.8085	1.996913	0.8898638	0.519964	0.480036	0.9889108
29634	-1008.334	-1219.791	211.4562	2.022997	1.028942	0.549738	0.450262	1.160072
29640	-1014.884	-1226.18	211.2957	2.038227	1.104016	0.297084	0.702916	1.22353
29646	-1025.373	-1236.646	211.2722	2.271514	1.224253	0.311828	0.688172	0.9253668
29652	-1016.657	-1228.162	211.5058	2.29662	1.080249	0.600665	0.399335	0.7668101
29658	-1020.45	-1231.713	211.263	2.394548	1.242184	0.528613	0.471387	0.7668101
29664	-1030.714	-1242.413	211.6992	2.394548	0.8034537	0.427723	0.572277	0.765954
29670	-1030.337	-1242.368	212.0309	2.394548	0.6272131	0.497754	0.502246	0.4934316
29676	-1031.345	-1243.376	212.0311	2.381744	0.6272131	0.515137	0.484863	0.5839968
29682	-1029.287	-1241.24	211.9537	2.459121	0.6272131	0.61213	0.38787	0.5839968
29688	-1025.909	-1237.727	211.8179	2.459121	0.7348745	0.458469	0.541531	0.4494002
29694	-1015.549	-1227.245	211.6964	2.521039	0.778905	0.480554	0.519446	0.4296262
29700	-1016.613	-1228.754	212.1406	2.521039	0.4744377	0.480554	0.519446	0.5196442
29706	-1026.329	-1237.806	211.4761	2.478413	1.011179	0.411387	0.588613	0.6086712
29712	-1017.596	-1229.129	211.5338	2.378422	1.054489	0.415857	0.584143	0.6086712
29718	-1016.014	-1228.332	212.3186	2.378422	0.4219535	0.795267	0.204733	0.6920554
29724	-1012.186	-1223.713	211.527	2.271939	1.04716	0.491514	0.508486	0.8144472
29730	-1010.208	-1222.398	212.1898	2.207699	0.5506544	0.51017	0.48983	0.8144472
29736	-1020.496	-1233.054	212.5586	2.350423	0.3317389	0.371463	0.628537	0.6291343
29742	-1025.187	-1237.413	212.2257	2.479803	0.447792	0.356079	0.643921	0.5432317
29748	-1015.144	-1226.877	211.7327	2.653554	0.6548771	0.365975	0.634025	0.5219995
29754	-1014.423	-1225.941	211.5176	2.542105	0.9069556	0.256214	0.743786	0.6152124
29760	-1016.181	-1227.531	211.3503	2.560082	1.053964	0.61798	0.38202	0.615157
29766	-1022.09	-1233.579	211.4895	2.560082	0.9205828	0.339414	0.660586	0.6027216
29772	-1036.738	-1247.253	210.5151	1.639855	0.8397792	0.590811	0.409189	2.253982
29778	-1036.061	-1246.251	210.1904	1.639855	1.163031	0.632699	0.367301	2.253982
29784	-1029.359	-1240.833	211.4735	2.424194	1.028418	0.481746	0.518254	0.6946623
29790	-1010.687	-1222.27	211.5834	2.232389	1.028418	0.453506	0.546494	0.8162497
29796	-1015.196	-1226.751	211.555	2.237217	0.9838142	0.499779	0.500221	0.8979374
29802	-1043.893	-1254.554	210.6611	1.74541	1.10718	0.379255	0.620745	1.907926
29808	-1033.211	-1244.216	211.0056	1.652765	0.9309048	0.332289	0.667711	1.854924
29814	-1026.418	-1237.983	211.5658	2.071157	0.9294724	0.46294	0.53706	1.109399
29820	-1029.483	-1241.394	211.9113	2.167846	0.6090499	0.392008	0.607992	1.063448
29826	-1021.204	-1233.011	211.8078	2.189049	0.5954167	0.503576	0.496424	1.156409
29832	-1031.696	-1243.818	212.1228	2.189049	0.5954167	0.510366	0.489634	0.8377352
29838	-1008.359	-1219.88	211.5214	2.445492	0.9474475	0.425472	0.574528	0.7161143
29844	-1013.441	-1224.937	211.4958	2.546611	0.9200338	0.506979	0.493021	0.6236924
29850	-1023.081	-1234.379	211.2982	2.374777	1.265759	0.361921	0.638079	0.7123213
29856	-1021.015	-1232.538	211.5235	2.378925	1.00222	0.398976	0.601024	0.7302176
29862	-1030.927	-1242.854	211.9264	2.427487	0.5550666	0.662029	0.337971	0.8600454
29868	-1028.416	-1239.943	211.5264	2.428341	0.9307789	0.189533	0.810467	0.761983
29874	-1029.625	-1240.679	211.0532	2.670728	1.281836	0.356119	0.643881	0.5583552
29880	-1018.27	-1229.406	211.1361	2.675075	1.186029	0.358251	0.641749	0.4791307
29886	-1016.093	-1226.54	210.447	2.827517	1.92973	0.38764	0.61236	0.5142478
29892	-1018.354	-1229.574	211.2192	2.799647	0.9637384	0.567594	0.432406	0.4552684
29898	-1019.644	-1231.082	211.4376	2.799647	0.7481638	0.668898	0.331102	0.3897056
29904	-1021.611	-1233.004	211.3932	2.799647	0.784658	0.400321	0.599679	0.3897056
29910	-1028.977	-1239.981	211.0042	2.81204	1.151175	0.400078	0.599922	0.392916
29916	-1025.87	-1236.873	211.0024	2.81204	1.136625	0.402195	0.597805	0.3690854
29922	-1045.167	-1256.884	211.7167	1.969862	0.8934076	0.445153	0.554847	1.099383
29928	-1033.936	-1246.085	212.1486	1.981638	0.6490862	0.620613	0.379387	0.9570671
29934	-1034.878	-1246.214	211.3357	2.390475	1.164406	0.503437	0.496563	0.7654156
29940	-1038.643	-1249.642	210.9991	2.764492	1.241151	0.473049	0.526951	0.4797732
29946	-1024.205	-1235.204	210.9991	2.764492	1.241151	0.448697	0.551303	0.4797732
29952	-1036.03	-1247.056	211.0255	2.654826	1.34304	0.330384	0.669616	0.4902934
29958	-1016.983	-1228.302	211.3198	2.654826	1.011209	0.473312	0.526688	0.4840171
29964	-1020.205	-1231.748	211.5426	2.578374	0.8714537	0.388598	0.611402	0.4840171
29970	-1024.197	-1235.692	211.4952	2.625759	0.8714537	0.653639	0.346361	0.4840171
29976	-1022.443	-1233.865	211.4221	2.655252	0.9118677	0.501417	0.498583	0.5072
29982	-1013.727	-1224.878	211.1518	2.655252	1.191628	0.441453	0.558547	0.4937794
29988	-1004.964	-1215.991	211.0265	2.697843	1.288896	0.531184	0.468816	0.4937794
29994	-1009.123	-1220.212	211.0892	2.671845	1.236153	0.47271	0.52729	0.4407431
30000	-1018.525	-1229.868	211.3432	2.586058	1.040127	0.47271	0.52729	0.59953
30006	-1014.835	-1226.53	211.6949	2.366868	0.8241805	0.47271	0.52729	0.7771231
30012	-1023.194	-1235.228	212.0334	2.366868	0.3480993	0.297282	0.702718	1.180641
30018	-1019.403	-1231.166	211.763	2.396566	0.8147374	0.673499	0.326501	0.6239083
30024	-1021.183	-1233.227	212.0438	2.39197	0.6057672	0.606562	0.393438	0.6078512
30030	-1006.722	-1218.199	211.4774	2.505722	1.001422	0.547896	0.452104	0.5298251
30036	-1006.862	-1218.16	211.2979	2.570177	1.118226	0.468645	0.531355	0.5509924
30042	-1009.618	-1220.485	210.8671	2.654154	1.528408	0.49976	0.50024	0.6018063
30048	-1019.672	-1230.953	211.2802	2.65479	1.049034	0.499282	0.500718	0.4615103
30054	-1024.111	-1235.391	211.2802	2.65479	1.049034	0.683184	0.316816	0.4615103
30060	-1021.786	-1233.058	211.2727	2.65479	1.049034	0.260155	0.739845	0.4306564
30066	-1032.659	-1244.159	211.5001	2.356291	1.06691	0.581187	0.418813	0.7018955
30072	-1034.624	-1246.226	211.6016	2.356291	0.9774882	0.525836	0.474164	0.677304
30078	-1035.739	-1247.658	211.9192	2.197004	0.7577906	0.56816	0.43184	0.8103582
30084	-1030.771	-1242.228	211.4576	2.176156	1.015727	0.346559	0.653441	1.029659
30090	-1013.438	-1225.071	211.6333	2.118495	0.9008459	0.423863	0.576137	1.030275
30096	-1025.922	-1236.921	210.9989	2.004001	1.038111	0.53432	0.46568	1.533146
30102	-1022.206	-1233.612	211.4051	2.004001	0.6788428	0.616393	0.383607	1.533146
30108	-1023.073	-1234.235	211.1618	1.918514	0.7876748	0.572089	0.427911	1.672516
30114	-1020.508	-1231.507	210.9984	1.762633	0.4824307	0.541718	0.458282	2.180183
30120	-1020.305	-1231.674	211.3691	1.795808	0.4824307	0.528863	0.471137	1.912825
30126	-1008.17	-1218.971	210.8015	1.720703	0.4509325	0.44154	0.55846	2.368277
30132	-1031.121	-1240.794	209.6736	1.657297	0.7591082	0.271851	0.728149	2.826951
30138	-1024.974	-1235.772	210.7979	1.523434	0.4882117	0.460564	0.539436	2.454351
30144	-1020.454	-1231.473	211.0189	1.654361	0.5872107	0.625206	0.374794	2.129479
30150	-1025.705	-1236.276	210.5717	1.663114	0.7905589	0.478493	0.521507	2.23947
30156	-1004.623	-1215.827	211.2047	1.654135	0.7532075	0.433277	0.566723	1.856265
30162	-1010.754	-1221.894	211.1407	1.657712	0.8034061	0.397299	0.602701	1.856265
30168	-1012.928	-1223.217	210.2892	1.5703	0.96834	0.521728	0.478272	2.354094
30174	-1014.617	-1224.8	210.1835	1.77992	1.341395	0.558804	0.441196	2.069412
30180	-1030.203	-1241.792	211.5885	1.939252	0.6995946	0.526911	0.473089	1.422824
30186	-1008.991	-1220.912	211.9206	1.909974	0.6976481	0.358193	0.641807	1.178422
30192	-1004.444	-1215.89	211.4462	2.121188	0.9218097	0.361588	0.638412	1.178422
30198	-1011.937	-1223.064	211.127	2.202884	1.376043	0.395322	0.604678	1.017414
30204	-995.5704	-1207.19	211.6195	1.882307	0.4809667	0.433358	0.566642	1.681005
30210	-1008.943	-1220.355	211.4118	2.042482	0.7472714	0.395088	0.604912	1.4327
30216	-1000.502	-1211.793	211.2908	2.11563	0.8517616	0.378415	0.621585	1.373974
30222	-1017.549	-1228.695	211.1463	2.11563	1.279081	0.395355	0.604645	1.153123
30228	-1029.105	-1240.936	211.8312	2.132892	0.7111001	0.424549	0.575451	1.040917
30234	-1028.622	-1239.927	211.3053	2.062813	1.128863	0.334725	0.665275	1.174599
30240	-1010.868	-1222.616	211.7482	1.980086	0.5725964	0.30062	0.69938	1.404936
30246	-1015.63	-1226.993	211.3632	1.810896	0.5033245	0.432432	0.567568	1.882904
30252	-1015.066	-1226.229	211.1636	1.883821	0.3837263	0.551161	0.448839	2.111193
30258	-1019.801	-1230.645	210.8447	1.86514	0.3842512	0.456063	0.543937	2.328452
30264	-1043.932	-1255.175	211.2428	1.742021	0.2848106	0.466844	0.533156	2.291224
30270	-1033.708	-1244.913	211.2049	1.8022	0.6882701	0.524136	0.475864	1.811252
30276	-1048.247	-1259.367	211.1197	1.685316	0.4600057	0.626558	0.373442	2.176698
30282	-1021.253	-1231.87	210.6164	1.761829	0.4600116	0.384382	0.615618	2.449007
30288	-1026.447	-1237.373	210.9264	1.696399	0.5799174	0.552063	0.447937	2.169455
30294	-1035.956	-1246.99	211.0344	1.60771	0.7400233	0.508616	0.491384	2.013469
30300	-1031.823	-1242.433	210.6097	1.894526	0.4845225	0.606921	0.393079	2.342745
30306	-1031.095	-1242.408	211.3121	1.814936	0.7304478	0.443114	0.556886	1.689227
30312	-1037.167	-1248.439	211.2716	1.866578	0.7216473	0.464849	0.535151	1.689227
30318	-1028.829	-1240.557	211.7283	2.01445	0.5206379	0.464849	0.535151	1.455853
30324	-1028.191	-1239.403	211.2117	1.899063	0.4735331	0.464849	0.535151	1.959539
30330	-1031.163	-1242.172	211.0088	1.811129	0.3180978	0.421696	0.578304	2.347053
30336	-1034.352	-1245.099	210.7474	1.85886	0.4504756	0.41308	0.58692	2.315327
30342	-1038.746	-1249.907	211.161	1.906499	1.210895	0.480934	0.519066	1.362766
30348	-1037.855	-1249.494	211.6395	1.869679	0.7297325	0.730236	0.269764	1.407274
30354	-1037.07	-1248.683	211.6136	2.178779	0.7213941	0.693419	0.306581	1.185005
30360	-1040.177	-1251.515	211.3382	1.762002	0.3918085	0.543355	0.456645	2.06609
30366	-1038.844	-1250.255	211.4109	1.747511	0.637527	0.543355	0.456645	1.753826
30372	-1029.33	-1239.974	210.6437	1.734877	0.9697914	0.50689	0.49311	2.016389
30378	-1030.513	-1240.807	210.2932	1.722936	0.9697914	0.394535	0.605465	2.253111
30384	-1025.952	-1237.292	211.3391	2.116453	1.072138	0.468218	0.531782	1.144103
30390	-1024.725	-1236.186	211.4619	2.116453	1.056089	0.467745	0.532255	1.045158
30396	-1032.538	-1244.11	211.5717	2.028434	0.912986	0.252518	0.747482	1.15803
30402	-1018.589	-1229.72	211.131	2.028434	1.400083	0.377798	0.622202	1.15803
30408	-1023.258	-1234.998	211.7392	2.049704	0.8712543	0.706024	0.293976	1.025661
30414	-1027.512	-1238.98	211.4674	1.959864	0.8712543	0.503062	0.496938	1.340205
30420	-1019.065	-1230.372	211.3071	1.959864	0.9978866	0.471898	0.528102	1.361624
30426	-1025.976	-1237.358	211.3823	1.997471	0.889953	0.522688	0.477312	1.361624
30432	-1025.031	-1236.567	211.5355	1.952679	0.889953	0.471906	0.528094	1.274261
30438	-1030.835	-1242.7	211.8648	1.947451	0.7751833	0.68159	0.31841	1.108284
30444	-1010.973	-1222.945	211.9722	1.997983	0.6911864	0.458457	0.541543	1.059794
30450	-1022.035	-1233.888	211.8524	2.134088	0.8092507	0.644396	0.355604	0.8928398
30456	-1019.787	-1231.976	212.1893	1.994279	0.6234396	0.364441	0.635559	0.9384665
30462	-1024.822	-1236.463	211.6411	1.800858	0.6234396	0.432728	0.567272	1.564962
30468	-1015.622	-1227.517	211.8946	1.97899	0.4610785	0.432728	0.567272	1.43216
30474	-1018.716	-1230.497	211.7812	1.897335	0.3732826	0.536678	0.463322	1.696899
30480	-1020.141	-1231.645	211.5038	1.73133	0.5393195	0.57838	0.42162	1.801297
30486	-1020.85	-1231.953	211.1032	1.769891	0.6818205	0.513534	0.486466	1.908692
30492	-1023.198	-1234.652	211.4538	1.705682	0.4892191	0.523179	0.476821	1.908692
30498	-1023.026	-1234.424	211.3976	1.740871	0.8295961	0.308572	0.691428	1.595242
30504	-1020.666	-1232.755	212.0895	2.003319	0.3612055	0.469416	0.530584	1.409135
30510	-1023.766	-1235.619	211.8524	1.850716	0.5831239	0.635849	0.364151	1.412227
30516	-1006.692	-1218.603	211.9111	1.722657	0.3631393	0.640229	0.359771	1.742975
30522	-1025.552	-1237.594	212.0421	2.212387	0.2025354	0.712363	0.287637	1.580336
30528	-1017.001	-1228.996	211.9951	2.162999	0.408565	0.675923	0.324077	1.282553
30534	-1046.579	-1257.67	211.0916	2.034056	0.6038099	0.493357	0.506643	1.809854
30540	-1051.591	-1261.638	210.0479	1.673942	0.7808492	0.504279	0.495721	2.570792
30546	-1018.088	-1229.001	210.9124	1.699769	0.4434402	0.506288	0.493712	2.319595
30552	-1045.275	-1255.891	210.6161	1.674637	0.608059	0.630608	0.369392	2.356124
30558	-1023.91	-1234.318	210.4086	1.79481	0.6708982	0.491059	0.508941	2.356124
30564	-1021.72	-1232.441	210.7214	1.819054	0.6058625	0.60567	0.39433	2.198162
30570	-1037.279	-1248.072	210.793	1.500483	0.521027	0.330284	0.669716	2.437976
30576	-1028.607	-1239.466	210.8593	1.459944	0.6578503	0.594848	0.405152	2.293588
30582	-1031.809	-1242.558	210.7486	1.551692	0.4211014	0.433924	0.566076	2.541667
30588	-1016.985	-1227.98	210.9945	1.901039	0.4573419	0.405589	0.594411	2.120774
30594	-1020.62	-1232.507	211.8876	2.162578	0.2683248	0.357016	0.642984	1.598883
30600	-1020.293	-1231.708	211.4152	2.162578	0.3664805	0.509046	0.490954	1.777321
30606	-1032.114	-1243.617	211.5033	2.074423	0.3664805	0.377448	0.622552	1.777321
30612	-1022.045	-1234.233	212.1879	1.917357	0.3320242	0.395274	0.604726	1.447215
30618	-1010.295	-1221.806	211.5111	1.972653	0.516888	0.362402	0.637598	1.651373
30624	-1025.594	-1236.378	210.7842	1.875968	0.7052025	0.561688	0.438312	2.030917
30630	-1030.892	-1241.942	211.0503	1.731717	0.4479613	0.512856	0.487144	2.205367
30636	-1034.418	-1245.207	210.7895	1.732089	0.42689	0.502478	0.497522	2.396173
30642	-1025.538	-1237.004	211.4653	1.811359	0.4270882	0.416652	0.583348	1.903348
30648	-1015.641	-1227.372	211.7313	1.889458	0.5006119	0.600333	0.399667	1.571373
30654	-1030.095	-1241.791	211.6964	2.050028	0.5497488	0.580336	0.419664	1.417894
30660	-1021.176	-1232.434	211.2581	1.921923	0.6943778	0.428544	0.571456	1.684529
30666	-1017.767	-1228.028	210.2611	1.771109	0.5954608	0.586763	0.413237	2.530199
30672	-1020.593	-1231.836	211.2429	1.931009	0.7679618	0.586763	0.413237	1.622346
30678	-1019.828	-1231.378	211.5496	1.78262	0.4697877	0.488635	0.511365	1.813224
30684	-1037.454	-1249.202	211.7479	1.78262	0.5935451	0.394494	0.605506	1.531326
30690	-1027.713	-1239.73	212.0171	1.711713	0.5054629	0.394494	0.605506	1.485112
30696	-1029.319	-1240.006	210.6865	1.711713	0.6145399	0.462994	0.537006	2.281678
30702	-1037.683	-1248.287	210.6036	1.914016	0.5654248	0.367967	0.632033	2.251502
30708	-1033.006	-1243.28	210.2735	1.878339	0.5493957	0.589428	0.410572	2.498751
30714	-1033.802	-1244.01	210.2079	1.668514	0.5622741	0.47076	0.52924	2.657322
30720	-1037.61	-1248.09	210.4799	1.6221	0.4272882	0.440227	0.559773	2.657322
30726	-1036.872	-1247.657	210.7845	1.6221	0.3089073	0.432696	0.567304	2.618891
30732	-1009.159	-1220.075	210.9162	1.648905	0.3189897	0.432696	0.567304	2.506257
30738	-1009.884	-1220.558	210.674	1.558567	0.4261534	0.459289	0.540711	2.577973
30744	-1023.908	-1234.71	210.8022	1.634021	0.4668598	0.511126	0.488874	2.404954
30750	-1021.674	-1232.831	211.1579	1.723381	0.4899957	0.463623	0.536377	2.093367
30756	-1022.808	-1233.076	210.2676	1.723381	0.5355847	0.587179	0.412821	2.61218
30762	-1016.849	-1228.376	211.5276	1.777005	0.4046497	0.447382	0.552618	1.912951
30768	-1006.996	-1218.275	211.2789	1.591249	0.3779477	0.34697	0.65303	2.23386
30774	-1014.755	-1225.371	210.6163	1.556032	0.4429141	0.34253	0.65747	2.596357
30780	-1023.251	-1234.22	210.9691	1.470062	0.31063	0.395443	0.604557	2.596357
30786	-1014.391	-1225.979	211.5878	1.740171	0.3711715	0.32735	0.67265	1.941689
30792	-1017.772	-1229.113	211.3406	1.521792	0.4162743	0.367031	0.632969	2.190857
30798	-1015.567	-1226.794	211.2269	1.858647	0.3083413	0.367031	0.632969	2.190857
30804	-1000.964	-1212.002	211.0383	1.737673	0.4641366	0.484896	0.515104	2.190857
30810	-1017.577	-1228.603	211.0256	1.8256	0.475888	0.506219	0.493781	2.128687
30816	-1011.256	-1222.552	211.296	1.839211	0.3288181	0.408736	0.591264	2.128687
30822	-1012.311	-1223.579	211.2677	1.610854	0.6938135	0.421949	0.578051	1.894324
30828	-1019.529	-1228.615	209.0862	1.470929	0.365414	0.480028	0.519972	3.64832
30834	-1029.49	-1240.796	211.3065	1.750846	0.7486951	0.442939	0.557061	1.722396
30840	-1032.663	-1244.296	211.6325	1.750846	0.3309269	0.651082	0.348918	1.961345
30846	-1027.255	-1238.486	211.2304	1.596371	0.5325971	0.528872	0.471128	2.083598
30852	-1033.549	-1244.139	210.5899	1.596371	0.5325971	0.554178	0.445822	2.493631
30858	-1023.951	-1234.996	211.0447	1.761437	0.3679111	0.554178	0.445822	2.287965
30864	-1027.814	-1238.469	210.6547	1.594684	0.5315715	0.481193	0.518807	2.455096
30870	-1025.8	-1235.826	210.0259	1.563965	0.3843933	0.612999	0.387001	3.018018
30876	-1014.838	-1225.291	210.4532	1.72231	0.3902642	0.514773	0.485227	2.65538
30882	-1017.897	-1229.385	211.4878	1.703098	0.4222209	0.32997	0.67003	1.967265
30888	-1018.632	-1230.131	211.4985	1.939222	0.5228054	0.391988	0.608012	1.677504
30894	-1031.743	-1243.41	211.6673	2.045999	0.479106	0.309965	0.690035	1.529667
30900	-1031.797	-1243.885	212.0886	2.045999	0.585094	0.355719	0.644281	1.043955
30906	-1008.356	-1220.112	211.7565	2.21987	0.9046228	0.665212	0.334788	0.7710489
30912	-1022.861	-1234.863	212.0013	2.197069	0.6756004	0.317444	0.682556	0.8395836
30918	-1026.585	-1238.408	211.8238	2.383256	0.7675046	0.393216	0.606784	0.644521
30924	-1018.717	-1230.348	211.6307	2.278904	0.9602082	0.471841	0.528159	0.7825057
30930	-1027.287	-1238.989	211.7025	2.23787	0.9656397	0.379768	0.620232	0.7287359
30936	-1016.11	-1227.649	211.5392	2.26659	0.9656397	0.402363	0.597637	0.9034587
30942	-1025.841	-1237.649	211.8081	2.174391	0.7541007	0.585133	0.414867	0.9687352
30948	-1019.881	-1231.22	211.3381	1.786194	0.5421555	0.364045	0.635955	1.874395
30954	-1015.51	-1226.205	210.6944	1.85352	1.07232	0.611212	0.388788	1.833745
30960	-1023.463	-1235.059	211.5959	1.819014	0.5922805	0.304593	0.695407	1.6174
30966	-1005.897	-1217.112	211.2146	1.786334	0.5438093	0.426103	0.573897	1.956145
30972	-1004.908	-1215.408	210.4997	1.774082	0.3667092	0.484934	0.515066	2.623817
30978	-1018.491	-1228.243	209.7524	1.661086	0.3854312	0.249948	0.750052	3.122099
30984	-1019.613	-1230.368	210.7553	1.742095	0.2742288	0.408052	0.591948	2.613694
30990	-1025.186	-1235.46	210.2739	1.621243	0.4678344	0.563186	0.436814	2.739876
30996	-1008.975	-1219.536	210.5617	1.526941	0.4256072	0.626269	0.373731	2.667464
31002	-1031.089	-1241.105	210.0163	1.366756	0.3826746	0.375028	0.624972	3.143492
31008	-1029.796	-1238.835	209.0385	1.386579	0.514562	0.369193	0.630807	3.567771
31014	-1032.253	-1241.818	209.5654	1.385456	0.6662339	0.647832	0.352168	3.127078
31020	-1020.748	-1230.96	210.2123	1.593619	0.585397	0.436851	0.563149	2.679345
31026	-1021.938	-1231.994	210.0563	1.799971	0.5520623	0.512948	0.487052	2.679345
31032	-1010.435	-1219.704	209.2688	1.442547	0.3100691	0.383758	0.616242	3.628181
31038	-1008.631	-1218.504	209.8733	1.441448	0.76831	0.383758	0.616242	2.829884
31044	-1004.728	-1215.921	211.1933	1.814371	0.5021236	0.377905	0.622095	1.996348
31050	-1015.541	-1226.958	211.4168	1.960344	0.3855093	0.51171	0.48829	1.888949
31056	-1020.996	-1232.977	211.981	1.960344	0.4844978	0.51171	0.48829	1.347794
31062	-1023.401	-1235.39	211.989	1.991529	0.6357375	0.229325	0.770675	1.11957
31068	-1040.653	-1252.252	211.5986	1.947014	0.5316141	0.541001	0.458999	1.589623
31074	-1026.041	-1237.842	211.8017	1.82213	0.4772928	0.777848	0.222152	1.597697
31080	-1011.484	-1223.206	211.7226	2.27837	0.4843171	0.484646	0.515354	1.300098
31086	-1018.797	-1230.186	211.389	2.136846	0.5964595	0.547202	0.452798	1.531693
31092	-1022.092	-1233.753	211.6605	2.136846	0.6140432	0.415093	0.584907	1.301957
31098	-1012.514	-1223.751	211.2373	2.1095	0.6027172	0.338304	0.661696	1.655475
31104	-1011.04	-1222.523	211.483	2.104625	0.4521395	0.489224	0.510776	1.655475
31110	-1038.483	-1249.819	211.3359	1.594442	0.629186	0.27732	0.72268	1.918582
31116	-1029.626	-1241.059	211.4328	1.816223	0.4698266	0.440704	0.559296	1.870308
31122	-1028.774	-1239.221	210.4471	1.529343	0.85338	0.408187	0.591813	2.358143
31128	-1036.428	-1247.222	210.7941	1.587058	0.5454983	0.546907	0.453093	2.358143
31134	-1034.239	-1245.465	211.2263	1.525879	0.5542266	0.596309	0.403691	2.110418
31140	-1020.36	-1231.008	210.6481	1.717023	0.6550768	0.588556	0.411444	2.266599
31146	-1019.515	-1230.449	210.934	1.806302	0.6960479	0.554173	0.445827	1.985483
31152	-1006.099	-1217.443	211.3439	1.806302	0.5286194	0.457409	0.542591	1.871263
31158	-996.8564	-1208.369	211.5128	1.904551	0.5308092	0.457409	0.542591	1.682927
31164	-1001.736	-1213.199	211.4634	1.938347	0.4735553	0.457409	0.542591	1.760465
31170	-1000.795	-1212.188	211.3926	2.066783	0.5680634	0.507517	0.492483	1.611319
31176	-1010.324	-1222.234	211.9098	2.079733	0.5680634	0.385137	0.614863	1.198134
31182	-1000.044	-1211.281	211.2371	1.910334	0.9052631	0.360435	0.639565	1.526696
31188	-997.6226	-1209.07	211.4475	1.776416	0.5829042	0.403417	0.596583	1.762878
31194	-1009.349	-1220.527	211.1785	1.883509	0.5843842	0.443949	0.556051	1.873095
31200	-996.7752	-1208.011	211.236	1.744238	0.5865269	0.420054	0.579946	1.92644
31206	-1009.018	-1219.833	210.8141	1.685401	0.5865269	0.400571	0.599429	2.242805
31212	-1019.852	-1230.789	210.9364	1.463174	0.4656524	0.420371	0.579629	2.42943
31218	-1024.209	-1234.27	210.061	1.542545	0.6162839	0.506448	0.493552	2.775796
31224	-1002.332	-1212.553	210.2205	1.322674	0.7083048	0.506448	0.493552	2.736485
31230	-1014.129	-1224.478	210.3487	1.520366	0.6432743	0.579279	0.420721	2.589334
31236	-1006.569	-1216.299	209.7303	1.360608	0.6432743	0.448238	0.551762	3.062301
31242	-1025.098	-1235.211	210.1132	1.301309	0.5819362	0.531047	0.468953	2.920777
31248	-1045.59	-1254.59	209.0005	1.4151	0.5789071	0.324493	0.675507	3.515081
31254	-1028.285	-1238.286	210.0013	1.465723	0.356417	0.542746	0.457254	3.12528
31260	-1028.017	-1238.98	210.9628	1.55868	1.176937	0.360041	0.639959	1.785785
31266	-1011.37	-1222.592	211.222	1.588844	0.7832664	0.5264	0.4736	1.864074
31272	-1007.543	-1218.759	211.2156	1.601354	0.8730165	0.385043	0.614957	1.788743
31278	-1018.479	-1229.663	211.1841	1.803863	0.5158133	0.342188	0.657812	1.994601
31284	-1032.724	-1242.499	209.7745	1.681371	0.8189383	0.445082	0.554918	2.707093
31290	-1025.107	-1235.272	210.1651	1.664629	0.8848593	0.445082	0.554918	2.428784
31296	-1012.789	-1223.955	211.1664	1.615176	0.6481579	0.348466	0.651534	2.000743
31302	-1016.305	-1227.583	211.2784	1.740889	0.7120735	0.361935	0.638065	1.781308
31308	-1008.634	-1219.681	211.0473	1.735665	0.64477	0.520529	0.479471	2.002961
31314	-1018.992	-1230.339	211.3471	1.792853	0.5191318	0.552497	0.447503	1.888604
31320	-1029.748	-1240.865	211.1165	1.877074	0.93166	0.427568	0.572432	1.618852
31326	-1012.64	-1223.762	211.1217	1.877074	0.5491026	0.512151	0.487849	1.952058
31332	-1018.537	-1230.029	211.4915	1.694944	0.4573535	0.273854	0.726146	1.927537
31338	-1012.715	-1223.165	210.45	1.645561	0.5225997	0.545018	0.454982	2.560093
31344	-1015.102	-1225.265	210.1634	1.702047	0.6444654	0.396157	0.603843	2.590512
31350	-1017.098	-1228.096	210.9984	1.823317	1.246169	0.433278	0.566722	1.527639
31356	-1028.376	-1240.252	211.8757	2.042907	0.7562587	0.411224	0.588776	1.03005
31362	-1013.435	-1224.533	211.0978	2.004465	1.250716	0.397961	0.602039	1.30776
31368	-1004.645	-1215.884	211.239	1.806886	0.6211205	0.473044	0.526956	1.847658
31374	-1016.319	-1226.699	210.3803	1.774852	0.567075	0.479974	0.520026	2.479771
31380	-1026.917	-1237.554	210.6365	1.565568	0.4217814	0.289987	0.710013	2.601879
31386	-1029.893	-1239.772	209.8794	1.503404	0.6255007	0.493391	0.506609	2.901814
31392	-1031.964	-1243.515	211.5518	1.705564	0.5679533	0.499866	0.500134	1.75519
31398	-1025.894	-1237.105	211.2105	1.998251	0.5611015	0.494429	0.505571	1.796284
31404	-1020.917	-1232.07	211.1524	1.917142	0.5690114	0.494429	0.505571	1.883587
31410	-1029.235	-1240.396	211.161	2.025584	0.5345948	0.498056	0.501944	1.839902
31416	-1019.926	-1231.712	211.7864	1.851818	0.2973918	0.478209	0.521791	1.839902
31422	-1022.925	-1233.72	210.7949	1.865607	0.4179788	0.478209	0.521791	2.318544
31428	-1032.647	-1243.527	210.8802	1.842463	0.6359681	0.414711	0.585289	2.051066
31434	-1027.951	-1239.897	211.9459	2.043392	0.6527047	0.499168	0.500832	1.090173
31440	-1042.025	-1253.839	211.8138	2.130478	0.4511592	0.62432	0.37568	1.390982
31446	-1027.658	-1239.588	211.9306	2.129221	0.3892037	0.56881	0.43119	1.390982
31452	-1019.033	-1231.045	212.0115	2.060601	0.4188097	0.535656	0.464344	1.336513
31458	-1016.452	-1227.572	211.1197	1.775009	0.657524	0.428202	0.571798	1.916178
31464	-1031.741	-1242.795	211.0534	1.770139	0.3536108	0.424417	0.575583	2.295738
31470	-1027.037	-1238.494	211.4565	1.695891	0.4264343	0.479884	0.520116	1.987773
31476	-1037.124	-1248.464	211.3403	1.608859	0.5506163	0.457297	0.542703	1.983752
31482	-1019.828	-1231.429	211.6011	1.735126	0.5506163	0.489188	0.510812	1.718432
31488	-1013.175	-1224.902	211.7275	1.960768	0.4787	0.489188	0.510812	1.548743
31494	-1017.144	-1229.226	212.0827	2.038207	0.2880405	0.489188	0.510812	1.511258
31500	-1025.057	-1236.289	211.2314	1.972635	0.4802615	0.399227	0.600773	1.88876
31506	-1018.786	-1229.694	210.9079	1.920413	0.7394119	0.450467	0.549533	1.88876
31512	-1024.321	-1235.386	211.0645	1.983291	0.6227628	0.450467	0.549533	1.844772
31518	-1018.612	-1230.07	211.4575	1.748951	0.4389829	0.621844	0.378156	1.936142
31524	-1020.838	-1230.213	209.3742	1.754747	0.8532344	0.358514	0.641486	2.882326
31530	-1013.459	-1222.509	209.0502	1.857089	0.7868754	0.552032	0.447968	3.061833
31536	-1013.843	-1224.492	210.6497	1.963544	0.6428839	0.54275	0.45725	2.116707
31542	-1030.818	-1242.01	211.1924	1.992572	0.3006554	0.462734	0.537266	2.137752
31548	-1044.03	-1255.559	211.5288	1.745896	0.3052375	0.473179	0.526821	2.071928
31554	-1040.19	-1251.709	211.5198	2.103905	0.990291	0.43612	0.56388	1.063553
31560	-1023.637	-1234.67	211.0329	1.99973	1.139867	0.504528	0.495472	1.438777
31566	-1011.969	-1223.333	211.3641	1.985995	1.139867	0.578434	0.421566	1.181535
31572	-1024.681	-1236.309	211.6277	2.023335	0.8393184	0.51491	0.48509	1.184514
31578	-1014.417	-1226.255	211.8373	2.02739	0.7588297	0.522588	0.477412	1.078328
31584	-1036.512	-1248.705	212.1931	2.17154	0.3311022	0.628191	0.371809	1.242124
31590	-1020.028	-1230.426	210.3984	1.588407	0.840384	0.399499	0.600501	2.360873
31596	-1023.836	-1234.145	210.3082	1.647296	0.4087496	0.411892	0.588108	2.768394
31602	-1027.778	-1239.183	211.4049	2.050978	0.8711987	0.333915	0.666085	1.317317
31608	-1027.898	-1239.424	211.5256	1.990886	0.8460807	0.489028	0.510972	1.291054
31614	-1025.277	-1236.673	211.3961	1.937583	1.042814	0.402944	0.597056	1.272153
31620	-1023.413	-1235.057	211.6441	2.03336	0.9847645	0.472009	0.527991	1.017183
31626	-1013.935	-1225.638	211.703	1.990962	0.6024626	0.393704	0.606296	1.397319
31632	-1012.205	-1224.154	211.9491	2.192228	0.4600394	0.51071	0.48929	1.218364
31638	-1009.272	-1220.552	211.2794	2.030874	1.203785	0.496823	0.503177	1.166835
31644	-1025.798	-1237.895	212.097	2.256837	0.5980315	0.690653	0.309347	0.7775495
31650	-1005.99	-1217.727	211.7371	2.136361	0.8159357	0.353088	0.646912	1.004259
31656	-1011.028	-1222.77	211.7414	2.020039	0.8236218	0.570719	0.429281	1.10246
31662	-1017.045	-1228.542	211.4962	1.919427	0.714923	0.407733	0.592267	1.493075
31668	-1004.711	-1216.44	211.7289	1.874779	0.4612288	0.420635	0.579365	1.632439
31674	-1008.293	-1219.687	211.394	1.917985	0.5332531	0.498183	0.501817	1.754482
31680	-1006.742	-1218.581	211.8396	1.684211	0.6531347	0.379502	0.620498	1.473139
31686	-1031.547	-1243.236	211.6884	1.87092	0.5569333	0.524078	0.475922	1.55061
31692	-1021.023	-1232.556	211.5329	1.882866	0.3914441	0.605919	0.394081	1.854683
31698	-1031.585	-1242.17	210.5848	1.485788	0.3425461	0.396131	0.603869	2.779478
31704	-1049.608	-1260.667	211.0588	2.076749	0.423329	0.540097	0.459903	2.002823
31710	-1049.514	-1261.332	211.8173	2.244874	0.6227629	0.540097	0.459903	1.061034
31716	-1049.194	-1260.894	211.6998	2.435643	0.5544642	0.540097	0.459903	1.086698
31722	-1024.158	-1235.944	211.7853	1.95469	0.3508558	0.468365	0.531635	1.686022
31728	-1032.763	-1243.837	211.0746	1.613068	0.7148365	0.395696	0.604304	2.004361
31734	-1008.464	-1219.443	210.9783	1.655621	0.4983414	0.453594	0.546406	2.24505
31740	-1007.216	-1218.4	211.1847	1.691057	0.531489	0.468998	0.531002	2.052434
31746	-1009.667	-1220.355	210.688	1.756985	0.8630449	0.468998	0.531002	2.047931
31752	-1006.094	-1217.096	211.0018	1.582928	0.4559722	0.571947	0.428053	2.322854
31758	-1006.521	-1217.827	211.3062	1.951129	0.6102072	0.326909	0.673091	1.711437
31764	-1006.529	-1217.041	210.5124	1.604248	0.6379924	0.375212	0.624788	2.439327
31770	-1018.939	-1229.556	210.6171	1.620556	0.5869939	0.562807	0.437193	2.409141
31776	-1012.286	-1223.522	211.2359	1.577643	0.6934982	0.577116	0.422884	1.938572
31782	-1020.503	-1230.36	209.8568	1.556147	0.7274442	0.376892	0.623108	2.801005
31788	-1014.579	-1225.117	210.5389	1.669301	0.586699	0.274719	0.725281	2.427992
31794	-1004.895	-1215.748	210.8536	1.624967	0.4508808	0.343138	0.656862	2.395973
31800	-1008.263	-1219.884	211.622	1.828929	0.48857	0.270767	0.729233	1.708012
31806	-1028.432	-1240.553	212.1208	2.101602	0.3501257	0.426962	0.573038	1.32519
31812	-1015.951	-1227.983	212.0315	2.002256	0.4508076	0.400287	0.599713	1.320565
31818	-1011.216	-1223.034	211.8176	2.002256	0.6218736	0.384112	0.615888	1.274501
31824	-1025.096	-1236.269	211.1737	2.002256	0.8869246	0.498501	0.501499	1.520281
31830	-1027.895	-1240.087	212.1915	1.994132	0.423881	0.442613	0.557387	1.235934
31836	-1026.874	-1238.995	212.1204	2.292824	0.5550574	0.360658	0.639342	0.7843687
31842	-1018.91	-1230.619	211.7089	2.252857	0.8456487	0.369239	0.630761	0.8730618
31848	-1029.151	-1241.077	211.9257	2.15047	0.8319715	0.529523	0.470477	0.7428602
31854	-1025.472	-1237.635	212.1634	2.054521	0.6439561	0.298829	0.701171	0.8678173
31860	-1021.826	-1234.058	212.2323	2.09666	0.5561068	0.694225	0.305775	0.8873403
31866	-1013.666	-1225.603	211.9362	2.358029	0.5790942	0.305978	0.694022	0.8873403
31872	-1018.722	-1230.531	211.809	2.327908	0.8016233	0.3433	0.6567	0.7014922
31878	-1025.191	-1236.948	211.7566	2.49963	0.7267699	0.384172	0.615828	0.6474403
31884	-1025.352	-1237.221	211.8687	2.444764	0.6940119	0.724393	0.275607	0.6108475
31890	-1008.259	-1219.626	211.3675	2.23658	1.164722	0.439688	0.560312	0.9162933
31896	-996.3127	-1208.059	211.7463	2.057791	0.8658942	0.570037	0.429963	1.016572
31902	-1012.629	-1224.151	211.5216	2.246873	1.042094	0.538513	0.461487	0.8585023
31908	-998.0921	-1209.611	211.519	2.132925	0.9434936	0.545672	0.454328	1.082065
31914	-1012.96	-1224.869	211.9089	2.253804	0.5578277	0.497046	0.502954	1.056312
31920	-999.9441	-1211.269	211.325	2.094959	0.9881056	0.660393	0.339607	1.24544
31926	-1016.253	-1227.753	211.5001	1.90276	0.6880128	0.514293	0.485707	1.528751
31932	-1007.93	-1218.989	211.0588	1.90276	0.7541002	0.524493	0.475507	1.784694
31938	-1006.144	-1217.282	211.1381	1.902503	0.6919356	0.45847	0.54153	1.784694
31944	-1016.361	-1228.266	211.9048	2.108367	0.6919356	0.470687	0.529313	1.017443
31950	-1023.654	-1235.203	211.5483	2.153189	0.3484544	0.330988	0.669012	1.716889
31956	-1004.243	-1215.988	211.7452	2.12469	0.3391098	0.49693	0.50307	1.610737
31962	-1019.104	-1230.856	211.7519	2.159483	0.332418	0.473489	0.526511	1.591128
31968	-1017.394	-1229.567	212.1733	2.052673	0.2789824	0.493605	0.506395	1.448435
31974	-1020.406	-1232.272	211.8651	2.08416	0.4401629	0.485029	0.514971	1.402431
31980	-1016.47	-1228.359	211.8887	1.947686	0.5980253	0.414729	0.585271	1.288974
31986	-1015.203	-1226.83	211.6264	1.717	0.5852777	0.464864	0.535136	1.676196
31992	-1014.193	-1224.718	210.5246	1.503016	0.5467202	0.380309	0.619691	2.578674
31998	-1027.572	-1237.888	210.3159	1.612987	0.6076358	0.380309	0.619691	2.58344
32004	-1027.917	-1237.444	209.5272	1.555914	0.3827342	0.372615	0.627385	3.320843
32010	-1018.587	-1228.979	210.3923	1.542881	0.3677172	0.46809	0.53191	2.829915
32016	-1018.806	-1230.151	211.3449	1.611938	0.4680176	0.46809	0.53191	2.068281
32022	-1023.699	-1233.562	209.8637	1.367802	0.5865535	0.596319	0.403681	3.026663
32028	-1020.012	-1229.382	209.37	1.667793	0.4271759	0.692585	0.307415	3.297459
32034	-1012.115	-1222.124	210.009	1.56058	0.4271759	0.480315	0.519685	2.981177
32040	-1011.158	-1221.33	210.1715	1.522622	0.6019587	0.574218	0.425782	2.733042
32046	-1004.308	-1215.306	210.9982	1.530672	0.3982379	0.26348	0.73652	2.425696
32052	-1008.188	-1218.029	209.8414	1.670138	0.5125895	0.560111	0.439889	2.927235
32058	-1007.495	-1217.305	209.8104	1.756106	0.636304	0.310923	0.689077	2.781186
32064	-1017.818	-1227.435	209.6174	1.552297	0.7778219	0.503517	0.496483	2.910779
32070	-1034.301	-1244.535	210.2344	1.615587	0.6987518	0.431959	0.568041	2.554941
32076	-1026.523	-1238.286	211.7636	1.991994	0.4208989	0.548148	0.451852	1.5749
32082	-1021.749	-1232.768	211.0189	1.605154	0.5439377	0.3699	0.6301	2.204139
32088	-1018.212	-1229.78	211.5677	1.715383	0.5943379	0.483006	0.516994	1.709519
32094	-1023.128	-1234.184	211.0558	1.925674	0.8958292	0.633834	0.366166	1.6552
32100	-1023.466	-1235.395	211.9288	2.105855	0.3850575	0.432252	0.567748	1.416868
32106	-1032.579	-1244.42	211.8406	1.990884	0.6989825	0.533479	0.466521	1.176133
32112	-1016.635	-1227.896	211.2607	1.806781	0.941511	0.467126	0.532874	1.55737
32118	-1002.977	-1214.881	211.904	1.834495	0.555286	0.493135	0.506865	1.417367
32124	-1001.913	-1213.338	211.4248	1.811448	0.7549826	0.565063	0.434937	1.588605
32130	-998.5227	-1209.634	211.1115	1.865797	0.62125	0.412433	0.587567	1.89438
32136	-1014.474	-1225.863	211.3891	1.572337	0.5474105	0.445531	0.554469	1.978867
32142	-1014.008	-1224.284	210.2762	1.327535	0.4089201	0.513581	0.486419	2.981131
32148	-1006.905	-1217.943	211.0387	1.493432	0.3652152	0.533403	0.466597	2.464972
32154	-1004.912	-1215.38	210.4674	1.594364	0.3290454	0.651419	0.348581	2.802692
32160	-1008.357	-1218.467	210.1096	1.559104	0.4767034	0.320853	0.679147	2.868374
32166	-998.0347	-1208.716	210.6817	1.767125	0.3816661	0.564976	0.435024	2.496373
32172	-1011.482	-1222.457	210.9754	2.091534	0.322875	0.550876	0.449124	2.181671
32178	-1021.676	-1232.747	211.0708	2.066641	0.8803724	0.571337	0.428663	1.554154
32184	-1011.24	-1222.032	210.7921	1.828504	0.5037548	0.480924	0.519076	2.247841
32190	-1023.367	-1234.426	211.0597	1.752162	0.5915613	0.506859	0.493141	2.034103
32196	-1022.224	-1233.673	211.4492	1.82222	0.5915613	0.419727	0.580273	1.720661
32202	-1023.195	-1234.243	211.0478	1.834718	0.4052407	0.581695	0.418305	2.191385
32208	-1023.798	-1234.895	211.0963	1.87024	0.6820491	0.546858	0.453142	1.8448
32214	-1018.053	-1229.489	211.4357	2.116475	0.3615078	0.484325	0.515675	1.802188
32220	-1005.896	-1217.167	211.2709	2.092026	0.4044014	0.351504	0.648496	1.873674
32226	-1016.726	-1228.298	211.5718	2.051267	0.2514369	0.344728	0.655272	1.927469
32232	-1013.536	-1225.09	211.5543	1.977668	0.4233782	0.326326	0.673674	1.731966
32238	-1025.588	-1237.065	211.4765	1.769533	0.3111311	0.543142	0.456858	2.081959
32244	-1035.372	-1246.493	211.1216	1.822419	0.5251957	0.40114	0.59886	2.013814
32250	-1021.885	-1232.693	210.8083	1.696124	0.4968106	0.4056	0.5944	2.329542
32256	-1025.883	-1236.421	210.5387	1.869671	0.6544462	0.626801	0.373199	2.239399
32262	-1025.135	-1235.718	210.5828	1.795653	0.4355444	0.318696	0.681304	2.476279
32268	-1021.48	-1232.365	210.8849	1.83325	0.368225	0.627231	0.372769	2.343628
32274	-1032.26	-1243.302	211.0414	1.690331	0.3005439	0.467813	0.532187	2.42821
32280	-1036.709	-1247.295	210.5859	1.813695	0.4667404	0.63219	0.36781	2.42821
32286	-1042.74	-1253.138	210.3974	1.72911	0.7498783	0.449606	0.550394	2.340361
32292	-1043.393	-1254.797	211.4042	1.555242	0.4473049	0.449606	0.550394	2.090483
32298	-1039.714	-1251.014	211.2992	1.737772	0.4849443	0.660865	0.339135	1.995884
32304	-1024.369	-1235.563	211.1931	1.762722	0.6961205	0.646469	0.353531	1.839436
32310	-1018.985	-1229.803	210.8176	1.798909	0.7001399	0.458458	0.541542	2.064093
32316	-1037.002	-1247.998	210.9966	1.81049	0.3108319	0.432147	0.567853	2.365581
32322	-1018.961	-1230.544	211.5833	1.992523	0.7751022	0.356476	0.643524	1.310223
32328	-1019.888	-1231.034	211.1456	1.85524	0.4527083	0.468156	0.531844	2.056926
32334	-1035.691	-1247.639	211.9485	1.861535	0.3429925	0.468156	0.531844	1.647954
32340	-1017.273	-1228.235	210.9623	1.87767	0.5417258	0.504885	0.495115	2.065446
32346	-1019.145	-1228.89	209.7454	1.662208	0.7357851	0.522338	0.477662	2.797867
32352	-1024.494	-1234.802	210.3084	1.665686	0.4039438	0.45496	0.54504	2.762677
32358	-1019.18	-1229.832	210.6521	1.736345	0.5676416	0.45496	0.54504	2.331952
32364	-1023.429	-1234.657	211.228	1.546583	0.4106268	0.451068	0.548932	2.254402
32370	-1023.128	-1233.299	210.1712	1.686121	0.5863581	0.321677	0.678323	2.646832
32376	-1033.371	-1243.053	209.6823	1.534578	0.4330829	0.491458	0.508542	3.185184
32382	-1023.214	-1233.261	210.0469	1.55329	0.6089921	0.491458	0.508542	2.784227
32388	-1005.285	-1215.658	210.3724	1.513783	0.6809546	0.41343	0.58657	2.546973
32394	-1006.932	-1218.193	211.2608	1.518271	0.505178	0.52222	0.47778	2.14375
32400	-1003.724	-1215.21	211.4862	1.690671	0.601217	0.528399	0.471601	1.776972
32406	-1008.139	-1219.425	211.2859	1.880761	0.8438013	0.421974	0.578026	1.562757
32412	-1013.878	-1224.99	211.112	1.669649	1.231957	0.455924	0.544076	1.566217
32418	-1009.879	-1221.352	211.4729	1.798019	0.6367063	0.505659	0.494341	1.675224
32424	-1011.732	-1222.429	210.6974	1.586405	0.9292783	0.572025	0.427975	2.106753
32430	-1009.061	-1220.169	211.1083	1.697215	0.7336172	0.597124	0.402876	1.909226
32436	-1001.716	-1211.835	210.1197	1.532388	1.291676	0.395058	0.604942	2.297524
32442	-1005.264	-1215.686	210.4219	1.428996	0.9044962	0.489855	0.510145	2.402006
32448	-1014.498	-1225.059	210.5612	1.415534	0.7931939	0.673179	0.326821	2.402006
32454	-1030.376	-1241.748	211.372	1.733012	0.5319606	0.478098	0.521902	1.898389
32460	-1025.519	-1235.104	209.5851	1.517009	0.5610936	0.467747	0.532253	3.126746
32466	-1021.764	-1232.867	211.1034	1.573307	0.6216918	0.56037	0.43963	2.094552
32472	-1019.196	-1229.341	210.1452	1.576669	0.8529829	0.498521	0.501479	2.518575
32478	-1021.389	-1232.62	211.2316	1.81027	0.645742	0.524687	0.475313	1.826814
32484	-1016.462	-1228.153	211.691	1.840143	0.7881725	0.496199	0.503801	1.333535
32490	-1025.938	-1237.468	211.5305	2.040095	1.039282	0.370259	0.629741	1.067951
32496	-1036.849	-1248.038	211.189	2.06405	1.194544	0.584103	0.415897	1.223
32502	-1016.249	-1227.604	211.3547	1.74995	0.5989642	0.40135	0.59865	1.829169
32508	-1024.291	-1235.462	211.1703	1.762223	0.981004	0.367033	0.632967	1.62613
32514	-1018.819	-1230.364	211.545	1.823894	0.6117208	0.624683	0.375317	1.630266
32520	-1029.401	-1240.737	211.3367	1.702114	0.9737456	0.542944	0.457056	1.553969
32526	-1016.392	-1227.573	211.1805	1.834145	0.4845304	0.380415	0.619585	2.011249
32532	-1023.564	-1233.979	210.4157	1.893796	0.4845304	0.379731	0.620269	2.465702
32538	-1028.606	-1239.211	210.6048	1.709172	0.4818551	0.515857	0.484143	2.465702
32544	-1027.947	-1237.885	209.9381	1.766065	0.8983411	0.432618	0.567382	2.498318
32550	-1015.902	-1225.662	209.7601	1.406022	0.5631077	0.388358	0.611642	3.086781
32556	-1003.238	-1212.812	209.5738	1.405948	0.5861548	0.510889	0.489111	3.177079
32562	-999.2431	-1209.537	210.2938	1.715018	0.5048594	0.5039	0.4961	2.631636
32568	-996.1837	-1207.639	211.4557	2.159832	0.5048594	0.53372	0.46628	1.570028
32574	-996.8507	-1208.002	211.1514	2.132425	0.5196342	0.606711	0.393289	1.78927
32580	-1008.191	-1219.696	211.5046	1.915864	0.4394499	0.573262	0.426738	1.78927
32586	-1004.465	-1215.927	211.4624	1.958047	0.4394499	0.36438	0.63562	1.78927
32592	-1027.464	-1238.865	211.401	1.780362	0.5860248	0.330203	0.669797	1.78927
32598	-1031.614	-1243.311	211.6979	1.845029	0.6943221	0.429733	0.570267	1.416407
32604	-1027.517	-1238.026	210.5088	1.546134	0.8636886	0.529992	0.470008	2.300803
32610	-1024.686	-1235.773	211.0869	1.710153	0.433646	0.635189	0.364811	2.212355
32616	-1021.218	-1231.069	209.8507	1.688769	0.4691529	0.654212	0.345788	2.954202
32622	-1010.689	-1222.276	211.5869	1.67402	0.6603116	0.313387	0.686613	1.65916
32628	-1017.592	-1229.821	212.2294	1.696513	0.4598031	0.5397	0.4603	1.393392
32634	-1023.489	-1235.064	211.5745	1.635921	0.4598031	0.449757	0.550243	1.90836
32640	-1018.915	-1230.552	211.6368	1.815189	0.2845243	0.444145	0.555855	1.986669
32646	-1021.577	-1233.785	212.2076	1.844542	0.3641546	0.499091	0.500909	1.43583
32652	-1044.382	-1256.275	211.8935	2.286646	0.4022289	0.563037	0.436963	1.274434
32658	-1036.093	-1247.545	211.4525	2.066138	0.5831069	0.657084	0.342916	1.551559
32664	-1004.609	-1215.41	210.8012	1.909067	0.5617442	0.325535	0.674465	2.130303
32670	-1002.985	-1214.249	211.2646	1.852984	0.5555331	0.482511	0.517489	1.864845
32676	-1019.252	-1229.773	210.5203	1.813936	0.7731055	0.482511	0.517489	2.188824
32682	-1025.162	-1236.516	211.3544	2.068471	0.5739086	0.487994	0.512006	1.631335
32688	-1033.281	-1245.468	212.1876	1.926513	0.2400454	0.531015	0.468985	1.605651
32694	-1046.777	-1258.709	211.9317	2.330005	0.2399109	0.566216	0.433784	1.497004
32700	-1038.703	-1250.664	211.9614	2.0308	0.3541962	0.492603	0.507397	1.497004
32706	-1038.099	-1249.477	211.3777	1.911886	0.497131	0.383959	0.616041	1.810708
32712	-1028.332	-1240.013	211.681	2.109736	0.7539476	0.588406	0.411594	1.150797
32718	-1026.243	-1237.335	211.0926	2.103843	1.594607	0.13368	0.86632	0.989097
32724	-1038.715	-1249.85	211.135	2.129316	1.524632	0.13368	0.86632	0.970679
32730	-1034.313	-1245.776	211.4633	2.129316	0.8809817	0.320355	0.679645	1.194742
32736	-1042.205	-1253.455	211.2507	2.175537	1.270591	0.573364	0.426636	1.006528
32742	-1040.99	-1251.765	210.7752	1.607628	0.5388099	0.638589	0.361411	2.363741
32748	-1014.526	-1225.405	210.8796	1.634534	0.4015984	0.3987	0.6013	2.430918
32754	-1023.457	-1233.53	210.0738	1.678645	0.3682166	0.340009	0.659991	2.939851
32760	-1022.891	-1234.388	211.4969	1.726993	0.5412189	0.349623	0.650377	1.807028
32766	-1023.621	-1232.238	208.6171	1.488282	0.3427507	0.602235	0.397765	3.93581
32772	-1022.363	-1232.364	210.0011	1.501357	0.4148831	0.438328	0.561672	3.035107
32778	-1022.45	-1231.693	209.2437	1.547658	0.4981616	0.460552	0.539448	3.369516
32784	-1029.464	-1241.068	211.6035	1.732861	0.2799013	0.470929	0.529071	2.070862
32790	-1030.602	-1242.114	211.5125	2.003813	0.2217354	0.449978	0.550022	2.052418
32796	-1024.076	-1234.824	210.7478	1.815289	0.4247352	0.442471	0.557529	2.372453
32802	-1022.175	-1232.67	210.4945	1.721226	0.5082685	0.5653	0.4347	2.499723
32808	-1028.001	-1239.095	211.0937	1.721226	0.4882146	0.419314	0.580686	2.138731
32814	-1034.253	-1245.013	210.7603	1.72746	0.4983722	0.31273	0.68727	2.338513
32820	-1024.484	-1234.866	210.382	1.619503	0.5023511	0.445428	0.554572	2.638729
32826	-1024.61	-1235.388	210.7778	1.736034	0.4023418	0.34767	0.65233	2.430232
32832	-1020.409	-1231.736	211.327	1.724778	0.4023418	0.428103	0.571897	2.084537
32838	-1025.262	-1236.459	211.1969	1.7154	0.5990841	0.428103	0.571897	1.959724
32844	-1022.386	-1233.487	211.1008	1.652833	0.5330165	0.381986	0.618014	2.131054
32850	-1029.834	-1240.485	210.6513	1.816024	1.037118	0.552696	0.447304	1.91175
32856	-1028.434	-1239.24	210.8061	1.906816	0.7242738	0.437516	0.562484	1.979471
32862	-1026.946	-1238.153	211.2071	1.996124	0.7242738	0.303628	0.696372	1.640368
32868	-1013.055	-1224.367	211.3118	1.960883	0.764489	0.428888	0.571112	1.553326
32874	-998.9105	-1210.357	211.4465	1.744154	0.6376358	0.428888	0.571112	1.731121
32880	-1041.214	-1253.231	212.017	2.017935	0.6289113	0.521332	0.478668	1.078453
32886	-1030.735	-1242.712	211.9763	1.962236	0.6221987	0.652647	0.347353	1.17371
32892	-1022.439	-1234.172	211.733	2.058232	0.5460309	0.569566	0.430434	1.387553
32898	-1018.17	-1229.627	211.4567	1.771396	0.641053	0.352324	0.647676	1.701353
32904	-1029.61	-1241.074	211.4644	2.186969	0.7922618	0.364409	0.635591	1.230997
32910	-1008.274	-1220.208	211.9341	2.028623	0.3738218	0.48372	0.51628	1.488795
32916	-1019.287	-1230.96	211.6731	2.023315	0.3239827	0.512055	0.487945	1.757661
32922	-1014.514	-1226.086	211.5726	2.080873	0.4761613	0.253582	0.746418	1.577506
32928	-1030.615	-1241.952	211.3379	2.102683	0.587915	0.542455	0.457545	1.603469
32934	-1030.367	-1241.92	211.5533	2.184312	0.7193849	0.467255	0.532745	1.233889
32940	-1024.236	-1235.479	211.2423	2.135794	0.4425211	0.565477	0.434523	1.814771
32946	-1013.97	-1225.711	211.7401	2.209951	0.5300416	0.422934	0.577066	1.280522
32952	-1028.832	-1240.788	211.9556	2.242079	0.4861633	0.365865	0.634135	1.13019
32958	-1020.841	-1231.969	211.1276	1.969506	0.4756885	0.520775	0.479225	1.966249
32964	-1011.527	-1223.228	211.701	2.133129	0.4756885	0.386119	0.613881	1.443021
32970	-1008.973	-1220.324	211.3511	2.0791	0.6119114	0.532557	0.467443	1.585579
32976	-1017.611	-1228.664	211.0528	1.799894	0.4121628	0.68414	0.31586	2.202171
32982	-1014.081	-1224.817	210.7361	1.798369	0.7183	0.598388	0.401612	2.10267
32988	-1018.14	-1229.66	211.5195	1.887844	0.4884342	0.542385	0.457615	1.738841
32994	-1018.465	-1230.09	211.6256	2.003139	0.5518756	0.487189	0.512811	1.504822
33000	-1027.552	-1238.76	211.2076	1.848808	0.7046376	0.360603	0.639397	1.762143
33006	-1028.712	-1240.289	211.5772	1.993508	0.6044178	0.593486	0.406514	1.489481
33012	-1031.777	-1242.878	211.1013	1.699832	0.5082557	0.381815	0.618185	2.126058
33018	-1020.36	-1231.12	210.7594	1.719923	0.5082557	0.381815	0.618185	2.333488
33024	-1023.089	-1233.981	210.8928	1.779953	0.5741864	0.536666	0.463334	2.142513
33030	-1009.804	-1220.413	210.6092	1.748263	0.5343723	0.353446	0.646554	2.384186
33036	-1012.436	-1221.9	209.4642	1.677831	0.8336632	0.39789	0.60211	2.887839
33042	-1015.028	-1225.53	210.5016	1.688295	0.5123295	0.340149	0.659851	2.511663
33048	-1025.331	-1235.792	210.4613	1.519895	0.7078357	0.687264	0.312736	2.465689
33054	-1024.415	-1234.925	210.5099	1.693252	0.5441593	0.69177	0.30823	2.471703
33060	-1040.008	-1249.763	209.7544	1.488306	0.5407476	0.65808	0.34192	3.061592
33066	-1017.728	-1228.496	210.7682	1.726122	0.5230894	0.477034	0.522966	2.308642
33072	-1009.606	-1220.062	210.4561	1.91107	0.6068063	0.288357	0.711643	2.308642
33078	-1018.767	-1229.684	210.9174	1.784263	0.4533007	0.566886	0.433114	2.251099
33084	-1031.366	-1242.918	211.5521	2.022908	0.495733	0.50068	0.49932	1.610636
33090	-1029.111	-1239.858	210.7477	1.792088	0.5491815	0.653328	0.346672	2.253197
33096	-1022.93	-1233.761	210.8312	1.869728	0.3065121	0.335293	0.664707	2.438881
33102	-1019.774	-1231.554	211.7797	2.125223	0.4002055	0.404776	0.595224	1.493186
33108	-1002.039	-1213.725	211.686	2.125223	0.4066411	0.702732	0.297268	1.553772
33114	-1010.27	-1221.931	211.6615	2.114039	0.3635445	0.552534	0.447466	1.641783
33120	-1016.422	-1227.328	210.906	1.786857	0.61687	0.493957	0.506043	2.08847
33126	-1013.253	-1224.434	211.1806	1.874821	0.3607807	0.39812	0.60188	2.136334
33132	-1021.747	-1232.304	210.557	1.650703	0.7628362	0.440842	0.559158	2.278357
33138	-1011.302	-1221.356	210.0537	1.576915	0.6279107	0.633293	0.366707	2.749219
33144	-1016.688	-1226.947	210.2585	1.576915	0.4316657	0.573937	0.426063	2.815519
33150	-1013.95	-1224.746	210.7957	1.561799	0.5634979	0.361201	0.638799	2.355614
33156	-1021.092	-1231.602	210.5099	1.794476	0.7517197	0.582585	0.417415	2.225016
33162	-1020.818	-1231.889	211.0707	1.803127	1.090277	0.577703	0.422297	1.591445
33168	-1005.705	-1216.592	210.8872	1.806529	1.295726	0.266673	0.733327	1.591445
33174	-1002.397	-1213.698	211.3008	1.754621	0.4509536	0.610279	0.389721	2.022806
33180	-995.8269	-1207.254	211.4274	1.925166	0.6961726	0.585396	0.414604	1.558054
33186	-1006.469	-1218.097	211.628	1.801659	0.5354584	0.598208	0.401792	1.6689
33192	-1018.499	-1229.934	211.4352	2.11371	0.88382	0.565698	0.434302	1.229312
33198	-1011.311	-1223.001	211.6899	2.334775	0.541306	0.408956	0.591044	1.203213
33204	-1015.496	-1226.994	211.4976	2.278307	0.7177649	0.476684	0.523316	1.203213
33210	-1022.618	-1234.055	211.4374	2.101659	1.12501	0.385253	0.614747	1.020657
33216	-1026.829	-1238.447	211.6185	2.215857	0.7777294	0.29444	0.70556	1.085097
33222	-1014.041	-1226.047	212.0053	2.358087	0.4755863	0.553237	0.446763	0.990184
33228	-1030.315	-1241.724	211.4085	2.358087	0.841726	0.3853	0.6147	1.078503
33234	-1037.415	-1249.054	211.6398	2.048789	0.4694688	0.481703	0.518297	1.56015
33240	-1020.138	-1231.664	211.5254	2.045064	0.5320014	0.534997	0.465003	1.570977
33246	-1023.351	-1234.655	211.3036	1.895863	0.8008187	0.540579	0.459421	1.575112
33252	-1023.322	-1234.663	211.3411	1.895863	0.7498012	0.522107	0.477893	1.592803
33258	-1026.838	-1238.426	211.5877	1.988944	0.7388687	0.522107	0.477893	1.345332
33264	-1022.279	-1233.777	211.4979	2.011547	0.7334312	0.546694	0.453306	1.403442
33270	-1036.386	-1246.909	210.5235	1.609723	0.5119846	0.47079	0.52921	2.547364
33276	-1031.959	-1241.257	209.2978	1.520995	0.7019772	0.525517	0.474483	3.177476
33282	-1025.39	-1236.86	211.4697	1.677102	0.6101052	0.462493	0.537507	1.788902
33288	-1031.831	-1242.598	210.767	1.617957	0.4076607	0.411316	0.588684	2.504676
33294	-1024.026	-1235.657	211.6313	1.852528	0.5021082	0.335335	0.664665	1.668597
33300	-1018.521	-1229.989	211.4686	1.852528	0.5021082	0.420007	0.579993	1.783188
33306	-1021.825	-1233.187	211.3618	1.876647	0.5021082	0.398884	0.601116	1.840265
33312	-1027.122	-1238.306	211.1844	1.818287	0.5594044	0.538642	0.461358	1.938728
33318	-1013.478	-1224.98	211.5012	1.85723	0.4760802	0.371402	0.628598	1.787585
33324	-1006.976	-1217.975	210.999	1.832562	0.400182	0.547382	0.452618	2.230537
33330	-1009.446	-1220.472	211.0264	1.68816	0.9291317	0.64138	0.35862	1.817603
33336	-1009.818	-1220.961	211.1436	2.057354	1.203908	0.510234	0.489766	1.259767
33342	-1018.828	-1229.831	211.003	2.079973	0.8803385	0.505737	0.494263	1.594093
33348	-1019.664	-1231.635	211.9708	2.245722	0.5593282	0.401541	0.598459	1.001727
33354	-1023.163	-1234.905	211.7417	2.33989	0.5880132	0.292059	0.707941	1.089804
33360	-1014.648	-1226.067	211.419	2.030779	0.5816016	0.292059	0.707941	1.603561
33366	-1020.965	-1232.843	211.8774	2.125587	0.4114351	0.489912	0.510088	1.401892
33372	-1017.449	-1229.229	211.78	2.125587	0.4652089	0.487537	0.512463	1.401892
33378	-1012.442	-1223.964	211.5219	2.073632	0.668245	0.468956	0.531044	1.402489
33384	-1027.112	-1238.804	211.6916	2.074967	0.8242718	0.228534	0.771466	1.097061
33390	-1017.37	-1228.782	211.4127	2.086515	1.059691	0.478051	0.521949	1.115632
33396	-1018.197	-1229.88	211.6831	2.031934	1.077461	0.475817	0.524183	0.8814455
33402	-1024.943	-1236.207	211.2647	2.168756	1.239862	0.642785	0.357215	1.024947
33408	-1023.078	-1234.423	211.3445	2.201825	1.239862	0.350336	0.649664	0.9078573
33414	-1026.7	-1237.812	211.1119	2.374814	1.549743	0.476405	0.523595	0.6496567
33420	-1014.716	-1225.922	211.2059	2.396789	1.244919	0.635303	0.364697	0.8366798
33426	-1015.862	-1227.319	211.4574	2.507162	1.004923	0.502001	0.497999	0.5974873
33432	-1015.79	-1227.693	211.9038	2.27725	0.7573086	0.402532	0.597468	0.7170886
33438	-1038.582	-1249.912	211.3301	2.108145	1.149974	0.515419	0.484581	1.094812
33444	-1015.289	-1226.792	211.5026	2.041197	1.037145	0.526478	0.473522	1.094812
33450	-1019.351	-1231.256	211.9054	2.057201	0.7121986	0.354301	0.645699	1.041072
33456	-1016.767	-1228.222	211.4543	2.163453	1.055631	0.515831	0.484169	1.007143
33462	-998.6601	-1210.531	211.8711	2.111331	0.7238335	0.566679	0.433321	1.007143
33468	-1008.384	-1220.036	211.6525	2.185708	0.845058	0.453547	0.546453	1.006063
33474	-1014.477	-1226.128	211.6516	2.245842	0.8597898	0.387911	0.612089	0.9274592
33480	-1039.646	-1249.152	209.5059	1.47334	0.909233	0.461877	0.538123	2.935561
33486	-1009.929	-1220.935	211.0066	1.655508	0.5731015	0.461877	0.538123	2.150523
33492	-1025.558	-1237.474	211.9153	1.843656	0.5465634	0.378994	0.621006	1.411981
33498	-1033.334	-1244.107	210.7733	1.994918	1.163015	0.373568	0.626432	1.619824
33504	-1023.876	-1235.474	211.5986	2.231824	0.8491392	0.475533	0.524467	1.009174
33510	-1019.987	-1231.785	211.7977	2.148545	0.8712488	0.268953	0.731047	0.8574462
33516	-1013.959	-1225.922	211.9628	2.239013	0.6147919	0.540497	0.459503	0.9320944
33522	-1010.566	-1222.145	211.5793	2.216336	0.9246522	0.49072	0.50928	0.9605967
33528	-1008.283	-1219.788	211.5053	2.177411	1.046492	0.625961	0.374039	0.9497568
33534	-1012.234	-1223.902	211.6677	2.081003	0.7679758	0.467429	0.532571	1.172606
33540	-1006.302	-1218.021	211.7194	2.224924	0.6628852	0.44983	0.55017	1.118594
33546	-1005.438	-1217.036	211.5983	1.926863	0.6628852	0.438979	0.561021	1.462119
33552	-1012.241	-1223.607	211.3656	2.054751	0.7931115	0.353789	0.646211	1.416016
33558	-1019.008	-1230.64	211.6313	2.08353	0.7897053	0.40054	0.59946	1.179326
33564	-1024.726	-1236.188	211.4619	2.111407	0.7456505	0.474	0.526	1.341218
33570	-1017.473	-1228.712	211.2396	2.223034	1.302329	0.494673	0.505327	0.942186
33576	-1016.79	-1227.824	211.0341	2.296376	1.302329	0.657744	0.342256	1.073557
33582	-1026.589	-1237.671	211.0815	1.52666	0.4236796	0.549128	0.450872	2.345082
33588	-1029.363	-1239.511	210.1477	1.642345	0.8958711	0.421731	0.578269	2.446166
33594	-1003.881	-1215.278	211.3968	1.975895	1.011275	0.650296	0.349704	1.265472
33600	-1009.602	-1221.056	211.4538	2.064174	1.0948	0.52141	0.47859	1.067695
33606	-1037.282	-1248.624	211.3424	2.041307	0.9789079	0.361602	0.638398	1.283131
33612	-1030.111	-1241.8	211.6887	2.145756	0.7373258	0.448698	0.551302	1.130278
33618	-1009.595	-1220.8	211.2052	2.215631	1.347137	0.411457	0.588543	0.9481882
33624	-996.0336	-1207.258	211.2241	2.238765	1.271829	0.487965	0.512035	0.9683872
33630	-1007.246	-1218.384	211.1386	2.446359	1.308873	0.604922	0.395078	0.790748
33636	-1018.169	-1229.553	211.3836	2.354622	1.159442	0.406996	0.593004	0.7542395
33642	-1019.509	-1231.406	211.897	2.354622	0.7340458	0.353698	0.646302	0.6372777
33648	-1025.458	-1237.292	211.8335	2.36528	0.7451292	0.415412	0.584588	0.712534
33654	-1036.213	-1247.379	211.1657	2.36528	1.31065	0.40491	0.59509	0.8575672
33660	-1035.364	-1246.993	211.6297	1.934866	0.6019262	0.565933	0.434067	1.496815
33666	-1034.898	-1246.46	211.5613	2.048877	0.5349707	0.656951	0.343049	1.538312
33672	-1045.651	-1257.443	211.7923	2.048877	0.5349707	0.339585	0.660415	1.361909
33678	-1038.583	-1250.546	211.9625	1.938443	0.7505122	0.589667	0.410333	1.053824
33684	-1027.422	-1238.781	211.3591	2.060592	0.9754019	0.459558	0.540442	1.256426
33690	-1026.007	-1237.104	211.0962	2.069698	0.8902304	0.459558	0.540442	1.525114
33696	-1025.68	-1236.947	211.2667	2.087196	0.8902304	0.548589	0.451411	1.381777
33702	-1015.63	-1227.121	211.4914	2.104876	0.8798611	0.459377	0.540623	1.192633
33708	-1021.477	-1233.189	211.7129	2.192179	0.7674633	0.439117	0.560883	1.029846
33714	-1029.585	-1241.505	211.92	2.192179	0.6821414	0.463201	0.536799	0.9288442
33720	-1026.744	-1238.628	211.8841	2.116787	0.7077614	0.424906	0.575094	1.00922
33726	-1023.97	-1235.792	211.8216	2.260219	0.7674553	0.521927	0.478073	0.8389646
33732	-1012.338	-1224.389	212.0515	2.260219	0.541004	0.55832	0.44168	0.9324461
33738	-1023.101	-1234.603	211.5016	2.101495	0.8973097	0.456221	0.543779	1.170218
33744	-1019.789	-1232.118	212.3293	2.108879	0.4195022	0.45121	0.54879	1.015475
33750	-1011.008	-1223.014	212.0054	2.123451	0.6046589	0.545116	0.454884	1.021771
33756	-1002.698	-1214.595	211.8962	2.007236	0.7208211	0.631849	0.368151	1.086407
33762	-1011.617	-1222.928	211.3106	1.905383	0.7397169	0.443505	0.556495	1.617133
33768	-1009.826	-1220.638	210.8118	1.779729	0.5553273	0.616079	0.383921	2.213799
33774	-1016.12	-1227.031	210.9109	1.640597	0.8658136	0.478887	0.521113	1.975007
33780	-1011.013	-1222.49	211.4762	1.922059	0.8751015	0.512326	0.487674	1.359899
33786	-1021.78	-1232.697	210.9176	1.835413	0.9924758	0.429262	0.570738	1.745545
33792	-1037.335	-1247.865	210.5294	1.634573	0.4355241	0.436709	0.563291	2.609817
33798	-1045.215	-1255.871	210.656	1.823691	0.5689339	0.447821	0.552179	2.272431
33804	-1047.097	-1257.544	210.4472	1.823691	0.6082086	0.570191	0.429809	2.368605
33810	-1040.32	-1251.361	211.0404	1.791723	0.5592835	0.557107	0.442893	2.052651
33816	-1031.991	-1243.782	211.7909	1.927983	0.5064962	0.625212	0.374788	1.491341
33822	-1036.642	-1247.342	210.7003	1.790614	0.4692728	0.649723	0.350277	2.367731
33828	-1018.725	-1230.258	211.5331	2.02303	0.49682	0.342096	0.657904	1.622987
33834	-1022.058	-1234.164	212.1066	1.966622	0.3657211	0.653721	0.346279	1.417101
33840	-1026.002	-1237.162	211.1608	1.892041	0.3617397	0.439415	0.560585	2.136707
33846	-1030.742	-1242.12	211.3779	1.870548	0.3617397	0.503188	0.496812	2.007797
33852	-1019.194	-1230.587	211.3929	1.854928	0.4514331	0.483096	0.516904	1.893014
33858	-1022.928	-1234.843	211.9148	1.916518	0.4514331	0.483096	0.516904	1.477333
33864	-1025.058	-1237.01	211.9526	1.994616	0.4215741	0.520306	0.479694	1.430336
33870	-1020.804	-1232.281	211.4769	2.027802	0.5755405	0.36312	0.63688	1.570057
33876	-1018.969	-1230.346	211.377	1.760442	0.3766604	0.450063	0.549937	2.061288
33882	-1021.305	-1233.036	211.7309	2.01152	0.5139518	0.450063	0.549937	1.464323
33888	-1017.507	-1229.427	211.9199	2.082288	0.5406191	0.333547	0.666453	1.223233
33894	-1009.887	-1221.481	211.5936	2.417577	0.8802442	0.543589	0.456411	0.7590322
33900	-999.7791	-1211.539	211.7601	2.220452	0.7970497	0.542627	0.457373	0.9155395
33906	-1005.963	-1217.662	211.6991	2.220452	0.7970497	0.311149	0.688851	0.9801486
33912	-1016.684	-1228.397	211.7135	2.205986	0.7970497	0.457651	0.542349	0.9801486
33918	-1011.778	-1222.936	211.1584	2.254241	1.260287	0.455664	0.544336	1.028358
33924	-1027.065	-1239.131	212.0661	2.254241	0.6179495	0.455664	0.544336	0.7841444
33930	-1027.241	-1238.912	211.6709	1.943648	0.731157	0.414899	0.585101	1.322702
33936	-1026.133	-1237.673	211.5396	2.014098	0.6256907	0.655672	0.344328	1.479422
33942	-1018.633	-1229.742	211.109	1.880886	0.3767029	0.448696	0.551304	2.157959
33948	-1040.605	-1251.551	210.9459	1.915387	0.635386	0.448696	0.551304	1.959305
33954	-1036.872	-1248.946	212.0745	2.015272	0.3305997	0.448696	0.551304	1.461375
33960	-1033.543	-1245.076	211.533	2.069767	0.8577622	0.525254	0.474746	1.208105
33966	-1024.791	-1236.511	211.7198	2.069767	0.9225252	0.504005	0.495995	0.9691952
33972	-1042.454	-1254.61	212.1566	1.931058	0.313877	0.637276	0.362724	1.491132
33978	-1058.733	-1269.72	210.9867	1.873568	0.9391652	0.364724	0.635276	1.708529
33984	-1045.153	-1257.014	211.8605	2.069208	0.7569369	0.617522	0.382478	1.018401
33990	-1037.454	-1249.27	211.816	2.157541	0.7569369	0.447398	0.552602	0.9743369
33996	-1026.652	-1238.481	211.8289	2.157541	0.7569369	0.531866	0.468134	0.9610074
34002	-1028.541	-1240.377	211.8358	2.157541	0.7513292	0.581614	0.418386	0.9610074
34008	-1009.162	-1220.423	211.2607	1.921602	1.267221	0.346255	0.653745	1.230296
34014	-1016.417	-1227.943	211.5255	1.999374	1.0683	0.404739	0.595261	1.084528
34020	-1031.981	-1243.499	211.518	2.103199	1.13742	0.405939	0.594061	0.9244125
34026	-1016.174	-1227.531	211.3562	2.08514	1.16582	0.606622	0.393378	1.078809
34032	-1022.654	-1233.631	210.9772	2.08514	1.71791	0.481147	0.518853	1.038671
34038	-1015.756	-1227.097	211.3404	2.08514	1.319624	0.618633	0.381367	0.9663969
34044	-1023.026	-1234.905	211.8797	2.098237	0.7782934	0.52198	0.47802	0.9426377
34050	-1020.537	-1232.023	211.4852	2.126207	1.225751	0.535097	0.464903	0.8460885
34056	-1035.12	-1246.348	211.2283	2.097804	1.313465	0.430228	0.569772	1.069088
34062	-1043.925	-1254.965	211.0399	2.133905	1.299926	0.520486	0.479514	1.214563
34068	-1037.868	-1249.49	211.6224	2.060921	0.8114806	0.511548	0.488452	1.184386
34074	-1022.595	-1233.767	211.1716	1.967041	1.136509	0.532855	0.467145	1.358626
34080	-1029.414	-1240.646	211.2323	1.967041	1.136509	0.406201	0.593799	1.310128
34086	-1024.238	-1235.652	211.4139	2.104517	0.9495661	0.547345	0.452655	1.195477
34092	-1033.68	-1245.856	212.1763	2.209049	0.6280824	0.361931	0.638069	0.652898
34098	-1022.154	-1233.855	211.701	2.352241	0.8774848	0.507347	0.492653	0.696669
34104	-1018.886	-1230.904	212.0183	2.207257	0.6897403	0.256744	0.743256	0.7794487
34110	-1021.164	-1233.001	211.8369	2.35665	0.6897403	0.448352	0.551648	0.8221586
34116	-1022.731	-1234.643	211.9119	2.35665	0.6897403	0.472167	0.527833	0.7143032
34122	-1018.118	-1229.881	211.7634	1.916239	0.2818437	0.384975	0.615025	1.836911
34128	-1018.284	-1229.042	210.7579	1.869519	0.394969	0.434447	0.565553	2.367435
34134	-1036.936	-1248.106	211.1701	1.869519	0.394969	0.391067	0.608933	2.10184
34140	-1008.961	-1219.587	210.6261	1.785141	0.5726647	0.504187	0.495813	2.312598
34146	-1005.141	-1215.917	210.7763	1.785141	0.5516937	0.634263	0.365737	2.236814
34152	-1020.286	-1231.199	210.9124	2.19954	0.6223864	0.682513	0.317487	1.800969
34158	-1021.036	-1232.527	211.4917	2.051359	0.4930833	0.5912	0.4088	1.636865
34164	-1024.008	-1235.033	211.0245	2.238343	0.69295	0.309708	0.690292	1.626503
34170	-1022.193	-1234.355	212.1616	2.091275	0.4722917	0.507513	0.492487	1.101514
34176	-1022.169	-1234.505	212.3358	1.911374	0.4756558	0.400869	0.599131	1.101514
34182	-1021.456	-1233.321	211.8653	2.00119	0.7659357	0.279577	0.720423	1.068501
34188	-1023.809	-1235.373	211.5646	2.064601	0.7993558	0.667204	0.332796	1.242563
34194	-1019.106	-1230.549	211.4423	2.198901	0.9379371	0.356195	0.643805	1.097341
34200	-1024.748	-1235.983	211.2342	1.88367	0.7793876	0.407662	0.592338	1.652738
34206	-1019.36	-1231.089	211.7284	1.856514	0.3813822	0.436214	0.563786	1.751394
34212	-1027.897	-1239.852	211.9543	2.26369	0.5937062	0.52787	0.47213	0.9473717
34218	-1037.439	-1249.393	211.9531	2.346339	0.3160433	0.52787	0.47213	1.322939
34224	-1011.156	-1222.455	211.2987	2.030865	0.5334737	0.491442	0.508558	1.741949
34230	-1016.423	-1227.411	210.9879	1.840149	0.5334737	0.371493	0.628507	2.081798
34236	-1012.898	-1223.935	211.0374	1.821828	0.5200794	0.621141	0.378859	2.075328
34242	-1009.893	-1221.597	211.7043	1.902848	0.5200794	0.416049	0.583951	1.558021
34248	-1012.225	-1223.821	211.5961	1.765007	0.7256055	0.549181	0.450819	1.523648
34254	-1014.474	-1225.577	211.1027	1.992881	0.5693361	0.460908	0.539092	1.865518
34260	-1017.996	-1229.307	211.3111	2.144435	0.4663153	0.400637	0.599363	1.731531
34266	-1019.021	-1230.592	211.5712	1.880158	0.559711	0.494207	0.505793	1.626359
34272	-1005.636	-1216.947	211.3112	2.009461	0.9023752	0.598545	0.401455	1.397424
34278	-1016.48	-1227.314	210.8337	2.255708	1.136255	0.608881	0.391119	1.397424
34284	-1018.561	-1230.126	211.565	2.178575	0.6463942	0.449797	0.550203	1.308739
34290	-1010.443	-1222.139	211.6959	2.21064	0.6335601	0.449797	0.550203	1.187627
34296	-1030.158	-1241.944	211.7854	2.117802	0.4095967	0.378881	0.621119	1.480952
34302	-1037.671	-1249.257	211.5862	2.152814	0.7837091	0.623182	0.376818	1.164505
34308	-1026.356	-1237.641	211.2853	2.145723	0.6887106	0.470724	0.529276	1.507085
34314	-1011.928	-1223.255	211.3266	2.066005	0.718308	0.470724	0.529276	1.507085
34320	-1015.994	-1227.627	211.6327	1.977425	0.7555269	0.47042	0.52958	1.301803
34326	-1033.113	-1244.693	211.5799	2.069695	0.7403998	0.50965	0.49035	1.284897
34332	-1026.361	-1237.462	211.1017	2.069695	0.606615	0.499547	0.500453	1.775336
34338	-1033.231	-1244.87	211.6386	1.945115	0.5647091	0.638169	0.361831	1.523773
34344	-1025.098	-1236.849	211.7518	1.945115	0.4667212	0.500664	0.499336	1.557539
34350	-1038.117	-1250.314	212.1972	2.182852	0.4884323	0.486882	0.513118	0.9505137
34356	-1034.86	-1246.961	212.1017	2.00527	0.4074886	0.46835	0.53165	1.32569
34362	-1040.992	-1252.244	211.2518	2.10672	0.6192311	0.407318	0.592682	1.630036
34368	-1042.63	-1254.434	211.8041	2.301904	0.6028489	0.571236	0.428764	1.046445
34374	-1034.525	-1245.683	211.1578	2.763637	1.024432	0.481145	0.518855	0.3705998
34380	-1028.579	-1240.177	211.598	2.696414	0.7093135	0.332985	0.667015	0.4052167
34386	-1029.403	-1241.035	211.631	2.451199	0.8909715	0.332985	0.667015	0.6004564
34392	-1036.486	-1248.273	211.7867	2.417049	0.7845539	0.500727	0.499273	0.6004564
34398	-1037.122	-1248.789	211.6678	2.546479	0.7845539	0.507905	0.492095	0.5628774
34404	-1020.714	-1232.514	211.7994	2.383027	0.7845539	0.640644	0.359356	0.6532441
34410	-1027.906	-1239.537	211.6313	2.383027	0.8895722	0.563265	0.436735	0.7389697
34416	-1040.765	-1252.503	211.7385	2.27136	0.8895722	0.400398	0.599602	0.7457988
34422	-1028.316	-1240.497	212.1808	2.29821	0.5663211	0.435209	0.564791	0.6451727
34428	-1036.195	-1247.67	211.4751	2.390524	1.087901	0.467259	0.532741	0.6453207
34434	-1034.196	-1245.837	211.6416	2.390524	0.9211468	0.499105	0.500895	0.6453207
34440	-1025.614	-1237.166	211.5514	2.390524	0.9780272	0.311949	0.688051	0.7052072
34446	-1019.965	-1231.956	211.9912	2.390524	0.6112506	0.283503	0.716497	0.7052072
34452	-1023.631	-1235.32	211.689	2.020174	0.7301888	0.326783	0.673217	1.246288
34458	-1026.339	-1237.557	211.2183	1.935362	0.6055846	0.495363	0.504637	1.78871
34464	-1022.917	-1234.357	211.4397	1.935362	0.6055846	0.560846	0.439154	1.632216
34470	-1006.087	-1217.69	211.6033	1.911341	0.6055846	0.633293	0.366707	1.530166
34476	-1008.965	-1219.699	210.7337	1.833391	0.6891204	0.390206	0.609794	2.106099
34482	-1009.262	-1220.241	210.9794	1.80135	0.5225391	0.574558	0.425442	2.12426
34488	-1012.55	-1224.29	211.7405	1.995712	0.7918526	0.394851	0.605149	1.158414
34494	-1010.259	-1222.204	211.9444	2.129212	0.5652339	0.397194	0.602806	1.128099
34500	-1011.213	-1223.123	211.9099	2.230896	0.720966	0.449183	0.550817	0.8375814
34506	-1013.149	-1224.491	211.3416	2.227476	0.8876301	0.449183	0.550817	1.208642
34512	-1013.773	-1225.413	211.6406	2.005874	0.9315207	0.449183	0.550817	1.098692
34518	-1016.886	-1228.567	211.6812	2.005874	0.7927097	0.331406	0.668594	1.200233
34524	-1009.419	-1221.112	211.6933	2.005874	0.6880908	0.309081	0.690919	1.29915
34530	-1015.108	-1226.857	211.749	1.953103	0.7981877	0.579202	0.420798	1.181668
34536	-1002.114	-1213.413	211.2989	1.881283	0.8030198	0.515684	0.484316	1.587326
34542	-1013.403	-1224.735	211.3313	1.867394	0.8030198	0.58468	0.41532	1.573807
34548	-1031.065	-1242.341	211.2757	1.967568	0.749034	0.500626	0.499374	1.588874
34554	-1023.099	-1234.924	211.825	2.189757	0.5045697	0.582843	0.417157	1.261146
34560	-1011.562	-1223.151	211.5885	1.952272	0.5169231	0.635884	0.364116	1.610229
34566	-1009.903	-1221.221	211.3177	1.989054	0.4420667	0.622648	0.377352	1.864273
34572	-1008.091	-1219.343	211.252	1.832909	0.5734213	0.461186	0.538814	1.868614
34578	-1016.348	-1227.853	211.5044	1.944653	0.8387158	0.525164	0.474836	1.35198
34584	-1013.845	-1225.347	211.5022	1.94921	0.8485805	0.605373	0.394627	1.341202
34590	-1017.564	-1229.283	211.7194	2.115662	0.8485805	0.385942	0.614058	1.00521
34596	-1017.791	-1229.503	211.7121	2.236399	0.9653985	0.326098	0.673902	0.715963
34602	-1020.21	-1232.153	211.9424	2.268438	0.7270048	0.445668	0.554332	0.7299475
34608	-1016.709	-1228.683	211.9746	2.138391	0.6881636	0.527993	0.472007	0.9192568
34614	-1031.504	-1243.495	211.9906	2.218975	0.6881636	0.407354	0.592646	0.8040276
34620	-1003.315	-1214.759	211.4439	2.414471	1.110619	0.407263	0.592737	0.6114397
34626	-1004.489	-1215.801	211.3122	2.432565	1.226365	0.45482	0.54518	0.6379153
34632	-1017.125	-1228.868	211.7423	2.590081	0.6833081	0.443201	0.556799	0.5967956
34638	-1010.829	-1222.36	211.5308	2.443731	0.9988894	0.443201	0.556799	0.5845816
34644	-1012.274	-1223.898	211.6234	2.443731	0.899225	0.540426	0.459574	0.617729
34650	-1012.103	-1223.726	211.623	2.382994	0.899225	0.617864	0.382136	0.7355807
34656	-1012.108	-1223.421	211.3133	2.486154	1.185583	0.337572	0.662428	0.5850822
34662	-1014.816	-1226.147	211.3311	2.468308	1.185583	0.728264	0.271736	0.5850822
34668	-1014.348	-1225.543	211.1954	2.468308	1.363935	0.36439	0.63561	0.510632
34674	-1017.907	-1228.673	210.7653	1.727067	0.7383915	0.466214	0.533786	2.113643
34680	-1023.656	-1235.082	211.4258	2.497851	1.062187	0.435291	0.564709	0.5308059
34686	-1009.502	-1220.926	211.4246	2.497851	1.062187	0.533422	0.466578	0.5399603
34692	-1003.222	-1214.535	211.3129	2.645244	1.025395	0.245332	0.754668	0.5399603
34698	-1016.225	-1227.696	211.4707	2.461354	1.025395	0.267518	0.732482	0.6303828
34704	-1025.85	-1237.887	212.037	2.375871	0.6295142	0.360515	0.639485	0.5718554
34710	-1015.722	-1227.359	211.6371	2.388739	0.9023684	0.438688	0.561312	0.6970223
34716	-1019.302	-1230.964	211.6612	2.28097	0.8976581	0.36811	0.63189	0.826778
34722	-1026.054	-1237.913	211.8585	2.225467	0.7813945	0.420803	0.579197	0.8149504
34728	-1023.869	-1235.604	211.7359	2.218016	0.7563392	0.387118	0.612882	0.9950734
34734	-1026.971	-1238.771	211.8002	2.218016	0.7957515	0.304266	0.695734	0.8746303
34740	-1040.163	-1251.608	211.4451	2.214998	1.143297	0.417822	0.582178	0.8746303
34746	-1035.217	-1246.893	211.6765	2.093865	0.7897761	0.619335	0.380665	1.130272
34752	-1019.685	-1231.761	212.0757	2.034655	0.6293779	0.549375	0.450625	1.005335
34758	-1028.812	-1240.135	211.3228	2.108982	1.058166	0.58909	0.41091	1.176697
34764	-1027.899	-1238.849	210.9502	2.444698	1.684747	0.411229	0.588771	0.6459306
34770	-1037.274	-1248.849	211.5753	2.503436	0.9083424	0.359781	0.640219	0.5367947
34776	-1031.138	-1242.996	211.8582	2.356623	0.7766763	0.44428	0.55572	0.5955642
34782	-1022.856	-1234.14	211.2835	2.119693	1.243182	0.47008	0.52992	1.05139
34788	-1034.62	-1245.468	210.8484	2.109548	1.671219	0.157515	0.842485	1.163007
34794	-1038.229	-1250.004	211.7754	2.109548	0.787155	0.3084	0.6916	1.02628
34800	-1018.824	-1230.255	211.4313	2.044268	1.099857	0.337447	0.662553	1.102669
34806	-1023.319	-1235.009	211.6898	2.153995	0.8244147	0.590409	0.409591	1.02378
34812	-1031.308	-1242.989	211.6807	1.932147	0.8946002	0.382484	0.617516	1.164223
34818	-1020.739	-1231.857	211.1185	1.932147	0.8615876	0.382484	0.617516	1.632548
34824	-1027.099	-1238.872	211.7729	1.897371	0.5931793	0.290143	0.709857	1.426141
34830	-1014.648	-1226.141	211.4933	2.009153	1.052014	0.425292	0.574708	1.119382
34836	-1018.902	-1230.499	211.5971	1.9648	1.03023	0.250388	0.749612	1.084332
34842	-1014.07	-1225.63	211.5602	2.202004	1.041507	0.558488	0.441512	0.8665706
34848	-1023.705	-1235.001	211.2956	2.395142	1.210306	0.504459	0.495541	0.7583507
34854	-1012.125	-1223.552	211.4269	2.373506	1.113343	0.439252	0.560748	0.7228555
34860	-1013.215	-1224.677	211.4619	2.519436	0.9461489	0.440692	0.559308	0.6937102
34866	-1012.841	-1224.526	211.6851	2.494466	0.797223	0.504235	0.495765	0.6252556
34872	-1022.808	-1234.538	211.7302	2.547038	0.7386475	0.44461	0.55539	0.4844988
34878	-1025.383	-1236.734	211.3514	2.591764	1.043246	0.434911	0.565089	0.4833817
34884	-1028.178	-1239.831	211.653	2.317826	0.9569697	0.290278	0.709722	0.692408
34890	-1021.729	-1233.864	212.1346	2.239442	0.614544	0.387593	0.612407	0.7103019
34896	-1039.821	-1251.548	211.7268	2.239442	0.8715961	0.507982	0.492018	0.8324216
34902	-1030.992	-1242.596	211.6045	2.270886	0.9610404	0.416883	0.583117	0.8265743
34908	-1029.402	-1241.185	211.7834	2.379848	0.7909645	0.544952	0.455048	0.6764546
34914	-1030.297	-1241.891	211.5939	2.398301	0.9890391	0.421385	0.578615	0.5523001
34920	-1033.612	-1244.844	211.2318	2.465367	1.300357	0.42889	0.57111	0.6006605
34926	-1021.984	-1233.794	211.8105	2.192345	0.88105	0.535301	0.464699	0.7697682
34932	-1033.754	-1246.092	212.3385	2.171945	0.500555	0.585926	0.414074	0.7697682
34938	-1039.052	-1251.282	212.23	2.164558	0.5064351	0.384483	0.615517	0.902233
34944	-1036.39	-1247.736	211.3455	2.430357	1.149935	0.623832	0.376168	0.7082171
34950	-1010.391	-1221.777	211.3859	2.405691	1.08982	0.447433	0.552567	0.7693353
34956	-1015.261	-1227.22	211.9591	2.251455	0.6672474	0.48626	0.51374	0.8383889
34962	-1021.227	-1233.332	212.1043	1.915517	0.6057204	0.585776	0.414224	1.122612
34968	-1022.7	-1234.298	211.5982	1.867031	0.7395567	0.486379	0.513621	1.431691
34974	-1012.158	-1224.059	211.9004	2.035608	0.7395567	0.486379	0.513621	1.033231
34980	-1006.331	-1217.741	211.4106	2.181558	1.076498	0.358522	0.641478	1.012798
34986	-1014.688	-1226.369	211.6807	2.056588	1.014963	0.358522	0.641478	0.924263
34992	-1019.85	-1232.221	212.3704	2.111787	0.443733	0.508525	0.491475	0.924263
34998	-1039.507	-1251.151	211.6431	2.13029	0.8540456	0.342207	0.657793	1.059066
35004	-1023.768	-1235.288	211.5201	2.390243	1.068076	0.447487	0.552513	0.5722041
35010	-1018.447	-1230.182	211.7356	2.313054	0.8313415	0.549183	0.450817	0.7838757
35016	-1015.206	-1226.866	211.6602	2.218721	0.9386388	0.5753	0.4247	0.8510044
35022	-1025.514	-1237.299	211.7846	2.218721	0.8254526	0.393033	0.606967	0.8510044
35028	-1032.756	-1243.794	211.0377	2.313431	1.553723	0.502437	0.497563	0.8510044
35034	-1030.29	-1241.044	210.7547	2.298363	2.016846	0.502437	0.497563	0.8510044
35040	-1021.458	-1233.15	211.6919	2.262449	0.9955502	0.33221	0.66779	0.6474243
35046	-1003.727	-1215.399	211.6719	2.262449	0.9667076	0.63771	0.36229	0.7364421
35052	-1018.612	-1230.305	211.693	2.236276	0.9667076	0.587303	0.412697	0.7442375
35058	-1011.706	-1223.469	211.7627	2.236276	0.8520101	0.584541	0.415459	0.818653
35064	-1015.7	-1226.864	211.1642	2.294141	1.455647	0.390876	0.609124	0.8064679
35070	-1010.816	-1222.309	211.4931	2.30871	1.129924	0.398041	0.601959	0.6945909
35076	-1022.95	-1235.084	212.1336	2.222635	0.5633989	0.354833	0.645167	0.8418096
35082	-1022.562	-1234.401	211.8394	2.109855	0.9126202	0.444512	0.555488	0.7966339
35088	-1020.429	-1232.301	211.872	2.117448	0.8755826	0.28948	0.71052	0.7966339
35094	-1041.007	-1252.324	211.3168	2.221538	1.180559	0.29303	0.70697	0.9713034
35100	-1012.728	-1224.206	211.4778	2.305948	1.084039	0.381457	0.618543	0.7878597
35106	-1017.316	-1228.779	211.4625	2.409383	1.084039	0.389885	0.610115	0.6395797
35112	-1014.404	-1225.967	211.5627	2.463334	0.8754353	0.412731	0.587269	0.7447798
35118	-1015.989	-1226.953	210.9638	2.539866	1.523164	0.412731	0.587269	0.6543604
35124	-1028.556	-1240.253	211.6973	2.504857	0.7962494	0.65299	0.34701	0.5540383
35130	-1006.366	-1217.623	211.2567	2.513455	1.233935	0.687095	0.312905	0.5147046
35136	-1018.73	-1229.858	211.1274	2.643056	1.233935	0.349171	0.650829	0.5071499
35142	-1033.847	-1244.745	210.8977	2.829347	1.233935	0.661921	0.338079	0.3665994
35148	-1025.479	-1235.907	210.4281	2.826311	1.961536	0.505432	0.494568	0.4734637
35154	-1038.495	-1249.291	210.7957	2.268413	1.735482	0.465467	0.534533	1.025735
35160	-1033.982	-1244.764	210.7824	2.826311	1.381367	0.539066	0.460934	0.3694473
35166	-1031.302	-1242.301	210.9983	2.779684	1.181867	0.445021	0.554979	0.3749444
35172	-1036.864	-1247.661	210.7975	2.864895	1.343185	0.356454	0.643546	0.4110247
35178	-1030.01	-1241.307	211.2975	2.745716	0.9179679	0.393668	0.606332	0.3912097
35184	-1027.339	-1238.286	210.9471	2.745716	1.322275	0.421126	0.578874	0.4545228
35190	-1029.667	-1240.432	210.7652	2.789782	1.506334	0.463262	0.536738	0.4821546
35196	-1033.526	-1245.326	211.8003	2.579179	0.6476938	0.431192	0.568808	0.4120722
35202	-1017.598	-1229.383	211.7849	2.591846	0.6476938	0.431192	0.568808	0.4058119
35208	-1014.192	-1225.593	211.4009	2.685141	0.8867137	0.431192	0.568808	0.4094854
35214	-1017.688	-1228.733	211.0448	2.701626	1.243239	0.586024	0.413976	0.4153063
35220	-1014.163	-1224.924	210.7611	2.77357	1.510557	0.454608	0.545392	0.4111918
35226	-1012.848	-1223.789	210.9413	2.578188	1.510557	0.453169	0.546831	0.6397229
35232	-1019.142	-1230.808	211.6658	2.554838	0.7806265	0.504834	0.495166	0.5549422
35238	-1021.987	-1233.499	211.5112	2.460621	1.011776	0.549073	0.450927	0.5383091
35244	-1004.077	-1215.256	211.1791	2.699222	1.111984	0.558894	0.441106	0.4856271
35250	-1012.622	-1223.745	211.1225	2.610044	1.278663	0.487621	0.512379	0.4856271
35256	-1020.163	-1231.469	211.3067	2.610044	1.070552	0.463906	0.536094	0.5202345
35262	-1028.335	-1239.635	211.3003	2.610044	0.9959298	0.275493	0.724507	0.727625
35268	-1027.986	-1238.745	210.7586	2.787763	1.508142	0.258947	0.741053	0.4395943
35274	-1023.036	-1234.496	211.4592	2.685378	0.8264512	0.451286	0.548714	0.3911699
35280	-1022.139	-1234.075	211.9361	2.492248	0.6057777	0.465413	0.534587	0.3911699
35286	-1016.68	-1228.475	211.7955	2.446547	0.7648691	0.534884	0.465116	0.541996
35292	-1019.563	-1231.113	211.5502	2.251328	1.162776	0.463858	0.536142	0.6353579
35298	-1030.851	-1242.578	211.7271	2.342454	0.897766	0.568073	0.431927	0.6153188
35304	-1006.581	-1218.072	211.4906	2.342454	1.040078	0.529579	0.470421	0.7777583
35310	-1016.682	-1227.398	210.7163	2.411748	1.986514	0.489534	0.510466	0.7767598
35316	-1015.525	-1226.55	211.0251	2.433763	1.475095	0.394164	0.605836	0.786249
35322	-1030.455	-1242.454	211.9994	2.106056	0.6741184	0.561233	0.438767	0.9474842
35328	-1037.936	-1249.557	211.6209	2.106056	1.07376	0.576761	0.423239	0.8717
35334	-1026.419	-1237.302	210.8826	2.508574	1.649443	0.529989	0.470011	0.699774
35340	-1028.756	-1240.42	211.6643	2.17953	1.029307	0.418927	0.581073	0.7775008
35346	-1027.893	-1239.541	211.6476	2.293857	0.9353352	0.461203	0.538797	0.7741128
35352	-1019.55	-1231.451	211.9008	2.260059	0.7571966	0.391653	0.608347	0.7491049
35358	-1021.914	-1233.562	211.6474	2.359688	0.9370751	0.534918	0.465082	0.6627367
35364	-1026.335	-1237.81	211.4746	2.304124	1.140131	0.556986	0.443014	0.7182648
35370	-1020.325	-1231.92	211.5951	2.326918	0.9900544	0.515839	0.484161	0.7182648
35376	-1014.79	-1226.416	211.6262	2.317955	0.9654895	0.515839	0.484161	0.7229147
35382	-1020.812	-1232.421	211.6094	2.367678	0.9654895	0.515839	0.484161	0.663786
35388	-1037.926	-1249.203	211.2773	2.300214	1.310749	0.646384	0.353616	0.7986881
35394	-1029.182	-1240.823	211.6402	2.299722	0.9198523	0.46568	0.53432	0.7986881
35400	-1031.739	-1243.357	211.6185	2.299722	0.9404349	0.277946	0.722054	0.7986881
35406	-1015.968	-1227.824	211.856	2.166363	0.8448107	0.524241	0.475759	0.7986881
35412	-1029.169	-1240.671	211.5014	2.136576	1.031594	0.391426	0.608574	1.010213
35418	-1031.005	-1242.395	211.3896	2.065249	1.034771	0.335815	0.664185	1.176315
35424	-1019.907	-1231.472	211.5648	1.894832	0.918584	0.415701	0.584299	1.272316
35430	-1008.873	-1220.703	211.8295	1.884566	0.7755322	0.570645	0.429355	1.194674
35436	-1003.674	-1215.594	211.9195	1.884566	0.6776542	0.599905	0.400095	1.223744
35442	-1004.796	-1216.377	211.5812	1.882776	0.8924847	0.533056	0.466944	1.291868
35448	-1039.076	-1250.454	211.3779	1.857721	0.8991951	0.642566	0.357434	1.465367
35454	-1021.394	-1232.993	211.5992	1.928269	0.8429734	0.398395	0.601605	1.284929
35460	-1030.612	-1242.476	211.8639	1.928269	0.9236074	0.295894	0.704106	0.9653641
35466	-1035.853	-1247.375	211.5211	2.126667	1.148976	0.357211	0.642789	0.88298
35472	-1023.624	-1235.049	211.4247	1.877598	0.8094402	0.471902	0.528098	1.491289
35478	-1017.61	-1228.771	211.1614	1.642491	0.8094402	0.293059	0.706941	1.847637
35484	-1029.576	-1241.187	211.6107	2.135469	1.036316	0.388803	0.611197	0.891033
35490	-1015.578	-1227.358	211.78	1.611367	0.5547059	0.510298	0.489702	1.674832
35496	-1008.787	-1220.161	211.3744	1.67963	0.8675726	0.607768	0.392232	1.625366
35502	-1012.644	-1223.512	210.8678	1.83669	1.176814	0.351666	0.648334	1.656921
35508	-1016.214	-1227.738	211.5244	1.895047	1.003778	0.627987	0.372013	1.232711
35514	-1015.694	-1226.709	211.0152	1.895047	1.153741	0.424882	0.575118	1.52172
35520	-1006.355	-1217.91	211.5549	1.824884	0.9390729	0.559867	0.440133	1.319709
35526	-997.2122	-1208.144	210.9321	1.740017	0.4927213	0.47272	0.52728	2.226494
35532	-1030.389	-1241.094	210.7047	1.496465	0.9949709	0.384612	0.615388	2.116573
35538	-1013.792	-1224.838	211.0459	1.695138	0.7869043	0.448135	0.551865	1.90862
35544	-1008.602	-1219.82	211.2176	1.730049	0.7869043	0.480137	0.519863	1.766678
35550	-992.7902	-1203.894	211.1037	1.747687	0.4455382	0.380746	0.619254	2.163196
35556	-1004.301	-1215.535	211.2337	1.856952	0.5386845	0.504162	0.495838	1.900984
35562	-1007.357	-1218.242	210.8855	1.879609	0.5880271	0.353302	0.646698	2.068456
35568	-1004.515	-1215.188	210.673	1.8062	0.7376897	0.536144	0.463856	2.122819
35574	-1017.924	-1228.948	211.0242	1.848559	0.7075453	0.448897	0.551103	1.886097
35580	-1007.598	-1219.137	211.5394	1.80943	0.402216	0.455115	0.544885	1.886097
35586	-1011.375	-1222.705	211.33	1.80943	0.3574776	0.511288	0.488712	2.085815
35592	-1018.686	-1230.049	211.3621	1.958995	0.545998	0.511288	0.488712	1.734081
35598	-1026.533	-1237.74	211.2079	1.937875	0.7582888	0.711972	0.288028	1.651114
35604	-1022.297	-1234.26	211.9629	2.099112	0.3588015	0.429668	0.570332	1.43674
35610	-1016.012	-1227.923	211.9111	2.065431	0.4016568	0.530138	0.469862	1.43674
35616	-1006.567	-1217.85	211.2823	2.188165	0.5519503	0.416268	0.583732	1.621094
35622	-1018.817	-1230.354	211.537	1.9623	0.4516862	0.480481	0.519519	1.718816
35628	-1017.79	-1228.854	211.0641	1.936138	0.6702899	0.59343	0.40657	1.832448
35634	-1013.241	-1224.773	211.5314	1.939395	0.3647267	0.573354	0.426646	1.853624
35640	-1014.44	-1225.704	211.2644	1.822203	0.4170992	0.51337	0.48663	2.043075
35646	-1022.248	-1233.084	210.8368	1.849011	0.6679914	0.505752	0.494248	2.046404
35652	-1009.374	-1220.291	210.9163	1.848192	0.4389439	0.417205	0.582795	2.227134
35658	-1007.646	-1218.669	211.0228	1.83261	0.4941589	0.383284	0.616716	2.105715
35664	-998.7749	-1209.527	210.7519	1.592564	0.7070764	0.379444	0.620556	2.235532
35670	-1010.577	-1221.385	210.8072	1.937545	0.4916123	0.290421	0.709579	2.180697
35676	-1015.133	-1226.11	210.9773	1.776494	0.6290555	0.340238	0.659762	2.036854
35682	-1009.861	-1221.675	211.8142	1.967947	0.4495659	0.558481	0.441519	1.516701
35688	-1022.048	-1233.682	211.6343	1.844077	0.6148214	0.506208	0.493792	1.547142
35694	-1012.454	-1223.703	211.2488	2.029282	0.7669703	0.506208	0.493792	1.547142
35700	-1000.553	-1212.289	211.736	2.176401	0.5355021	0.353229	0.646771	1.304248
35706	-996.8589	-1208.702	211.8427	2.137492	0.4265357	0.336972	0.663028	1.397661
35712	-1014.369	-1226.246	211.8767	1.944441	0.5189314	0.526098	0.473902	1.397661
35718	-1005.337	-1216.896	211.5597	1.944441	0.4598082	0.428706	0.571294	1.705241
35724	-1016.014	-1227.177	211.1632	1.973986	0.9726176	0.526059	0.473941	1.481478
35730	-1013.535	-1225.06	211.5256	1.90727	0.3375899	0.603678	0.396322	1.918283
35736	-1023.255	-1234.989	211.7337	2.078508	0.3601625	0.372944	0.627056	1.620361
35742	-1010.852	-1222.649	211.7967	2.178184	0.4124349	0.456163	0.543837	1.422217
35748	-1010.678	-1222.494	211.8162	1.871746	0.5846307	0.437601	0.562399	1.422217
35754	-1014.688	-1226.063	211.3752	1.889781	0.4507775	0.333775	0.666225	1.882156
35760	-1004.382	-1216.328	211.9458	1.782281	0.6101209	0.466795	0.533205	1.36189
35766	-1026.653	-1237.554	210.9011	1.782281	0.5635287	0.30787	0.69213	2.146031
35772	-1008.745	-1220.436	211.6911	1.769608	0.6889459	0.584638	0.415362	1.484578
35778	-1020.563	-1232.002	211.4387	1.950519	0.602326	0.514218	0.485782	1.625377
35784	-1020.865	-1232.654	211.7891	2.013999	0.5406216	0.549386	0.450614	1.384852
35790	-1017.082	-1228.701	211.6187	1.964409	0.384419	0.549386	0.450614	1.748392
35796	-1013.261	-1223.918	210.6562	1.8488	0.8932367	0.549386	0.450614	1.985926
35802	-1028.789	-1238.584	209.7944	1.523668	0.418755	0.501894	0.498106	3.1408
35808	-1028.752	-1237.942	209.1895	1.571995	0.6247524	0.378775	0.621225	3.27326
35814	-1038.835	-1250.414	211.5791	1.868044	0.6538672	0.498516	0.501484	1.529911
35820	-1029.259	-1240.493	211.2344	1.948513	0.8735343	0.498516	0.501484	1.526098
35826	-1029.519	-1240.479	210.96	2.022872	0.9634158	0.505791	0.494209	1.602703
35832	-1013.621	-1224.796	211.1751	1.904004	0.6360614	0.423173	0.576827	1.810396
35838	-1003.888	-1215.52	211.6321	1.805454	0.5141471	0.547536	0.452464	1.687577
35844	-1014.196	-1225.277	211.0807	1.726422	0.4803075	0.458678	0.541322	2.152548
35850	-1034.223	-1244.548	210.3243	1.528732	0.897838	0.659543	0.340457	2.405182
35856	-1016.783	-1226.686	209.9032	1.626095	1.235909	0.537274	0.462726	2.405182
35862	-1018.147	-1229.379	211.232	2.146535	0.891415	0.236878	0.763122	1.361333
35868	-1008.93	-1220.895	211.9651	1.816111	0.5743965	0.363479	0.636521	1.361333
35874	-1007.913	-1220.114	212.2009	1.979825	0.5210242	0.369125	0.630875	1.093424
35880	-1031.995	-1243.769	211.7743	1.953247	0.6642572	0.443244	0.556756	1.302003
35886	-1014.055	-1225.723	211.6682	1.932425	0.7302429	0.40205	0.59795	1.334815
35892	-1023.083	-1234.868	211.785	1.892843	0.6138975	0.39901	0.60099	1.397078
35898	-1025.3	-1236.939	211.6382	1.876131	0.7361209	0.564051	0.435949	1.397078
35904	-1022.577	-1234.569	211.992	1.957387	0.6541427	0.509461	0.490539	1.124764
35910	-1027.191	-1238.917	211.7257	1.957387	0.9426619	0.45629	0.54371	1.05359
35916	-1034.11	-1245.699	211.589	2.065093	1.053462	0.427915	0.572085	0.9725037
35922	-1020.711	-1232.738	212.027	2.163547	0.576883	0.581533	0.418467	1.001162
35928	-1012.254	-1223.551	211.2962	2.527459	1.117449	0.477722	0.522278	0.6753705
35934	-1020.597	-1232.343	211.7459	2.278506	0.9256614	0.359266	0.640734	0.6516479
35940	-1022.53	-1234.326	211.7957	2.195598	0.8317726	0.291947	0.708053	0.8567154
35946	-1006.177	-1218.193	212.0162	2.133457	0.7048016	0.368779	0.631221	0.8522366
35952	-1016.341	-1227.928	211.5872	2.133457	0.8605014	0.391648	0.608352	1.101394
35958	-1020.393	-1231.281	210.8884	2.017614	1.357539	0.49397	0.50603	1.394177
35964	-1012.924	-1224.739	211.8155	1.897972	0.8521824	0.389657	0.610343	1.116391
35970	-1002.685	-1214.079	211.3943	1.814208	1.018755	0.362605	0.637395	1.391262
35976	-999.8453	-1211.447	211.6016	1.831053	1.018755	0.525287	0.474713	1.208972
35982	-1004.032	-1215.733	211.7011	1.957353	0.9184226	0.397372	0.602628	1.100437
35988	-1035.404	-1246.81	211.4055	1.915131	1.059018	0.662314	0.337686	1.27005
35994	-1026.185	-1237.61	211.4249	2.036674	0.9928456	0.462842	0.537158	1.20629
36000	-1024.081	-1235.603	211.5216	2.148896	1.091186	0.54003	0.45997	0.9171038
36006	-1015.815	-1227.511	211.6963	2.148896	0.9671792	0.375082	0.624918	0.8559628
36012	-1025.487	-1237.571	212.0845	2.007795	0.536854	0.551958	0.448042	1.150477
36018	-1026.136	-1237.931	211.7952	2.22777	0.8994816	0.496266	0.503734	0.7075248
36024	-1011.718	-1223.132	211.4144	2.385841	1.138313	0.448434	0.551566	0.6835683
36030	-1021.782	-1232.999	211.2174	2.385841	1.312569	0.642411	0.357589	0.7608011
36036	-1031.583	-1242.975	211.3919	2.385841	1.025098	0.479935	0.520065	0.8670901
36042	-1020.592	-1232.138	211.5462	2.385841	1.025098	0.416273	0.583727	0.6312444
36048	-1027.718	-1239.332	211.6146	2.396778	0.9451895	0.338827	0.661173	0.6347336
36054	-1017.863	-1229.388	211.5249	2.288607	0.9638303	0.510103	0.489897	0.8968601
36060	-1013.169	-1224.845	211.6756	2.288607	0.7903765	0.55322	0.44678	0.941827
36066	-1015.238	-1226.544	211.3063	2.416967	1.166826	0.357367	0.642633	0.7665324
36072	-1022.729	-1234.088	211.3591	2.246925	0.9687135	0.509272	0.490728	1.100362
36078	-1020.908	-1231.897	210.989	2.246925	1.459033	0.421759	0.578241	1.046799
36084	-1029.587	-1240.435	210.8487	1.813685	1.224207	0.476705	0.523295	1.657502
36090	-1019.323	-1230.278	210.9544	1.813685	1.082531	0.369033	0.630967	1.672942
36096	-1018.401	-1229.885	211.4832	1.710872	0.4128924	0.367835	0.632165	1.976841
36102	-1027.341	-1238.255	210.9137	1.995702	0.535212	0.421544	0.578456	2.026232
36108	-1033.589	-1245.056	211.4665	1.995702	0.8369819	0.320167	0.679833	1.34312
36114	-1032.503	-1243.647	211.1437	2.371905	1.400623	0.540165	0.459835	0.7858572
36120	-1031.206	-1243.018	211.8122	2.367419	0.8085044	0.478478	0.521522	0.5870989
36126	-1029.372	-1240.717	211.3453	2.625599	0.9746756	0.498019	0.501981	0.370262
36132	-1036.178	-1247.975	211.7974	2.397363	0.8059713	0.481956	0.518044	0.473862
36138	-1028.206	-1239.668	211.4613	2.501403	1.019211	0.482688	0.517312	0.5488287
36144	-1022.136	-1233.258	211.1218	2.501403	1.369233	0.422351	0.577649	0.6475323
36150	-1029.533	-1240.863	211.3291	2.489214	1.155903	0.365916	0.634084	0.6081368
36156	-1035.858	-1247.125	211.2666	2.572128	1.155903	0.229925	0.770075	0.5050412
36162	-1035.306	-1246.668	211.3622	2.446931	1.186484	0.435632	0.564368	0.5362971
36168	-1005.374	-1216.863	211.4894	2.590373	0.8991239	0.473489	0.526511	0.5794778
36174	-1021.323	-1232.923	211.5993	2.58531	0.8157878	0.566725	0.433275	0.4937502
36180	-1031.167	-1242.606	211.4391	2.605759	0.9426744	0.300608	0.699392	0.4937502
36186	-1027.415	-1238.897	211.4824	2.560723	0.9426744	0.487163	0.512837	0.5305476
36192	-1025.33	-1236.649	211.319	2.514981	1.084435	0.668552	0.331448	0.7118384
36198	-1005.519	-1217.259	211.74	2.514981	0.7555136	0.280654	0.719346	0.469881
36204	-1008.976	-1220.784	211.8086	2.471416	0.7336882	0.382256	0.617744	0.5457599
36210	-1018.089	-1229.922	211.8333	2.471416	0.7105959	0.36098	0.63902	0.5688568
36216	-1011.745	-1223.537	211.7922	2.32048	0.8105187	0.483736	0.516264	0.7245799
36222	-1012.106	-1223.878	211.7721	2.081463	0.876547	0.422565	0.577435	0.9543678
36228	-1030.093	-1241.6	211.5075	2.160906	1.056723	0.436277	0.563723	0.9543678
36234	-1012.311	-1224.409	212.0981	2.093428	0.6074155	0.546515	0.453485	0.9543678
36240	-1016.172	-1227.733	211.5608	1.859459	0.9252063	0.546515	0.453485	1.298798
36246	-1049.213	-1260.419	211.206	2.009037	1.212229	0.592195	0.407805	1.242063
36252	-1036.324	-1247.469	211.145	1.922204	0.798803	0.387729	0.612271	1.672455
36258	-1033.597	-1244.828	211.2314	1.880561	0.6230818	0.471382	0.528618	1.800291
36264	-1045.359	-1257.187	211.828	2.202235	0.7829228	0.526712	0.473288	0.8783546
36270	-1042.871	-1254.639	211.7677	2.366467	0.7993519	0.456864	0.543136	0.7108692
36276	-1038.829	-1250.382	211.5533	2.29136	0.9407515	0.470594	0.529406	0.8887182
36282	-1048.409	-1259.836	211.4276	2.337397	1.126372	0.470594	0.529406	0.7589573
36288	-1019.053	-1231.407	212.3545	2.098071	0.3906213	0.236425	0.763575	1.054941
36294	-1022.423	-1234.596	212.1728	1.833984	0.3738549	0.607405	0.392595	1.455407
36300	-1013.791	-1225.559	211.7676	2.074858	0.5467746	0.462775	0.537225	1.346218
36306	-1016.21	-1227.43	211.2201	2.032224	0.5004627	0.570173	0.429827	1.83256
36312	-1014.807	-1226.478	211.6705	2.032224	0.4629035	0.549502	0.450498	1.558145
36318	-1018.987	-1230.694	211.7061	2.300177	0.67343	0.54248	0.45752	1.047866
36324	-1029.749	-1241.703	211.9545	2.171081	0.4437902	0.442862	0.557138	1.25572
36330	-1018.672	-1230.403	211.7309	2.000738	0.4945895	0.594046	0.405954	1.496483
36336	-1005.842	-1217.369	211.5266	1.773752	0.590799	0.594046	0.405954	1.701013
36342	-1020.338	-1230.832	210.4941	1.924708	0.7624047	0.505372	0.494628	2.142318
36348	-1010.304	-1219.811	209.5063	1.610405	0.8695357	0.420597	0.579403	2.878741
36354	-1009.955	-1221.049	211.094	1.759344	0.5934687	0.431942	0.568058	2.004655
36360	-1013.338	-1225.033	211.6947	1.67647	0.3583882	0.558091	0.441909	1.930212
36366	-1022.625	-1232.501	209.8755	1.523909	0.6542452	0.632634	0.367366	2.867628
36372	-1008.11	-1218.479	210.3696	1.598818	0.4618742	0.386752	0.613248	2.701305
36378	-1008.772	-1219.48	210.7081	1.622484	0.6532251	0.539424	0.460576	2.290353
36384	-1029	-1239.969	210.9692	1.622484	0.4814023	0.539424	0.460576	2.290353
36390	-1012.624	-1223.644	211.02	1.645468	0.4653399	0.415324	0.584676	2.26074
36396	-1020.407	-1231.621	211.2143	1.55576	0.4536644	0.419162	0.580838	2.206568
36402	-1018.081	-1229.358	211.277	1.822875	0.4565202	0.445083	0.554917	1.986642
36408	-1028.963	-1240.426	211.463	2.047202	0.2610522	0.439438	0.560562	1.986642
36414	-1003.548	-1214.843	211.2957	1.986624	0.2601407	0.613608	0.386392	2.138592
36420	-1040.172	-1252.146	211.9737	1.904146	0.5494639	0.550687	0.449313	1.314558
36426	-1046.522	-1258.47	211.9484	2.296793	0.5652261	0.415985	0.584015	0.9634404
36432	-1030.284	-1242.257	211.9734	1.864575	0.3807217	0.333481	0.666519	1.571244
36438	-1030.669	-1241.368	210.6993	1.843519	0.6942292	0.483705	0.516295	2.117616
36444	-1022.608	-1232.883	210.2752	1.755315	0.6091354	0.529152	0.470848	2.518851
36450	-1031.724	-1242.999	211.2749	2.051779	0.6346443	0.762354	0.237646	1.637353
36456	-1029.733	-1241.184	211.4506	2.000655	0.6387909	0.54236	0.45764	1.542276
36462	-1021.239	-1232.307	211.0683	2.022282	0.4523631	0.670016	0.329984	1.997723
36468	-1012.012	-1222.764	210.7523	2.055023	0.4979646	0.449632	0.550368	2.133096
36474	-1011.569	-1223.037	211.468	2.178274	0.5260536	0.546145	0.453855	1.521979
36480	-1017.385	-1228.915	211.53	1.953029	0.4808199	0.662813	0.337187	1.694558
36486	-1002.389	-1213.829	211.4401	1.896825	0.5447692	0.540331	0.459669	1.724298
36492	-1012.609	-1223.714	211.105	1.718792	0.6635709	0.509991	0.490009	1.958481
36498	-1004.481	-1216.011	211.5298	1.983814	0.3216715	0.585101	0.414899	1.887169
36504	-1024.796	-1236.206	211.4103	1.804662	0.4494361	0.525261	0.474739	1.91771
36510	-1022.976	-1234.274	211.2983	1.765053	0.4538524	0.499068	0.500932	2.014097
36516	-1031.665	-1242.866	211.2007	1.715332	0.6675737	0.369211	0.630789	1.892531
36522	-1046.924	-1258.46	211.5358	1.975238	0.5335964	0.588082	0.411918	1.612477
36528	-1022.93	-1233.896	210.9666	1.933306	0.7121406	0.344095	0.655905	1.863563
36534	-1025.239	-1236.947	211.7081	2.133084	0.6020295	0.643037	0.356963	1.280316
36540	-1013.794	-1225.039	211.2451	2.119403	1.001468	0.456332	0.543668	1.280316
36546	-1013.925	-1225.063	211.1379	2.017342	0.8745803	0.518505	0.481495	1.545755
36552	-1006.553	-1217.901	211.3485	2.017342	1.270797	0.476549	0.523451	1.064752
36558	-1027.843	-1239.279	211.4364	1.940729	0.7274575	0.60139	0.39861	1.509978
36564	-1002.437	-1214.498	212.0614	1.939213	0.6495205	0.582836	0.417164	1.083755
36570	-1012.826	-1224.359	211.5325	1.998622	0.8208814	0.401936	0.598064	1.302567
36576	-1011.986	-1223.601	211.6148	1.96731	0.7958583	0.451468	0.548532	1.284934
36582	-1038.184	-1250.018	211.8338	2.130574	0.6197243	0.582644	0.417356	1.154181
36588	-1036.101	-1247.861	211.7592	2.231311	0.8725835	0.481064	0.518936	0.799677
36594	-1016.089	-1227.764	211.6743	2.173846	0.6165921	0.501537	0.498463	1.257295
36600	-1020.663	-1232.399	211.7361	2.149199	0.7275181	0.581937	0.418063	1.095337
36606	-1024.199	-1235.594	211.3953	2.163207	0.8923284	0.557725	0.442275	1.213291
36612	-1033.151	-1244.51	211.3588	1.914486	0.5532061	0.380057	0.619943	1.7598
36618	-1017.641	-1229.118	211.4772	1.954029	0.4571135	0.4284	0.5716	1.7598
36624	-1019.081	-1230.516	211.4353	1.90056	0.6213022	0.388026	0.611974	1.644279
36630	-1015.257	-1226.083	210.826	1.896217	0.5087016	0.332534	0.667466	2.176997
36636	-1022.641	-1233.873	211.2322	1.720227	0.3807575	0.465751	0.534249	2.176997
36642	-1036.078	-1246.342	210.2637	1.427423	0.7972668	0.464636	0.535364	2.577694
36648	-1026.956	-1237.556	210.6005	1.448028	0.4319757	0.493636	0.506364	2.684942
36654	-1027.748	-1237.646	209.8976	1.448028	0.5968685	0.363047	0.636953	2.949059
36660	-1014.807	-1224.278	209.4702	1.577802	1.065	0.362778	0.637222	2.798506
36666	-1014.31	-1226.282	211.9726	1.783547	0.5134135	0.657329	0.342671	1.454571
36672	-1016.258	-1227.373	211.1143	1.822744	0.7328263	0.484491	0.515509	1.820005
36678	-1024.241	-1235.421	211.1804	1.498839	0.7328263	0.478736	0.521264	1.994737
36684	-1033.943	-1244.642	210.6989	1.753863	0.7328263	0.568879	0.431121	2.144094
36690	-1024.182	-1235.396	211.2139	1.789584	0.4237823	0.410942	0.589058	2.089657
36696	-1029.31	-1240.958	211.6474	1.732768	0.5155551	0.46278	0.53722	1.726542
36702	-1023.657	-1235.014	211.357	1.76103	0.758373	0.392663	0.607337	1.670885
36708	-1024.921	-1236.772	211.851	1.899329	0.4790125	0.632788	0.367212	1.502186
36714	-1015.442	-1227.87	212.4271	1.908641	0.3600413	0.592887	0.407113	1.214614
36720	-1013.949	-1225.931	211.9821	1.929566	0.3778007	0.397109	0.602891	1.521094
36726	-1014.307	-1226.045	211.7384	1.925966	0.4438752	0.480308	0.519692	1.610771
36732	-1014.279	-1225.828	211.5487	1.790925	0.6820995	0.398863	0.601137	1.581142
36738	-1014.467	-1226.126	211.6597	1.97701	0.6977269	0.671707	0.328293	1.339291
36744	-1019.22	-1231.285	212.0653	1.935323	0.399595	0.671707	0.328293	1.421254
36750	-1031.042	-1242.485	211.4428	1.982982	0.5783592	0.537484	0.462516	1.624469
36756	-1025.114	-1236.295	211.1808	1.941347	0.4770458	0.512659	0.487341	1.947874
36762	-1034.83	-1245.861	211.0307	1.830761	0.6093459	0.615848	0.384152	1.983884
36768	-1025.616	-1236.568	210.9518	1.588138	0.7090293	0.364132	0.635868	2.106922
36774	-1028.601	-1239.473	210.8719	1.870929	0.6209746	0.558344	0.441656	2.05165
36780	-1027.266	-1238.69	211.4237	1.850846	0.4667296	0.610914	0.389086	1.856499
36786	-1027.625	-1238.638	211.0128	1.643345	0.7271166	0.516189	0.483811	2.014959
36792	-1033.176	-1243.253	210.0777	1.643345	0.453287	0.513514	0.486486	2.861315
36798	-1005.239	-1215.84	210.6008	1.768254	0.9411894	0.465377	0.534623	2.04232
36804	-1012.645	-1223.544	210.8994	1.788616	0.6709394	0.478173	0.521827	2.04232
36810	-1021.873	-1233.903	212.0294	1.62921	0.5103401	0.492111	0.507889	1.531623
36816	-1025.926	-1237.463	211.5368	1.87576	0.7015499	0.438931	0.561069	1.508317
36822	-1010.572	-1221.757	211.1851	1.84714	0.5847963	0.503791	0.496209	1.892949
36828	-1008.709	-1219.478	210.7692	1.849849	0.6667728	0.418752	0.581248	2.091541
36834	-1018.865	-1229.118	210.2522	1.64033	0.7775222	0.425771	0.574229	2.466766
36840	-1027.522	-1238.554	211.0321	1.611627	0.5990273	0.542237	0.457763	2.137476
36846	-1029.415	-1241.024	211.6096	1.623117	0.508096	0.428524	0.571476	1.837472
36852	-1025.879	-1236.579	210.6996	1.520862	0.5280818	0.348893	0.651107	2.476718
36858	-1028.543	-1238.79	210.2471	1.577209	0.8694771	0.582935	0.417065	2.442862
36864	-1030.924	-1242.139	211.2146	1.90601	0.5778251	0.443048	0.556952	1.839675
36870	-1028.956	-1241.322	212.3652	2.157505	0.2911838	0.476393	0.523607	1.185005
36876	-1033.338	-1245.013	211.6746	2.157505	0.7593349	0.527416	0.472584	1.10777
36882	-1038.259	-1250.094	211.8356	2.119404	0.5360371	0.659395	0.340605	1.268692
36888	-1055.381	-1266.826	211.4448	2.299197	1.026738	0.607804	0.392196	0.9041022
36894	-1054.342	-1266.047	211.7042	2.161635	0.5641624	0.579247	0.420753	1.305993
36900	-1035.637	-1247.082	211.4456	1.866928	0.6005929	0.404955	0.595045	1.682172
36906	-1030.27	-1241.137	210.8668	1.963326	0.672187	0.434657	0.565343	1.946421
36912	-1025.656	-1236.384	210.7277	1.74878	0.5742141	0.43054	0.56946	2.26935
36918	-1026.243	-1237.062	210.8186	1.677847	0.6601062	0.52099	0.47901	2.177507
36924	-1026.044	-1237.779	211.7346	1.847841	0.6107962	0.52099	0.47901	1.473724
36930	-1041.396	-1251.901	210.5047	1.796242	0.7289576	0.431341	0.568659	2.245576
36936	-1016.842	-1226.047	209.2046	1.61342	0.5553714	0.489529	0.510471	3.300162
36942	-1017.225	-1227.493	210.2672	1.82479	0.5083995	0.464853	0.535147	2.576583
36948	-1009.56	-1220.105	210.5448	1.699727	0.5631787	0.464853	0.535147	2.427357
36954	-999.3036	-1210.327	211.0232	1.820658	0.3557645	0.464853	0.535147	2.279814
36960	-1013.126	-1223.819	210.6923	1.876398	0.6552004	0.410179	0.589821	2.134789
36966	-1016.01	-1226.378	210.3686	1.767747	0.593345	0.458117	0.541883	2.466991
36972	-1024.659	-1235.217	210.558	1.710994	0.5329268	0.498633	0.501367	2.441432
36978	-1038.807	-1249.929	211.1222	1.763392	0.3240036	0.408923	0.591077	2.296774
36984	-1037.612	-1248.281	210.6695	2.050493	0.7790118	0.733129	0.266871	1.929283
36990	-1024.434	-1235.488	211.0545	1.904752	0.5064211	0.54701	0.45299	2.023858
36996	-1029.718	-1240.937	211.2196	1.79952	0.5603289	0.322153	0.677847	1.926737
37002	-1011.209	-1221.506	210.2975	1.641096	0.5638164	0.414	0.586	2.617554
37008	-1016.156	-1226.836	210.6794	1.850191	0.5638164	0.716921	0.283079	2.245371
37014	-1033.247	-1243.937	210.69	1.766488	0.4187659	0.564467	0.435533	2.446714
37020	-1019.297	-1228.73	209.4327	1.611302	0.3095592	0.308601	0.691399	3.435131
37026	-1000.416	-1210.535	210.1191	1.484413	0.6835284	0.404475	0.595525	2.719368
37032	-1004.234	-1215.335	211.1008	1.775291	0.6003581	0.537179	0.462821	1.982775
37038	-1015.021	-1226.263	211.2422	1.662029	0.3707282	0.6613	0.3387	2.221236
37044	-1005.394	-1217.08	211.6858	1.786634	0.3639856	0.362736	0.637264	1.853513
37050	-1002.688	-1213.695	211.0068	1.760439	0.4861961	0.547099	0.452901	2.172007
37056	-1020.656	-1231.806	211.1497	1.818277	0.4380315	0.468329	0.531671	2.095878
37062	-1011.42	-1222.436	211.0164	2.035863	0.3931774	0.399076	0.600924	2.095878
37068	-1007.6	-1219.125	211.5252	2.005782	0.5021887	0.450479	0.549521	1.63468
37074	-1016.016	-1227.395	211.3788	2.005782	1.058424	0.396894	0.603106	1.217087
37080	-1017.865	-1229.516	211.6509	2.015942	0.6405226	0.396894	0.603106	1.376377
37086	-1012.371	-1223.752	211.3809	1.924348	0.8970791	0.396894	0.603106	1.413823
37092	-1006.362	-1217.945	211.5831	2.003224	0.507807	0.465744	0.534256	1.587889
37098	-1022.329	-1232.831	210.502	1.912061	0.5732967	0.377544	0.622456	2.310167
37104	-1028.998	-1239.466	210.4676	1.351796	0.4607974	0.475826	0.524174	2.79358
37110	-1018.72	-1228.92	210.2002	1.507743	0.7599969	0.260885	0.739115	2.595091
37116	-1017.22	-1226.761	209.541	1.648626	0.7599969	0.441746	0.558254	2.911807
37122	-1014.33	-1225.342	211.0115	1.842433	1.037703	0.257943	0.742057	1.642196
37128	-1019.665	-1230.232	210.5673	1.742561	1.253008	0.384346	0.615654	1.886099
37134	-1012.087	-1223.429	211.342	1.713375	0.6079209	0.591596	0.408404	1.854106
37140	-1029.334	-1240.371	211.0367	1.84809	0.9466795	0.408137	0.591863	1.685599
37146	-1017.857	-1229.126	211.2694	1.791574	0.7228397	0.408137	0.591863	1.742627
37152	-1016.494	-1227.602	211.1083	1.814673	0.5255917	0.405963	0.594037	2.027356
37158	-1017.785	-1229.029	211.2448	1.951473	0.391719	0.446709	0.553291	2.002501
37164	-1004.884	-1216.559	211.6747	2.020021	0.4443316	0.450394	0.549606	1.588066
37170	-1013.481	-1225.423	211.9426	2.117185	0.4339518	0.612033	0.387967	1.324013
37176	-1007.197	-1219.491	212.2941	2.125611	0.3221009	0.544845	0.455155	1.21243
37182	-1012.14	-1224.372	212.2314	2.414814	0.3278402	0.542851	0.457149	0.9929725
37188	-1017.68	-1230.093	212.4125	2.227273	0.2871749	0.508007	0.491993	1.089012
37194	-1014.765	-1226.741	211.9759	2.227273	0.3955489	0.547128	0.452872	1.266078
37200	-1036.353	-1247.707	211.3535	2.320577	0.6570215	0.744245	0.255755	1.352765
37206	-1030.62	-1241.936	211.3155	2.036025	0.890035	0.654065	0.345935	1.383754
37212	-1040.06	-1250.803	210.7431	2.110247	0.7196269	0.42728	0.57272	1.888731
37218	-1049.768	-1261.532	211.7634	2.318865	0.7166244	0.62106	0.37894	0.912382
37224	-1031.923	-1243.658	211.7355	1.787087	0.5315834	0.350206	0.649794	1.606403
37230	-1029.871	-1241.596	211.7251	2.230686	0.4556294	0.4111	0.5889	1.375774
37236	-1036.108	-1247.612	211.5036	1.869289	0.6892168	0.800535	0.199465	1.549775
37242	-1042.796	-1254.389	211.5926	2.17687	0.4319133	0.610487	0.389513	1.549775
37248	-1021.375	-1233.336	211.9605	2.404271	0.4372492	0.455773	0.544227	1.054941
37254	-1027.151	-1238.807	211.6561	2.309433	0.7047459	0.354499	0.645501	1.047438
37260	-1022.585	-1234.209	211.6238	2.09933	0.8284609	0.290942	0.709058	1.132039
37266	-1019.216	-1230.968	211.7521	2.222058	0.8197092	0.48757	0.51243	0.8930303
37272	-1010.72	-1222.277	211.5569	2.29397	0.8514724	0.432198	0.567802	0.9860636
37278	-1005.818	-1217.465	211.647	2.367999	0.859296	0.338696	0.661304	0.7866331
37284	-1010.24	-1221.806	211.5658	2.367999	1.013614	0.225454	0.774546	0.6528932
37290	-1023.512	-1235.539	212.0266	2.349536	0.6247421	0.424237	0.575763	0.6808255
37296	-1021.427	-1232.897	211.4704	2.299068	1.062476	0.530487	0.469513	0.8332478
37302	-1021.361	-1232.817	211.4554	2.234131	1.062476	0.456949	0.543051	0.9259813
37308	-1009.411	-1221.321	211.9095	2.312065	0.7363514	0.521611	0.478389	0.6920128
37314	-1004.768	-1216.422	211.6543	2.319216	0.929614	0.557957	0.442043	0.7356057
37320	-1015.814	-1227.432	211.6182	2.541479	0.8099429	0.5356	0.4644	0.6369389
37326	-1026.504	-1238.179	211.6748	2.484894	0.8099429	0.423999	0.576001	0.6369389
37332	-1026.799	-1238.879	212.0807	2.201311	0.6724155	0.423999	0.576001	0.7298394
37338	-1023.357	-1235.156	211.7992	2.273075	0.9030269	0.673421	0.326579	0.5907723
37344	-1022.254	-1234.202	211.9478	2.386196	0.6804711	0.541901	0.458099	0.603081
37350	-1017.394	-1228.781	211.3865	2.350566	1.144043	0.476536	0.523464	0.7758943
37356	-1014.132	-1225.803	211.6716	2.350566	0.932048	0.653073	0.346927	0.6416774
37362	-1023.307	-1235.206	211.8994	2.443674	0.6812461	0.386555	0.613445	0.5686086
37368	-1027.33	-1239.287	211.957	2.341451	0.6812461	0.470572	0.529428	0.6814926
37374	-1015.146	-1226.912	211.7665	2.199241	0.8587795	0.463086	0.536914	0.8506191
37380	-1040.115	-1251.44	211.3247	1.678422	0.7989976	0.411382	0.588618	1.717677
37386	-1021.534	-1233.454	211.9194	1.79425	0.6894791	0.411382	0.588618	1.285865
37392	-1012.039	-1223.785	211.7453	1.730225	0.6894791	0.400585	0.599415	1.472783
37398	-1000.968	-1212.09	211.1222	1.492693	0.5198613	0.50739	0.49261	2.234678
37404	-1005.07	-1215.086	210.0162	1.747682	0.5198613	0.472153	0.527847	2.766996
37410	-1004.221	-1215.408	211.1875	1.810736	0.4971045	0.344391	0.655609	2.008164
37416	-1005.896	-1217.872	211.9757	2.014535	0.3272623	0.468619	0.531381	1.541516
37422	-1030.26	-1242.008	211.748	1.906176	0.4732703	0.468619	0.531381	1.580582
37428	-1014.669	-1226.419	211.7503	2.093306	0.3715746	0.559475	0.440525	1.580582
37434	-1006.079	-1217.541	211.4617	2.125392	0.3715746	0.517569	0.482431	1.763597
37440	-1019.87	-1231.52	211.6499	2.208088	0.6969341	0.551674	0.448326	1.155284
37446	-1011.909	-1222.97	211.0601	2.020795	0.4963324	0.56365	0.43635	1.953699
37452	-1011.477	-1223.004	211.5266	2.122525	0.4405901	0.523058	0.476942	1.626068
37458	-996.4696	-1208.272	211.8019	2.089973	0.3706307	0.490648	0.509352	1.546451
37464	-1020.467	-1232.192	211.7255	2.089973	0.4244509	0.490648	0.509352	1.525873
37470	-1001.006	-1212.687	211.6808	1.865713	0.3601334	0.33818	0.66182	1.808029
37476	-1014.342	-1224.644	210.3021	1.749768	0.5508893	0.373021	0.626979	2.559591
37482	-1013.776	-1224.427	210.6508	1.614546	0.4244352	0.439114	0.560886	2.559591
37488	-1015.272	-1225.152	209.8797	1.547706	0.4070441	0.64021	0.35979	3.088827
37494	-1008.935	-1218.178	209.2435	1.523485	0.5496152	0.542093	0.457907	3.33543
37500	-1012.406	-1223.082	210.6761	1.991391	0.3204155	0.3904	0.6096	2.440095
37506	-1028.518	-1239.719	211.2011	1.775991	0.392646	0.365853	0.634147	2.145733
37512	-1015.066	-1226.626	211.5602	1.967055	0.5208411	0.596513	0.403487	1.615493
37518	-1016.823	-1228.65	211.8277	1.967055	0.5208411	0.425087	0.574913	1.415741
37524	-1022.009	-1234.227	212.2179	2.2533	0.2670865	0.497571	0.502429	1.277927
37530	-1022.7	-1234.643	211.9429	1.775477	0.3803701	0.517665	0.482335	1.658386
37536	-1009.49	-1220.63	211.1401	2.066309	0.4777468	0.479795	0.520205	1.890084
37542	-1026.991	-1238.517	211.5254	1.954705	0.418675	0.608955	0.391045	1.774363
37548	-1032.606	-1243.995	211.3889	2.056716	0.4563476	0.332209	0.667791	1.75071
37554	-1025.039	-1236.013	210.9735	2.056716	0.6451668	0.693257	0.306743	1.83533
37560	-1023.814	-1235.632	211.8177	2.047997	0.3492653	0.414001	0.585999	1.598082
37566	-1025.164	-1236.117	210.9531	1.908069	0.3773616	0.570307	0.429693	2.240407
37572	-1026.109	-1237.721	211.6128	1.855446	0.5246895	0.633113	0.366887	1.653518
37578	-1020.356	-1230.931	210.5756	1.616345	0.6221234	0.633113	0.366887	2.40593
37584	-1034.535	-1244.945	210.4092	1.766551	0.3188899	0.486255	0.513745	2.746877
37590	-1026.876	-1237.465	210.5895	1.701968	0.3782729	0.423216	0.576784	2.598472
37596	-1034.125	-1245.347	211.2216	1.712386	0.2245935	0.585429	0.414571	2.422458
37602	-1014.105	-1225.679	211.5738	1.964202	0.4397262	0.579826	0.420174	1.706615
37608	-1021.349	-1232.462	211.1129	2.067534	0.5112712	0.34952	0.65048	1.869666
37614	-1033.973	-1245.241	211.2684	2.011743	0.6425182	0.468699	0.531301	1.662845
37620	-1026.878	-1237.6	210.7224	2.024738	0.3534173	0.356928	0.643072	2.344661
37626	-1014.609	-1225.53	210.9204	1.765172	0.4535031	0.352869	0.647131	2.261183
37632	-1012.932	-1223.49	210.5578	1.747975	0.4535031	0.442518	0.557482	2.501625
37638	-1000.946	-1212.138	211.1927	1.782903	0.4140134	0.482312	0.517688	2.119937
37644	-1006.69	-1217.478	210.7882	1.754577	0.5190658	0.482312	0.517688	2.281799
37650	-1019.955	-1231.49	211.5345	1.97671	0.4586127	0.425062	0.574938	1.701725
37656	-1021.657	-1232.97	211.3128	1.970808	0.4586127	0.361133	0.638867	1.859989
37662	-1017.821	-1229.726	211.9045	2.039599	0.5300955	0.621942	0.378058	1.285338
37668	-1021.881	-1233.487	211.6057	1.800301	0.6380657	0.282134	0.717866	1.576281
37674	-1015.817	-1227.5	211.6832	1.936659	0.4919175	0.414605	0.585395	1.582621
37680	-1023.753	-1235.415	211.6625	1.910061	0.6365942	0.552219	0.447781	1.453465
37686	-1028.739	-1240.28	211.5407	1.750151	0.7267954	0.400332	0.599668	1.574471
37692	-1021.796	-1232.694	210.8981	1.891543	0.9897038	0.406831	0.593169	1.721716
37698	-1036.92	-1248.54	211.6196	1.883455	0.543663	0.549704	0.450296	1.606827
37704	-1036.3	-1247.716	211.4164	2.080353	0.3798218	0.425301	0.574699	1.814796
37710	-1026.762	-1238.451	211.6883	2.080353	0.6409671	0.555525	0.444475	1.294492
37716	-1028.099	-1240.082	211.9836	2.080353	0.3216482	0.463298	0.536702	1.495846
37722	-1031.047	-1242.87	211.8224	2.059411	0.7496965	0.545427	0.454573	1.072808
37728	-1018.322	-1230.227	211.9054	2.059411	0.760293	0.37266	0.62734	0.9790954
37734	-1028.905	-1240.664	211.7587	2.166462	0.8622182	0.431786	0.568214	0.8936918
37740	-1027.724	-1239.268	211.5437	2.435061	0.9950234	0.467518	0.532482	0.5832454
37746	-1028.007	-1239.859	211.8523	2.341997	0.7969643	0.52246	0.47754	0.5832454
37752	-1023.9	-1235.631	211.7309	2.341997	0.8958326	0.316695	0.683305	0.6120907
37758	-1007.868	-1220.1	212.2323	1.992636	0.6277019	0.625199	0.374801	0.8860422
37764	-1019.962	-1231.818	211.8563	2.3311	0.6605297	0.389231	0.610769	0.8770499
37770	-1022.972	-1234.758	211.7863	2.432801	0.7663613	0.515688	0.484312	0.6188499
37776	-1031.81	-1243.207	211.397	2.432801	1.13879	0.44953	0.55047	0.6188499
37782	-1032.698	-1244.154	211.4554	2.14684	1.042072	0.454825	0.545175	1.035133
37788	-1029.92	-1242.089	212.1689	2.25763	0.5795222	0.250586	0.749414	0.7079167
37794	-1026.163	-1238.008	211.8445	2.408331	0.7315243	0.35467	0.64533	0.6416737
37800	-1036.785	-1248.188	211.4032	2.465126	1.08681	0.365056	0.634944	0.6416737
37806	-1026.117	-1237.529	211.4121	2.465126	1.08681	0.397123	0.602877	0.6200749
37812	-1035.5	-1246.395	210.8951	2.1855	1.568592	0.433808	0.566192	1.117008
37818	-1036.321	-1247.216	210.8951	2.157988	1.349308	0.51745	0.48255	1.282007
37824	-1016.594	-1228	211.4065	2.379659	1.139769	0.574982	0.425018	0.7062393
37830	-1029.099	-1240.499	211.3994	2.528264	1.051556	0.378972	0.621028	0.5659511
37836	-1033.867	-1245.183	211.3165	2.617193	1.051556	0.467171	0.532829	0.5323452
37842	-1033.557	-1245.28	211.7228	2.566818	0.7275955	0.618111	0.381889	0.5323452
37848	-1026.616	-1237.783	211.1668	2.724575	1.0983	0.694184	0.305816	0.4930775
37854	-1032.389	-1243.596	211.207	2.675999	1.102959	0.284898	0.715102	0.4562168
37860	-1020.773	-1232.026	211.253	2.715786	1.016563	0.36315	0.63685	0.4776221
37866	-1014.025	-1225.36	211.335	2.687313	0.9628438	0.499407	0.500593	0.4714519
37872	-1019.123	-1230.321	211.1981	2.606822	1.194117	0.501661	0.498339	0.5011745
37878	-1014.735	-1225.933	211.1981	2.606822	1.194117	0.528896	0.471104	0.5058712
37884	-1016.357	-1227.717	211.3594	2.492006	1.069764	0.468933	0.531067	0.7058112
37890	-1009.296	-1220.887	211.5913	2.534796	0.8495885	0.609661	0.390339	0.6063871
37896	-1012.42	-1223.966	211.5456	2.569109	0.851567	0.508864	0.491136	0.6302925
37902	-1002.183	-1213.865	211.6823	2.40424	0.8796729	0.624388	0.375612	0.6227224
37908	-991.3742	-1203.184	211.8099	2.377619	0.7793129	0.446195	0.553805	0.6557681
37914	-1002.58	-1214.476	211.8964	2.446133	0.6710534	0.619525	0.380475	0.6145373
37920	-1010.149	-1221.495	211.3461	2.446133	1.172771	0.313464	0.686536	0.6363384
37926	-987.8473	-1199.322	211.4748	2.446133	1.014914	0.330084	0.669916	0.6761582
37932	-1006.846	-1218.54	211.6939	2.319042	0.9225347	0.372591	0.627409	0.681295
37938	-1005.804	-1217.32	211.5161	2.350931	0.9803663	0.312033	0.687967	0.8119565
37944	-1004.363	-1215.949	211.5858	2.142099	1.135698	0.706831	0.293169	0.7988033
37950	-1012.998	-1224.698	211.6996	2.398488	0.7952718	0.400281	0.599719	0.7735247
37956	-1017.873	-1229.843	211.9702	2.284493	0.6710033	0.508566	0.491434	0.7735247
37962	-1021.156	-1232.612	211.4568	2.363042	1.132041	0.53718	0.46282	0.656156
37968	-1013.92	-1225.383	211.4625	2.363042	1.12419	0.500122	0.499878	0.6591582
37974	-1019.903	-1231.32	211.4167	2.445317	1.07984	0.481015	0.518985	0.6687236
37980	-1022.11	-1233.945	211.8351	2.445317	0.7328182	0.518844	0.481156	0.4531734
37986	-1026.098	-1237.143	211.0445	2.757168	1.160274	0.519479	0.480521	0.3819367
37992	-1026.865	-1238.536	211.6705	2.678337	0.6629639	0.286624	0.713376	0.3919909
37998	-1033.819	-1245.053	211.2338	2.678337	1.07148	0.672932	0.327068	0.4537636
38004	-1023.941	-1235.318	211.3762	2.706718	0.8928666	0.663611	0.336389	0.4180276
38010	-1027.992	-1239.124	211.1314	2.815311	0.9598868	0.540393	0.459607	0.325464
38016	-1023.95	-1235.464	211.5136	2.809724	0.6429418	0.451604	0.548396	0.325464
38022	-1035.083	-1246.597	211.5136	2.809724	0.6429418	0.464047	0.535953	0.325464
38028	-1036.461	-1247.823	211.3622	2.853209	0.7244456	0.419791	0.580209	0.325464
38034	-1030.88	-1242.27	211.3904	2.703537	0.895374	0.601103	0.398897	0.4745872
38040	-1020.858	-1232.407	211.5493	2.633267	0.8154579	0.474923	0.525077	0.4651038
38046	-1017.494	-1228.556	211.0618	2.707863	1.230739	0.458119	0.541881	0.5441199
38052	-1034.831	-1245.893	211.0618	2.707863	1.230739	0.456164	0.543836	0.5441199
38058	-1021.935	-1232.917	210.9816	2.774995	1.250298	0.502789	0.497211	0.4949073
38064	-1038.025	-1249.216	211.1909	2.595565	1.21529	0.450891	0.549109	0.4949073
38070	-1024.461	-1235.674	211.2122	2.493763	1.287894	0.672193	0.327807	0.604793
38076	-1022.828	-1234.603	211.7748	2.286812	0.8821996	0.46035	0.53965	0.6713532
38082	-1012.285	-1223.776	211.4911	2.208355	1.122033	0.46035	0.53965	0.8507642
38088	-1019.941	-1231.498	211.5569	2.068384	1.146259	0.523314	0.476686	0.9111027
38094	-1044.649	-1256.181	211.5315	2.087555	1.087079	0.490025	0.509975	0.975717
38100	-1030.176	-1241.897	211.7211	1.944502	0.8990917	0.566552	0.433448	1.112872
38106	-1021.167	-1232.945	211.7779	1.920071	0.7895506	0.37892	0.62108	1.194101
38112	-1001.86	-1213.267	211.4075	1.721322	0.7049449	0.508481	0.491519	1.711049
38118	-1004.885	-1215.07	210.1846	1.746285	1.020211	0.508481	0.491519	2.275335
38124	-1014.87	-1226.245	211.3748	1.888229	0.7910011	0.464235	0.535765	1.53685
38130	-1010.829	-1222.318	211.489	1.867408	0.7153983	0.464235	0.535765	1.53685
38136	-1017.758	-1228.98	211.2214	2.0045	1.007609	0.482845	0.517155	1.386283
38142	-1000.845	-1211.935	211.0906	1.973979	1.068039	0.632806	0.367194	1.465268
38148	-1007.672	-1219.562	211.8901	1.973979	0.6087743	0.632806	0.367194	1.253381
38154	-1020.9	-1232.086	211.1853	1.729518	0.4179794	0.333213	0.666787	2.154787
38160	-1021.131	-1233.039	211.9082	1.823323	0.439398	0.466359	0.533641	1.567651
38166	-1018.763	-1230.025	211.2622	2.050731	0.3883083	0.394867	0.605133	1.928713
38172	-1031.129	-1239.628	208.4993	1.281517	0.5532392	0.473349	0.526651	3.904476
38178	-1034.033	-1244.092	210.059	1.654043	0.5439043	0.51149	0.48851	2.774809
38184	-1015.684	-1226.967	211.2833	1.854457	0.6396589	0.458895	0.541105	1.766188
38190	-1022.593	-1232.567	209.9744	1.817524	0.9026122	0.342	0.658	2.440392
38196	-1013.469	-1224.081	210.612	1.869529	0.3862594	0.488192	0.511808	2.470184
38202	-1017.015	-1227.875	210.8602	1.717936	0.3862594	0.402446	0.597554	2.409419
38208	-1022.414	-1233.156	210.7417	1.723592	0.4463766	0.484051	0.515949	2.409419
38214	-1018.037	-1228.541	210.504	1.75431	0.67317	0.619222	0.380778	2.319297
38220	-1010.709	-1221.958	211.2488	1.971851	0.4152567	0.581374	0.418626	1.956004
38226	-1021.432	-1232.647	211.215	1.835444	0.4514048	0.615486	0.384514	2.025574
38232	-1022.283	-1233.96	211.6764	1.951183	0.3655523	0.590807	0.409193	1.743886
38238	-1028.802	-1238.99	210.1883	1.752377	0.5424336	0.663778	0.336222	2.636595
38244	-1029.25	-1239.299	210.0493	1.763415	0.7284887	0.39927	0.60073	2.554423
38250	-1024.518	-1235.434	210.9153	1.936298	0.4882005	0.565602	0.434398	2.114754
38256	-1032.722	-1243.928	211.2069	1.923177	0.6221666	0.461436	0.538564	1.788593
38262	-1026.505	-1237.842	211.3374	1.980538	0.6221666	0.65932	0.34068	1.65625
38268	-1024.588	-1234.751	210.1639	1.698963	0.8310433	0.330597	0.669403	2.445907
38274	-1049.468	-1260.813	211.3445	2.091704	0.9263703	0.598677	0.401323	1.284823
38280	-1029.798	-1241.605	211.8067	2.054513	0.8144328	0.544756	0.455244	1.018105
38286	-1025.126	-1236.429	211.3031	2.008907	0.9888511	0.326992	0.673008	1.33307
38292	-1035.852	-1246.278	210.4259	2.207437	1.823978	0.391327	0.608673	1.350072
38298	-1017.849	-1229.198	211.349	1.906219	0.7717402	0.640452	0.359548	1.55971
38304	-1013.429	-1225.058	211.6281	1.9655	0.8619388	0.459008	0.540992	1.211935
38310	-1031.178	-1242.885	211.7071	1.948723	0.8078736	0.435917	0.564083	1.21165
38316	-1025.662	-1236.81	211.1473	1.981387	1.151621	0.528679	0.471321	1.35574
38322	-1035.857	-1247.613	211.7561	1.959493	0.6410497	0.166767	0.833233	1.33717
38328	-1033.773	-1244.859	211.0857	2.084241	1.131786	0.313402	0.686598	1.33717
38334	-1026.999	-1238.028	211.0294	2.015346	1.240949	0.573017	0.426983	1.360416
38340	-1030.673	-1242.453	211.7805	2.17529	0.7836764	0.447594	0.552406	0.959104
38346	-1020.625	-1231.649	211.0243	1.978729	1.170509	0.406916	0.593084	1.440375
38352	-1022.497	-1233.483	210.9862	1.828132	0.9003687	0.406916	0.593084	1.769765
38358	-1021.218	-1232.747	211.529	1.828132	0.5396258	0.372203	0.627797	1.715747
38364	-1027.961	-1239.441	211.4806	1.828132	0.4461497	0.414352	0.585648	1.857957
38370	-1016.622	-1228.634	212.0126	1.918747	0.512969	0.50091	0.49909	1.31803
38376	-1014.31	-1225.973	211.6628	2.244685	0.8371388	0.50091	0.49909	0.9441176
38382	-1022.969	-1234.03	211.0613	2.156225	1.472417	0.409067	0.590933	1.05487
38388	-1017.785	-1229.115	211.3297	2.196509	1.221172	0.693325	0.306675	0.9469266
38394	-1024.537	-1235.874	211.3368	2.147796	1.221172	0.309743	0.690257	0.989971
38400	-1026.243	-1237.97	211.7275	1.879792	0.8504801	0.430255	0.569745	1.211231
38406	-1008.008	-1219.193	211.1853	1.803852	0.9960899	0.436957	0.563043	1.573848
38412	-1007.367	-1218.506	211.1396	1.783535	0.5044141	0.504489	0.495511	2.049984
38418	-1014.087	-1225.442	211.3555	1.756715	0.5293588	0.506264	0.493736	1.896312
38424	-1022.334	-1233.704	211.3698	1.736911	0.772839	0.628929	0.371071	1.666378
38430	-1031.868	-1243.209	211.3412	1.575934	0.4730028	0.403268	0.596732	2.088743
38436	-1027.82	-1238.168	210.3482	1.575934	0.4135787	0.506198	0.493802	2.781982
38442	-1035.578	-1246.474	210.8961	1.548348	0.6759644	0.430074	0.569926	2.197354
38448	-1029.749	-1240.808	211.0584	1.835841	0.802436	0.55121	0.44879	1.791037
38454	-1032.33	-1243.974	211.6439	2.005358	0.802436	0.484505	0.515495	1.222611
38460	-1014.419	-1226.297	211.878	2.005358	0.6367673	0.415077	0.584923	1.203708
38466	-1018.51	-1229.61	211.0997	2.005358	1.372652	0.534602	0.465398	1.223336
38472	-1013.863	-1225.638	211.7754	2.092713	0.7153714	0.336068	0.663932	1.125053
38478	-1014.831	-1226.136	211.3052	2.108613	1.293019	0.578438	0.421562	1.000423
38484	-1017.479	-1229.044	211.5647	2.177537	1.016898	0.567276	0.432724	0.9167966
38490	-1006.392	-1218.317	211.9249	2.177537	0.6979207	0.338179	0.661821	0.9167966
38496	-1019.166	-1231.516	212.3496	2.134339	0.5296181	0.461143	0.538857	0.7392373
38502	-1011.581	-1223.382	211.8006	2.134339	0.8107628	0.492925	0.507075	0.9473698
38508	-1012.605	-1224.467	211.8628	1.761665	0.5498318	0.390995	0.609005	1.510346
38514	-1009.264	-1220.867	211.6031	1.795884	0.6833474	0.474097	0.525903	1.536197
38520	-1016.306	-1227.703	211.3966	1.795884	0.4701862	0.496707	0.503293	1.908306
38526	-999.744	-1211.975	212.2309	1.903046	0.4701862	0.378451	0.621549	1.209637
38532	-1016.998	-1229.299	212.3015	1.837518	0.5097309	0.530674	0.469326	1.147597
38538	-1011.8	-1223.63	211.8298	1.834738	0.567724	0.355304	0.644696	1.459509
38544	-1005.881	-1216.416	210.5359	1.858627	0.83498	0.456896	0.543104	2.102082
38550	-1011.118	-1222.039	210.9209	1.681949	0.883117	0.445425	0.554575	1.927637
38556	-1015.927	-1226.987	211.0594	1.798864	0.5904648	0.682095	0.317905	2.004309
38562	-1016.407	-1228.156	211.7497	1.833942	0.6259189	0.385759	0.614241	1.456483
38568	-1020.994	-1232.769	211.7753	1.911918	0.3647805	0.626048	0.373952	1.702995
38574	-1016.38	-1228.108	211.728	2.083093	0.680569	0.57882	0.42118	1.214488
38580	-1009.152	-1220.365	211.2126	1.908709	0.8109121	0.608036	0.391964	1.623339
38586	-1017.793	-1230.037	212.2443	2.115774	0.4653114	0.350129	0.649871	1.011216
38592	-1045.048	-1255.774	210.7266	1.719992	0.6952988	0.394919	0.605081	2.179414
38598	-1031.194	-1242.848	211.654	1.8172	0.5343336	0.631993	0.368007	1.640399
38604	-1022.658	-1233.694	211.0359	1.845955	1.131703	0.637282	0.362718	1.55754
38610	-1014.879	-1226.247	211.3674	1.791776	0.595527	0.326725	0.673275	1.794968
38616	-1015.94	-1227.583	211.6428	2.017477	0.77488	0.482651	0.517349	1.241041
38622	-1025.415	-1236.718	211.3024	1.59683	0.5040554	0.541405	0.458595	2.066162
38628	-1025.072	-1236.719	211.6474	1.799852	0.4599058	0.541405	0.458595	1.745162
38634	-1022.01	-1231.902	209.8919	1.682745	1.204224	0.405185	0.594815	2.393767
38640	-1013.819	-1224.509	210.6895	1.837977	1.116275	0.450725	0.549275	1.819528
38646	-1021.093	-1233.105	212.012	1.924615	0.6043356	0.368888	0.631112	1.197497
38652	-1022.174	-1233.447	211.2733	2.10931	1.084677	0.374451	0.625549	1.197497
38658	-1028.006	-1239.467	211.4614	2.145881	1.084677	0.73598	0.26402	0.9900473
38664	-1025.471	-1237.413	211.9426	2.124253	0.7201912	0.44213	0.55787	0.9243272
38670	-1029.699	-1241.027	211.3271	2.090429	1.126254	0.455942	0.544058	1.133092
38676	-1009.743	-1221.425	211.6814	2.10739	0.7492049	0.45991	0.54009	1.157728
38682	-1035.49	-1246.316	210.8259	2.598475	1.676032	0.645067	0.354933	0.5821429
38688	-1032.402	-1243.214	210.8126	2.630212	1.634539	0.550532	0.449468	0.6121238
38694	-1036.305	-1247.349	211.0438	2.639386	1.335965	0.535762	0.464238	0.4623828
38700	-1022.324	-1233.482	211.1585	2.664322	1.171719	0.46279	0.53721	0.4697664
38706	-1034.007	-1245.118	211.1107	2.710282	1.171719	0.440971	0.559029	0.458255
38712	-1038.541	-1250.318	211.7767	1.977404	0.6253043	0.440473	0.559527	1.324001
38718	-1031.989	-1243.241	211.2516	1.873288	1.009452	0.328501	0.671499	1.462718
38724	-1024.21	-1235.348	211.1373	1.875802	1.009452	0.408279	0.591721	1.546465
38730	-1030.972	-1242.285	211.3133	2.324578	1.33529	0.40337	0.59663	0.6728478
38736	-1045.557	-1257.059	211.5021	2.324578	1.03287	0.623404	0.376596	0.7962059
38742	-1022.067	-1233.395	211.3285	1.907571	1.119668	0.487635	0.512365	1.292792
38748	-1019.422	-1231.475	212.0532	2.047532	0.704842	0.391447	0.608553	0.9087754
38754	-1021.227	-1232.883	211.6562	2.047532	0.9539548	0.500469	0.499531	1.022285
38760	-1014.492	-1225.619	211.1269	2.131042	1.131648	0.481756	0.518244	1.265839
38766	-1035.329	-1246.892	211.5625	2.153127	1.105349	0.452927	0.547073	0.84983
38772	-1029.882	-1241.707	211.825	2.175241	0.8869993	0.336839	0.663161	0.7642389
38778	-1040.078	-1251.767	211.6884	2.356749	0.9199671	0.403677	0.596323	0.6167801
38784	-1013.4	-1224.853	211.4525	2.544471	0.9822057	0.406169	0.593831	0.5625449
38790	-1022.782	-1234.22	211.4377	2.511535	1.010377	0.516147	0.483853	0.6247541
38796	-1016.973	-1228.61	211.6371	2.546001	0.8171766	0.573799	0.426201	0.5012957
38802	-1028.902	-1240.681	211.7795	2.402981	0.8171766	0.497183	0.502817	0.4822515
38808	-1021.754	-1233.269	211.5153	2.376614	1.056315	0.533774	0.466226	0.6534617
38814	-1028.239	-1239.994	211.7554	2.36588	0.8550858	0.533774	0.466226	0.6025083
38820	-1025.353	-1236.874	211.521	2.4747	0.9772577	0.375746	0.624254	0.5869977
38826	-1019.02	-1230.37	211.3499	2.359632	1.279043	0.460457	0.539543	0.6153889
38832	-1009.983	-1221.191	211.2079	2.510881	1.279043	0.566281	0.433719	0.5877724
38838	-1026.451	-1238.271	211.8202	2.510881	0.6942741	0.31532	0.68468	0.4594157
38844	-1024.788	-1236.253	211.4652	2.607533	0.913213	0.461504	0.538496	0.541832
38850	-1020.591	-1232.589	211.9973	2.354093	0.6397433	0.466018	0.533982	0.6877023
38856	-1027.241	-1239.105	211.8641	2.180041	0.8565767	0.371445	0.628555	0.7491122
38862	-1005.787	-1217.55	211.7629	2.204821	0.8949324	0.364682	0.635318	0.7973905
38868	-1003.292	-1215.157	211.8647	2.204821	0.8048226	0.388109	0.611891	0.7973905
38874	-1009.094	-1220.742	211.6472	2.204821	0.9612107	0.3321	0.6679	0.8551584
38880	-1000.163	-1211.871	211.7082	2.26612	0.9612107	0.468737	0.531263	0.677872
38886	-1003.998	-1215.785	211.7871	2.279444	0.8746599	0.323071	0.676929	0.677872
38892	-1010.127	-1221.953	211.8265	2.359673	0.7780281	0.451403	0.548597	0.6617382
38898	-1017.706	-1229.172	211.4661	2.363139	1.064306	0.451403	0.548597	0.7495127
38904	-1012.155	-1223.492	211.3365	2.306261	1.268014	0.449544	0.550456	0.7566477
38910	-1015.979	-1228.086	212.1074	2.191378	0.606229	0.554207	0.445793	0.8344743
38916	-1004.926	-1216.673	211.7474	2.170853	0.914157	0.528801	0.471199	0.8344743
38922	-1014.513	-1225.872	211.359	2.125038	1.174512	0.503485	0.496515	1.030868
38928	-1034.018	-1245.653	211.6349	2.08116	0.9337887	0.306291	0.693709	1.030868
38934	-1025.893	-1237.617	211.7243	2.223851	0.9337887	0.329831	0.670169	0.7669771
38940	-1012.657	-1224.396	211.7388	2.235249	0.9337887	0.594593	0.405407	0.7277571
38946	-1012.783	-1224.474	211.6907	2.409499	0.8813018	0.350011	0.649989	0.5757899
38952	-1009.093	-1220.267	211.174	2.329159	1.384825	0.40663	0.59337	0.8187175
38958	-1029.312	-1240.703	211.3903	2.256698	1.105344	0.532048	0.467952	0.9283215
38964	-1049.511	-1259.969	210.4583	2.719166	2.070373	0.299705	0.700295	0.5914965
38970	-1043.653	-1253.594	209.9407	2.799146	2.957851	0.398662	0.601338	0.5914965
38976	-1043.953	-1253.619	209.6657	3.105258	2.919062	0.338157	0.661843	0.5179614
38982	-1035.135	-1245.489	210.3542	3.105258	1.579856	0.355723	0.644277	0.3667843
38988	-1029.606	-1240.106	210.5003	2.945693	1.621777	0.491979	0.508021	0.3915306
38994	-1011.955	-1222.467	210.5121	2.837033	1.79369	0.455917	0.544083	0.4320121
39000	-1009.676	-1220.452	210.776	2.837033	1.41625	0.511566	0.488434	0.4320821
39006	-1012.631	-1223.766	211.1348	2.837033	0.964327	0.508852	0.491148	0.3572855
39012	-1015.342	-1226.13	210.7877	2.811047	1.411076	0.398253	0.601747	0.3901132
39018	-992.4019	-1203.033	210.631	2.843174	1.544622	0.398253	0.601747	0.3534601
39024	-1010.058	-1220.671	210.6139	2.843174	1.574747	0.554817	0.445183	0.3588486
39030	-996.5928	-1207.416	210.8228	2.949522	1.102415	0.622287	0.377713	0.2966771
39036	-998.1725	-1209.036	210.8633	2.806197	1.302334	0.651541	0.348459	0.3661384
39042	-1004.281	-1215.145	210.8639	2.78861	1.335545	0.546759	0.453241	0.3807078
39048	-998.0087	-1209.068	211.0589	2.78861	1.061027	0.488129	0.511871	0.3265453
39054	-1010.879	-1221.717	210.8387	2.836886	1.244123	0.395519	0.604481	0.3199549
39060	-1017.635	-1228.464	210.8292	2.836886	1.334451	0.439084	0.560916	0.4038341
39066	-1006.087	-1217.002	210.9156	2.836886	1.18562	0.570306	0.429694	0.3462354
39072	-997.5928	-1208.218	210.6253	2.891659	1.477435	0.674808	0.325192	0.3462354
39078	-1013.89	-1224.597	210.7072	2.891659	1.368043	0.336785	0.663215	0.3441652
39084	-1028.062	-1238.114	210.052	1.636972	0.5380247	0.574145	0.425855	2.795077
39090	-1013.454	-1223.85	210.3965	2.76108	2.130825	0.413855	0.586145	0.5188918
39096	-1012.688	-1222.957	210.2685	2.758488	2.36708	0.471844	0.528156	0.5509776
39102	-1020.595	-1230.79	210.1944	2.832527	2.36708	0.444566	0.555434	0.5509776
39108	-1027.999	-1238.689	210.6901	2.806829	1.517949	0.635448	0.364552	0.3577567
39114	-1020.106	-1229.057	208.9515	1.380244	0.5861159	0.420324	0.579676	3.55767
39120	-1029.377	-1240.189	210.8127	2.847266	1.328433	0.314666	0.685334	0.3834936
39126	-1017.217	-1228.194	210.9762	2.847266	1.131997	0.500817	0.499183	0.3761072
39132	-1026.09	-1236.486	210.3968	1.671835	0.6880947	0.218801	0.781199	2.426911
39138	-1017.084	-1227.148	210.0641	1.728207	0.6836978	0.308404	0.691596	2.603001
39144	-1025.046	-1235.888	210.8421	1.761477	0.6836978	0.647742	0.352258	2.086854
39150	-1036.024	-1247.711	211.6863	2.29479	0.7962929	0.528412	0.471588	0.9159158
39156	-1035.055	-1246.297	211.242	2.446344	1.15252	0.515583	0.484417	0.8303595
39162	-1013.917	-1225.242	211.3251	1.842496	0.604311	0.192299	0.807701	1.780321
39168	-1023.057	-1234.638	211.5806	1.595065	0.604311	0.579473	0.420527	1.77465
39174	-1017.531	-1229.572	212.0405	2.109382	0.7028514	0.606728	0.393272	0.8549769
39180	-1033.416	-1244.99	211.5743	2.27878	0.9361177	0.606728	0.393272	0.8846001
39186	-1034.831	-1246.547	211.7167	2.239727	0.7499076	0.428047	0.571953	1.000499
39192	-1022.499	-1234.002	211.503	1.844444	0.6982964	0.612265	0.387735	1.559788
39198	-1039.123	-1250.293	211.1697	1.913494	1.24169	0.303672	0.696328	1.329247
39204	-1053.458	-1263.983	210.5257	1.700899	0.3073733	0.621847	0.378153	2.731753
39210	-1051.789	-1263.381	211.5919	1.927115	0.494956	0.55461	0.44539	1.651903
39216	-1034.452	-1245.788	211.3367	1.927115	0.494956	0.510583	0.489417	1.830981
39222	-1021.068	-1231.898	210.8308	1.799216	0.421985	0.600884	0.399116	2.333191
39228	-1012.205	-1223.071	210.8662	1.935478	0.5038547	0.505875	0.494125	2.130424
39234	-1024.886	-1235.689	210.8033	1.675934	0.633457	0.454442	0.545558	2.212377
39240	-1009.829	-1220.092	210.2626	1.793518	0.6831511	0.526991	0.473009	2.438852
39246	-1005.382	-1216.732	211.35	1.633966	0.5552174	0.542888	0.457112	1.955648
39252	-1004.271	-1215.454	211.1832	1.633966	0.6716185	0.654376	0.345624	1.955648
39258	-1020.279	-1231.161	210.8817	1.481745	0.7559651	0.556239	0.443761	2.183429
39264	-1027.861	-1238.104	210.2428	1.655024	0.7559651	0.532676	0.467324	2.479917
39270	-1026.063	-1235.56	209.4971	1.501771	0.7185174	0.542247	0.457753	3.057542
39276	-1020.952	-1231.466	210.5138	1.536864	0.3588954	0.460463	0.539537	2.770692
39282	-1043.673	-1255.573	211.8994	2.111242	0.7731808	0.587689	0.412311	0.9137843
39288	-1040.522	-1252.369	211.8471	2.115662	0.7731808	0.419763	0.580237	0.9649858
39294	-1035.277	-1246.806	211.5284	2.051641	1.046554	0.523903	0.476097	1.052328
39300	-1016.315	-1228.218	211.9025	2.026574	0.6595275	0.396801	0.603199	1.136393
39306	-1006.16	-1218.103	211.9427	2.026574	0.6383033	0.492744	0.507256	1.126535
39312	-1010.489	-1222.341	211.8516	1.928979	0.6710022	0.492744	0.507256	1.250893
39318	-1014.066	-1225.836	211.7698	1.734795	0.467829	0.654445	0.345555	1.695066
39324	-1024.338	-1236.06	211.7222	1.795001	0.7016326	0.405441	0.594559	1.428934
39330	-1010.323	-1222.626	212.303	2.034149	0.4848702	0.407066	0.592934	1.000667
39336	-1023.221	-1235.013	211.792	2.149664	0.8503185	0.67451	0.32549	0.8900796
39342	-1039.462	-1251.488	212.026	2.239666	0.5071515	0.418964	0.581036	1.034523
39348	-1018.879	-1230.709	211.8295	2.239666	0.5489874	0.37946	0.62054	1.154177
39354	-1031.543	-1243.777	212.2341	1.964847	0.4547874	0.378702	0.621298	1.176828
39360	-1028.26	-1239.78	211.5199	2.24869	0.6937344	0.47041	0.52959	1.235697
39366	-1027.102	-1239.206	212.104	2.120734	0.6145671	0.394057	0.605943	0.9073432
39372	-1023.321	-1235.419	212.0983	2.398539	0.5412237	0.47423	0.52577	0.6869234
39378	-1021.732	-1233.497	211.7657	2.450357	0.7617311	0.47423	0.52577	0.6401085
39384	-1002.393	-1214.46	212.0673	2.078933	0.684958	0.403166	0.596834	0.8867958
39390	-1031.203	-1242.658	211.4552	2.007138	0.8941146	0.510421	0.489579	1.291702
39396	-1047.14	-1258.235	211.0946	2.004755	1.072754	0.722408	0.277592	1.435292
39402	-1020.803	-1232.467	211.6647	2.302668	0.9636388	0.560708	0.439292	0.6861641
39408	-1021.715	-1233.681	211.9657	2.288633	0.6944225	0.575617	0.424383	0.7275733
39414	-1013.948	-1225.72	211.772	2.357539	0.7946192	0.603486	0.396514	0.7275733
39420	-1018.198	-1229.922	211.7241	2.357539	0.8760009	0.286429	0.713571	0.6438614
39426	-1010.455	-1222.22	211.7652	2.340595	0.8698638	0.39243	0.60757	0.5994706
39432	-1008.146	-1219.875	211.7291	2.344379	0.8698638	0.510474	0.489526	0.674869
39438	-1032.38	-1244.046	211.6659	2.386129	0.8890215	0.464463	0.535537	0.675523
39444	-1012.982	-1224.331	211.3486	2.386129	1.130222	0.403635	0.596365	0.7963104
39450	-1027.723	-1239.333	211.6101	2.064772	1.130222	0.417669	0.582331	0.8711964
39456	-1025.854	-1237.808	211.9539	1.986968	0.633383	0.572055	0.427945	1.157872
39462	-1012.353	-1223.506	211.1532	2.051936	1.342199	0.38463	0.61537	1.157872
39468	-1008.926	-1220.694	211.7687	2.104234	0.7703519	0.391583	0.608417	1.057333
39474	-999.7744	-1210.614	210.8394	2.111824	1.712783	0.397209	0.602791	1.144346
39480	-1021.481	-1232.939	211.4578	2.077289	1.189706	0.439382	0.560618	0.9662586
39486	-1020.537	-1231.879	211.3425	2.18385	1.189706	0.439255	0.560745	0.9752598
39492	-1022.775	-1234.167	211.3929	2.275454	1.189706	0.491271	0.508729	0.8138261
39498	-1008.18	-1219.266	211.086	2.192161	1.527721	0.420818	0.579182	0.9539527
39504	-1011.054	-1222.613	211.5594	1.95411	0.918016	0.489804	0.510196	1.227993
39510	-1007.871	-1219.463	211.5921	2.002494	0.7861298	0.447479	0.552521	1.284205
39516	-1009.424	-1221.256	211.8321	1.857302	0.7861298	0.600553	0.399447	1.204929
39522	-998.2362	-1209.131	210.8952	1.841955	1.186978	0.710924	0.289076	1.626978
39528	-1000.829	-1211.735	210.9054	1.831707	1.186978	0.528987	0.471013	1.626978
39534	-994.8853	-1206.452	211.5665	1.831707	0.5946619	0.460302	0.539698	1.626978
39540	-997.7233	-1209.041	211.3178	1.882979	0.874361	0.621921	0.378079	1.512052
39546	-1017.823	-1229.394	211.5712	1.909792	0.799459	0.295542	0.704458	1.362756
39552	-1005.666	-1217.2	211.534	2.07025	0.9416146	0.514508	0.485492	1.127446
39558	-1027.221	-1238.746	211.5249	2.07025	1.070074	0.395244	0.604756	1.015897
39564	-1021.453	-1233.446	211.9929	1.916129	0.2268693	0.418055	0.581945	1.776806
39570	-1027.545	-1238.776	211.2303	2.09128	0.4695331	0.547743	0.452257	1.820851
39576	-1028.788	-1239.947	211.1584	1.793995	0.4746436	0.547743	0.452257	2.063642
39582	-1029.796	-1240.757	210.9617	1.605463	0.3425977	0.519451	0.480549	2.472654
39588	-1006.788	-1217.21	210.4225	1.703149	0.4051872	0.281252	0.718748	2.668335
39594	-1018.402	-1228.24	209.8385	1.548101	0.5207326	0.470417	0.529583	2.994465
39600	-1018.303	-1229.007	210.7036	1.705007	0.2843038	0.617722	0.382278	2.653306
39606	-1023.788	-1234.645	210.8574	1.84885	0.3533921	0.385661	0.614339	2.370635
39612	-1026.927	-1235.995	209.0673	1.690647	0.5352164	0.390311	0.609689	3.353952
39618	-1026.365	-1235.132	208.7672	1.690647	0.3497407	0.494252	0.505748	3.724589
39624	-1023.509	-1233.196	209.6868	1.676761	0.5797768	0.544713	0.455287	2.953421
39630	-1035.722	-1245.886	210.1642	1.664608	0.3129979	0.590927	0.409073	2.965273
39636	-1033.376	-1244.407	211.0316	1.540469	0.4064058	0.678806	0.321194	2.38857
39642	-1028.794	-1239.198	210.4037	1.784591	0.4064058	0.45717	0.54283	2.628283
39648	-1021.383	-1231.374	209.9906	1.568933	0.4780834	0.57041	0.42959	2.932899
39654	-1029.715	-1239.598	209.8834	1.789585	0.414693	0.741738	0.258262	2.932899
39660	-1023.782	-1234.501	210.719	1.682342	0.367468	0.712685	0.287315	2.543774
39666	-1026.822	-1237.42	210.5987	1.772737	0.6125471	0.314008	0.685992	2.300623
39672	-1038.975	-1249.907	210.9321	1.7927	0.8042841	0.533718	0.466282	1.90571
39678	-1039.311	-1250.582	211.2703	1.972408	0.4867069	0.563666	0.436334	1.854901
39684	-1025.895	-1237.142	211.2466	1.762803	0.4564862	0.479596	0.520404	2.046834
39690	-1027.061	-1237.623	210.5617	1.807202	0.4819604	0.516215	0.483785	2.43112
39696	-1030.778	-1242.259	211.481	1.876239	0.3247811	0.597491	0.402509	1.987922
39702	-1025.823	-1236.858	211.0354	1.867735	0.5978966	0.455121	0.544879	1.967027
39708	-1033.034	-1244.273	211.2385	1.882441	0.4663626	0.53254	0.46746	1.961018
39714	-1038.825	-1249.444	210.6184	1.761151	0.8607392	0.58188	0.41812	2.092741
39720	-1023.539	-1235.074	211.5356	1.80333	0.4218811	0.413859	0.586141	1.867554
39726	-1027.923	-1239.822	211.8991	2.051358	0.5104373	0.424433	0.575567	1.30597
39732	-1025.383	-1236.774	211.3911	2.051358	0.6960511	0.582379	0.417621	1.491297
39738	-1023.018	-1234.258	211.2402	2.139158	0.6960511	0.571301	0.428699	1.538378
39744	-1017.905	-1228.827	210.9216	1.7789	1.10524	0.313074	0.686926	1.705882
39750	-1011.85	-1222.939	211.0893	2.002915	0.8085629	0.374989	0.625011	1.646345
39756	-1025.712	-1237.335	211.6224	2.002915	0.8806053	0.497723	0.502277	1.166741
39762	-1025.905	-1236.902	210.9975	1.806122	0.6834864	0.608778	0.391222	1.954107
39768	-1024.58	-1234.461	209.8816	1.742345	1.27411	0.273618	0.726382	2.324791
39774	-1016.03	-1227.127	211.0967	1.690689	0.7277603	0.368285	0.631715	1.926444
39780	-1010.51	-1221.773	211.263	2.029356	0.8363307	0.419952	0.580048	1.475354
39786	-1003.451	-1215.164	211.7125	2.005152	0.8716346	0.432915	0.567085	1.092744
39792	-999.6373	-1211.738	212.1003	2.058766	0.736586	0.432915	0.567085	0.7881984
39798	-1011.97	-1223.852	211.8818	2.201975	0.8235003	0.484987	0.515013	0.7461952
39804	-1006.577	-1218.666	212.0889	2.253732	0.6518276	0.446951	0.553049	0.6726794
39810	-1004.374	-1216.058	211.6831	2.44912	0.8510637	0.56562	0.43438	0.5817226
39816	-1024.15	-1235.526	211.3763	2.545219	1.066335	0.515148	0.484852	0.5057795
39822	-1004.552	-1216.093	211.5407	2.584196	0.8642538	0.479267	0.520733	0.4534234
39828	-1030.664	-1241.989	211.3251	2.60515	1.052735	0.408557	0.591443	0.4549153
39834	-1020.696	-1232.095	211.3985	2.592085	0.986639	0.404213	0.595787	0.4354743
39840	-1026.418	-1237.447	211.0296	2.71766	1.250663	0.357307	0.642693	0.4354743
39846	-1028.186	-1239.459	211.273	2.71766	0.976723	0.463999	0.536001	0.4085442
39852	-1013.221	-1224.625	211.404	2.71766	0.8492443	0.357405	0.642595	0.3968942
39858	-1012.878	-1224.22	211.3422	2.69203	0.9293121	0.441447	0.558553	0.3968942
39864	-1022.574	-1234.09	211.5164	2.44041	1.019551	0.590844	0.409156	0.5744921
39870	-1014.927	-1226.906	211.9785	2.44041	0.6074928	0.527996	0.472004	0.6437536
39876	-1005.376	-1217.589	212.2131	2.494415	0.4481983	0.604374	0.395626	0.480395
39882	-1000.259	-1211.603	211.3444	2.750714	0.8906533	0.425209	0.574791	0.4500927
39888	-1023.036	-1234.23	211.1945	2.750714	1.028706	0.432057	0.567943	0.4246113
39894	-1031.86	-1243.038	211.1779	2.487039	1.280846	0.463057	0.536943	0.704617
39900	-1037.344	-1248.751	211.4072	2.409165	1.024263	0.46063	0.53937	0.8207906
39906	-1026.331	-1237.591	211.2601	2.409165	1.21033	0.423493	0.576507	0.7885969
39912	-1011.08	-1222.573	211.4939	2.466913	1.001454	0.424579	0.575421	0.6178886
39918	-1005.858	-1217.318	211.4594	2.511957	1.001454	0.389171	0.610829	0.5866861
39924	-1013.315	-1224.895	211.58	2.511957	0.8860353	0.389171	0.610829	0.5866861
39930	-1018.084	-1229.672	211.588	2.436807	0.8860353	0.562572	0.437428	0.7285068
39936	-1025.054	-1236.413	211.3589	2.390808	1.138844	0.445559	0.554441	0.7645718
39942	-1002.402	-1213.726	211.3239	2.421122	1.138844	0.599204	0.400796	0.7712847
39948	-1014.712	-1226.479	211.7668	2.424732	0.734727	0.365513	0.634487	0.744891
39954	-1019.14	-1230.692	211.552	2.780991	0.6743706	0.566194	0.433806	0.391019
39960	-1036.251	-1248.415	212.1638	2.140707	0.6179272	0.62349	0.37651	0.8055442
39966	-1023.681	-1235.644	211.9629	2.037005	0.7212874	0.527865	0.472135	0.9929109
39972	-1011.609	-1223.47	211.8607	2.119846	0.835585	0.551927	0.448073	0.8643942
39978	-1011.956	-1223.956	211.9998	2.119846	0.6217809	0.448877	0.551123	1.006736
39984	-1002.792	-1213.974	211.1815	1.983423	1.038523	0.411158	0.588842	1.410114
39990	-1010.757	-1221.993	211.2358	1.918868	0.7876573	0.378333	0.621667	1.619146
39996	-1018.243	-1230.256	212.013	1.833237	0.4991272	0.444182	0.555818	1.403239
40002	-1033.498	-1245.371	211.8732	1.972171	0.6648313	0.602116	0.397884	1.203263
40008	-1022.158	-1233.777	211.6189	2.072992	0.9210733	0.445689	0.554311	1.066829
40014	-1023.94	-1235.456	211.5159	2.072992	1.038509	0.534601	0.465399	1.051349
40020	-1024.14	-1236.053	211.9129	1.839258	0.5656579	0.520323	0.479677	1.394526
40026	-1021.121	-1232.672	211.551	1.767563	0.805666	0.511105	0.488895	1.482419
40032	-1014.772	-1225.087	210.3152	1.738499	0.9941356	0.366757	0.633243	2.212963
40038	-1023.008	-1233.294	210.2858	1.808644	0.9542221	0.396154	0.603846	2.212963
40044	-1029.987	-1241.281	211.2938	1.751603	0.7403981	0.661756	0.338244	1.738027
40050	-1023.924	-1235.429	211.5044	2.231976	0.7831545	0.442439	0.557561	1.167416
40056	-1022.449	-1234.069	211.6198	2.329648	0.7804582	0.364997	0.635003	0.9697266
40062	-1019.992	-1231.23	211.2381	2.329648	1.299529	0.464565	0.535435	0.8233815
40068	-1020.973	-1232.653	211.6798	2.08138	0.7914677	0.484016	0.515984	1.136714
40074	-1020.628	-1232.319	211.6904	2.34543	0.6068472	0.599206	0.400794	1.10657
40080	-1008.1	-1219.245	211.1449	1.894902	0.5593648	0.594043	0.405957	1.91373
40086	-1002.439	-1213.374	210.9345	1.911978	0.4737921	0.624239	0.375761	2.134135
40092	-1006.216	-1216.766	210.5501	1.94403	0.9915851	0.423017	0.576983	1.924108
40098	-1018.513	-1229.79	211.2778	1.89197	0.5789949	0.423017	0.576983	1.804586
40104	-1015.732	-1226.753	211.0208	1.740198	0.4617156	0.423017	0.576983	2.203253
40110	-1013.002	-1223.132	210.1305	1.822636	0.7726794	0.597108	0.402892	2.432373
40116	-1026.842	-1237.82	210.9778	1.923445	0.683145	0.437052	0.562948	1.888437
40122	-1013.688	-1225.032	211.3434	1.98335	0.6699003	0.560648	0.439352	1.602371
40128	-1026.706	-1238.357	211.6509	1.905035	0.514282	0.370617	0.629383	1.602371
40134	-1011.974	-1222.753	210.7788	1.914846	1.132858	0.521205	0.478795	1.692749
40140	-1020.747	-1232.037	211.2901	1.9649	1.145646	0.404025	0.595975	1.257775
40146	-1044.723	-1255.843	211.12	2.028088	1.158192	0.465609	0.534391	1.335572
40152	-1028.943	-1240.434	211.4903	2.266436	0.6630208	0.300244	0.699756	1.279511
40158	-1032.417	-1243.44	211.0227	1.903673	1.219198	0.384088	0.615912	1.466386
40164	-1022.712	-1234.111	211.3984	2.01941	0.5664035	0.514603	0.485397	1.64313
40170	-1018.702	-1230.302	211.6007	2.214258	0.7682486	0.521955	0.478045	1.113459
40176	-1001.955	-1212.497	210.5424	1.716419	0.6073345	0.466203	0.533797	2.377036
40182	-1022.47	-1234.047	211.5767	2.087694	0.9552728	0.32476	0.67524	1.058851
40188	-1029.142	-1241.069	211.9277	2.114735	0.6444828	0.560695	0.439305	1.050971
40194	-1028.473	-1240.394	211.9206	2.238431	0.7477518	0.382297	0.617703	0.7688732
40200	-1024.54	-1235.763	211.2232	2.571202	1.190523	0.664916	0.335084	0.421642
40206	-1013.085	-1224.19	211.1054	2.728148	1.151912	0.664916	0.335084	0.4365556
40212	-1007.33	-1218.401	211.0716	2.745681	1.160963	0.481507	0.518493	0.4134092
40218	-1004.765	-1215.994	211.2288	2.710838	1.039281	0.563273	0.436727	0.4394352
40224	-1016.446	-1227.622	211.1758	2.769828	1.039281	0.223122	0.776878	0.4691186
40230	-1031.75	-1242.992	211.2419	2.615442	1.098214	0.1801	0.8199	0.642289
40236	-1029.021	-1240.379	211.3582	2.629181	0.9854263	0.472964	0.527036	0.5868548
40242	-1020.603	-1232.069	211.4662	2.620854	0.9027387	0.442535	0.557465	0.4894135
40248	-1019.528	-1230.996	211.4685	2.620854	0.8964275	0.442535	0.557465	0.5506319
40254	-1023.406	-1234.953	211.5469	2.620854	0.8304184	0.465527	0.534473	0.4943172
40260	-1014.79	-1226.156	211.3661	2.584025	1.03659	0.451305	0.548695	0.4943172
40266	-1009.301	-1220.914	211.6129	2.44256	0.9130234	0.393266	0.606734	0.6090617
40272	-1005.975	-1217.709	211.7345	2.36859	0.8272835	0.472545	0.527455	0.7082967
40278	-1009.633	-1221.591	211.9588	2.217714	0.7723718	0.547019	0.452981	0.6932696
40284	-1010.699	-1221.972	211.2735	2.351918	1.288839	0.547019	0.452981	0.7567248
40290	-1031.173	-1242.513	211.3406	2.359783	1.288839	0.433603	0.566397	0.6181005
40296	-1025.778	-1237.586	211.8083	2.517569	0.6981566	0.448383	0.551617	0.5434618
40302	-1028.006	-1239.819	211.8128	2.467001	0.73698	0.359904	0.640096	0.5064327
40308	-1012.134	-1223.375	211.2403	2.467001	1.286991	0.602279	0.397721	0.6030523
40314	-1016.206	-1227.936	211.7301	2.613106	0.6876271	0.517744	0.482256	0.4928628
40320	-1045.582	-1257.201	211.6184	2.124718	0.2390321	0.337519	0.662481	1.868248
40326	-1044.894	-1256.803	211.9096	2.124718	0.2606697	0.431815	0.568185	1.624397
40332	-1044.744	-1256.183	211.4393	2.094076	0.365905	0.498944	0.501056	1.808927
40338	-1030.162	-1241.287	211.1246	2.094076	0.3575551	0.508788	0.491212	2.033342
40344	-1032.484	-1243.325	210.8408	1.844133	0.3395619	0.442682	0.557318	2.40268
40350	-1034.981	-1245.568	210.5869	1.95472	0.4106814	0.405314	0.594686	2.40268
40356	-1028.318	-1239.255	210.9369	1.63265	0.6302281	0.469735	0.530265	2.156795
40362	-1028.501	-1240.071	211.5697	1.787797	0.2891072	0.273352	0.726648	2.04224
40368	-1023.291	-1234.66	211.3695	1.770418	0.3304183	0.273352	0.726648	2.123299
40374	-1031.965	-1242.599	210.6343	1.958954	0.4521	0.279756	0.720244	2.321777
40380	-1040.707	-1252.077	211.37	1.807793	0.3689761	0.577391	0.422609	2.044902
40386	-1017.161	-1228.822	211.6613	1.902219	0.4086445	0.448504	0.551496	1.729227
40392	-1024.237	-1236.06	211.8233	1.942847	0.4541982	0.615876	0.384124	1.522516
40398	-1013.947	-1224.975	211.028	1.942847	1.211581	0.411408	0.588592	1.43747
40404	-1016.327	-1227.531	211.2048	1.919279	0.9546697	0.473196	0.526804	1.505192
40410	-1029.843	-1241.974	212.1318	1.919279	0.6418172	0.439085	0.560915	1.046199
40416	-1027.214	-1238.704	211.4892	2.038952	1.108175	0.546932	0.453068	1.046199
40422	-1015.193	-1226.39	211.197	1.999026	1.108175	0.384637	0.615363	1.333623
40428	-1017.541	-1228.007	210.4653	2.242155	1.68683	0.384637	0.615363	1.361911
40434	-1012.004	-1223.356	211.3521	2.01352	0.7182703	0.434826	0.565174	1.527244
40440	-1010.669	-1222.527	211.8586	2.153794	0.4167696	0.397299	0.602701	1.386709
40446	-1008.341	-1220.066	211.7245	1.866394	0.3218006	0.553969	0.446031	1.83415
40452	-1003.548	-1215.445	211.8974	2.344009	0.482098	0.489765	0.510235	1.096667
40458	-1011.844	-1223.028	211.1835	2.138415	0.9813564	0.512466	0.487534	1.331161
40464	-1018.906	-1229.935	211.0283	1.729979	0.8681372	0.512466	0.487534	1.833004
40470	-1038.565	-1249.739	211.1744	2.074889	0.5435345	0.27797	0.72203	1.786959
40476	-1022.89	-1234.305	211.4145	2.091259	0.8742136	0.542029	0.457971	1.274037
40482	-1026.682	-1238.2	211.5184	1.985748	0.7397706	0.453257	0.546743	1.401423
40488	-1023.174	-1234.097	210.9231	1.985538	1.342636	0.643128	0.356872	1.401423
40494	-1015.102	-1226.354	211.2518	1.926372	0.713553	0.388055	0.611945	1.668081
40500	-1015.571	-1226.949	211.3784	1.930218	0.713553	0.428558	0.571442	1.573816
40506	-1020.756	-1231.639	210.8829	1.755817	0.5753632	0.50498	0.49502	2.163509
40512	-1010.434	-1221.786	211.3518	1.817251	0.7945664	0.480154	0.519846	1.60274
40518	-1011.295	-1222.528	211.2326	1.931044	0.8113163	0.420465	0.579535	1.592333
40524	-1022.249	-1233.688	211.4383	2.086899	0.6764769	0.627487	0.372513	1.448178
40530	-1014.83	-1225.371	210.5413	1.69575	0.6255257	0.471326	0.528674	2.374372
40536	-1019.888	-1230.272	210.3842	1.807048	0.7122655	0.471326	0.528674	2.329345
40542	-1009.364	-1220.5	211.1367	1.669693	0.7249312	0.523099	0.476901	1.916039
40548	-1014.279	-1225.079	210.7998	1.789307	0.8604201	0.400956	0.599044	1.953844
40554	-1023.896	-1235.598	211.7013	1.761762	0.6624893	0.624396	0.375604	1.509261
40560	-1031.699	-1241.254	209.555	1.70991	0.7151285	0.692594	0.307406	2.900322
40566	-1044.443	-1255.854	211.411	1.692085	0.4893263	0.550111	0.449889	1.946698
40572	-1034.737	-1245.831	211.0943	1.890324	0.5004216	0.230378	0.769622	2.013579
40578	-1027.281	-1238.721	211.4398	1.993977	0.4763567	0.487456	0.512544	1.734673
40584	-1028.514	-1240.079	211.5649	1.945853	0.4759615	0.393601	0.606399	1.680704
40590	-1047.069	-1258.539	211.4704	2.072589	0.5009016	0.548482	0.451518	1.627565
40596	-1025.682	-1237.032	211.3503	1.974473	0.5009016	0.361437	0.638563	1.781988
40602	-1016.31	-1227.858	211.5483	1.921346	0.5730916	0.361437	0.638563	1.598356
40608	-1020.709	-1232.472	211.7635	2.145591	0.3941951	0.444085	0.555915	1.498821
40614	-1011.021	-1222.588	211.567	1.971451	0.5759279	0.533726	0.466274	1.544805
40620	-1014.283	-1225.938	211.6554	2.103414	0.4331067	0.377454	0.622546	1.556007
40626	-1020.597	-1232.821	212.2232	2.118326	0.2400339	0.342634	0.657366	1.436171
40632	-1014.967	-1227.021	212.0541	2.175226	0.3590335	0.342634	0.657366	1.304566
40638	-1002.398	-1213.65	211.2527	2.182249	0.6133036	0.491097	0.508903	1.580687
40644	-1010.824	-1222.298	211.4735	2.215735	0.6158289	0.52355	0.47645	1.386066
40650	-1008.139	-1220.091	211.9524	2.158109	0.3601776	0.469327	0.530673	1.397064
40656	-1007.939	-1219.862	211.923	1.920569	0.3471486	0.507825	0.492175	1.617399
40662	-1001.447	-1213.137	211.6899	2.11565	0.4900303	0.513612	0.486388	1.446331
40668	-1014.142	-1225.604	211.4615	2.11565	0.3357549	0.573361	0.426639	1.822493
40674	-1018.591	-1230.585	211.9934	1.906408	0.243949	0.573361	0.426639	1.750889
40680	-1010.586	-1222.213	211.6275	1.810524	0.2975784	0.727249	0.272751	1.975288
40686	-999.0129	-1210.289	211.2758	1.951701	0.3724016	0.517318	0.482682	2.007237
40692	-1002.832	-1214.315	211.4833	1.857923	0.5563003	0.555231	0.444769	1.708679
40698	-1003.025	-1214.437	211.4124	1.849033	0.564715	0.264095	0.735905	1.7558
40704	-1006.52	-1218.002	211.4817	1.84542	0.3130918	0.78059	0.21941	2.025389
40710	-1004.375	-1215.676	211.3008	1.84542	0.4269724	0.459623	0.540377	1.991235
40716	-1018.641	-1230.014	211.3728	1.877807	0.6232453	0.459623	0.540377	1.703052
40722	-1025.987	-1237.293	211.3059	1.945444	0.4567603	0.514327	0.485673	1.884226
40728	-1010.801	-1221.826	211.0256	1.945444	0.6778305	0.445523	0.554477	1.845581
40734	-1015.311	-1226.817	211.5058	1.938801	0.4527355	0.576913	0.423087	1.755897
40740	-1022.697	-1234.308	211.6115	2.032643	0.7536125	0.549942	0.450058	1.27596
40746	-1021.012	-1232.838	211.8251	1.974922	0.6346603	0.532334	0.467666	1.27596
40752	-1022.521	-1234.341	211.8201	1.941866	0.4175609	0.481005	0.518995	1.574774
40758	-1032.318	-1243.843	211.5249	1.829061	0.6210289	0.461929	0.538071	1.631499
40764	-1030.23	-1240.91	210.6801	1.84278	0.8143361	0.535033	0.464967	2.033152
40770	-1028.047	-1238.357	210.3104	1.859664	1.112109	0.492062	0.507938	2.062894
40776	-1018.597	-1229.926	211.3293	2.161529	0.7271123	0.350477	0.649523	1.424037
40782	-1016	-1227.279	211.2798	2.018558	0.559048	0.671381	0.328619	1.735954
40788	-1012.688	-1224.48	211.7924	1.863094	0.4842847	0.620788	0.379212	1.565879
40794	-1017.809	-1229.161	211.3511	1.974277	0.5751179	0.676744	0.323256	1.699714
40800	-1016.718	-1227.57	210.8515	1.913893	0.6926245	0.588961	0.411039	1.971678
40806	-1013.908	-1224.649	210.7412	1.850957	0.916913	0.537994	0.462006	1.910151
40812	-1010.336	-1221.031	210.6951	1.813123	0.4326561	0.337999	0.662001	2.397931
40818	-1017.422	-1228.374	210.9519	1.733729	0.4326561	0.407728	0.592272	2.285142
40824	-1026.597	-1236.522	209.9251	1.692884	0.6831879	0.424831	0.575169	2.710751
40830	-1021.128	-1231.519	210.3905	1.929555	0.5132082	0.699885	0.300115	2.429177
40836	-1005.147	-1215.782	210.6345	1.800602	0.8188388	0.451802	0.548198	2.087652
40842	-1019.523	-1230.108	210.5851	2.077721	1.011538	0.45928	0.54072	1.795069
40848	-1009.35	-1220.306	210.9556	2.039543	0.7476657	0.603005	0.396995	1.766876
40854	-1013.527	-1225.192	211.6647	2.093382	0.7476657	0.603005	0.396995	1.186164
40860	-1010.249	-1221.734	211.4848	2.001451	0.5943949	0.556341	0.443659	1.563161
40866	-1007.874	-1218.922	211.0474	1.942753	0.8951576	0.284041	0.715959	1.649483
40872	-1012.646	-1223.905	211.2588	1.942753	0.5637815	0.341468	0.658532	1.798411
40878	-1015.078	-1226.71	211.6316	2.360187	0.8171527	0.494197	0.505803	0.8761271
40884	-1002.741	-1214.444	211.7024	2.291969	0.5195599	0.549928	0.450072	1.257847
40890	-1016.07	-1227.895	211.8255	2.142852	0.5359042	0.524009	0.475991	1.257847
40896	-996.8735	-1208.585	211.7118	2.063485	0.6687111	0.488332	0.511668	1.257847
40902	-1010.824	-1222.296	211.4719	2.053827	0.8358338	0.435641	0.564359	1.29301
40908	-1002.272	-1214.107	211.8349	2.072907	0.8239957	0.435278	0.564722	0.9596806
40914	-1001.336	-1212.96	211.6238	2.136274	0.9370837	0.528488	0.471512	0.9837416
40920	-993.3442	-1205.167	211.8228	2.161565	0.7902382	0.419545	0.580455	0.9201626
40926	-1009.492	-1221.334	211.8416	2.147964	0.7902382	0.377361	0.622639	0.9144584
40932	-1022.587	-1234.237	211.6498	2.041039	0.9150778	0.403847	0.596153	1.073778
40938	-1012.788	-1224.59	211.8021	2.03915	0.5689388	0.512967	0.487033	1.320062
40944	-1019.627	-1231.412	211.7845	2.03915	0.5123621	0.505967	0.494033	1.403935
40950	-1028.642	-1240.331	211.6883	2.138195	0.5034961	0.31651	0.68349	1.412962
40956	-1028.841	-1240.387	211.5457	2.161147	0.5637482	0.290962	0.709038	1.431808
40962	-1010.878	-1222.553	211.6748	1.943132	0.4835558	0.455618	0.544382	1.594285
40968	-1027.061	-1238.502	211.4417	2.07087	0.5280287	0.678665	0.321335	1.61781
40974	-1035.664	-1247.431	211.7671	1.945031	0.3847016	0.577167	0.422833	1.656691
40980	-1037.225	-1248.239	211.0133	1.937252	0.7280426	0.675179	0.324821	1.814883
40986	-1032.961	-1244.784	211.8233	1.937252	0.4620266	0.416684	0.583316	1.516435
40992	-1017.973	-1229.283	211.3099	1.900202	0.4367779	0.460261	0.539739	1.93635
40998	-1024.585	-1235.425	210.839	1.71771	0.5023674	0.42803	0.57197	2.290275
41004	-1028.356	-1239.291	210.9348	1.97497	0.5281743	0.486837	0.513163	2.033395
41010	-1030.336	-1241.901	211.5652	1.911822	0.3986943	0.547415	0.452585	1.802852
41016	-1021.4	-1232.918	211.518	2.051398	0.3384083	0.405886	0.594114	1.823896
41022	-1033.846	-1244.487	210.6412	1.657565	0.3966873	0.429401	0.570599	2.571431
41028	-1029.612	-1240.261	210.6489	1.826096	0.3450447	0.445469	0.554531	2.527046
41034	-1026.247	-1237.435	211.188	1.668475	0.4878943	0.425411	0.574589	2.111899
41040	-1020.985	-1231.203	210.2184	1.685988	0.5529762	0.431925	0.568075	2.648912
41046	-1034.521	-1245.05	210.5289	1.591253	0.4601317	0.46398	0.53602	2.609729
41052	-1033.583	-1244.913	211.3299	1.78368	0.5318225	0.345273	0.654727	1.892752
41058	-1018.685	-1230.202	211.5171	1.823707	0.4383919	0.381708	0.618292	1.845541
41064	-1018.447	-1229.606	211.1597	1.936451	0.5885194	0.423693	0.576307	1.845541
41070	-1021.055	-1232.441	211.3852	1.8946	0.4627644	0.567712	0.432288	1.857634
41076	-1039.115	-1250.532	211.4171	1.974917	0.5290321	0.344815	0.655185	1.702871
41082	-1032.151	-1243.995	211.8445	1.99405	0.4815981	0.490437	0.509563	1.431894
41088	-1007.541	-1219.239	211.6986	2.054605	0.6431959	0.506556	0.493444	1.304493
41094	-1020.432	-1232.03	211.5978	1.952354	0.7344786	0.436958	0.563042	1.370648
41100	-1035.675	-1246.408	210.7333	1.888482	0.9838783	0.436958	0.563042	1.842522
41106	-1014.921	-1225.926	211.0044	1.814169	0.3893555	0.436958	0.563042	2.252467
41112	-1018.991	-1229.988	210.9963	2.027011	0.6173603	0.499534	0.500466	1.866761
41118	-1012.495	-1223.139	210.6435	1.83618	0.4658947	0.522886	0.477114	2.378575
41124	-1019.103	-1230.413	211.3101	1.961039	0.4403293	0.499326	0.500674	1.890709
41130	-1022.621	-1234.243	211.6218	1.816943	0.3259887	0.559127	0.440873	1.931361
41136	-1013.058	-1223.901	210.8432	1.760869	0.5087973	0.726686	0.273314	2.253196
41142	-1017.415	-1228.515	211.1005	1.819201	0.5472811	0.22992	0.77008	2.006842
41148	-1014.514	-1226.289	211.7749	1.86127	0.4690845	0.613918	0.386082	1.59901
41154	-1012.503	-1224.006	211.503	1.874848	0.5598967	0.493054	0.506946	1.67885
41160	-1021.002	-1232.527	211.5251	1.874039	0.6896719	0.455824	0.544176	1.529879
41166	-995.1484	-1206.805	211.6562	2.111814	0.3637242	0.451618	0.548382	1.646947
41172	-1013.666	-1225.401	211.735	2.240603	0.5540024	0.303267	0.696733	1.228192
41178	-1004.586	-1216.391	211.8048	2.24482	0.4491116	0.308116	0.691884	1.310194
41184	-1002.54	-1214.474	211.9345	2.017767	0.5061085	0.61987	0.38013	1.310194
41190	-1000.467	-1211.671	211.2037	1.707516	0.7560823	0.516788	0.483212	1.817873
41196	-990.6588	-1202.067	211.408	1.753766	0.7380732	0.516788	0.483212	1.65761
41202	-1003.615	-1214.806	211.1919	1.640646	0.7111879	0.59821	0.40179	1.910236
41208	-1021.734	-1232.434	210.6998	1.793637	0.4178738	0.647011	0.352989	2.424518
41214	-1021.878	-1233.277	211.399	1.89997	0.6393824	0.576748	0.423252	1.652526
41220	-1014.853	-1226.186	211.333	1.959345	1.010355	0.588809	0.411191	1.33158
41226	-1005.733	-1217.276	211.5438	1.943797	0.6778597	0.421729	0.578271	1.47532
41232	-1013.163	-1224.878	211.7153	1.780099	0.6240921	0.576829	0.423171	1.524794
41238	-1012.262	-1223.898	211.6366	1.858765	0.6240921	0.426185	0.573815	1.524794
41244	-1010.372	-1222.705	212.3326	2.158931	0.3956323	0.329612	0.670388	1.007686
41250	-1010.769	-1222.298	211.5281	2.344174	0.9244381	0.278229	0.721771	0.8766335
41256	-1020.102	-1231.611	211.5095	2.397258	1.007155	0.481453	0.518547	0.7150553
41262	-1016.936	-1228.19	211.2536	2.679544	1.054087	0.487039	0.512961	0.4919682
41268	-1021.033	-1232.341	211.3077	2.582878	1.054087	0.362519	0.637481	0.6607019
41274	-1041.685	-1252.869	211.1841	2.582878	1.149559	0.475117	0.524883	0.7234799
41280	-1020.651	-1232.7	212.0492	2.258234	0.6553234	0.456401	0.543599	0.7261968
41286	-1020.564	-1232.179	211.6151	2.242383	0.8399926	0.456401	0.543599	0.9924481
41292	-1007.551	-1219.112	211.5613	2.266628	0.9445937	0.642901	0.357099	0.9030943
41298	-1013.162	-1224.236	211.0736	2.440402	1.278664	0.630708	0.369292	0.9075546
41304	-998.3108	-1209.691	211.3797	2.254818	0.8275677	0.424993	0.575007	1.210291
41310	-1002.499	-1214.283	211.7845	2.184254	0.8275677	0.49885	0.50115	0.888784
41316	-1004.174	-1215.343	211.1692	2.601091	1.229463	0.606275	0.393725	0.5467007
41322	-1016.726	-1227.733	211.0062	2.768046	1.229463	0.524755	0.475245	0.507399
41328	-1017.174	-1228.69	211.5161	2.575663	0.8858298	0.475313	0.524687	0.4212533
41334	-1021.59	-1233.116	211.5258	2.575663	0.8804806	0.608734	0.391266	0.4322759
41340	-1007.81	-1218.934	211.1235	2.695631	1.166658	0.534317	0.465683	0.4322759
41346	-1006.914	-1217.964	211.0504	2.740681	1.188767	0.656363	0.343637	0.4097876
41352	-1011.713	-1222.627	210.9139	2.740681	1.348858	0.303535	0.696465	0.4038249
41358	-1020.806	-1231.723	210.917	2.740681	1.314122	0.594564	0.405436	0.3630827
41364	-1009.106	-1220.265	211.1587	2.740681	1.028807	0.38207	0.61793	0.3479912
41370	-1022.306	-1233.47	211.1648	2.870949	0.886243	0.259465	0.740535	0.3360309
41376	-1014.345	-1224.783	210.4378	2.870949	1.862558	0.383466	0.616534	0.442361
41382	-1019.174	-1230.353	211.1789	2.69871	1.103921	0.618574	0.381426	0.4372583
41388	-1000.173	-1211.418	211.2449	2.69871	1.034542	0.543421	0.456579	0.4372583
41394	-1013.53	-1224.706	211.176	2.738794	1.064423	0.262886	0.737114	0.4372583
41400	-1020.275	-1231.047	210.772	2.904791	1.267175	0.46949	0.53051	0.3399425
41406	-1021.988	-1232.601	210.6129	2.875131	1.508974	0.46949	0.53051	0.3399425
41412	-1026.643	-1237.641	210.9987	2.708795	1.286398	0.46949	0.53051	0.4086486
41418	-1044.044	-1254.96	210.9158	2.708795	1.411747	0.693383	0.306617	0.5322908
41424	-1031.802	-1242.984	211.1816	1.84983	0.7407807	0.35718	0.64282	1.747509
41430	-1029.542	-1240.803	211.2611	1.705206	0.7942542	0.343458	0.656542	1.747509
41436	-1047.226	-1259.129	211.9027	1.652768	0.355486	0.667465	0.332535	1.808537
41442	-1034.627	-1245.754	211.1266	2.820533	0.9663551	0.414976	0.585024	0.3321815
41448	-1045.589	-1256.572	210.9824	2.820533	1.130494	0.414976	0.585024	0.3475279
41454	-1025.326	-1237.208	211.8821	2.029542	0.2702141	0.490327	0.509673	1.695017
41460	-1023.11	-1234.821	211.7111	1.941949	0.4817473	0.455565	0.544435	1.570815
41466	-1027.782	-1239.149	211.3664	1.916439	0.3848088	0.409827	0.590173	1.95364
41472	-1024.416	-1235.045	210.6291	1.851984	0.618058	0.508253	0.491747	2.225221
41478	-1034.795	-1245.522	210.7277	1.831669	0.7011028	0.508253	0.491747	2.100916
41484	-1043.21	-1254.244	211.0345	2.726084	1.216894	0.439312	0.560688	0.3970719
41490	-1033.185	-1242.586	209.4011	1.478207	0.3744992	0.465649	0.534351	3.450071
41496	-1029.31	-1240.175	210.8649	1.683538	0.3809077	0.438654	0.561346	2.434843
41502	-1027.524	-1238.912	211.3876	1.667276	0.3523894	0.381047	0.618953	2.148078
41508	-1017.486	-1228.53	211.0437	1.622367	0.3315575	0.465296	0.534704	2.425517
41514	-1023.546	-1234.413	210.8661	1.500306	0.6558054	0.442376	0.557624	2.265182
41520	-1023.906	-1235.16	211.2547	2.02039	0.8977988	0.503478	0.496522	1.436453
41526	-1028.5	-1240.569	212.0689	2.02039	0.5458259	0.581002	0.418998	1.140737
41532	-1019.332	-1231.476	212.1434	2.007393	0.6064611	0.50716	0.49284	0.997451
41538	-1015.518	-1227.322	211.8041	1.980948	0.8357998	0.507359	0.492641	1.06759
41544	-1018.421	-1230.19	211.7696	1.969356	0.8815487	0.489724	0.510276	1.062695
41550	-1017.557	-1227.18	209.6229	1.379628	0.6164896	0.667883	0.332117	3.137407
41556	-1012.927	-1223.436	210.5097	1.649718	0.4374167	0.469431	0.530569	2.610476
41562	-1013.535	-1223.615	210.0803	1.656999	0.8651778	0.249298	0.750702	2.500399
41568	-1016.212	-1227.355	211.1435	1.650633	0.4804219	0.418799	0.581201	2.160847
41574	-1006.583	-1218.394	211.8108	1.919297	0.8072542	0.415709	0.584291	1.147821
41580	-1018.858	-1229.78	210.9218	1.670623	0.4343947	0.468111	0.531889	2.342611
41586	-1018.791	-1230.628	211.8371	1.887502	0.5884623	0.441506	0.558494	1.389414
41592	-1003.93	-1215.422	211.4922	1.887502	0.3664005	0.515174	0.484826	1.913324
41598	-1013.986	-1225.354	211.3687	1.66264	0.5104824	0.452247	0.547753	1.971333
41604	-1023.184	-1234.295	211.1108	1.652797	0.5210089	0.669657	0.330343	2.137095
41610	-1028.931	-1239.829	210.8988	1.54281	0.5276324	0.588721	0.411279	2.337639
41616	-1014.478	-1224.443	209.9644	1.579288	0.6971106	0.434028	0.565972	2.745044
41622	-1008.362	-1219.402	211.0406	1.818246	0.5626054	0.430009	0.569991	2.031624
41628	-1016.456	-1226.534	210.0787	1.619995	1.133111	0.486414	0.513586	2.355217
41634	-1023.64	-1233.434	209.7943	1.574375	1.266481	0.519982	0.480018	2.489891
41640	-1031.941	-1242.657	210.716	1.676351	0.3501378	0.335056	0.664944	2.571747
41646	-1028.491	-1239.095	210.6041	1.658314	0.3966088	0.471519	0.528481	2.594091
41652	-1032.37	-1242.879	210.5087	1.625797	0.583252	0.57613	0.42387	2.477489
41658	-1034.283	-1245.447	211.1634	1.625797	0.7309882	0.384287	0.615713	1.922498
41664	-1026.774	-1238.499	211.7253	1.830326	0.359665	0.51057	0.48943	1.802408
41670	-1029.274	-1240.451	211.1769	1.839877	0.6757255	0.557861	0.442139	1.816041
41676	-1023.292	-1234.991	211.6988	1.960957	0.6348115	0.445599	0.554401	1.388136
41682	-1029.454	-1241.262	211.8078	2.099857	0.5856995	0.355321	0.644679	1.245123
41688	-1019.226	-1230.91	211.6833	2.427434	0.7211327	0.620217	0.379783	0.8735367
41694	-1015.63	-1227.518	211.8882	2.428414	0.6989507	0.515512	0.484488	0.5809224
41700	-1006.696	-1218.176	211.4799	2.527336	0.9704885	0.586806	0.413194	0.5698891
41706	-1025.876	-1237.349	211.4729	2.540176	0.9611421	0.586806	0.413194	0.5836754
41712	-1020.222	-1231.727	211.5051	2.503141	0.949796	0.488622	0.511378	0.6309178
41718	-1022.884	-1234.783	211.899	2.529475	0.6046886	0.488622	0.511378	0.6309178
41724	-1019.071	-1230.389	211.318	2.702419	0.9579755	0.443168	0.556832	0.4371623
41730	-1008.887	-1220.488	211.6003	2.634453	0.760007	0.443168	0.556832	0.4144568
41736	-1000.099	-1211.409	211.3101	2.727725	0.9416886	0.413552	0.586448	0.4391296
41742	-1007.364	-1218.484	211.1204	2.830681	1.027413	0.404207	0.595793	0.4391296
41748	-1014.431	-1226.167	211.7355	2.655138	0.6521896	0.278738	0.721262	0.4884249
41754	-1013.874	-1225.286	211.4113	2.620793	0.9337764	0.401177	0.598823	0.4020223
41760	-1016.181	-1227.549	211.3674	2.672934	0.9337764	0.50496	0.49504	0.4211384
41766	-1017.27	-1228.546	211.2768	2.672934	1.037062	0.590854	0.409146	0.4964887
41772	-1039.806	-1251.402	211.5967	1.987767	1.01457	0.54062	0.45938	1.077639
41778	-1039.774	-1251.357	211.5829	2.048458	0.5842588	0.460021	0.539979	1.465931
41784	-1028.111	-1239.445	211.3341	1.908068	0.8925431	0.565428	0.434572	1.465931
41790	-1000.392	-1212.244	211.8522	1.817749	0.6390165	0.49304	0.50696	1.375554
41796	-1010.529	-1222.466	211.9364	1.958876	0.5686801	0.490242	0.509758	1.276398
41802	-1012.255	-1223.996	211.7411	1.944442	0.8005122	0.557858	0.442142	1.193578
41808	-1021.198	-1232.921	211.7229	1.944442	0.8005122	0.306449	0.693551	1.209194
41814	-1010.313	-1222.014	211.7011	1.886576	0.7371389	0.527111	0.472889	1.338229
41820	-1004.62	-1216.507	211.8874	1.902522	0.6957951	0.542878	0.457122	1.215478
41826	-1005.226	-1216.597	211.371	1.786438	0.73053	0.367754	0.632246	1.667498
41832	-1014.35	-1226.088	211.7376	1.83092	0.8062449	0.649854	0.350146	1.286016
41838	-1026.664	-1238.252	211.5875	2.079422	1.066832	0.421382	0.578618	0.9457816
41844	-1026.712	-1238.55	211.8385	2.079422	0.8877371	0.539312	0.460688	0.8694715
41850	-1022.346	-1234.269	211.9231	2.302102	0.6513853	0.510035	0.489965	0.8468315
41856	-1015.197	-1226.984	211.7874	2.042985	0.9208553	0.520508	0.479492	0.9279064
41862	-1023.54	-1235.295	211.7551	2.179348	0.8755919	0.568237	0.431763	0.8657339
41868	-1018.83	-1230.519	211.6895	2.281738	0.8653402	0.357225	0.642775	0.834936
41874	-1024.856	-1236.554	211.6987	2.360812	0.8653402	0.355468	0.644532	0.7091384
41880	-1014.659	-1226.449	211.7906	2.305979	0.8653402	0.51329	0.48671	0.6368457
41886	-1028.568	-1240.373	211.8055	2.305979	0.8653402	0.593164	0.406836	0.5974252
41892	-1011.323	-1223.131	211.8078	2.1675	0.8653402	0.558661	0.441339	0.8297612
41898	-1017.686	-1229.676	211.9905	2.1675	0.6934588	0.457592	0.542408	0.8599541
41904	-1032.815	-1244.434	211.6193	1.974669	1.035699	0.604088	0.395912	1.049035
41910	-1034.297	-1246.408	212.111	2.13051	0.6183069	0.599827	0.400173	0.8822864
41916	-1037.655	-1249.906	212.2504	2.13051	0.5293917	0.608206	0.391794	0.8755495
41922	-1030.39	-1242.106	211.7166	2.192417	0.8515543	0.597207	0.402793	0.9249689
41928	-1023.688	-1235.754	212.0665	2.060758	0.514857	0.517321	0.482679	1.15062
41934	-1028.934	-1240.705	211.7709	1.973237	0.5788333	0.517321	0.482679	1.385334
41940	-1029.195	-1240.181	210.9863	1.834406	0.8812676	0.503	0.497	1.779845
41946	-1034.168	-1246.06	211.8917	1.836432	0.5283947	0.374207	0.625793	1.45755
41952	-1026.953	-1237.385	210.4322	1.605998	0.7075503	0.415048	0.584952	2.430093
41958	-1029.901	-1241.072	211.1715	1.674863	0.5746866	0.549795	0.450205	2.027835
41964	-1016.836	-1228.019	211.1831	1.764272	0.5548073	0.492787	0.507213	1.98059
41970	-1024.025	-1235.491	211.4658	1.869864	0.8536545	0.488884	0.511116	1.427347
41976	-1023.124	-1234.707	211.5832	1.995616	0.856732	0.490635	0.509365	1.229362
41982	-1034.229	-1245.787	211.558	1.942809	0.7924393	0.568846	0.431154	1.353638
41988	-1036.203	-1247.643	211.4396	1.859882	0.4670275	0.58127	0.41873	1.839062
41994	-1034.362	-1245.915	211.5535	1.954774	0.8180998	0.546194	0.453806	1.32363
42000	-1021.604	-1233.452	211.8483	1.899428	0.8420596	0.471122	0.528878	1.095674
42006	-1004.172	-1216.273	212.1005	1.899428	0.6207275	0.605607	0.394393	1.121179
42012	-1010.342	-1221.824	211.4819	2.036765	0.5378208	0.527383	0.472617	1.602148
42018	-1016.576	-1228.036	211.46	1.790231	0.8538902	0.463465	0.536535	1.492096
42024	-1005.967	-1217.829	211.8616	1.894851	0.5820408	0.547958	0.452042	1.371906
42030	-1011.268	-1222.78	211.5122	1.998234	0.3905487	0.43905	0.56095	1.79063
42036	-1017.638	-1228.457	210.8195	1.87541	0.4435035	0.425861	0.574139	2.266611
42042	-1019.831	-1230.27	210.4392	1.959145	0.6918454	0.499567	0.500433	2.213571
42048	-1007.11	-1218.678	211.5684	1.795811	0.6263621	0.499567	0.500433	1.618614
42054	-1028.266	-1239.987	211.7211	2.215993	0.6532764	0.410739	0.589261	1.13687
42060	-1025.21	-1237.488	212.2777	2.040196	0.4800568	0.639662	0.360338	1.027701
42066	-1027.589	-1239.199	211.6103	1.849708	0.4787325	0.530024	0.469976	1.713348
42072	-1015.955	-1226.17	210.2147	1.815198	0.4787325	0.577807	0.422193	2.645651
42078	-1027.44	-1237.9	210.4605	1.650366	0.5935657	0.6678	0.3322	2.482764
42084	-1020.852	-1231.51	210.6573	1.655389	0.4200716	0.504983	0.495017	2.535135
42090	-1031.489	-1241.9	210.4111	1.607589	0.4681935	0.48253	0.51747	2.663702
42096	-1030.159	-1239.606	209.4465	1.635719	0.513083	0.418651	0.581349	3.183398
42102	-1040.704	-1250.557	209.8534	1.481203	0.3733064	0.563577	0.436423	3.183398
42108	-1031.917	-1242.63	210.7135	1.567254	0.4869801	0.54861	0.45139	2.481106
42114	-1026.783	-1237.85	211.0668	1.966797	0.7874058	0.401049	0.598951	1.70591
42120	-1018.911	-1229.493	210.5813	1.966797	0.4243176	0.528334	0.471666	2.38247
42126	-1014.808	-1225.859	211.0511	1.815674	0.8427557	0.526657	0.473343	1.777714
42132	-1006.385	-1217.778	211.3931	1.806039	0.4522281	0.45428	0.54572	1.925046
42138	-1027.392	-1238.57	211.1776	1.868107	0.487502	0.561836	0.438164	1.987226
42144	-1020.182	-1231.371	211.1884	1.75851	0.4785578	0.600693	0.399307	2.062834
42150	-1038.002	-1248.144	210.1423	1.408027	0.4813059	0.395148	0.604852	2.935132
42156	-1035.823	-1245.453	209.6298	1.546629	0.590484	0.398298	0.601702	3.056171
42162	-1023.345	-1234.961	211.6153	1.962354	0.8384318	0.444094	0.555906	1.247697
42168	-1040.579	-1251.806	211.2276	2.036796	0.6475778	0.574096	0.425904	1.669128
42174	-1027.394	-1238.986	211.5924	2.036796	0.7557391	0.328679	0.671321	1.286012
42180	-1017.432	-1229.373	211.9414	2.125714	0.6120136	0.524822	0.475178	1.070842
42186	-1018.386	-1230.091	211.7042	2.231305	0.8301777	0.469069	0.530931	0.922532
42192	-1023.819	-1235.546	211.7273	2.231305	0.8463502	0.473983	0.526017	0.8758076
42198	-1027.466	-1239.247	211.7812	2.170685	0.7418777	0.473983	0.526017	1.014897
42204	-1024.474	-1236.473	211.9989	2.156085	0.6450994	0.473983	0.526017	0.9366485
42210	-1016.216	-1227.904	211.6881	2.490245	0.5832028	0.408899	0.591101	1.00401
42216	-1040.765	-1252.175	211.4098	2.355989	0.5832028	0.398829	0.601171	1.363193
42222	-1026.514	-1238.229	211.7154	1.937188	0.4772139	0.379793	0.620207	1.576845
42228	-1017.056	-1229.124	212.0684	2.048072	0.4293398	0.37396	0.62604	1.284902
42234	-1018.15	-1229.981	211.8313	2.103751	0.4207375	0.375086	0.624914	1.440849
42240	-1014.653	-1226.732	212.0783	1.954904	0.401362	0.431963	0.568037	1.39336
42246	-1005.679	-1216.285	210.6066	1.805894	0.7960051	0.483814	0.516186	2.119995
42252	-1010.202	-1220.435	210.2321	1.554001	0.9215488	0.367993	0.632007	2.431297
42258	-1021.61	-1232.512	210.9021	1.554001	0.6230848	0.515549	0.484451	2.236701
42264	-1013.956	-1224.494	210.5375	1.494021	0.9797029	0.477557	0.522443	2.236701
42270	-1024.279	-1235.119	210.8403	1.436427	0.7284458	0.730852	0.269148	2.261528
42276	-1024.364	-1235.626	211.2622	1.693554	0.6380477	0.554506	0.445494	1.892941
42282	-1019.921	-1230.374	210.4529	1.483895	0.6380477	0.425648	0.574352	2.551782
42288	-1022.747	-1232.52	209.7727	1.227058	0.6380477	0.484607	0.515393	3.12098
42294	-1027.748	-1237.7	209.9525	1.288742	0.4069409	0.50183	0.49817	3.199647
42300	-1020.823	-1231.233	210.4092	1.498269	0.334957	0.505258	0.494742	2.888452
42306	-1005.327	-1215.511	210.1838	1.619826	0.3851373	0.498511	0.501489	2.888452
42312	-1018.309	-1229.11	210.8014	1.636133	0.5997093	0.551204	0.448796	2.270182
42318	-1034.435	-1245.361	210.9266	1.656535	0.5997093	0.375752	0.624248	2.176264
42324	-1025.052	-1236.341	211.2894	1.722825	0.678076	0.587358	0.412642	1.817018
42330	-1016.728	-1227.99	211.2621	1.843149	0.753889	0.50973	0.49027	1.68391
42336	-1023.881	-1234.4	210.519	1.609037	0.4796804	0.50973	0.49027	2.58396
42342	-1015.094	-1225.921	210.8266	1.690104	0.4713901	0.500669	0.499331	2.34907
42348	-1015.57	-1226.85	211.2803	1.690104	0.7095644	0.551331	0.448669	1.8174
42354	-1016.533	-1227.446	210.9136	1.653912	0.8892626	0.409402	0.590598	1.946922
42360	-1010.301	-1221.727	211.4261	1.66777	0.5577249	0.386407	0.613593	1.878752
42366	-1014.502	-1225.892	211.3899	1.790291	0.5032804	0.555466	0.444534	1.878752
42372	-1021.883	-1233.461	211.5779	1.874503	0.7446305	0.479861	0.520139	1.436673
42378	-1028.953	-1239.762	210.809	1.634887	0.6519739	0.350065	0.649935	2.218666
42384	-1032.318	-1244.361	212.0434	1.811581	0.3234505	0.714187	0.285813	1.646168
42390	-1026.837	-1238.501	211.6639	1.869183	0.3898971	0.609466	0.390534	1.775767
42396	-1017.357	-1228.924	211.5672	1.794466	0.7782693	0.419595	0.580405	1.474449
42402	-1006.416	-1217.713	211.2969	1.910681	0.7278344	0.519253	0.480747	1.633982
42408	-1007.357	-1218.942	211.5842	1.810542	0.7876946	0.462018	0.537982	1.440647
42414	-1010.26	-1221.864	211.6047	1.887125	0.6382134	0.603042	0.396958	1.512707
42420	-1012.565	-1223.893	211.3286	1.887125	0.8453176	0.45075	0.54925	1.525186
42426	-1020.33	-1232.121	211.7916	1.947651	0.4684282	0.43447	0.56553	1.524021
42432	-1018.117	-1229.55	211.4326	1.927035	0.6363477	0.542533	0.457467	1.611837
42438	-1026.805	-1238.402	211.5968	1.927035	0.6914449	0.249574	0.750426	1.433991
42444	-1011.496	-1223.613	212.1165	1.93209	0.720999	0.208809	0.791191	0.942943
42450	-1012.748	-1224.333	211.5843	1.905411	0.9945844	0.538954	0.461046	1.180565
42456	-1018.573	-1230.62	212.0473	1.905411	0.6961353	0.323936	0.676064	1.070186
42462	-1030.303	-1242.05	211.7474	1.880682	0.9581009	0.53238	0.46762	1.09014
42468	-1033.265	-1244.938	211.6736	2.076797	0.8799552	0.53238	0.46762	1.053504
42474	-1020.466	-1231.762	211.2961	2.087707	1.036387	0.620632	0.379368	1.235639
42480	-1029.612	-1241.491	211.879	2.139735	0.753956	0.434078	0.565922	0.9305995
42486	-1028.308	-1240.147	211.8398	2.139735	0.8044743	0.497015	0.502985	0.9069362
42492	-1024.8	-1236.227	211.4269	2.241187	1.174504	0.604679	0.395321	0.8312473
42498	-1020.458	-1232.039	211.5806	2.219643	1.052034	0.437311	0.562689	0.8066585
42504	-1015.752	-1227.173	211.4217	2.367626	1.052034	0.35149	0.64851	0.8207939
42510	-1017.887	-1229.405	211.5176	2.31965	1.052034	0.567669	0.432331	0.755106
42516	-1026.577	-1238.121	211.5439	2.31965	1.011527	0.695879	0.304121	0.7743764
42522	-1015.795	-1227.769	211.9747	2.241751	0.6903544	0.687533	0.312467	0.7908875
42528	-1021.69	-1233.637	211.947	2.160256	0.6903544	0.454372	0.545628	0.9224171
42534	-1015.965	-1227.921	211.9562	2.063816	0.6822709	0.43508	0.56492	1.023207
42540	-1016.392	-1228.372	211.98	2.072767	0.6416976	0.405204	0.594796	1.04478
42546	-1020.538	-1232.426	211.8878	2.072767	0.5738313	0.417111	0.582889	1.215406
42552	-1018.053	-1228.275	210.222	1.699794	0.5607614	0.545381	0.454619	2.630775
42558	-1022.7	-1233.072	210.3724	1.709061	1.261236	0.327253	0.672747	2.034766
42564	-1027.874	-1238.068	210.1939	1.818362	1.261236	0.448021	0.551979	2.080476
42570	-1012.279	-1223.012	210.733	1.94188	1.268713	0.641764	0.358236	1.621358
42576	-1029.705	-1241.229	211.5231	2.132125	0.4315463	0.558867	0.441133	1.633545
42582	-1019.575	-1231.272	211.6972	2.134215	0.4315463	0.435999	0.564001	1.504203
42588	-1026.074	-1237.864	211.7908	2.270319	0.6211502	0.53029	0.46971	1.064181
42594	-1040.968	-1252.733	211.7644	2.134528	0.577174	0.413767	0.586233	1.262911
42600	-1030.781	-1242.303	211.5222	1.938592	0.9333879	0.486166	0.513834	1.258392
42606	-1027.992	-1239.39	211.3979	1.744064	0.6632815	0.358853	0.641147	1.740574
42612	-1013.996	-1225.811	211.8152	1.757718	0.6490191	0.513939	0.486061	1.440049
42618	-1019.91	-1231.604	211.6933	1.868477	0.8068096	0.503397	0.496603	1.290972
42624	-1024.497	-1236.197	211.7005	2.019694	0.8068096	0.512112	0.487888	1.156971
42630	-1036.516	-1248.858	212.3425	2.206877	0.4303278	0.493404	0.506596	0.8760667
42636	-1019.966	-1232.066	212.1007	2.027986	0.6324734	0.493404	0.506596	0.9824537
42642	-1027.007	-1238.854	211.8467	2.048032	0.6324734	0.584685	0.415315	1.199114
42648	-1032.486	-1244.166	211.6798	2.080041	0.6919319	0.533911	0.466089	1.245075
42654	-1019.372	-1231.376	212.0041	2.080041	0.6679381	0.474405	0.525595	0.9782674
42660	-1019.268	-1230.49	211.2212	2.120796	1.203931	0.695984	0.304016	1.138707
42666	-1028.95	-1240.408	211.4583	2.008751	0.9663808	0.600675	0.399325	1.224502
42672	-1021.063	-1233.143	212.08	2.060163	0.4948614	0.530102	0.469898	1.168179
42678	-1029.932	-1242.297	212.3653	2.19844	0.2821439	0.462799	0.537201	1.168179
42684	-1030.548	-1242.685	212.1369	2.150579	0.4949933	0.462799	0.537201	1.032862
42690	-1025.173	-1237.499	212.3257	2.092195	0.4949933	0.309054	0.690946	0.8972647
42696	-1013.388	-1225.605	212.2164	2.06766	0.5900735	0.599968	0.400032	0.8803713
42702	-1022.9	-1234.126	211.2258	1.94594	0.9451242	0.599968	0.400032	1.476834
42708	-1018.795	-1230.329	211.5342	1.910884	1.002845	0.354928	0.645072	1.211823
42714	-1017.081	-1228.466	211.3851	2.060032	1.002845	0.736523	0.263477	1.211823
42720	-1008.454	-1219.657	211.2022	1.984563	1.293456	0.491559	0.508441	1.208031
42726	-1003.106	-1214.449	211.3426	2.042471	0.8966158	0.322777	0.677223	1.351645
42732	-1000.909	-1212.169	211.2606	2.02643	1.103211	0.523221	0.476779	1.263422
42738	-1012.052	-1223.184	211.1322	2.034227	0.8929635	0.523221	0.476779	1.5225
42744	-1019.96	-1231.239	211.279	2.46837	1.107465	0.5606	0.4394	0.8073538
42750	-1002.635	-1214.017	211.3819	2.22168	1.097442	0.5606	0.4394	0.9816455
42756	-1005.594	-1217.006	211.4126	2.383653	1.199788	0.46005	0.53995	0.5448718
42762	-1008.812	-1220.48	211.6684	2.383653	0.9054525	0.396945	0.603055	0.6381421
42768	-1029.413	-1240.614	211.2005	2.452474	1.28642	0.47604	0.52396	0.7169548
42774	-1028.375	-1240.161	211.7862	2.327011	0.8397959	0.492027	0.507973	0.6631221
42780	-1030.796	-1241.97	211.174	2.53952	1.288403	0.383435	0.616565	0.5792761
42786	-1031.3	-1242.732	211.4318	2.53952	1.0101	0.286288	0.713712	0.5514287
42792	-1025.933	-1237.162	211.229	2.539932	1.216316	0.56956	0.43044	0.5970513
42798	-1027.745	-1239.111	211.3658	2.586173	1.030932	0.524201	0.475799	0.544752
42804	-1023.613	-1234.989	211.3765	2.586173	0.9832047	0.524201	0.475799	0.656175
42810	-1021.506	-1232.976	211.4691	2.493575	0.9832047	0.545524	0.454476	0.656175
42816	-1017.531	-1229.153	211.6222	2.510132	0.8572939	0.566142	0.433858	0.5517926
42822	-1021.753	-1233.274	211.5213	2.510132	0.9507689	0.334168	0.665832	0.5517926
42828	-1035.679	-1246.993	211.3139	2.681466	0.9766553	0.573273	0.426727	0.4195952
42834	-1029.514	-1241.234	211.7207	2.681466	0.6335483	0.298078	0.701922	0.4195952
42840	-1018.452	-1229.985	211.5335	2.583533	0.8624567	0.340246	0.659754	0.4195952
42846	-1031.103	-1242.864	211.761	2.621285	0.6482852	0.313907	0.686093	0.4210924
42852	-1022.409	-1234.208	211.799	2.621285	0.6210623	0.621794	0.378206	0.4210924
42858	-1007.278	-1219.139	211.8607	2.566123	0.6210623	0.494002	0.505998	0.4413734
42864	-1023.586	-1234.997	211.4101	2.566123	0.9904084	0.685195	0.314805	0.605818
42870	-1012.639	-1223.899	211.2598	2.590665	1.127067	0.372549	0.627451	0.5899485
42876	-1026.426	-1237.506	211.0793	2.590665	1.353435	0.412346	0.587654	0.5341903
42882	-1004.067	-1215.628	211.5615	2.473389	0.9522957	0.264237	0.735763	0.496161
42888	-1024.366	-1236.038	211.6721	2.408747	0.8794556	0.596829	0.403171	0.6370039
42894	-1006.691	-1218.375	211.6843	2.408747	0.8654111	0.372062	0.627938	0.6445834
42900	-1003.555	-1215.905	212.3493	2.208231	0.48056	0.400463	0.599537	0.7498242
42906	-1017.343	-1228.986	211.6437	2.272549	0.9654964	0.400463	0.599537	0.765466
42912	-1002.042	-1213.398	211.3563	2.306457	1.237125	0.561715	0.438285	0.765466
42918	-1019.714	-1231.36	211.6456	2.340238	0.8993834	0.569061	0.430939	0.765466
42924	-1022.776	-1233.935	211.1597	2.324253	1.432506	0.679388	0.320612	0.7956989
42930	-1029.001	-1240.964	211.9637	2.260944	0.6992572	0.248939	0.751061	0.7630239
42936	-1013.274	-1224.469	211.1948	2.071641	1.130792	0.504104	0.495896	1.259466
42942	-1008.03	-1219.146	211.1159	2.095537	1.192361	0.698659	0.301341	1.259466
42948	-1014.803	-1226.448	211.645	2.02542	0.5334773	0.572799	0.427201	1.49513
42954	-1011.392	-1222.85	211.4578	1.898083	0.7139831	0.453774	0.546226	1.53857
42960	-1016.803	-1228.425	211.6221	1.980288	0.8774964	0.655422	0.344578	1.189624
42966	-1021.201	-1232.564	211.3636	1.907236	0.8774964	0.542559	0.457441	1.456635
42972	-1004.504	-1216.383	211.8795	2.213155	0.476311	0.436774	0.563226	1.235677
42978	-1005.511	-1217.312	211.8009	2.368593	0.7623013	0.36352	0.63648	0.7259521
42984	-1021.687	-1233.347	211.6593	2.388517	0.8420962	0.586567	0.413433	0.7677225
42990	-1019.168	-1231.067	211.8984	2.317806	0.6981671	0.419426	0.580574	0.7771732
42996	-1017.205	-1229.305	212.0993	2.39261	0.4472923	0.620166	0.379834	0.9065184
43002	-1014.958	-1226.621	211.6633	2.125558	0.754282	0.542984	0.457016	1.152128
43008	-1028.692	-1240.144	211.452	2.083852	0.7615907	0.246434	0.753566	1.355348
43014	-1026.082	-1237.892	211.8102	2.055498	0.6473161	0.561329	0.438671	1.206296
43020	-1034.947	-1246.751	211.8034	2.141635	0.930321	0.416565	0.583435	0.7765431
43026	-1031.489	-1243.369	211.8799	2.057804	0.760964	0.577859	0.422141	1.005568
43032	-1021.822	-1234.277	212.4546	2.260893	0.437741	0.533588	0.466412	0.5801543
43038	-1033.622	-1245.774	212.1524	2.43062	0.5151352	0.377174	0.622826	0.5801543
43044	-1011.491	-1223.298	211.8074	2.267935	0.7811244	0.497069	0.502931	0.8264759
43050	-1015.272	-1226.966	211.6946	2.267935	0.9692832	0.602759	0.397241	0.6843442
43056	-1023.925	-1235.278	211.3527	2.288734	1.018396	0.459788	0.540212	1.019599
43062	-1015.248	-1226.774	211.5267	2.235026	0.8121021	0.490661	0.509339	1.114311
43068	-1012.592	-1224.148	211.556	2.258472	0.7777573	0.490661	0.509339	1.103421
43074	-1004.853	-1216.513	211.661	2.316982	0.895875	0.471812	0.528188	0.7820568
43080	-1006.455	-1218.128	211.6732	2.210532	0.9718006	0.428625	0.571375	0.8014531
43086	-1017.735	-1228.343	210.6083	2.280682	1.95138	0.575219	0.424781	1.064091
43092	-1005.609	-1217.094	211.4843	2.239995	1.116237	0.49564	0.50436	0.8266105
43098	-1004.839	-1216.369	211.5302	2.292087	1.100496	0.49564	0.50436	0.7062101
43104	-1014.039	-1225.529	211.4896	2.298991	1.100496	0.575686	0.424314	0.7592958
43110	-1020.908	-1232.486	211.5782	2.268387	0.9591821	0.632379	0.367621	0.8641376
43116	-1007.018	-1218.701	211.6827	2.189729	0.9591821	0.2522	0.7478	0.832717
43122	-1004.357	-1215.828	211.4713	2.208536	0.8403899	0.356409	0.643591	1.158394
43128	-1008.732	-1220.044	211.3123	2.23602	1.237016	0.37453	0.62547	0.9082743
43134	-1023.095	-1234.798	211.7032	2.186037	0.831357	0.403347	0.596653	0.9701497
43140	-1025.619	-1236.439	210.8207	2.001227	1.374765	0.61173	0.38827	1.448614
43146	-1026.312	-1236.875	210.5625	1.661821	0.8676341	0.424527	0.575473	2.189039
43152	-1028.523	-1239.022	210.4991	1.721256	0.7284356	0.590825	0.409175	2.297613
43158	-1009.291	-1219.994	210.7023	1.744641	0.7284356	0.575719	0.424281	2.151481
43164	-1025.705	-1236.576	210.8715	1.71769	1.027153	0.534834	0.465166	1.835263
43170	-1021.216	-1232.711	211.4957	1.886037	0.6658246	0.361921	0.638079	1.566215
43176	-1013.091	-1224.645	211.5541	1.891218	0.6199113	0.285622	0.714378	1.566215
43182	-1019.056	-1230.909	211.8534	2.131727	0.6812071	0.3752	0.6248	1.058157
43188	-1025.627	-1237.738	212.1115	2.131727	0.4232902	0.584322	0.415678	1.187821
43194	-1015.763	-1227.87	212.1066	2.003331	0.4144213	0.481406	0.518594	1.312745
43200	-1015.357	-1227.417	212.0603	2.003331	0.4144213	0.582752	0.417248	1.349815
43206	-1021.74	-1233.765	212.0251	2.102188	0.358818	0.502961	0.497039	1.386179
43212	-1024.221	-1235.99	211.7692	2.102188	0.4239108	0.483533	0.516467	1.484701
43218	-1032.864	-1244.848	211.9844	2.303226	0.441449	0.532394	0.467606	1.119375
43224	-1008.756	-1220.567	211.8114	2.255986	0.6638268	0.506282	0.493718	1.000851
43230	-1012.341	-1223.79	211.4485	2.255986	0.9402702	0.553782	0.446218	1.035472
43236	-1020.87	-1232.694	211.8242	2.399157	0.6996797	0.397962	0.602038	0.7640889
43242	-1018.016	-1229.737	211.7209	2.170567	0.8581876	0.406759	0.593241	0.9358067
43248	-1020.113	-1231.702	211.5893	2.10942	0.8262698	0.554456	0.445544	1.155953
43254	-1032.208	-1243.581	211.3733	2.119481	0.9532485	0.58108	0.41892	1.214138
43260	-1027.347	-1238.831	211.4841	2.191631	0.8553858	0.441666	0.558334	1.146973
43266	-1017.044	-1228.911	211.8672	2.094587	0.7198655	0.501075	0.498925	1.032304
43272	-1023.529	-1234.687	211.1575	2.094587	1.051302	0.435168	0.564832	1.331761
43278	-1018.905	-1230.438	211.5332	2.06861	0.4809834	0.229127	0.770873	1.609129
43284	-1012.986	-1224.481	211.4952	2.06861	0.668328	0.467431	0.532569	1.426881
43290	-1007.588	-1219.643	212.0544	2.029539	0.3851044	0.501957	0.498043	1.378423
43296	-1005.747	-1217.688	211.9417	1.899738	0.6594489	0.539652	0.460348	1.212779
43302	-1003.803	-1215.4	211.5963	1.891682	0.780209	0.415623	0.584377	1.375352
43308	-1022.164	-1233.967	211.8026	1.730583	0.7677851	0.378598	0.621402	1.351506
43314	-1018.811	-1230.46	211.6483	1.884911	0.7677851	0.565174	0.434826	1.351506
43320	-1038.049	-1249.833	211.7834	2.006454	0.4725737	0.471489	0.528511	1.480766
43326	-1028.94	-1240.156	211.2168	1.678793	0.8665135	0.471489	0.528511	1.738942
43332	-1031.845	-1241.994	210.1482	1.604445	0.6513779	0.480994	0.519006	2.654344
43338	-1044.667	-1255.492	210.8248	1.707848	0.3462808	0.409121	0.590879	2.489378
43344	-1027.287	-1238.186	210.8993	1.707848	0.6549117	0.677935	0.322065	2.109926
43350	-1039.918	-1251.019	211.1008	1.764181	0.4846386	0.365829	0.634171	2.109926
43356	-1023.447	-1234.645	211.198	1.718111	0.4550228	0.403332	0.596668	2.109926
43362	-1008.076	-1219.624	211.5483	1.612725	0.4509852	0.26584	0.73416	1.952232
43368	-1015.077	-1226.391	211.3145	1.636491	0.5804202	0.404956	0.595044	1.952232
43374	-1031.473	-1242.35	210.8775	1.69	0.6982741	0.563943	0.436057	2.097973
43380	-1040.422	-1250.614	210.1923	1.737408	0.7329426	0.484982	0.515018	2.477875
43386	-1031.316	-1242.398	211.0826	1.675897	0.5283457	0.31631	0.68369	2.132735
43392	-1031.025	-1240.767	209.7426	1.685005	0.6486252	0.348498	0.651502	2.855251
43398	-1025.531	-1236.398	210.867	1.567816	0.5498835	0.62248	0.37752	2.319691
43404	-1034.624	-1245.706	211.0818	1.498239	0.4661255	0.413206	0.586794	2.314571
43410	-1036.841	-1248.574	211.7333	2.327254	0.6862697	0.483825	0.516175	0.9773601
43416	-1017.288	-1228.74	211.4518	2.415385	0.8700086	0.483825	0.516175	0.9476363
43422	-1011.772	-1223.548	211.7761	2.02323	0.7081213	0.37686	0.62314	1.193748
43428	-1024.014	-1235.779	211.7645	2.214429	0.5875323	0.53698	0.46302	1.182182
43434	-1035.094	-1246.745	211.6508	2.056533	0.7932509	0.35551	0.64449	1.182182
43440	-1019.285	-1230.555	211.2696	2.170232	0.7786161	0.251667	0.748333	1.414381
43446	-1006.889	-1218.706	211.8171	2.000742	0.5858932	0.461199	0.538801	1.318503
43452	-1013.829	-1225.698	211.8688	1.907631	0.6143895	0.454653	0.545347	1.318503
43458	-1015.461	-1226.845	211.3834	1.878782	0.6143895	0.412284	0.587716	1.703785
43464	-1021.783	-1232.871	211.0886	1.836291	0.7545862	0.565378	0.434622	1.809702
43470	-1007.216	-1218.544	211.3283	1.807027	1.071785	0.522937	0.477063	1.408298
43476	-1001.55	-1212.825	211.2753	1.859999	1.071785	0.522937	0.477063	1.408298
43482	-1006.187	-1217.466	211.2789	1.733331	0.9166079	0.522937	0.477063	1.616911
43488	-1017.946	-1228.779	210.8329	1.642043	0.9166079	0.390159	0.609841	1.989184
43494	-1019.763	-1230.828	211.065	1.660556	0.7134054	0.393362	0.606638	1.980283
43500	-1030.011	-1241.198	211.1873	1.588502	0.5779865	0.511933	0.488067	2.071209
43506	-1050.931	-1260.639	209.708	1.47994	0.6604559	0.367483	0.632517	2.990058
43512	-1030.877	-1240.811	209.9339	1.392387	0.4917217	0.338048	0.661952	3.05909
43518	-1025.666	-1236.104	210.4381	1.653319	0.5555819	0.497324	0.502676	2.530472
43524	-1024.006	-1234.608	210.6022	1.521896	0.5555819	0.509377	0.490623	2.51012
43530	-1024.478	-1235.151	210.6725	1.41197	0.6782493	0.489109	0.510891	2.425145
43536	-1024.561	-1236.093	211.532	1.589434	0.5600804	0.392791	0.607209	1.857426
43542	-1012.871	-1224.052	211.1803	1.830001	0.5366456	0.402503	0.597497	1.957355
43548	-1014.508	-1225.444	210.9364	1.845852	0.619095	0.429207	0.570793	2.027357
43554	-1005.134	-1216.487	211.3529	1.845852	0.3215377	0.280621	0.719379	2.097598
43560	-1000.729	-1211.865	211.1359	2.078917	0.6030697	0.280621	0.719379	1.748571
43566	-1010.84	-1222.511	211.6709	2.047976	0.6801969	0.496064	0.503936	1.291665
43572	-1018.837	-1230.012	211.1747	1.949222	0.8323946	0.436665	0.563335	1.603482
43578	-1011.44	-1223.351	211.9105	1.880128	0.3657883	0.423802	0.576198	1.627614
43584	-1022.418	-1233.721	211.3037	2.045366	0.7055182	0.316197	0.683803	1.551628
43590	-1023.31	-1235.348	212.0376	1.853179	0.3411594	0.402394	0.597606	1.592372
43596	-1014.504	-1225.899	211.3949	1.866899	0.3198284	0.41006	0.58994	2.058579
43602	-1003.383	-1215.257	211.874	2.01024	0.565856	0.656739	0.343261	1.288997
43608	-1006.565	-1218.267	211.7019	1.976454	0.5142161	0.31173	0.68827	1.512267
43614	-1017.2	-1228.369	211.1688	1.956669	0.4311563	0.630559	0.369441	1.999991
43620	-1009.601	-1220.222	210.6219	1.738476	0.4940995	0.511959	0.488041	2.42358
43626	-1023.69	-1234.202	210.512	1.425665	0.3381352	0.377149	0.622851	2.865998
43632	-1020.163	-1230.883	210.7194	1.650685	0.3823721	0.378272	0.621728	2.544564
43638	-1013.031	-1224.018	210.9869	1.683487	0.4034804	0.482064	0.517936	2.32976
43644	-1041.178	-1252.828	211.65	2.08463	0.5049656	0.40941	0.59059	1.481365
43650	-1022.1	-1233.182	211.0818	1.567005	0.4565106	0.475507	0.524493	2.281368
43656	-1014.849	-1225.917	211.068	1.632894	0.55872	0.291592	0.708408	2.139448
43662	-1017.753	-1228.736	210.9834	1.887524	0.7066791	0.444423	0.555577	1.88813
43668	-1010.234	-1221.685	211.4509	1.692692	0.5173297	0.297038	0.702962	1.88813
43674	-1030.331	-1241.832	211.5008	1.837219	0.4062914	0.568936	0.431064	1.88813
43680	-1022.448	-1234.337	211.8891	2.224041	0.3843148	0.513558	0.486442	1.35663
43686	-1022.538	-1234.645	212.1064	2.026464	0.3840172	0.472434	0.527566	1.341487
43692	-1023.512	-1234.867	211.3548	2.049205	0.4709752	0.577409	0.422591	1.761987
43698	-1029.507	-1241.231	211.724	1.907641	0.4777319	0.517689	0.482311	1.591477
43704	-1038.664	-1250.489	211.8249	2.028732	0.3474006	0.484449	0.515551	1.609716
43710	-1021.024	-1231.713	210.6892	1.878668	0.7332116	0.523664	0.476336	2.068287
43716	-1017.731	-1228.779	211.0479	1.843349	0.5973215	0.523664	0.476336	1.975587
43722	-1003.304	-1214.322	211.018	1.917831	0.5673108	0.344751	0.655249	1.975587
43728	-1002.013	-1213.078	211.0656	1.917831	0.4013327	0.454333	0.545667	2.130586
43734	-1016.148	-1226.93	210.7819	1.761762	0.6285493	0.599343	0.400657	2.17513
43740	-1023.713	-1232.939	209.2255	1.554402	0.5083079	0.528057	0.471943	3.366406
43746	-1030.471	-1240.935	210.4642	1.692419	0.3716358	0.573333	0.426667	2.689823
43752	-1025.087	-1235.771	210.6839	1.505558	0.3687099	0.37164	0.62836	2.673315
43758	-1020.191	-1231.303	211.1119	1.62226	0.3740174	0.59733	0.40267	2.325967
43764	-1019.952	-1230.079	210.1275	1.56749	0.634295	0.506845	0.493155	2.704313
43770	-1027.833	-1238.297	210.4644	1.56749	0.348834	0.523634	0.476366	2.794964
43776	-1039.754	-1250.541	210.7873	1.546959	0.4069322	0.523634	0.476366	2.537144
43782	-1015.807	-1226.689	210.8819	1.98377	0.4660141	0.606681	0.393319	2.130357
43788	-1026.374	-1238.006	211.6315	1.922664	0.5180226	0.329333	0.670667	1.599245
43794	-1016.977	-1228.667	211.6894	1.828005	0.4001505	0.59269	0.40731	1.772859
43800	-1031.413	-1242.574	211.161	1.77521	0.7325461	0.336343	0.663657	1.820855
43806	-1023.225	-1234.725	211.4996	1.756983	0.5127706	0.53407	0.46593	1.815763
43812	-1032.011	-1242.579	210.5679	1.614995	0.7661221	0.613383	0.386617	2.291709
43818	-1026.14	-1236.376	210.2361	1.614502	0.4730346	0.34152	0.65848	2.761601
43824	-1006.389	-1215.844	209.455	1.532338	0.4831962	0.512182	0.487818	3.268862
43830	-1010.687	-1220.88	210.1926	1.671166	0.6563198	0.533331	0.466669	2.581485
43836	-1025.439	-1234.407	208.968	1.782884	1.239245	0.41376	0.58624	2.883714
43842	-1022.95	-1233.171	210.2208	1.638306	0.4099791	0.540424	0.459576	2.825684
43848	-1033.002	-1244.816	211.8144	1.598806	0.4251345	0.295475	0.704525	1.812366
43854	-1033.778	-1244.562	210.7835	1.552858	0.2931199	0.419329	0.580671	2.684821
43860	-1036.214	-1246.994	210.7801	1.770207	0.8037296	0.419329	0.580671	2.023183
43866	-1034.833	-1246.641	211.8075	1.933619	0.4829735	0.192909	0.807091	1.504033
43872	-1022.448	-1234.069	211.6214	2.108293	0.591571	0.515531	0.484469	1.381827
43878	-1031.882	-1243.082	211.2008	2.128813	0.6784937	0.586319	0.413681	1.591961
43884	-1014.842	-1226.711	211.8691	2.073004	0.3507872	0.522724	0.477276	1.539655
43890	-1030.253	-1242.181	211.9278	2.04267	0.3509639	0.561496	0.438504	1.518269
43896	-1014.739	-1226.266	211.5277	1.978912	0.482635	0.516582	0.483418	1.675543
43902	-1022.718	-1234.646	211.9277	1.978912	0.4705242	0.370466	0.629534	1.393881
43908	-1021.607	-1233.696	212.0895	2.108838	0.3677166	0.484259	0.515741	1.315253
43914	-1011.564	-1223.025	211.4611	2.103016	0.4691994	0.48787	0.51213	1.650873
43920	-1018.866	-1230.379	211.513	1.962548	0.5005471	0.434552	0.565448	1.676339
43926	-1011.166	-1222.714	211.5478	2.040702	0.4816575	0.445201	0.554799	1.617959
43932	-1010.391	-1221.876	211.4852	2.039307	0.5749854	0.389657	0.610343	1.556162
43938	-1001.743	-1213.452	211.7091	2.05276	0.2632885	0.510407	0.489593	1.811941
43944	-995.7164	-1207.16	211.4434	2.083111	0.367137	0.397222	0.602778	1.811941
43950	-1005.841	-1217.454	211.6126	2.056317	0.4237624	0.590635	0.409365	1.634012
43956	-1021.664	-1233.415	211.7503	2.123037	0.3228135	0.370866	0.629134	1.634012
43962	-1017.676	-1229.31	211.6343	2.123037	0.3778634	0.46917	0.53083	1.634012
43968	-1005.327	-1216.818	211.4908	2.210158	0.4994412	0.558266	0.441734	1.513418
43974	-1006.481	-1218.379	211.8976	2.505162	0.3276038	0.558266	0.441734	1.216459
43980	-1005.942	-1218.319	212.377	2.080855	0.3829279	0.617265	0.382735	1.064363
43986	-1010.804	-1222.633	211.8291	2.276242	0.3910743	0.318849	0.681151	1.352287
43992	-1008.295	-1219.604	211.3094	1.9935	0.4717467	0.394906	0.605094	1.831086
43998	-1003.25	-1214.624	211.3745	2.119609	0.6599091	0.418514	0.581486	1.488653
44004	-1019.772	-1230.678	210.9062	1.726524	0.4125082	0.498812	0.501188	2.342774
44010	-1006.911	-1218.112	211.2016	1.717231	0.4125082	0.399493	0.600507	2.158815
44016	-1004.4	-1214.594	210.1937	1.820322	0.3052723	0.399493	0.600507	2.864124
44022	-1021.683	-1231.772	210.0896	1.820322	0.3526446	0.399493	0.600507	2.864124
44028	-1012.861	-1223.922	211.0613	1.443683	0.4638828	0.421435	0.578565	2.364729
44034	-1016.083	-1227.25	211.1661	1.531719	0.4390458	0.574465	0.425535	2.269897
44040	-1006.9	-1218.708	211.8086	1.856663	0.4502166	0.423891	0.576109	1.601892
44046	-1026.632	-1237.371	210.7391	1.981446	1.1745	0.443048	0.556952	1.646834
44052	-1020.603	-1230.754	210.1506	1.662125	0.4795188	0.401808	0.598192	2.77795
44058	-1024.914	-1234.372	209.4582	1.64417	0.551848	0.534234	0.465766	3.135017
44064	-1033.219	-1244.488	211.2689	2.302717	1.359675	0.562686	0.437314	0.7517146
44070	-1035.596	-1247.056	211.4603	2.573349	0.9187207	0.607742	0.392258	0.6476772
44076	-1036.329	-1248.143	211.814	2.471427	0.7263302	0.336679	0.663321	0.5654631
44082	-1034.221	-1245.809	211.5885	2.60402	0.7920013	0.495241	0.504759	0.4061637
44088	-1037.541	-1249.129	211.588	2.599649	0.8122529	0.608809	0.391191	0.5243069
44094	-1024.897	-1235.922	211.0246	2.775132	1.145574	0.537509	0.462491	0.3602295
44100	-1016.894	-1227.84	210.9463	3.003014	0.9242003	0.489019	0.510981	0.2968894
44106	-1023.887	-1234.805	210.918	3.003014	0.9242003	0.600597	0.399403	0.2777954
44112	-1029.116	-1241.338	212.2223	2.183591	0.4758515	0.473419	0.526581	0.9457005
44118	-1015.626	-1227.138	211.5117	2.209893	0.4071012	0.385564	0.614436	1.618536
44124	-1000.239	-1211.333	211.0948	2.708673	1.192053	0.694748	0.305252	0.4603202
44130	-1019.658	-1231.509	211.8509	2.484274	0.6928931	0.470359	0.529641	0.4757741
44136	-1003.996	-1215.704	211.7081	2.484274	0.8084895	0.494844	0.505156	0.4799927
44142	-1008.307	-1219.976	211.6683	2.362597	0.9454976	0.358706	0.641294	0.5779257
44148	-1019.079	-1230.484	211.4056	2.459225	1.079873	0.401325	0.598675	0.6632044
44154	-1016.148	-1227.949	211.8	2.324007	0.8319181	0.50723	0.49277	0.6593761
44160	-1034.227	-1245.793	211.5654	2.215453	1.111335	0.471782	0.528218	0.7559596
44166	-1025.911	-1237.96	212.0483	2.188705	0.6840508	0.680663	0.319337	0.7739244
44172	-1027.599	-1239.702	212.1037	2.158297	0.671246	0.354099	0.645901	0.7626189
44178	-1030.912	-1242.871	211.9586	2.158297	0.7191653	0.443965	0.556035	0.8693016
44184	-1032.491	-1244.13	211.6387	2.023222	1.009237	0.55123	0.44877	1.008283
44190	-1044.164	-1255.915	211.751	2.253327	0.5266276	0.55542	0.44458	1.240067
44196	-1037.68	-1249.162	211.4817	2.091157	0.5041227	0.37719	0.62281	1.602119
44202	-1033.323	-1244.039	210.7159	1.675086	0.6924869	0.369272	0.630728	2.217749
44208	-1021.578	-1232.027	210.4497	1.771108	0.6924869	0.348275	0.651725	2.326851
44214	-1018.478	-1228.452	209.9741	1.727839	0.564155	0.69135	0.30865	2.762568
44220	-1008.893	-1218.387	209.4937	1.416396	0.4420103	0.504895	0.495105	3.356698
44226	-1014.021	-1224.082	210.0604	1.692197	0.7757508	0.431522	0.568478	2.555466
44232	-1019.841	-1231.13	211.2896	1.735449	0.9651344	0.546513	0.453487	1.570603
44238	-1007.522	-1219.29	211.7682	1.877978	0.4878445	0.425111	0.574889	1.568329
44244	-1022.402	-1233.868	211.4657	1.946966	0.8831081	0.5466	0.4534	1.341435
44250	-1005.209	-1216.533	211.3241	1.966451	0.744622	0.449972	0.550028	1.558198
44256	-1006.872	-1218.625	211.753	1.845269	0.4857502	0.456606	0.543394	1.605876
44262	-1012.43	-1223.506	211.0755	1.985828	0.5623207	0.456606	0.543394	1.896058
44268	-1025.829	-1237.537	211.7083	1.795094	0.6033359	0.570699	0.429301	1.54087
44274	-1014.286	-1225.301	211.0154	1.751442	0.4756967	0.67885	0.32115	2.183843
44280	-1033.309	-1241.65	208.3408	1.358993	0.6964223	0.528971	0.471029	3.834579
44286	-1025.904	-1236.73	210.8264	1.529381	0.3337187	0.346818	0.653182	2.616125
44292	-1023.355	-1233.167	209.8119	1.574989	0.6176527	0.363376	0.636624	2.906106
44298	-1024.905	-1234.524	209.6187	1.324456	0.7656589	0.597034	0.402966	3.055726
44304	-1024.087	-1233.522	209.4345	1.583325	0.4810736	0.613733	0.386267	3.252991
44310	-1006.258	-1217.161	210.9024	1.653507	0.6168771	0.383365	0.616635	2.177877
44316	-1025.142	-1236.937	211.7954	1.761186	0.5785	0.424358	0.575642	1.528494
44322	-1011.639	-1223.156	211.5176	1.931695	0.7174105	0.435992	0.564008	1.465235
44328	-1017.05	-1228.266	211.2156	1.959347	0.676991	0.679197	0.320803	1.7044
44334	-1021.949	-1233.646	211.6968	1.898558	0.7904899	0.408423	0.591577	1.279329
44340	-1015.059	-1227.096	212.0369	1.84804	0.5588015	0.430326	0.569674	1.297153
44346	-1012.654	-1224.655	212.0013	1.84804	0.5824437	0.430326	0.569674	1.297111
44352	-1027.809	-1239.105	211.2962	1.794649	0.9028176	0.519019	0.480981	1.570427
44358	-1023.939	-1235.138	211.1992	1.564617	0.8813327	0.477559	0.522441	1.819171
44364	-1020.573	-1232.216	211.6433	1.717703	0.7301218	0.427156	0.572844	1.519477
44370	-1024.752	-1236.599	211.8471	1.730858	0.4938059	0.703125	0.296875	1.610766
44376	-1022.796	-1234.682	211.8861	1.625837	0.4938059	0.58977	0.41023	1.658334
44382	-1008.264	-1219.645	211.3815	1.61019	0.479227	0.402069	0.597931	2.032476
44388	-1001.309	-1213.286	211.977	1.792701	0.5587628	0.402069	0.597931	1.389003
44394	-1021.115	-1232.151	211.036	1.845457	1.017488	0.477492	0.522508	1.636632
44400	-1038.536	-1250.374	211.838	2.486371	0.6780994	0.435168	0.564832	0.636253
44406	-1034.54	-1246.658	212.1184	2.28958	0.5517433	0.546783	0.453217	0.7983525
44412	-1013.104	-1225.31	212.2065	1.957381	0.5422275	0.424876	0.575124	1.077888
44418	-1015.936	-1228.034	212.0984	1.911073	0.7550617	0.426924	0.573076	0.9390824
44424	-1007.584	-1219.394	211.8097	2.068209	0.7941298	0.353253	0.646747	1.025075
44430	-1010.27	-1221.66	211.3898	2.126717	0.962674	0.479555	0.520445	1.185463
44436	-1013.888	-1225.309	211.4206	1.995433	1.045514	0.403736	0.596264	1.200817
44442	-1030.733	-1242.255	211.5216	1.905189	0.6458602	0.53263	0.46737	1.553091
44448	-1037.13	-1248.732	211.6028	1.736101	0.711922	0.586297	0.413703	1.553091
44454	-1019.476	-1231.443	211.967	1.813917	0.6162168	0.527155	0.472845	1.312758
44460	-1019.953	-1231.926	211.9725	1.931034	0.7600584	0.495679	0.504321	1.04007
44466	-1022.884	-1234.1	211.2166	1.880689	1.131059	0.428586	0.571414	1.395028
44472	-1023.979	-1235.37	211.3913	1.566594	0.708472	0.460897	0.539103	1.826991
44478	-1013.876	-1224.385	210.5087	1.732202	1.171279	0.454147	0.545853	1.980279
44484	-1001.166	-1213.07	211.9048	1.846913	0.6360827	0.454147	0.545853	1.313752
44490	-1007.133	-1219.333	212.1997	1.846913	0.599077	0.542255	0.457745	1.107046
44496	-1009.551	-1221.18	211.6286	1.980478	0.8556949	0.62922	0.37078	1.204744
44502	-1001.167	-1213.102	211.9356	1.980478	0.804889	0.491215	0.508785	0.9742147
44508	-1000.135	-1211.922	211.7867	2.129308	0.804889	0.404112	0.595888	0.9742147
44514	-1003.252	-1214.673	211.4206	1.943695	1.084894	0.34884	0.65116	1.212943
44520	-1023.008	-1234.469	211.4616	2.023843	1.048682	0.313027	0.686973	1.137521
44526	-1027.208	-1238.163	210.9546	2.023843	1.303129	0.264794	0.735206	1.371762
44532	-1028.859	-1239.636	210.7766	2.185331	1.904843	0.728019	0.271981	1.02095
44538	-1016.94	-1228.088	211.1485	2.237338	1.301791	0.501507	0.498493	1.02095
44544	-1003.866	-1215.105	211.2392	2.018359	1.301791	0.461109	0.538891	1.140434
44550	-1006.914	-1218.517	211.6032	2.018167	0.6582997	0.481322	0.518678	1.392819
44556	-1001.009	-1212.988	211.979	2.045879	0.8196051	0.637239	0.362761	0.8328392
44562	-1010.777	-1222.635	211.8583	2.177467	0.8806903	0.310515	0.689485	0.7203109
44568	-1010.398	-1222.079	211.6806	2.427449	0.8771799	0.301571	0.698429	0.5620297
44574	-1015.457	-1226.844	211.3871	2.469686	1.126289	0.4389	0.5611	0.5694967
44580	-1023.645	-1234.988	211.343	2.4867	1.156127	0.462523	0.537477	0.5694967
44586	-1018.221	-1229.545	211.3239	2.643182	1.010767	0.567063	0.432937	0.4377334
44592	-1012.388	-1223.987	211.599	2.561398	0.8295023	0.496739	0.503261	0.4377334
44598	-1007.719	-1218.993	211.2747	2.595785	1.118815	0.377066	0.622934	0.4696012
44604	-1011.558	-1222.652	211.0947	2.749806	1.118815	0.432579	0.567421	0.3910016
44610	-1018.511	-1230.45	211.9394	2.551949	0.5622544	0.658476	0.341524	0.3884851
44616	-1021.778	-1233.129	211.3509	2.551949	1.069489	0.357474	0.642526	0.5939788
44622	-1029.272	-1240.457	211.1854	2.505796	1.278213	0.40589	0.59411	0.659401
44628	-1012.989	-1224.521	211.5316	2.435994	0.9707595	0.465071	0.534929	0.6718156
44634	-1021.106	-1232.205	211.0988	2.874069	1.01281	0.267234	0.732766	0.4815647
44640	-1000.483	-1212.257	211.7743	2.548998	0.6943815	0.657111	0.342889	0.5784379
44646	-1025.25	-1237.09	211.8401	2.411733	0.7557442	0.705764	0.294236	0.5502461
44652	-1031.381	-1242.961	211.5807	2.672576	0.7557442	0.408796	0.591204	0.460648
44658	-1032.691	-1244.148	211.4571	2.672576	0.8321933	0.408796	0.591204	0.3774306
44664	-1033.308	-1244.937	211.6294	2.672576	0.6830138	0.377307	0.622693	0.3613757
44670	-1032.73	-1244.042	211.3123	2.69175	0.9797036	0.413184	0.586816	0.4641871
44676	-1012.69	-1224.204	211.5147	2.498268	0.967828	0.413184	0.586816	0.5560605
44682	-1006.041	-1217.893	211.852	2.498268	0.6746273	0.395174	0.604826	0.5751482
44688	-1021.91	-1233.427	211.5171	2.450744	1.010022	0.418812	0.581188	0.5679664
44694	-1013.488	-1225.317	211.829	2.437432	0.7044741	0.228755	0.771245	0.6843553
44700	-1014.99	-1226.427	211.4371	2.412648	1.00307	0.224417	0.775583	0.8045762
44706	-1018.124	-1229.412	211.2874	2.342426	1.099957	0.35815	0.64185	0.9520716
44712	-1007.868	-1219.034	211.1657	2.162458	1.175629	0.447958	0.552042	1.172787
44718	-1011.223	-1222.926	211.7038	2.008967	0.8065546	0.471472	0.528528	1.163806
44724	-997.6944	-1209.241	211.5466	2.008967	0.9417517	0.381733	0.618267	1.170374
44730	-1016.821	-1227.646	210.8245	2.150032	1.470702	0.379181	0.620819	1.269691
44736	-1027.399	-1238.962	211.5628	2.010528	0.7525277	0.428415	0.571585	1.334425
44742	-1031.511	-1242.012	210.5012	3.029715	1.388784	0.452858	0.547142	0.2980242
44748	-1019.893	-1230.771	210.8785	3.030337	0.9590776	0.427644	0.572356	0.2939678
44754	-1020.33	-1231.29	210.9593	3.005531	0.9019396	0.527549	0.472451	0.2909511
44760	-1026.635	-1237.727	211.0923	2.676603	1.224425	0.364306	0.635694	0.4333743
44766	-1029.005	-1240.642	211.6371	2.553874	0.8098133	0.513829	0.486171	0.5189667
44772	-1037.199	-1248.509	211.3096	2.606778	1.049783	0.465216	0.534784	0.4042953
44778	-1022.272	-1233.559	211.287	2.602475	1.099741	0.55359	0.44641	0.5183768
44784	-1013.761	-1225.552	211.7914	2.165565	0.4172273	0.528183	0.471817	1.429041
44790	-1022.042	-1234.12	212.0784	1.902651	0.3688204	0.547276	0.452724	1.482663
44796	-1019.131	-1230.653	211.5222	1.836361	0.5006908	0.336344	0.663656	1.758701
44802	-1027.973	-1239.245	211.2716	1.973753	0.674499	0.488143	0.511857	1.656679
44808	-1030.449	-1242.515	212.0665	1.872946	0.3534037	0.409514	0.590486	1.537553
44814	-1020.966	-1232.18	211.2135	1.848758	0.4345194	0.396901	0.603099	2.037905
44820	-1017.371	-1229.209	211.8377	1.910667	0.3794543	0.514874	0.485126	1.63816
44826	-1013.018	-1224.406	211.388	2.117735	0.4829776	0.446579	0.553421	1.675806
44832	-1000.899	-1213.311	212.4118	2.131761	0.2619727	0.492493	0.507507	1.228412
44838	-1006.294	-1218.44	212.1457	2.14134	0.2848995	0.263719	0.736281	1.390238
44844	-1023.731	-1235.267	211.5355	2.046753	0.6900229	0.279171	0.720829	1.390238
44850	-1006.223	-1216.69	210.4667	1.807253	0.5129309	0.547087	0.452913	2.458446
44856	-1007.278	-1217.567	210.2889	1.408903	0.5111667	0.458701	0.541299	2.815865
44862	-1014.412	-1225.146	210.7339	1.461091	0.4816169	0.20395	0.79605	2.540283
44868	-1017.151	-1227.792	210.6414	1.299075	0.4282631	0.30622	0.69378	2.75532
44874	-1021.579	-1230.781	209.202	1.545179	0.6928398	0.518856	0.481144	3.22694
44880	-1018.028	-1228.446	210.4175	1.651188	0.5584788	0.518856	0.481144	2.541905
44886	-1014.494	-1223.496	209.002	1.437254	0.7253529	0.392397	0.607603	3.383682
44892	-1034.885	-1244.171	209.2857	1.571036	0.7797112	0.540788	0.459212	3.097117
44898	-1019.576	-1229.171	209.5951	1.383999	0.3668072	0.536594	0.463406	3.400791
44904	-1031.178	-1242.57	211.3927	1.406219	0.3668072	0.322619	0.677381	2.294034
44910	-1015.836	-1227.086	211.25	1.639977	0.6582839	0.350199	0.649801	1.918694
44916	-1008.653	-1220.143	211.4904	1.849042	0.4471968	0.555441	0.444559	1.835579
44922	-1023.739	-1235.358	211.6188	1.995145	0.3867164	0.481154	0.518846	1.72358
44928	-1016.054	-1227.45	211.3962	1.913803	0.3652362	0.481154	0.518846	1.961884
44934	-1015.656	-1226.581	210.9246	1.758526	0.5571832	0.622038	0.377962	2.152519
44940	-1020.279	-1231.354	211.0747	1.758526	0.415357	0.4137	0.5863	2.210864
44946	-1029.134	-1240.306	211.1729	1.798902	0.4915699	0.441319	0.558681	2.031858
44952	-1058.394	-1270.222	211.8287	2.288208	0.4234639	0.560726	0.439274	1.293406
44958	-1034.989	-1246.285	211.2964	1.959337	0.5683318	0.560726	0.439274	1.755898
44964	-1027.868	-1239.77	211.9024	2.290691	0.5202704	0.567899	0.432101	1.083075
44970	-1008.58	-1220.039	211.4593	2.254358	0.8847464	0.550221	0.449779	1.083075
44976	-1005.652	-1217.56	211.9079	2.184822	0.3935954	0.511408	0.488592	1.358402
44982	-1021.777	-1233.825	212.0475	2.172955	0.492172	0.566236	0.433764	1.100358
44988	-1025.278	-1236.931	211.6533	2.241414	0.6117237	0.534631	0.465369	1.224094
44994	-1029.224	-1240.913	211.6898	2.133756	0.4807958	0.487697	0.512303	1.444446
45000	-1025.449	-1237.365	211.9156	2.209929	0.5323238	0.45798	0.54202	1.127286
45006	-1013.244	-1224.811	211.5663	2.235419	0.5323238	0.576488	0.423512	1.396127
45012	-1013.266	-1224.948	211.6813	2.346194	0.4494625	0.473275	0.526725	1.32751
45018	-1018.192	-1230.006	211.8142	2.251944	0.4785143	0.51179	0.48821	1.2547
45024	-1025.198	-1237.206	212.0088	2.013699	0.5455059	0.318031	0.681969	1.199456
45030	-1021.764	-1233.156	211.3918	2.071106	0.9476997	0.365556	0.634444	1.244177
45036	-1027.814	-1239.416	211.6017	2.071106	0.626285	0.495233	0.504767	1.387296
45042	-1023.702	-1235.507	211.8051	2.056841	0.3949935	0.446323	0.553677	1.532829
45048	-1024.688	-1236.429	211.7411	2.056841	0.5435559	0.447487	0.552513	1.385254
45054	-1036.714	-1247.958	211.244	1.763541	0.3442195	0.487277	0.512723	2.190043
45060	-1026.446	-1237.134	210.6874	1.582695	0.385983	0.399548	0.600452	2.602192
45066	-1014.681	-1225.562	210.8809	1.600115	0.4572569	0.399548	0.600452	2.387292
45072	-1016.361	-1225.95	209.5895	1.882675	0.9200156	0.496559	0.503441	2.627988
45078	-1022.174	-1233.769	211.5957	1.887438	0.6140237	0.542843	0.457157	1.544497
45084	-1011.556	-1222.918	211.3626	1.853736	0.5426253	0.397602	0.602398	1.810741
45090	-1017.435	-1228.336	210.9008	1.817158	0.4990642	0.381901	0.618099	2.189993
45096	-1026.259	-1236.766	210.5073	1.82259	0.6061981	0.452579	0.547421	2.332948
45102	-1028.804	-1239.44	210.6364	1.744275	0.6479385	0.523687	0.476313	2.262951
45108	-1032.759	-1243.893	211.1333	1.760815	0.5772072	0.476949	0.523051	1.993513
45114	-1015.831	-1227.411	211.5801	2.023021	0.4869009	0.476949	0.523051	1.600902
45120	-1017.33	-1228.008	210.6782	1.82107	0.8875057	0.433904	0.566096	1.993949
45126	-1024.042	-1235.413	211.3705	1.844643	0.5081038	0.546555	0.453445	1.8495
45132	-1031.942	-1243.454	211.5126	1.881533	0.639005	0.502331	0.497669	1.584056
45138	-1028.933	-1240.276	211.3432	1.917785	0.7003371	0.484514	0.515486	1.620896
45144	-1029.33	-1240.598	211.2677	2.1252	0.5349029	0.536378	0.463622	1.695705
45150	-1018.161	-1229.609	211.4482	2.011153	0.4386962	0.65869	0.34131	1.76311
45156	-1024.182	-1235.688	211.5062	1.953235	0.4386962	0.401386	0.598614	1.76311
45162	-1027.52	-1238.848	211.3279	1.967156	0.4552348	0.425859	0.574141	1.856267
45168	-1035.071	-1245.921	210.8506	1.774602	0.3766827	0.375445	0.624555	2.391729
45174	-1041.12	-1251.968	210.8485	1.800695	0.5985945	0.537034	0.462966	2.134355
45180	-1029.081	-1240.213	211.1319	1.800695	0.5057438	0.537034	0.462966	2.042285
45186	-1037.443	-1247.877	210.4341	1.975877	0.7685208	0.46264	0.53736	2.143221
45192	-1037.759	-1249.132	211.3725	2.975527	0.6015259	0.312066	0.687934	0.2974782
45198	-1032.367	-1243.273	210.9058	2.975527	0.9632172	0.484501	0.515499	0.2784566
45204	-1026.415	-1237.368	210.9526	2.975527	0.9632172	0.475519	0.524481	0.312138
45210	-1043.329	-1254.74	211.4108	2.010196	0.8337532	0.276859	0.723141	1.378616
45216	-1017.846	-1229.238	211.3923	1.759999	0.3988818	0.391078	0.608922	2.022487
45222	-1017.268	-1227.977	210.7089	1.940267	0.9558374	0.384386	0.615614	1.843388
45228	-1003.411	-1214.905	211.4938	2.270448	0.9558374	0.432731	0.567269	0.9592345
45234	-1003.263	-1214.081	210.8183	2.055985	1.519112	0.488717	0.511283	1.322283
45240	-1018.167	-1229.239	211.0717	1.97189	1.299615	0.755163	0.244837	1.322283
45246	-1007.438	-1218.247	210.8085	1.853241	0.9692914	0.290535	0.709465	1.825254
45252	-1010.127	-1221.522	211.3954	1.834997	0.8534598	0.574656	0.425344	1.507343
45258	-1015.571	-1226.853	211.2823	1.7332	0.8185169	0.458477	0.541523	1.692818
45264	-1014.671	-1225.751	211.0808	2.660221	1.257827	0.600738	0.399262	0.4347736
45270	-1020.859	-1231.416	210.5574	2.913137	1.595887	0.36548	0.63452	0.4042776
45276	-1011.776	-1222.394	210.618	2.827084	1.662817	0.582311	0.417689	0.4871665
45282	-1007.024	-1218.554	211.5295	2.634335	0.8278997	0.395498	0.604502	0.4434998
45288	-1015.488	-1226.548	211.0605	2.683634	1.260317	0.395498	0.604502	0.4558915
45294	-1006.934	-1218.032	211.0975	2.694175	1.209089	0.3892	0.6108	0.4897481
45300	-1015.261	-1225.946	210.6848	2.81104	1.588298	0.468052	0.531948	0.4780701
45306	-1012.82	-1223.943	211.1229	2.656315	1.223736	0.566883	0.433117	0.5050521
45312	-1020.205	-1231.174	210.9694	2.800791	1.223736	0.543879	0.456121	0.4356498
45318	-1009.866	-1220.859	210.9934	2.637635	1.397856	0.391647	0.608353	0.5584253
45324	-1015.145	-1226.393	211.2479	2.637635	1.101871	0.580272	0.419728	0.5365424
45330	-1020.751	-1231.864	211.113	2.784673	1.091557	0.388947	0.611053	0.4943786
45336	-1025.788	-1236.962	211.174	2.825904	0.9858019	0.531238	0.468762	0.4819093
45342	-1032.997	-1243.845	210.8476	1.58557	0.742464	0.553947	0.446053	2.148965
45348	-1032.969	-1243.979	211.0096	1.693462	0.5649758	0.449418	0.550582	2.131801
45354	-995.2511	-1206.762	211.511	2.274016	1.017727	0.540357	0.459643	0.8670946
45360	-1004.941	-1216.58	211.6392	2.229555	0.9910383	0.449747	0.550253	0.7953869
45366	-998.1422	-1209.378	211.236	1.972478	0.9444063	0.448571	0.551429	1.449449
45372	-1000.12	-1211.551	211.4307	2.120757	0.4085865	0.463064	0.536936	1.737752
45378	-1000.673	-1212.231	211.5586	2.284168	0.5670702	0.480048	0.519952	1.321131
45384	-1014.154	-1225.889	211.735	2.284168	0.5926682	0.423412	0.576588	1.1402
45390	-1006.291	-1218.479	212.1878	2.22668	0.356975	0.41359	0.58641	1.151896
45396	-1019.401	-1231.206	211.8053	2.286724	0.4129698	0.380484	0.619516	1.329383
45402	-996.7295	-1207.11	210.3807	1.797356	0.6615488	0.424978	0.575022	2.380217
45408	-1009.558	-1219.433	209.8752	1.45489	0.6615488	0.549746	0.450254	2.903539
45414	-1003.988	-1214.735	210.7468	1.505415	0.531666	0.549746	0.450254	2.453247
45420	-1020.171	-1229.811	209.6404	1.672822	0.531666	0.465279	0.534721	3.027992
45426	-1015.821	-1226.217	210.3964	1.50689	0.4388977	0.465279	0.534721	2.766182
45432	-1020.595	-1231.643	211.0474	1.565267	0.5667019	0.465279	0.534721	2.188909
45438	-1019.101	-1230.331	211.2306	1.752121	0.6382145	0.389425	0.610575	1.874452
45444	-1013.349	-1224.375	211.0264	1.852084	0.5972695	0.680836	0.319164	1.984167
45450	-1019.819	-1231.064	211.2448	1.852084	0.5038294	0.5206	0.4794	1.934635
45456	-1040.964	-1251.22	210.2557	1.587799	0.5940394	0.317449	0.682551	2.64839
45462	-1021.945	-1232.273	210.3281	1.684923	0.5191631	0.514845	0.485155	2.614668
45468	-1025.429	-1235.84	210.4117	1.684835	0.4691445	0.478166	0.521834	2.614668
45474	-1023.368	-1234.159	210.7908	1.658126	0.5131717	0.234439	0.765561	2.34777
45480	-1030.847	-1241.872	211.0251	1.808835	0.3960533	0.562532	0.437468	2.234176
45486	-1027.192	-1237.851	210.659	1.721279	0.4764331	0.350943	0.649057	2.429888
45492	-1017.94	-1228.441	210.5013	1.573914	0.6795014	0.523358	0.476642	2.429888
45498	-1018.361	-1228.488	210.1271	1.567641	1.091803	0.544974	0.455026	2.381934
45504	-1022.498	-1232.584	210.0861	1.626439	1.150959	0.544974	0.455026	2.336187
45510	-1039.454	-1251.251	211.7968	2.106072	0.6089736	0.477648	0.522352	1.220529
45516	-1034.862	-1246.507	211.6445	2.383915	0.8673052	0.438841	0.561159	0.7547586
45522	-1010.45	-1222.199	211.7495	2.383915	0.7765902	0.579222	0.420778	0.7547586
45528	-1013.023	-1224.945	211.9222	2.358306	0.6928536	0.686647	0.313353	0.686274
45534	-1007.311	-1219.38	212.0693	2.475642	0.5347878	0.680083	0.319917	0.6016503
45540	-1005.873	-1217.332	211.4591	2.533921	0.9866884	0.682219	0.317781	0.5598186
45546	-1021.386	-1232.725	211.3391	2.653951	0.9866884	0.335127	0.664873	0.4444259
45552	-1022.39	-1233.511	211.1212	2.653951	1.224785	0.534927	0.465073	0.5414681
45558	-1013.058	-1223.891	210.833	2.671501	1.560142	0.443045	0.556955	0.5824244
45564	-1018.829	-1230.269	211.4405	2.671501	0.8799893	0.44734	0.55266	0.4932278
45570	-1006.596	-1217.812	211.2165	2.756345	1.000068	0.415668	0.584332	0.4226594
45576	-1012.255	-1223.345	211.0902	2.756345	1.116739	0.558931	0.441069	0.391126
45582	-1028.506	-1239.25	210.7448	2.894212	1.360134	0.381881	0.618119	0.391126
45588	-1023.994	-1234.874	210.8799	2.770786	1.376645	0.347223	0.652777	0.4612003
45594	-1016.035	-1226.74	210.7052	2.89781	1.434442	0.669258	0.330742	0.4463436
45600	-1015.097	-1226.864	211.7668	2.034164	0.5489964	0.475931	0.524069	1.376309
45606	-1031.507	-1242.86	211.353	1.932703	0.7471791	0.549625	0.450375	1.559428
45612	-1036.871	-1248.707	211.8368	1.77479	0.5483946	0.648091	0.351909	1.521645
45618	-1026.669	-1237.569	210.9	1.844519	0.5072425	0.298439	0.701561	2.164064
45624	-1019.781	-1230.682	210.9013	1.687356	0.4878969	0.439752	0.560248	2.285278
45630	-1018.754	-1229.598	210.8437	1.891062	0.7806777	0.507359	0.492641	1.91796
45636	-1029.817	-1241.367	211.5501	1.881049	0.4187243	0.507359	0.492641	1.80822
45642	-1013.673	-1224.109	210.4367	1.575661	0.5781128	0.536685	0.463315	2.558499
45648	-1020.291	-1231.66	211.3692	1.594116	0.4382145	0.700601	0.299399	2.098713
45654	-1018.13	-1229.015	210.8855	1.588643	0.4819073	0.482131	0.517869	2.364666
45660	-1025.4	-1234.134	208.7332	1.594585	0.3333826	0.482131	0.517869	3.819735
45666	-1025.047	-1235.271	210.2234	1.513554	0.6680613	0.419467	0.580533	2.650084
45672	-1005.387	-1216.434	211.0466	1.556374	0.6359765	0.674492	0.325508	2.129727
45678	-1009.787	-1221.261	211.4743	1.852123	0.4147612	0.674492	0.325508	1.885137
45684	-1017.43	-1229.039	211.6095	1.781165	0.4260512	0.42849	0.57151	1.826793
45690	-1010.92	-1222.483	211.564	1.808958	0.434904	0.541617	0.458383	1.82781
45696	-1019.297	-1231.038	211.7404	1.846323	0.5539912	0.352707	0.647293	1.533715
45702	-1018.703	-1230.191	211.4879	1.877316	0.6748127	0.429778	0.570222	1.569449
45708	-1023.648	-1235.205	211.5566	2.136033	0.7028489	0.358529	0.641471	1.288782
45714	-1018.13	-1229.859	211.7292	2.217829	0.4274141	0.571393	0.428607	1.42212
45720	-1010.858	-1222.452	211.5943	2.1273	0.56233	0.55644	0.44356	1.42212
45726	-1021.625	-1231.861	210.2358	1.763895	0.801725	0.445734	0.554266	2.381082
45732	-1018.752	-1229.606	210.8539	1.863254	0.4206219	0.237821	0.762179	2.279185
45738	-1018.274	-1228.836	210.5621	1.713934	0.3881556	0.365757	0.634243	2.595897
45744	-1029.703	-1239.799	210.0962	1.731714	0.4779397	0.563894	0.436106	2.770292
45750	-1012.747	-1223.755	211.0072	1.827091	0.5300314	0.563894	0.436106	2.081278
45756	-1013.465	-1223.826	210.3612	1.676218	0.565371	0.544003	0.455997	2.554791
45762	-1022.662	-1234.63	211.968	1.894558	0.5745967	0.466445	0.533555	1.295896
45768	-1025.017	-1236.682	211.6654	1.930483	0.5036685	0.458747	0.541253	1.585855
45774	-1011.146	-1221.766	210.6202	1.750314	0.3961144	0.534989	0.465011	2.52751
45780	-1011.437	-1222.943	211.5064	2.059264	0.4268959	0.397035	0.602965	1.703601
45786	-1014.684	-1226.419	211.7353	2.260423	0.6461789	0.585401	0.414599	1.092496
45792	-1019.867	-1231.628	211.7605	2.260423	0.5359408	0.385428	0.614572	1.213642
45798	-1016.597	-1228.431	211.8343	2.080656	0.4266741	0.456389	0.543611	1.447764
45804	-1030.421	-1242.235	211.8141	2.080656	0.3824507	0.344934	0.655066	1.526736
45810	-1019.372	-1231.149	211.7774	2.075206	0.4617367	0.527964	0.472036	1.447377
45816	-1030.038	-1241.475	211.4364	2.241687	0.5380198	0.527964	0.472036	1.483956
45822	-1018.469	-1230.146	211.6775	1.950612	0.6306239	0.432717	0.567283	1.417271
45828	-1021.531	-1232.898	211.3666	1.950612	0.8780589	0.434673	0.565327	1.420654
45834	-1019.892	-1231.628	211.736	1.975712	0.6846279	0.400739	0.599261	1.292736
45840	-1029.829	-1241.698	211.8686	2.222212	0.4096361	0.523741	0.476259	1.335413
45846	-1021.673	-1233.429	211.7557	2.29518	0.3753295	0.400936	0.599064	1.41932
45852	-1013.804	-1224.835	211.0313	2.130999	0.4729419	0.422867	0.577133	1.9255
45858	-1023.217	-1234.337	211.1203	2.024468	0.4832468	0.576103	0.423897	1.9255
45864	-1020.571	-1231.411	210.8408	1.994086	0.6882194	0.686317	0.313683	1.928833
45870	-1030.729	-1241.079	210.3506	1.659619	0.5762129	0.686317	0.313683	2.561538
45876	-1017.682	-1228.911	211.2285	1.811123	0.5997196	0.488448	0.511552	1.873011
45882	-1007.334	-1218.979	211.6446	1.942191	0.3771599	0.440802	0.559198	1.755927
45888	-1018.744	-1230.277	211.5332	1.942191	0.4082255	0.611584	0.388416	1.791264
45894	-1032.509	-1244.371	211.8619	2.066271	0.2658735	0.269422	0.730578	1.690986
45900	-1037.004	-1247.834	210.8305	2.048556	0.3587768	0.251745	0.748255	2.253218
45906	-1032.642	-1244.739	212.0971	2.32817	0.3847923	0.251745	0.748255	1.091249
45912	-1035.46	-1247.643	212.1831	1.95197	0.369027	0.520995	0.479005	1.363565
45918	-1047.321	-1258.398	211.0762	2.246205	0.6128533	0.433489	0.566511	1.662495
45924	-1025.679	-1237.189	211.5099	2.019252	0.5269844	0.521898	0.478102	1.606963
45930	-1022.881	-1234.217	211.3354	2.061836	0.761109	0.383779	0.616221	1.463241
45936	-1032.676	-1243.964	211.288	2.061836	0.761109	0.307071	0.692929	1.499077
45942	-1018.081	-1229.888	211.8075	2.061836	0.5772279	0.453664	0.546336	1.287165
45948	-1015.401	-1227.055	211.6544	2.022979	0.7745917	0.567172	0.432828	1.226882
45954	-1007.563	-1219.237	211.6742	2.022979	0.6218087	0.467702	0.532298	1.373148
45960	-1018.774	-1230.042	211.2678	1.885233	0.7181735	0.453322	0.546678	1.681813
45966	-1016.237	-1227.616	211.3791	1.898419	0.4615865	0.442802	0.557198	1.860604
45972	-1009.724	-1220.548	210.824	1.477505	0.4745538	0.442802	0.557198	2.481359
45978	-1026.624	-1234.087	207.4622	1.344068	0.676304	0.643958	0.356042	4.358645
45984	-1032.64	-1242.258	209.6178	1.476796	0.6540238	0.44973	0.55027	3.051243
45990	-1041.071	-1251.486	210.4154	1.54256	0.8254787	0.421243	0.578757	2.390001
45996	-1042.223	-1251.954	209.7308	1.437433	0.8278157	0.561456	0.438544	2.876066
46002	-1036.89	-1246.96	210.0703	1.530319	0.4223517	0.545693	0.454307	2.967879
46008	-1035.067	-1244.984	209.9171	1.700174	0.7232893	0.545693	0.454307	2.67929
46014	-1011.053	-1219.826	208.7734	1.540257	0.4067041	0.545693	0.454307	3.741938
46020	-1014.944	-1225.285	210.341	1.418144	0.411358	0.545693	0.454307	2.884671
46026	-1019.372	-1231.158	211.7864	1.778965	0.5316025	0.545693	0.454307	1.575232
46032	-1015.978	-1227.286	211.3078	1.76847	0.4297313	0.615297	0.384703	2.034419
46038	-1040.632	-1251.545	210.9124	1.794215	0.4784145	0.396411	0.603589	2.2198
46044	-1023.324	-1233.965	210.6417	1.660437	0.3198125	0.601902	0.398098	2.668138
46050	-1021.39	-1232.151	210.7609	1.683364	0.5210042	0.394218	0.605782	2.342682
46056	-1019.462	-1230.647	211.1847	1.739716	0.5509134	0.423419	0.576581	1.999965
46062	-1026.005	-1237.05	211.0454	1.739716	0.6144927	0.514418	0.485582	2.029799
46068	-1025.03	-1234.863	209.8329	1.527209	0.5374904	0.358737	0.641263	2.994385
46074	-1030.865	-1242.034	211.1694	1.805813	0.9293789	0.581458	0.418542	1.633897
46080	-1011.381	-1223.803	212.4222	1.647611	0.4055304	0.354691	0.645309	1.358293
46086	-1000.664	-1212.357	211.6925	1.659365	0.4960231	0.416137	0.583863	1.768786
46092	-1003.346	-1214.77	211.4239	1.652673	0.6819765	0.419904	0.580096	1.768786
46098	-1014.357	-1225.915	211.5589	1.655273	0.8123377	0.5735	0.4265	1.554432
46104	-1015.297	-1226.894	211.5974	1.75305	0.5967211	0.587251	0.412749	1.659152
46110	-1007.145	-1218.689	211.5434	1.678918	0.6277808	0.467406	0.532594	1.718558
46116	-1027.244	-1238.965	211.7215	1.906118	0.3862686	0.560544	0.439456	1.714576
46122	-1038.5	-1250.698	212.198	1.924662	0.4739108	0.460464	0.539536	1.213766
46128	-1042.571	-1254.488	211.9166	1.913067	0.4918362	0.524577	0.475423	1.425462
46134	-1024.867	-1234.908	210.0413	1.445082	0.8419054	0.391679	0.608321	2.672172
46140	-1021.884	-1233.318	211.4341	2.061304	0.9449007	0.485275	0.514725	1.219331
46146	-1020.756	-1232.015	211.2586	2.024442	0.7607217	0.288601	0.711399	1.549113
46152	-1019.966	-1230.903	210.9368	2.024442	0.6499287	0.598741	0.401259	1.878092
46158	-1017.048	-1227.605	210.5567	2.024442	1.160041	0.653424	0.346576	1.754707
46164	-1022.039	-1233.024	210.9853	2.119228	0.8728188	0.52076	0.47924	1.58442
46170	-1023.784	-1234.05	210.2658	1.804778	0.8728188	0.52076	0.47924	2.28431
46176	-1031.523	-1241.623	210.1004	1.739378	0.8519649	0.554038	0.445962	2.445472
46182	-1026.275	-1236.67	210.395	1.708897	0.6708671	0.348649	0.651351	2.419134
46188	-1022.281	-1234.105	211.8242	2.068651	0.4889653	0.522163	0.477837	1.380117
46194	-1021.418	-1233.232	211.8137	1.907722	0.5565483	0.484431	0.515569	1.429022
46200	-1022.015	-1232.562	210.5466	1.546423	0.8182093	0.484431	0.515569	2.309567
46206	-1022.06	-1232.8	210.7403	1.682835	0.7894727	0.418911	0.581089	2.118117
46212	-1021.356	-1230.815	209.4594	1.524493	0.6755316	0.565899	0.434101	3.099992
46218	-1023.767	-1234.501	210.7342	1.881206	0.4054488	0.525233	0.474767	2.362278
46224	-1019.66	-1230.613	210.9528	1.753122	0.3598957	0.603881	0.396119	2.362278
46230	-1021.49	-1231.799	210.3088	1.531031	0.7546405	0.341719	0.658281	2.517202
46236	-1028.696	-1238.879	210.1824	1.742465	1.316899	0.386957	0.613043	2.107695
46242	-1023.584	-1234.87	211.2855	1.586021	0.5761506	0.466835	0.533165	2.009611
46248	-1013.211	-1224.506	211.2945	1.816045	0.7972916	0.466835	0.533165	1.642647
46254	-1023.747	-1234.528	210.7803	1.825729	0.7284554	0.492835	0.507165	2.047027
46260	-1012.77	-1223.741	210.9709	1.684207	0.6143873	0.458127	0.541873	2.115557
46266	-1023.438	-1234.316	210.8788	1.713729	0.7286172	0.417256	0.582744	2.055835
46272	-1021.371	-1232.672	211.3005	1.927182	0.6212376	0.287793	0.712207	1.721268
46278	-1013.917	-1224.481	210.564	1.547741	0.5987335	0.592514	0.407486	2.477498
46284	-1011.286	-1222.528	211.2423	2.319648	1.252313	0.569285	0.430715	0.8780421
46290	-1015.058	-1224.292	209.2347	1.600554	0.4429466	0.57704	0.42296	3.399624
46296	-1032.829	-1242.173	209.3439	1.603724	0.5694191	0.57704	0.42296	3.210934
46302	-1031.603	-1242.526	210.9229	1.551249	0.4056425	0.57704	0.42296	2.451207
46308	-1028.109	-1239.364	211.2543	1.745695	0.6351951	0.391439	0.608561	1.865556
46314	-1017.854	-1229.309	211.4549	2.069455	0.6641925	0.371945	0.628055	1.461374
46320	-1025.754	-1236.361	210.6063	2.222205	1.140111	0.425017	0.574983	1.591016
46326	-1005.411	-1216.669	211.258	1.878358	0.5499954	0.425017	0.574983	1.85784
46332	-1015.975	-1227.145	211.1699	1.970197	0.5548751	0.566557	0.433443	1.850157
46338	-1032.758	-1245.009	212.251	1.973435	0.3441717	0.595125	0.404875	1.333649
46344	-1022.866	-1233.761	210.8952	1.704026	0.9580254	0.42604	0.57396	1.876013
46350	-1015.448	-1225.439	209.991	1.704026	0.6760644	0.398177	0.601823	2.669275
46356	-1026.434	-1237.339	210.9056	1.994976	0.9017206	0.441003	0.558997	1.708232
46362	-1014.238	-1224.798	210.5603	1.797441	1.064702	0.426911	0.573089	1.96769
46368	-1014.589	-1224.96	210.3709	1.797441	0.8837626	0.455042	0.544958	2.213744
46374	-1036.243	-1247.78	211.5372	1.847819	0.6070152	0.618266	0.381734	1.623553
46380	-1027.458	-1239.013	211.5557	1.868014	0.6070152	0.477831	0.522169	1.5955
46386	-1036.147	-1247.083	210.9367	1.690708	0.6423485	0.568185	0.431815	2.107925
46392	-1038.533	-1249.861	211.3277	1.900608	0.5166745	0.315171	0.684829	1.830866
46398	-1045.71	-1257.756	212.0465	2.156839	0.3647772	0.522389	0.477611	1.316041
46404	-1031.345	-1243.164	211.8196	1.997791	0.3561035	0.512974	0.487026	1.622723
46410	-1028.334	-1240.001	211.6666	2.04563	0.3930081	0.43651	0.56349	1.644901
46416	-1017.819	-1229.797	211.9778	2.179028	0.3930081	0.508015	0.491985	1.307993
46422	-1010.414	-1222.403	211.989	1.992436	0.3379822	0.568053	0.431947	1.53071
46428	-1015.948	-1228.352	212.4044	1.715277	0.336159	0.568053	0.431947	1.42926
46434	-1013.884	-1225.209	211.325	1.84649	0.5122	0.383971	0.616029	1.874744
46440	-1015.008	-1226.529	211.5215	1.808704	0.3865757	0.474869	0.525131	1.919389
46446	-1008.812	-1220.062	211.2499	1.799584	0.3865757	0.444118	0.555882	2.10616
46452	-1001.165	-1213.01	211.8455	1.874642	0.6169347	0.594661	0.405339	1.360506
46458	-1012.975	-1224.659	211.6831	1.947778	0.4224956	0.351007	0.648993	1.663005
46464	-1017.41	-1229.065	211.6546	1.848704	0.3199799	0.485693	0.514307	1.896756
46470	-1000.465	-1211.781	211.316	1.880948	0.5928133	0.509397	0.490603	1.771489
46476	-1028.648	-1240.028	211.38	1.654452	0.5928133	0.509397	0.490603	1.883407
46482	-1023.877	-1234.527	210.6503	1.636026	0.6155666	0.376668	0.623332	2.35211
46488	-1031.921	-1243.104	211.1828	1.718633	0.835573	0.453022	0.546978	1.759256
46494	-1016.568	-1228.726	212.1581	2.374802	0.5328992	0.456877	0.543123	0.6402729
46500	-1023.602	-1234.839	211.2373	2.575981	1.147255	0.398351	0.601649	0.6402729
46506	-1035.9	-1247.703	211.8029	2.575981	0.657364	0.494285	0.505715	0.5512382
46512	-1036.115	-1248.138	212.023	2.348146	0.6615138	0.51477	0.48523	0.5618706
46518	-1026.839	-1238.822	211.9827	2.228357	0.6615138	0.446475	0.553525	0.8472171
46524	-1036.504	-1248.587	212.0833	2.228357	0.6615138	0.496682	0.503318	0.7051653
46530	-1041.648	-1253.376	211.7275	2.352065	0.736184	0.47751	0.52249	0.887613
46536	-1021.695	-1232.908	211.2135	1.97096	1.03773	0.499587	0.500413	1.395503
46542	-1012.374	-1223.974	211.6002	2.077446	0.6071905	0.499587	0.500413	1.404739
46548	-1010.551	-1221.939	211.3879	2.077446	0.6565725	0.533321	0.466679	1.513617
46554	-1009.316	-1220.941	211.6254	2.110306	0.3613029	0.317961	0.682039	1.673623
46560	-1022.021	-1233.221	211.1995	1.99732	0.7184852	0.23096	0.76904	1.650234
46566	-1000.078	-1211.622	211.5445	2.066927	0.4744619	0.410588	0.589412	1.610226
46572	-1016.773	-1229.12	212.3471	2.031865	0.4858642	0.511462	0.488538	0.9561977
46578	-1029.812	-1241.696	211.884	2.127467	0.684136	0.433844	0.566156	1.029131
46584	-1026.041	-1237.841	211.7998	2.130574	0.729756	0.47907	0.52093	1.050458
46590	-1036.605	-1248.233	211.6275	2.16027	0.3760358	0.603265	0.396735	1.614676
46596	-1026.691	-1236.763	210.0718	1.548539	0.3966718	0.677146	0.322854	2.985319
46602	-1025.348	-1237.079	211.7306	2.514776	0.7571693	0.517997	0.482003	0.5717508
46608	-1027.717	-1239.047	211.3298	2.567745	1.081701	0.509111	0.490889	0.5717508
46614	-1018.493	-1229.767	211.2739	2.567745	1.149078	0.370108	0.629892	0.4605616
46620	-1036.92	-1248.163	211.2433	1.594252	0.6491165	0.369133	0.630867	1.962412
46626	-1027.936	-1238.434	210.4982	1.436212	0.3831908	0.396234	0.603766	2.811493
46632	-1005.226	-1215.471	210.2455	1.448219	0.5180987	0.421062	0.578938	2.811493
46638	-1013.152	-1222.423	209.271	1.416466	0.6245002	0.355866	0.644134	3.317093
46644	-1009.855	-1220.848	210.9933	1.44294	0.444076	0.439497	0.560503	2.430327
46650	-1002.947	-1213.062	210.1152	1.52241	0.6230281	0.362087	0.637913	2.749172
46656	-1015.758	-1226.49	210.7321	1.763744	0.6041743	0.42888	0.57112	2.228567
46662	-1020.841	-1232.192	211.3515	1.898251	0.5288443	0.470105	0.529895	1.802632
46668	-1011.041	-1222.054	211.0128	1.951739	0.4102874	0.482428	0.517572	2.131799
46674	-1011.388	-1222.029	210.6418	1.832998	0.4434558	0.499257	0.500743	2.406737
46680	-1008.574	-1218.717	210.1423	1.675879	0.3701891	0.610779	0.389221	2.897745
46686	-1013.62	-1224.434	210.8141	1.907186	0.3725049	0.582689	0.417311	2.336123
46692	-994.1019	-1205.412	211.3098	1.968199	0.4353426	0.422113	0.577887	1.892193
46698	-1012.947	-1224.407	211.4595	1.825293	0.4353426	0.54765	0.45235	1.887528
46704	-1009.539	-1220.744	211.205	1.818919	0.3715326	0.521578	0.478422	2.142546
46710	-1014.637	-1226.563	211.9262	2.007044	0.5316684	0.451834	0.548166	1.29223
46716	-1013.969	-1225.233	211.2631	1.79436	0.6376363	0.624862	0.375138	1.823816
46722	-1025.324	-1237.043	211.7191	2.182246	0.6624057	0.51084	0.48916	1.157532
46728	-1010.012	-1221.757	211.7451	2.099776	0.850534	0.414406	0.585594	0.9931238
46734	-1031.013	-1242.628	211.6155	2.160061	0.8431589	0.650051	0.349949	1.068586
46740	-1016.909	-1228.547	211.6378	2.160061	0.5369457	0.663636	0.336364	1.393431
46746	-1003.011	-1214.792	211.7805	2.136787	0.457551	0.406443	0.593557	1.403178
46752	-1019.537	-1230.437	210.9005	1.821144	0.7140176	0.369554	0.630446	1.982352
46758	-1009.583	-1220.786	211.203	1.993541	0.583091	0.369554	0.630446	1.781765
46764	-1025.174	-1236.879	211.7042	2.136433	0.5582701	0.393534	0.606466	1.333511
46770	-1029.419	-1239.517	210.0986	1.689697	0.5336751	0.461782	0.538218	2.738613
46776	-1039.315	-1250.661	211.3463	1.770551	0.4080032	0.56553	0.43447	2.03444
46782	-1041.448	-1253.003	211.5541	1.776903	0.4530708	0.525363	0.474637	1.834195
46788	-1036.633	-1248.062	211.429	1.752126	0.6020515	0.345944	0.654056	1.773129
46794	-1033.14	-1245.197	212.0572	2.264678	0.5960004	0.495597	0.504403	0.8240803
46800	-1034.783	-1246.485	211.7024	2.242714	0.5960004	0.347742	0.652258	1.200562
46806	-1020.687	-1232.815	212.1279	2.279548	0.327803	0.408983	0.591017	1.212099
46812	-1029.174	-1240.99	211.8168	1.790089	0.3511782	0.584179	0.415821	1.779148
46818	-1016.912	-1228.584	211.6729	1.855321	0.5253999	0.532151	0.467849	1.6095
46824	-1027.425	-1239.322	211.8975	2.242053	0.683818	0.536773	0.463227	0.8961507
46830	-1022.222	-1234.164	211.9428	2.285358	0.6256737	0.546993	0.453007	0.8856174
46836	-1025.123	-1236.855	211.7319	2.172413	0.6576556	0.546993	0.453007	1.160552
46842	-1029.719	-1241.814	212.0947	2.348753	0.3913102	0.335207	0.664793	1.062362
46848	-1016.243	-1228.425	212.1813	2.262135	0.3913102	0.483779	0.516221	1.062362
46854	-1024.066	-1235.685	211.6189	1.935333	0.7971193	0.483779	0.516221	1.306391
46860	-1026.439	-1237.54	211.1011	1.626123	0.6775348	0.533128	0.466872	2.01046
46866	-1022.421	-1233.347	210.9264	1.820202	0.6631325	0.46198	0.53802	2.01046
46872	-1028.098	-1240.007	211.909	1.820202	0.3659938	0.46198	0.53802	1.671404
46878	-1027.041	-1238.52	211.4789	1.827467	0.3861794	0.645817	0.354183	1.93601
46884	-1018.957	-1230.269	211.3126	1.783449	0.3915718	0.463054	0.536946	2.069097
46890	-1017.938	-1228.967	211.0289	1.804197	0.4068604	0.553995	0.446005	2.221295
46896	-1021.072	-1232.251	211.1788	1.849552	0.4203057	0.401982	0.598018	2.077587
46902	-1026.799	-1237.698	210.8987	1.872565	0.7942718	0.401982	0.598018	1.882129
46908	-1019.224	-1230.289	211.0649	1.997493	0.5751979	0.476911	0.523089	1.882129
46914	-1034.604	-1246.22	211.616	1.904338	0.4265611	0.352972	0.647028	1.736
46920	-1049.003	-1260.295	211.2921	1.815829	0.2580991	0.396434	0.603566	2.25488
46926	-1034.181	-1245.5	211.3187	1.846976	0.4633473	0.451351	0.548649	1.934476
46932	-1032.475	-1243.714	211.2388	1.797509	0.4633473	0.530469	0.469531	2.021016
46938	-1025.494	-1236.781	211.2867	1.733214	0.2977351	0.530469	0.469531	2.249072
46944	-1010.576	-1221.761	211.1849	1.733214	0.3432733	0.530469	0.469531	2.249072
46950	-1007.095	-1218.242	211.1465	1.690602	0.3826473	0.547752	0.452248	2.249072
46956	-1011.595	-1222.145	210.5495	1.841718	0.4759413	0.330602	0.669398	2.42352
46962	-998.007	-1208.609	210.6023	1.818291	0.5944769	0.536045	0.463955	2.285936
46968	-1012.849	-1224.102	211.2528	1.680339	0.4380513	0.443523	0.556477	2.118677
46974	-1012.914	-1223.698	210.7839	1.370044	0.495896	0.392981	0.607019	2.550919
46980	-1023.318	-1232.23	208.9118	1.424156	0.6609729	0.392981	0.607019	3.493511
46986	-1020.43	-1230.756	210.3263	1.525902	0.5453443	0.432506	0.567494	2.688236
46992	-1011.587	-1221.635	210.0478	1.592647	0.5225806	0.455994	0.544006	2.839467
46998	-1016.185	-1226.857	210.6719	1.596888	0.4243694	0.336764	0.663236	2.557482
47004	-1007.51	-1218.019	210.5087	1.64628	0.5072564	0.622543	0.377457	2.538633
47010	-1007.941	-1219.015	211.0742	1.605578	0.2791443	0.366911	0.633089	2.492759
47016	-1009.936	-1220.436	210.5003	1.695558	0.822744	0.585819	0.414181	2.240299
47022	-1011.729	-1221.37	209.6406	1.401919	0.6235531	0.418956	0.581044	3.107583
47028	-1016.585	-1226.948	210.3628	1.579319	0.4150989	0.464399	0.535601	2.76924
47034	-1032.465	-1243.214	210.749	1.757862	0.4228357	0.442379	0.557621	2.410203
47040	-1027.231	-1237.65	210.4185	1.521024	0.4020543	0.396058	0.603942	2.78593
47046	-1020.155	-1231.466	211.311	1.658671	0.4824162	0.656849	0.343151	2.043494
47052	-1028.426	-1240.043	211.6163	2.221753	0.3538541	0.362046	0.637954	1.611168
47058	-1017.572	-1229.372	211.8	2.089007	0.3300362	0.476987	0.523013	1.611168
47064	-1008.398	-1219.982	211.5845	1.940592	0.266413	0.476987	0.523013	1.96761
47070	-1024.707	-1235.783	211.0765	1.929195	0.4512135	0.476987	0.523013	2.055425
47076	-1018.217	-1229.53	211.3136	1.853914	0.3661953	0.355709	0.644291	2.055425
47082	-1009.573	-1220.921	211.3475	1.853914	0.3572495	0.355709	0.644291	2.045175
47088	-1020.716	-1232.723	212.0076	1.858254	0.3498056	0.425586	0.574414	1.597159
47094	-1010.908	-1222.512	211.6043	1.850859	0.2899325	0.496926	0.503074	1.975924
47100	-1012.278	-1223.309	211.0303	2.049259	0.2899325	0.578104	0.421896	2.222479
47106	-1000.548	-1211.672	211.124	2.049259	0.3226972	0.518796	0.481204	2.11264
47112	-1012.748	-1223.877	211.129	1.716485	0.691307	0.591416	0.408584	1.91892
47118	-1007.319	-1218.496	211.1778	1.792428	0.450878	0.506896	0.493104	2.079251
47124	-1008.24	-1219.557	211.3172	1.882889	0.450878	0.401985	0.598015	1.92604
47130	-1015.565	-1226.964	211.4	1.959365	0.5228095	0.429795	0.570205	1.732951
47136	-1034.421	-1245.258	210.8373	1.995443	0.3062488	0.471874	0.528126	2.356009
47142	-1021.34	-1232.847	211.5069	1.935651	0.6458638	0.456449	0.543551	1.541445
47148	-1033.084	-1244.727	211.6438	2.022684	0.6009174	0.748767	0.251233	1.420384
47154	-1021.774	-1231.318	209.544	1.404385	0.5596232	0.539966	0.460034	3.219323
47160	-1022.729	-1233.224	210.4955	1.554423	0.4354512	0.330887	0.669113	2.680167
47166	-1010.919	-1221.202	210.2833	1.591295	0.7470196	0.551085	0.448915	2.501357
47172	-1014.507	-1225.647	211.1402	1.833641	0.5622073	0.588989	0.411011	1.955263
47178	-1015.829	-1226.964	211.1342	1.776909	0.8014076	0.529106	0.470894	1.780162
47184	-1025.818	-1236.474	210.6561	2.14406	0.8383277	0.449368	0.550632	1.827301
47190	-1027.185	-1238.929	211.744	2.313777	0.5261939	0.472787	0.527213	1.195347
47196	-1033.218	-1244.19	210.9723	1.932254	0.7661909	0.469394	0.530606	1.813926
47202	-1019.738	-1230.823	211.0852	1.886443	0.7969658	0.415785	0.584215	1.741547
47208	-1031.786	-1242.66	210.8742	1.902075	1.246173	0.630522	0.369478	1.561237
47214	-1017.695	-1227.914	210.2187	1.78131	1.246173	0.599767	0.400233	2.096854
47220	-1040.821	-1251.575	210.7537	1.793991	0.7635428	0.463411	0.536589	2.056821
47226	-1020.389	-1231.51	211.1205	1.707099	0.6929136	0.463411	0.536589	1.9296
47232	-1029.272	-1240.395	211.1232	1.86819	0.5607024	0.526766	0.473234	1.945031
47238	-1023.795	-1235.143	211.348	1.699606	0.519958	0.526766	0.473234	1.95012
47244	-1018.288	-1228.109	209.8202	1.34691	0.5214351	0.528879	0.471121	3.124983
47250	-1023.031	-1232.469	209.438	1.434213	0.5825568	0.42643	0.57357	3.243952
47256	-1007.018	-1217.397	210.3795	1.739225	0.5130238	0.535633	0.464367	2.555314
47262	-1020.277	-1230.486	210.2095	1.547419	0.5130238	0.498702	0.501298	2.777997
47268	-1042.755	-1253.077	210.3226	1.577441	0.5943564	0.406627	0.593373	2.613239
47274	-1028.045	-1237.596	209.5512	1.524051	0.4262282	0.462943	0.537057	3.27638
47280	-1026.675	-1236.828	210.1523	1.496037	0.3676175	0.399722	0.600278	3.003127
47286	-1015.562	-1226.989	211.4272	1.729248	0.325807	0.504579	0.495421	2.119136
47292	-1026.534	-1237.396	210.8616	1.959646	0.6096986	0.376764	0.623236	2.01035
47298	-1020.829	-1231.938	211.1094	1.84899	0.395988	0.507742	0.492258	2.15366
47304	-1007.186	-1217.429	210.2425	1.588152	0.4401699	0.392595	0.607405	2.809035
47310	-1030.75	-1240.053	209.3034	1.589134	0.42532	0.545826	0.454174	3.38491
47316	-1007.87	-1218.159	210.2885	1.855744	0.4516242	0.384442	0.615558	2.604101
47322	-1007.684	-1218.604	210.92	1.772144	0.3400087	0.392686	0.607314	2.397541
47328	-1003.646	-1212.651	209.0047	1.440455	0.593639	0.384642	0.615358	3.485163
47334	-1015.795	-1225.314	209.5186	1.66112	0.6799139	0.476605	0.523395	2.97929
47340	-1008.223	-1219.138	210.9157	1.639133	0.5950075	0.626565	0.373435	2.199055
47346	-1015.218	-1225.297	210.0788	1.488285	0.5747867	0.628846	0.371154	2.834876
47352	-1018.361	-1229.087	210.7255	1.600278	0.3184164	0.551883	0.448117	2.655496
47358	-1029.238	-1239.157	209.9186	1.623629	0.477555	0.33303	0.66697	2.943893
47364	-1025.398	-1236.226	210.8279	1.69292	0.5026323	0.399295	0.600705	2.31292
47370	-1016.749	-1227.88	211.1312	1.869345	0.4246025	0.501573	0.498427	2.090629
47376	-1037.553	-1247.572	210.0195	1.575464	0.8889556	0.363149	0.636851	2.5727
47382	-1028.513	-1238.924	210.4109	1.435537	0.8941127	0.28843	0.71157	2.411865
47388	-1042.039	-1251.703	209.6639	1.58831	0.8941127	0.266608	0.733392	2.78002
47394	-1016.379	-1226.313	209.9337	1.456602	0.5899826	0.590972	0.409028	2.928215
47400	-1013.738	-1224.179	210.4405	1.52138	0.4870738	0.621383	0.378617	2.678784
47406	-1021.871	-1232.268	210.3976	1.618967	0.4312429	0.539513	0.460487	2.705405
47412	-1016.472	-1227.516	211.044	1.808005	0.4206393	0.657021	0.342979	2.192294
47418	-1005	-1215.677	210.6762	1.74267	0.6755087	0.671651	0.328349	2.214289
47424	-1011.484	-1221.957	210.4734	1.905069	0.6379089	0.637571	0.362429	2.27325
47430	-1027.61	-1238.47	210.86	1.639987	0.6826264	0.285648	0.714352	2.155534
47436	-1011.376	-1221.643	210.2674	1.653485	0.5600361	0.305437	0.694563	2.632038
47442	-1004.994	-1216.23	211.2359	1.732167	0.515209	0.424169	0.575831	2.008479
47448	-1011.089	-1221.68	210.5912	1.903854	0.6574176	0.617698	0.382302	2.180765
47454	-1006.928	-1218.781	211.8531	1.976578	0.4376896	0.384825	0.615175	1.497118
47460	-1028.697	-1238.097	209.4002	1.531018	0.7055545	0.501059	0.498941	3.107856
47466	-1000.275	-1210.343	210.0682	1.453785	0.544803	0.440486	0.559514	2.889974
47472	-1010.098	-1220.127	210.0296	1.432208	0.7478753	0.476265	0.523735	2.755608
47478	-1030.777	-1239.745	208.9681	1.515878	0.7478753	0.602204	0.397796	3.340815
47484	-1034.251	-1241.201	206.9498	1.640569	1.230866	0.528947	0.471053	4.149466
47490	-1022.158	-1229.002	206.8435	1.793309	0.8427776	0.351223	0.648777	4.338814
47496	-1008.205	-1217.969	209.7647	1.473428	0.5780978	0.499093	0.500907	3.030228
47502	-1010.323	-1221.243	210.9198	1.857388	0.4045042	0.433182	0.566818	2.260195
47508	-1023.229	-1233.629	210.4006	1.727228	0.7172648	0.433182	0.566818	2.365573
47514	-1031.609	-1242.483	210.8743	1.9207	0.9214296	0.408799	0.591201	1.76748
47520	-1016.951	-1228.409	211.4573	1.74823	0.5909058	0.579122	0.420878	1.76748
47526	-1018.612	-1229.941	211.3294	1.95893	0.5068838	0.26998	0.73002	1.800495
47532	-1011.815	-1223.466	211.6517	2.035652	0.5561393	0.426933	0.573067	1.455642
47538	-1013.371	-1225.097	211.7265	2.239196	0.6311049	0.356356	0.643644	1.138734
47544	-1026.203	-1237.815	211.6118	2.186856	0.5936271	0.356356	0.643644	1.324766
47550	-1005.564	-1217.378	211.8134	2.164907	0.5936271	0.54647	0.45353	1.174951
47556	-1014.063	-1225.857	211.7936	2.22799	0.3890857	0.362736	0.637264	1.420867
47562	-1029.732	-1241.095	211.3634	2.228864	0.6773313	0.367866	0.632134	1.395559
47568	-1025.247	-1236.907	211.6592	2.486004	0.4431443	0.616772	0.383228	1.240331
47574	-1021.423	-1233.806	212.3832	2.515491	0.2341747	0.527717	0.472283	0.9684884
47580	-1012.716	-1224.743	212.0272	2.351161	0.323771	0.329317	0.670683	1.244163
47586	-1038.429	-1250.315	211.8863	2.341299	0.323771	0.442088	0.557912	1.366387
47592	-1043.664	-1255.005	211.3405	2.056792	0.6956175	0.33454	0.66546	1.525449
47598	-1024.301	-1235.797	211.4953	1.997408	0.6281711	0.431055	0.568945	1.5225
47604	-1022.907	-1234.381	211.4738	2.709137	0.8120671	0.510896	0.489104	0.4466299
47610	-1043.506	-1254.172	210.6659	2.078391	0.7269817	0.412463	0.587537	1.956153
47616	-1035.081	-1245.678	210.5967	1.662237	0.822807	0.424374	0.575626	2.199509
47622	-1039.795	-1251.874	212.0782	2.279754	0.4179274	0.462096	0.537904	1.094588
47628	-1034.003	-1245.941	211.9377	2.215049	0.5834948	0.364295	0.635705	1.028716
47634	-1042.542	-1254.249	211.7067	2.299139	0.6344686	0.511617	0.488383	1.098203
47640	-1028.473	-1240.329	211.8562	2.147734	0.6152709	0.53007	0.46993	1.124555
47646	-1022.669	-1233.682	211.0132	1.845404	0.7682408	0.458663	0.541337	1.843825
47652	-1025.853	-1237.777	211.9244	2.180649	0.4789126	0.538978	0.461022	1.221446
47658	-1013.34	-1224.947	211.6075	2.081264	0.9752442	0.672246	0.327754	1.015517
47664	-1021.926	-1233.533	211.6061	2.081264	0.760957	0.436775	0.563225	1.232466
47670	-1013.861	-1225.474	211.6131	1.913964	0.5482572	0.632335	0.367665	1.584173
47676	-1018.141	-1229.798	211.6569	2.041811	0.4451303	0.575847	0.424153	1.584173
47682	-1029.96	-1241.856	211.8963	2.228097	0.4089971	0.252437	0.747563	1.309334
47688	-1021.277	-1233.433	212.156	2.324963	0.4836241	0.353314	0.646686	0.8456906
47694	-1027.778	-1240.033	212.2544	2.156544	0.4836241	0.537604	0.462396	0.926125
47700	-1015.969	-1228.071	212.1018	2.223146	0.5699919	0.497579	0.502421	0.8674576
47706	-1018.027	-1229.96	211.9321	2.261484	0.7609613	0.634408	0.365592	0.6875513
47712	-1009.881	-1221.395	211.5144	2.404578	1.027535	0.57795	0.42205	0.6551247
47718	-1017.966	-1229.517	211.551	2.389298	1.027535	0.400008	0.599992	0.603177
47724	-1010.595	-1222.09	211.4942	2.303362	1.092066	0.408212	0.591788	0.7576462
47730	-1023.605	-1235.449	211.8439	2.483808	0.6988896	0.404925	0.595075	0.5197746
47736	-1016.776	-1228.191	211.4153	2.595275	0.9682621	0.612058	0.387942	0.565234
47742	-1014.903	-1225.949	211.0458	2.582733	1.387115	0.511626	0.488374	0.5984848
47748	-1012.808	-1224.244	211.4356	2.426282	1.080725	0.584584	0.415416	0.6675248
47754	-1021.887	-1233.238	211.3509	2.460326	1.124049	0.584584	0.415416	0.6873126
47760	-1013.49	-1225.077	211.5865	2.432576	0.9588179	0.552827	0.447173	0.5705065
47766	-1005.775	-1217.338	211.5637	2.43658	0.9859028	0.538339	0.461661	0.4898357
47772	-1023.074	-1234.123	211.049	2.64902	1.310829	0.57362	0.42638	0.5679988
47778	-1016.957	-1228.018	211.0617	2.644761	1.310829	0.529046	0.470954	0.5018737
47784	-1032.689	-1244.224	211.5351	1.811146	0.6977003	0.497915	0.502085	1.561184
47790	-1027.553	-1238.678	211.1256	1.843284	0.9446963	0.428113	0.571887	1.626856
47796	-1034.169	-1246.122	211.9528	1.971334	0.6039383	0.657808	0.342192	1.208697
47802	-1033.189	-1244.982	211.7928	2.5029	0.6932158	0.201472	0.798528	0.655514
47808	-1035.686	-1247.607	211.9216	2.46248	0.618769	0.520989	0.479011	0.6818053
47814	-1007.379	-1218.776	211.3973	2.456064	1.082269	0.379259	0.620741	0.681103
47820	-1017.51	-1229.09	211.5802	2.436948	0.9097694	0.479161	0.520839	0.6984514
47826	-1015.365	-1226.755	211.3905	2.327671	1.170926	0.649693	0.350307	0.7685129
47832	-1018.316	-1229.748	211.4319	2.115322	1.217748	0.6784	0.3216	0.927584
47838	-1031.083	-1242.863	211.7807	2.246687	0.8686176	0.327087	0.672913	0.7540318
47844	-1023.796	-1235.56	211.7642	2.14067	0.8686176	0.453911	0.546089	0.9084962
47850	-1030.442	-1242.244	211.8021	2.102784	0.8686176	0.453911	0.546089	0.9084962
47856	-1011.107	-1222.75	211.6435	2.181319	0.8686176	0.47268	0.52732	0.9929566
47862	-1015.967	-1227.963	211.9954	2.270493	0.5134033	0.771113	0.228887	1.024347
47868	-1013.673	-1225.256	211.5836	2.172564	0.8929735	0.431229	0.568771	1.034283
47874	-1007.217	-1218.661	211.4435	2.213776	1.15105	0.544654	0.455346	0.8697064
47880	-1000.531	-1211.923	211.3912	2.213776	1.15105	0.461073	0.538927	0.9285978
47886	-1006.912	-1218.44	211.5284	2.213776	0.999903	0.353597	0.646403	0.9351888
47892	-1033.953	-1245.236	211.2824	2.309987	1.303323	0.4497	0.5503	0.7867965
47898	-1021.837	-1233.228	211.3905	2.265877	1.251987	0.433206	0.566794	0.7563849
47904	-1011.45	-1223.018	211.568	2.243328	0.9750338	0.593442	0.406558	0.8862931
47910	-1019.368	-1230.826	211.4577	2.243328	1.117933	0.3827	0.6173	0.8534573
47916	-1005.367	-1217.279	211.9119	2.243328	0.7497149	0.395762	0.604238	0.7708219
47922	-1015.146	-1226.664	211.5182	1.968027	0.8914342	0.35274	0.64726	1.274515
47928	-1018.309	-1230.307	211.9974	1.880908	0.6580663	0.653178	0.346822	1.182781
47934	-1016.606	-1227.938	211.3318	1.880908	0.9859106	0.61103	0.38897	1.413458
47940	-1020.349	-1232.078	211.7293	1.706596	0.8337636	0.609549	0.390451	1.366907
47946	-1025.72	-1237.131	211.4103	1.772519	0.8708833	0.505567	0.494433	1.528362
47952	-1022.238	-1233.285	211.0468	1.904101	1.050344	0.440877	0.559123	1.562812
47958	-1001.474	-1213.039	211.5654	1.832496	0.8486752	0.475947	0.524053	1.383392
47964	-1000.195	-1211.164	210.9693	1.926803	0.959501	0.475947	0.524053	1.668068
47970	-1004.5	-1215.558	211.0584	1.780048	0.9667353	0.63283	0.36717	1.703741
47976	-1030.575	-1240.255	209.6801	1.600092	0.7648219	0.660917	0.339083	2.853485
47982	-1026.419	-1236.769	210.3497	1.98708	1.086335	0.451284	0.548716	1.968012
47988	-1031.876	-1242.986	211.11	1.901894	1.086335	0.443475	0.556525	1.491974
47994	-1018.859	-1229.967	211.1079	1.917583	0.81976	0.545792	0.454208	1.684686
48000	-1037.077	-1248.387	211.3102	1.870998	0.7245809	0.497283	0.502717	1.655865
48006	-1043.658	-1255.353	211.695	1.874044	0.4623784	0.47454	0.52546	1.655865
48012	-1033.932	-1245.251	211.3193	1.702995	0.5965323	0.531685	0.468315	1.88798
48018	-1039.596	-1249.142	209.5458	1.601795	0.4016403	0.531685	0.468315	3.261015
48024	-1038.66	-1250.567	211.9074	1.906168	0.5411146	0.505232	0.494768	1.376054
48030	-1033.363	-1244.868	211.5048	1.886173	0.419515	0.35883	0.64117	1.834903
48036	-1034.239	-1246.134	211.8952	1.886173	0.3906612	0.604518	0.395482	1.598223
48042	-1027.068	-1238.004	210.9359	1.708207	0.6467827	0.518077	0.481923	2.092946
48048	-1025.972	-1237.187	211.2155	1.731994	0.5478207	0.442443	0.557557	1.987753
48054	-1017.796	-1229.542	211.7455	1.816169	0.4556417	0.621789	0.378211	1.66957
48060	-1024.896	-1236.466	211.5703	1.883723	0.4446109	0.409906	0.590094	1.759435
48066	-1021.107	-1232.847	211.74	1.920729	0.5372129	0.388047	0.611953	1.497954
48072	-1021.136	-1232.313	211.1767	1.811401	0.959452	0.448715	0.551285	1.601839
48078	-1026.734	-1238.396	211.6621	2.046696	0.7423203	0.377341	0.622659	1.233842
48084	-1023.497	-1235.156	211.659	1.975955	0.8492574	0.501478	0.498522	1.188693
48090	-1035.508	-1247.078	211.5704	2.105256	0.9363504	0.326055	0.673945	1.066844
48096	-1019.091	-1230.801	211.7101	2.105256	0.6244426	0.572596	0.427404	1.275197
48102	-1027.894	-1239.124	211.23	2.021506	1.12624	0.405876	0.594124	1.275197
48108	-1021.523	-1233.055	211.5324	1.983819	0.8144154	0.495058	0.504942	1.320695
48114	-1014.869	-1226.77	211.9012	2.071366	0.6822342	0.260967	0.739033	1.068688
48120	-1027.977	-1239.78	211.8028	1.816118	0.785485	0.537495	0.462505	1.264801
48126	-1016.275	-1227.715	211.4401	1.951784	0.711956	0.471156	0.528844	1.513747
48132	-1025.121	-1236.808	211.6876	1.720328	0.2484034	0.269189	0.730811	2.076134
48138	-1032.612	-1243.382	210.7696	1.720328	0.523589	0.341191	0.658809	2.310936
48144	-1024.063	-1235.942	211.8784	2.130271	0.7807073	0.420761	0.579239	0.9059103
48150	-1014.063	-1224.624	210.5615	1.69074	0.4585016	0.345834	0.654166	2.529518
48156	-1032.473	-1243.56	211.087	1.958771	0.4896185	0.387943	0.612057	1.984754
48162	-1039.801	-1251.021	211.2206	1.923929	0.4819363	0.44603	0.55397	1.927156
48168	-1042.564	-1253.776	211.2125	1.923929	0.4490962	0.357471	0.642529	1.970985
48174	-1019.865	-1231.697	211.8316	2.137	0.6292497	0.468455	0.531545	1.138449
48180	-1014.638	-1225.969	211.3314	1.729268	0.6292497	0.386127	0.613873	1.829681
48186	-1024.435	-1235.606	211.1709	1.938256	0.5754725	0.352073	0.647927	1.849881
48192	-1028.543	-1239.266	210.7227	1.942773	0.7890126	0.342013	0.657987	1.957895
48198	-1012.345	-1223.673	211.3286	1.891578	0.6434326	0.424361	0.575639	1.704658
48204	-1014.571	-1226.226	211.6542	2.083747	0.5463615	0.501184	0.498816	1.428439
48210	-1015.119	-1226.575	211.4564	1.890252	0.5463615	0.38058	0.61942	1.715728
48216	-1017.599	-1228.742	211.1436	1.944663	0.5469436	0.38058	0.61942	1.893847
48222	-1011.598	-1222.262	210.6636	2.002787	0.9594993	0.546955	0.453045	1.828984
48228	-1021.286	-1232.803	211.5164	2.14643	0.8566293	0.502355	0.497645	1.1572
48234	-1022.705	-1233.711	211.006	2.021096	0.6977746	0.433454	0.566546	1.788779
48240	-1028.25	-1239.607	211.3577	1.909332	0.7984163	0.618842	0.381158	1.527345
48246	-1013.742	-1224.968	211.2261	2.138345	0.6091529	0.618842	0.381158	1.636171
48252	-1024.528	-1236.077	211.5496	1.809936	0.3613597	0.625572	0.374428	1.933935
48258	-1017.53	-1228.638	211.1084	1.885552	0.4134285	0.610952	0.389048	2.108648
48264	-1016.25	-1227.705	211.4553	1.885552	0.3170386	0.628139	0.371861	2.010339
48270	-1027.157	-1238.061	210.9044	1.820206	1.114375	0.489505	0.510495	1.68276
48276	-1012.604	-1224.637	212.033	1.738781	0.5395974	0.437667	0.562333	1.410478
48282	-1015.079	-1226.787	211.7085	1.86172	0.7066538	0.437667	0.562333	1.382696
48288	-1011.314	-1222.6	211.2855	1.877803	0.7066538	0.294631	0.705369	1.685036
48294	-1006.753	-1217.211	210.4581	1.623787	0.8977458	0.250966	0.749034	2.259596
48300	-1012.989	-1224.356	211.3672	1.537789	0.3893286	0.600149	0.399851	2.196797
48306	-1007.529	-1218.53	211.0013	2.049974	0.4301629	0.596832	0.403168	2.050445
48312	-1004.381	-1215.779	211.3985	2.079012	1.040763	0.384769	0.615231	1.151385
48318	-1009.919	-1221.322	211.4038	2.09783	0.910128	0.514594	0.485406	1.245048
48324	-1019.675	-1231.265	211.5907	2.441196	0.7855693	0.653577	0.346423	0.8727521
48330	-1023.553	-1235.235	211.6823	2.502312	0.7621333	0.371616	0.628384	0.7009118
48336	-1034.827	-1246.635	211.8075	2.388856	0.7215374	0.679676	0.320324	0.7624587
48342	-1030.93	-1243.074	212.1444	2.290286	0.5511895	0.521791	0.478209	0.7624587
48348	-1025.712	-1237.104	211.3921	2.386373	1.123988	0.573182	0.426818	0.7419858
48354	-1017.776	-1229.159	211.3829	2.395509	1.123988	0.372438	0.627562	0.7419858
48360	-1028.601	-1240.154	211.553	2.296067	1.006767	0.48787	0.51213	0.8006642
48366	-1018.485	-1230.611	212.1257	2.388747	0.4847307	0.290986	0.709014	0.8006642
48372	-1022.946	-1234.486	211.5396	2.203296	0.9466266	0.472985	0.527015	0.9910275
48378	-1011.318	-1222.545	211.2273	2.443507	1.253758	0.385811	0.614189	0.7321644
48384	-1027.844	-1239.394	211.5503	2.11518	0.5638081	0.514209	0.485791	1.46333
48390	-1024.918	-1236.933	212.0146	2.172582	0.6219623	0.506527	0.493473	0.9368779
48396	-1036.047	-1247.634	211.5871	1.874626	0.8126171	0.398522	0.601478	1.365754
48402	-1025.43	-1237.231	211.8013	1.917514	0.6132167	0.326493	0.673507	1.365754
48408	-1020.113	-1231.565	211.4514	2.121623	0.6132167	0.476944	0.523056	1.478158
48414	-1031.841	-1242.184	210.3429	1.86578	0.7584085	0.490782	0.509218	2.281201
48420	-1032.004	-1243.116	211.1121	1.749877	0.5663761	0.566208	0.433792	2.025766
48426	-1015.332	-1226.948	211.6156	1.968483	0.5663761	0.472134	0.527866	1.521639
48432	-1028.017	-1239.585	211.5675	1.968483	0.6106443	0.46113	0.53887	1.508805
48438	-1022.567	-1234.002	211.4352	1.818927	0.6072326	0.575788	0.424212	1.716758
48444	-1027.492	-1237.87	210.3781	1.781794	0.5290589	0.537026	0.462974	2.513662
48450	-1023.89	-1234.733	210.8435	1.856539	0.6743086	0.418458	0.581542	2.031388
48456	-1033.67	-1244.563	210.8934	1.993911	0.4065759	0.518901	0.481099	2.186616
48462	-1033.557	-1244.792	211.235	1.899378	0.3738768	0.373672	0.626328	2.067018
48468	-1027.086	-1237.953	210.8676	1.838233	0.6307624	0.591071	0.408929	2.067018
48474	-1048.159	-1260.455	212.2965	2.235443	0.5041307	0.514898	0.485102	0.7285712
48480	-1029.307	-1240.949	211.6418	1.896241	0.6047314	0.308631	0.691369	1.513665
48486	-1021.487	-1232.668	211.1816	1.928157	0.9001642	0.418642	0.581358	1.558666
48492	-1034.592	-1245.516	210.9245	1.954672	1.065394	0.560226	0.439774	1.604703
48498	-1029.536	-1241.231	211.6944	1.954672	0.6610773	0.575513	0.424487	1.368178
48504	-1026.934	-1238.022	211.088	1.852941	0.3769474	0.614238	0.385762	2.189415
48510	-1022.58	-1233.061	210.4814	2.041597	0.3769474	0.459198	0.540802	2.455767
48516	-1020.497	-1231.478	210.9811	2.107518	0.4738701	0.698401	0.301599	1.973988
48522	-1018.698	-1230.045	211.3468	2.118499	0.7422736	0.662105	0.337895	1.429018
48528	-1020.455	-1232.436	211.9805	2.223436	0.347418	0.429619	0.570381	1.344496
48534	-1019.858	-1231.587	211.7289	2.134861	0.3912257	0.607234	0.392766	1.536937
48540	-1020.179	-1231.768	211.5894	2.014536	0.3912257	0.433053	0.566947	1.724397
48546	-1027.637	-1239.239	211.602	2.075456	0.7813217	0.538502	0.461498	1.220003
48552	-1007.573	-1219.311	211.7383	2.240317	0.8854025	0.630752	0.369248	0.7966702
48558	-1007.675	-1219.36	211.6848	2.262538	0.9160935	0.630783	0.369217	0.7941391
48564	-1025.314	-1236.893	211.5789	2.200144	0.9079954	0.630783	0.369217	0.9957551
48570	-1025.577	-1236.724	211.147	1.896935	1.111907	0.531734	0.468266	1.449652
48576	-1017.786	-1228.79	211.0041	1.744247	1.100229	0.251241	0.748759	1.675214
48582	-1024.244	-1235.6	211.3558	1.929274	0.7940937	0.417855	0.582145	1.517761
48588	-1014.845	-1225.969	211.124	2.053577	1.21991	0.625501	0.374499	1.267682
48594	-1027.846	-1239.57	211.7241	1.706518	0.7156607	0.436652	0.563348	1.481086
48600	-1012.987	-1224.154	211.1666	1.706518	0.7481116	0.436652	0.563348	1.85079
48606	-1029.43	-1241.158	211.7278	1.662139	0.536929	0.235738	0.764262	1.695541
48612	-1029.756	-1241.554	211.7977	1.761084	0.536929	0.24852	0.75148	1.573893
48618	-1012.572	-1224.294	211.7222	1.83663	0.7182716	0.325917	0.674083	1.37993
48624	-995.7044	-1207.471	211.7669	1.902023	0.6357599	0.46466	0.53534	1.37993
48630	-1015.158	-1225.899	210.7413	2.003495	0.5805974	0.633268	0.366732	2.08908
48636	-1016.86	-1228.832	211.9716	2.103904	0.4704436	0.404932	0.595068	1.258393
48642	-1019.412	-1231.259	211.8461	2.138491	0.417907	0.579977	0.420023	1.40676
48648	-1022.521	-1233.737	211.2166	1.896095	0.487587	0.504327	0.495673	1.942203
48654	-1015.789	-1226.487	210.6987	1.904458	0.5506131	0.5131	0.4869	2.21099
48660	-1001.26	-1212.571	211.3105	1.791375	0.3024105	0.38477	0.61523	2.189145
48666	-1000.556	-1211.611	211.0553	1.665256	0.5563562	0.3006	0.6994	2.128967
48672	-1004.871	-1216.389	211.5188	1.839854	0.6076282	0.592641	0.407359	1.641904
48678	-1023.526	-1232.767	209.2409	1.556297	0.6282472	0.63287	0.36713	3.249256
48684	-1012.176	-1222.777	210.6015	1.686422	0.4468494	0.496967	0.503033	2.520127
48690	-1014.637	-1225.71	211.0731	1.766288	0.3611176	0.517349	0.482651	2.275577
48696	-1013.161	-1224.198	211.0372	1.883407	0.4785435	0.478337	0.521663	2.080177
48702	-1005.996	-1218.045	212.0494	1.926938	0.3972112	0.478337	0.521663	1.443454
48708	-1013.162	-1224.21	211.0481	1.569387	0.5118814	0.347463	0.652537	2.24134
48714	-1017.373	-1229.64	212.2671	1.949231	0.4783196	0.643818	0.356182	1.125328
48720	-1017.004	-1228.599	211.5945	2.065247	0.5699531	0.599411	0.400589	1.46063
48726	-1024.855	-1236.226	211.3704	2.18919	0.5699531	0.619055	0.380945	1.535815
48732	-1031.899	-1243.552	211.6534	2.349106	0.7262649	0.431809	0.568191	0.9838499
48738	-1022.632	-1234.419	211.787	2.164688	0.4493198	0.510989	0.489011	1.387725
48744	-1024.457	-1234.644	210.1864	1.907252	1.19187	0.34401	0.65599	2.066027
48750	-1023.062	-1234.211	211.1489	1.854684	0.6670898	0.476168	0.523832	1.83314
48756	-1024.405	-1236.278	211.8726	2.174591	0.427965	0.292678	0.707322	1.342835
48762	-1036.86	-1248.464	211.6037	2.085911	0.5652033	0.38229	0.61771	1.443328
48768	-1038.946	-1250.388	211.4416	2.108022	0.8904594	0.529449	0.470551	1.222566
48774	-1028.544	-1239.634	211.0901	1.773687	1.080482	0.496042	0.503958	1.605488
48780	-1032.418	-1242.606	210.1877	1.986726	1.323834	0.365092	0.634908	1.938202
48786	-1018.817	-1230.303	211.4854	1.904636	0.7354494	0.300184	0.699816	1.492768
48792	-1016.688	-1227.958	211.2704	1.868003	0.9568584	0.312629	0.687371	1.492768
48798	-1024.884	-1235.824	210.9399	2.009305	1.300939	0.286522	0.713478	1.396079
48804	-1022.381	-1233.04	210.6586	1.916443	1.227953	0.602397	0.397603	1.717274
48810	-1029.905	-1240.629	210.724	1.895895	1.096694	0.424757	0.575243	1.768045
48816	-1034.539	-1245.85	211.3109	2.209006	1.093846	0.424757	0.575243	1.066717
48822	-1023.86	-1235.742	211.8818	2.152761	0.6777723	0.419472	0.580528	1.014786
48828	-1032.897	-1244.223	211.3258	2.321899	1.167675	0.607329	0.392671	0.8634718
48834	-1020.499	-1232.003	211.5041	2.379182	1.050972	0.452769	0.547231	0.680884
48840	-1022.291	-1233.677	211.3862	2.489692	1.065783	0.569747	0.430253	0.6677416
48846	-1011.386	-1222.877	211.4901	2.385748	1.065783	0.607728	0.392272	0.6677416
48852	-1032.353	-1243.918	211.5656	2.401659	0.9487111	0.648694	0.351306	0.7133831
48858	-1012.804	-1224.141	211.3367	2.401659	1.202534	0.390001	0.609999	0.6924667
48864	-1021.46	-1233.086	211.6251	2.401659	0.9183051	0.416753	0.583247	0.6631145
48870	-1013.346	-1225.008	211.6621	2.323992	0.9183051	0.513109	0.486891	0.7346839
48876	-1021.025	-1232.705	211.6807	2.305346	0.9183051	0.566425	0.433575	0.7346839
48882	-1015.313	-1227.208	211.8943	2.160208	0.7585974	0.378764	0.621236	0.8844595
48888	-1012.998	-1224.563	211.565	2.222851	1.02655	0.421825	0.578175	0.8534074
48894	-1023.918	-1235.712	211.7943	2.222851	0.8830155	0.533584	0.466416	0.7456706
48900	-1020.016	-1231.577	211.5613	2.168575	0.9798643	0.390442	0.609558	0.9694334
48906	-1025.524	-1237.254	211.7303	2.209211	0.7890296	0.437153	0.562847	0.9694334
48912	-1024.437	-1236.329	211.8924	2.223869	0.739614	0.270128	0.729872	0.8388323
48918	-1011.981	-1224.223	212.2418	2.190686	0.437177	0.411485	0.588515	0.9887031
48924	-1016.706	-1228.815	212.109	2.277121	0.5927244	0.409234	0.590766	0.7416705
48930	-1027.643	-1239.311	211.6684	2.250755	0.8913815	0.431064	0.568936	0.8633366
48936	-1012.92	-1224.297	211.3771	2.349116	1.210634	0.448717	0.551283	0.7014281
48942	-1019.293	-1230.609	211.3157	2.435747	1.210634	0.448701	0.551299	0.6531321
48948	-1015.915	-1227.818	211.903	2.38009	0.7245369	0.433266	0.566734	0.5830227
48954	-1024.87	-1236.322	211.4521	2.38009	1.092884	0.516038	0.483962	0.7012937
48960	-1012.889	-1224.171	211.2825	2.376268	1.163115	0.320528	0.679472	0.8551274
48966	-1020.209	-1231.628	211.4194	2.366519	1.090657	0.470882	0.529118	0.7763262
48972	-1024.263	-1235.479	211.216	2.456155	1.328135	0.372861	0.627139	0.6077647
48978	-1020.535	-1231.81	211.2754	2.593862	1.122038	0.598742	0.401258	0.5100456
48984	-1008.908	-1220.158	211.2495	2.619722	1.122038	0.52523	0.47477	0.4881877
48990	-1010.076	-1221.275	211.1992	2.651088	1.122038	0.446008	0.553992	0.4083068
48996	-1029.16	-1240.287	211.1263	2.651088	1.225492	0.446008	0.553992	0.4867231
49002	-1008.227	-1219.186	210.9591	2.521835	1.59958	0.549708	0.450292	0.5660532
49008	-1011.614	-1222.861	211.2475	2.537944	1.19646	0.549708	0.450292	0.5993994
49014	-1005.175	-1216.275	211.1007	2.699998	1.19646	0.361193	0.638807	0.4672368
49020	-1021.011	-1232.812	211.8008	2.640677	0.6129363	0.526744	0.473256	0.4546337
49026	-1009.19	-1220.737	211.5479	2.669209	0.7690563	0.387778	0.612222	0.399943
49032	-1024.632	-1236.223	211.5902	2.009502	0.4238719	0.586687	0.413313	1.68338
49038	-1033.158	-1244.529	211.3702	1.990787	0.4763732	0.450646	0.549354	1.785458
49044	-1035.191	-1246.501	211.31	2.037604	0.5349904	0.429031	0.570969	1.727579
49050	-1038.399	-1250.245	211.8463	2.422292	0.7454642	0.48789	0.51211	0.4820234
49056	-1021.717	-1233.032	211.3153	2.467509	1.198168	0.526836	0.473164	0.6028606
49062	-1011.253	-1222.323	211.0703	2.500763	1.460331	0.327512	0.672488	0.6028606
49068	-1010.177	-1221.248	211.0707	2.504499	1.454837	0.485782	0.514218	0.6028606
49074	-1002.796	-1213.869	211.0739	2.504499	1.454837	0.47817	0.52183	0.5932236
49080	-1014.879	-1226.283	211.4036	2.370708	1.198145	0.525532	0.474468	0.6256042
49086	-1000.056	-1211.374	211.318	2.462783	1.198145	0.262004	0.737996	0.608665
49092	-1010.84	-1222.044	211.2038	2.509344	1.210566	0.26858	0.73142	0.7235683
49098	-1009.953	-1220.886	210.9327	2.560076	1.573084	0.543414	0.456586	0.5912066
49104	-1011.86	-1222.963	211.1032	2.465478	1.37684	0.543414	0.456586	0.7354757
49110	-999.6592	-1210.732	211.0728	2.496576	1.370749	0.515742	0.484258	0.7417702
49116	-1021.786	-1232.8	211.0142	2.496576	1.491322	0.276209	0.723791	0.6862947
49122	-1027.812	-1239.23	211.4182	2.541512	1.012296	0.628609	0.371391	0.5896557
49128	-1017.758	-1229.233	211.4751	2.503866	0.8830577	0.628609	0.371391	0.7996796
49134	-1009.733	-1221.002	211.2694	2.537365	1.18221	0.542104	0.457896	0.5686154
49140	-1003.669	-1215.136	211.4666	2.474641	0.9983572	0.496471	0.503529	0.6686896
49146	-990.4946	-1202.138	211.6438	2.517555	0.8344304	0.498302	0.501698	0.5306569
49152	-1018.273	-1229.523	211.2502	2.517555	1.232205	0.585245	0.414755	0.5479928
49158	-1021.472	-1232.828	211.3555	2.517555	1.117955	0.385633	0.614367	0.4900145
49164	-1025.878	-1237.338	211.4605	2.498955	1.026147	0.439393	0.560607	0.5225878
49170	-1015.479	-1227.028	211.5492	2.508592	0.9272889	0.278215	0.721785	0.4607726
49176	-1016.39	-1228.446	212.0561	2.536201	0.5165465	0.678785	0.321215	0.5006396
49182	-1040.492	-1252.211	211.7186	2.408646	0.6317219	0.471659	0.528341	0.9849846
49188	-1038.222	-1250.101	211.8795	2.254193	0.5521707	0.390502	0.609498	1.091599
49194	-1032.168	-1244.167	211.9984	2.480569	0.5864366	0.621064	0.378936	0.4499546
49200	-1023.461	-1235.129	211.668	2.178764	0.7515496	0.711345	0.288655	1.103117
49206	-1033.813	-1245.107	211.2942	2.087526	0.8677107	0.30661	0.69339	1.379339
49212	-1026.985	-1238.775	211.7903	2.084132	0.8416917	0.659224	0.340776	0.973327
49218	-1032.435	-1244.08	211.645	1.708047	0.6212184	0.688158	0.311842	1.631946
49224	-1030.4	-1242.161	211.7608	2.030895	0.7204136	0.467281	0.532719	1.186701
49230	-1023.766	-1235.535	211.7688	1.965171	0.824085	0.309645	0.690355	1.126821
49236	-1012.993	-1223.864	210.871	1.664712	0.4609301	0.472077	0.527923	2.348501
49242	-1017.927	-1228.949	211.0223	1.539057	0.5330676	0.424391	0.575609	2.255571
49248	-1035.402	-1246.601	211.1989	1.467472	0.699574	0.34533	0.65467	2.031637
49254	-1032.133	-1243.419	211.2863	1.760522	0.3390085	0.325809	0.674191	2.171808
49260	-1035.705	-1244.362	208.657	1.444802	0.387299	0.439378	0.560622	3.885466
49266	-1041.588	-1251.554	209.9656	1.654472	0.3079103	0.298805	0.701195	3.097175
49272	-1030.566	-1241.704	211.1377	1.641851	0.3322528	0.358941	0.641059	2.352774
49278	-1034.329	-1245.411	211.0817	1.899796	0.301992	0.543877	0.456123	2.267379
49284	-1034.453	-1245.214	210.7605	1.898764	0.4629896	0.521865	0.478135	2.267379
49290	-1036.266	-1247.871	211.6043	1.751202	0.3548839	0.54762	0.45238	1.945719
49296	-1046.352	-1257.704	211.3517	1.857944	0.3777349	0.570725	0.429275	2.012004
49302	-1039.889	-1250.797	210.9073	1.744218	0.409352	0.514823	0.485177	2.334591
49308	-1042.613	-1253.738	211.1249	1.801369	0.5343684	0.569584	0.430416	2.015902
49314	-1042.165	-1251.633	209.4686	1.550517	0.3778209	0.516291	0.483709	3.364232
49320	-1029.596	-1240.068	210.4728	1.49531	0.6060465	0.461116	0.538884	2.560503
49326	-1018.634	-1229.938	211.3037	1.660346	0.5397647	0.578301	0.421699	1.985104
49332	-1014.45	-1225.178	210.7283	1.694037	0.7473855	0.447769	0.552231	2.152049
49338	-1015.856	-1227.312	211.456	1.680574	0.3638854	0.408111	0.591889	2.078977
49344	-1007.836	-1219.239	211.4038	1.788886	0.6466865	0.342905	0.657095	1.720895
49350	-1011.446	-1222.797	211.3513	1.743396	0.5588204	0.561262	0.438738	1.876995
49356	-1017.871	-1229.245	211.374	1.738404	0.5473539	0.576964	0.423036	1.876995
49362	-1015.577	-1226.179	210.6016	1.611637	0.4959403	0.501311	0.498689	2.513916
49368	-1016.131	-1225.901	209.77	1.611637	0.4486622	0.292791	0.707209	3.070405
49374	-1033.97	-1245.675	211.705	1.763364	0.2955936	0.632671	0.367329	1.958086
49380	-1025.596	-1237.354	211.7581	2.067582	0.507434	0.502334	0.497666	1.40861
49386	-1011.098	-1222.994	211.8961	2.225069	0.4987943	0.504495	0.495505	1.179036
49392	-1033.342	-1245.424	212.0818	2.347628	0.3409181	0.400092	0.599908	1.16862
49398	-1032.493	-1244.787	212.2937	2.115582	0.2665185	0.333005	0.666995	1.329301
49404	-1029.337	-1240.966	211.6295	1.886763	0.4688206	0.333005	0.666995	1.685545
49410	-1014.514	-1225.998	211.4832	1.967381	0.7956549	0.457094	0.542906	1.390187
49416	-1018.526	-1229.208	210.6827	1.887995	1.021357	0.449378	0.550622	1.851873
49422	-1019.541	-1231.154	211.6131	1.887995	0.6868895	0.391834	0.608166	1.456025
49428	-1023.158	-1234.322	211.1642	1.771608	0.960039	0.462215	0.537785	1.639238
49434	-1025.673	-1237.384	211.711	1.801847	0.6098186	0.480241	0.519759	1.526924
49440	-1014.993	-1226.403	211.4102	1.983861	1.02621	0.442603	0.557397	1.235449
49446	-1013.165	-1224.317	211.1525	1.983861	1.315526	0.51879	0.48121	1.235449
49452	-1031.139	-1242.164	211.0252	2.2402	1.423427	0.285448	0.714552	1.044442
49458	-1013.263	-1224.86	211.5967	1.981421	1.072653	0.497145	0.502855	1.03013
49464	-1017.166	-1228.923	211.7565	1.981421	0.896032	0.497145	0.502855	1.048661
49470	-1011.712	-1223.299	211.5867	2.055936	0.8917866	0.653133	0.346867	1.140664
49476	-1010.394	-1221.906	211.512	2.049392	1.048992	0.345088	0.654912	1.067727
49482	-1030.909	-1242.872	211.9631	2.024582	0.7319758	0.479877	0.520123	0.9915987
49488	-1023.897	-1235.472	211.5744	2.220948	0.866937	0.344701	0.655299	1.02408
49494	-1015.958	-1227.565	211.6074	2.006424	0.923173	0.539449	0.460551	1.13624
49500	-1027.507	-1239.624	212.117	2.090463	0.4693489	0.687001	0.312999	1.146986
49506	-1013.477	-1225.753	212.2758	2.206584	0.4693489	0.424237	0.575763	0.8732048
49512	-1015.077	-1226.749	211.672	2.173352	0.2423831	0.377867	0.622133	1.791706
49518	-1020.595	-1230.848	210.2529	1.581214	0.4102038	0.493849	0.506151	2.840566
49524	-1035.143	-1244.487	209.3441	1.379145	1.120048	0.493913	0.506087	2.963886
49530	-1019.657	-1230.574	210.9175	1.428563	0.5306912	0.48222	0.51778	2.395079
49536	-1018.568	-1229.084	210.5162	1.584029	0.8900255	0.56419	0.43581	2.253175
49542	-1025.153	-1236.59	211.4369	1.600792	0.6964602	0.341615	0.658385	1.782621
49548	-1018.065	-1229.516	211.4506	1.604221	0.5659982	0.350544	0.649456	1.896741
49554	-1013.312	-1224.976	211.664	1.548146	0.5686586	0.350544	0.649456	1.785976
49560	-1019.661	-1231.608	211.9466	1.751039	0.4292718	0.399467	0.600533	1.605908
49566	-1034.073	-1245.746	211.6724	1.869151	0.7288875	0.675039	0.324961	1.382919
49572	-1044.053	-1255.793	211.7396	2.054065	0.9229262	0.365112	0.634888	0.9645388
49578	-1037.776	-1249.51	211.7346	2.305033	0.7653598	0.43525	0.56475	0.8919875
49584	-1040.828	-1252.088	211.2607	1.849618	1.036768	0.336821	0.663179	1.453356
49590	-1036.948	-1247.972	211.0237	1.476125	0.8557384	0.350803	0.649197	2.016971
49596	-1032.787	-1244.426	211.6388	1.730937	0.8189294	0.401599	0.598401	1.431658
49602	-1028.715	-1240.373	211.6579	1.64783	0.8755115	0.542495	0.457505	1.431658
49608	-1014.948	-1227.246	212.2981	1.887432	0.6047631	0.427255	0.572745	0.9645403
49614	-1017.038	-1228.579	211.5417	1.828971	0.8932011	0.428358	0.571642	1.366044
49620	-1022.456	-1233.943	211.4865	2.029734	0.6155631	0.318646	0.681354	1.518322
49626	-1009.607	-1220.544	210.9369	1.813796	0.6354142	0.534881	0.465119	2.033007
49632	-1017.316	-1228.726	211.4104	1.872389	0.5570045	0.347522	0.652478	1.749077
49638	-1020.435	-1231.854	211.419	1.948093	0.5363094	0.519727	0.480273	1.712392
49644	-1011.682	-1223.378	211.696	1.954018	0.5051333	0.323776	0.676224	1.544299
49650	-1004.204	-1215.968	211.7641	2.091767	0.5039434	0.42508	0.57492	1.38958
49656	-997.4873	-1209.342	211.855	2.082626	0.3985039	0.494174	0.505826	1.471009
49662	-1011.85	-1223.469	211.6191	2.082626	0.8377816	0.3841	0.6159	1.141618
49668	-1019.262	-1230.737	211.4744	2.119734	1.06657	0.54283	0.45717	1.020155
49674	-1005.795	-1217.768	211.9725	2.132668	0.6700045	0.548709	0.451291	0.9535649
49680	-1018.102	-1229.603	211.5016	2.182909	1.040879	0.61985	0.38015	0.9535649
49686	-1020.091	-1232.192	212.1004	2.109523	0.5952189	0.567513	0.432487	0.9535649
49692	-1017.696	-1229.377	211.6817	2.206697	0.9250304	0.567513	0.432487	0.8568597
49698	-1036.02	-1247.658	211.6377	2.239255	0.9250304	0.567513	0.432487	0.8704282
49704	-1028.706	-1240.663	211.9562	2.239255	0.6587606	0.449625	0.550375	0.8704282
49710	-1031.467	-1243.546	212.0793	2.239255	0.6057791	0.453688	0.546312	0.8100168
49716	-1029.112	-1241.02	211.9079	2.204304	0.6057791	0.417468	0.582532	1.036416
49722	-1031.409	-1243.034	211.6247	1.980883	0.8454834	0.359286	0.640714	1.217456
49728	-1028.771	-1240.23	211.4591	1.995542	0.8518745	0.519227	0.480773	1.335651
49734	-1030.786	-1241.892	211.1068	1.770497	0.5661629	0.376645	0.623355	2.015792
49740	-1019.363	-1231.325	211.9626	1.812281	0.4718504	0.376645	0.623355	1.492964
49746	-1015.589	-1227.334	211.7444	1.849178	0.4306208	0.452941	0.547059	1.678871
49752	-1018.047	-1229.613	211.5658	1.70365	0.519089	0.432867	0.567133	1.799837
49758	-1036.401	-1246.898	210.4969	1.507494	0.519089	0.423764	0.576236	2.620086
49764	-1012.11	-1222.62	210.5096	1.494772	0.519089	0.475759	0.524241	2.620086
49770	-1022.679	-1232.808	210.1287	1.482655	0.806875	0.497859	0.502141	2.620086
49776	-1019.177	-1230.471	211.2937	1.552459	0.5787529	0.416407	0.583593	2.023905
49782	-1033.482	-1244.369	210.8874	1.700151	0.6298868	0.364084	0.635916	2.14537
49788	-1037.25	-1247.763	210.5131	1.700151	0.5592028	0.346448	0.653552	2.450815
49794	-1027.203	-1237.66	210.457	1.588294	0.5134541	0.504785	0.495215	2.600441
49800	-1028.492	-1238.161	209.6692	1.603437	0.7862851	0.53117	0.46883	2.842304
49806	-1026.947	-1237.28	210.3326	1.596469	0.3607652	0.643968	0.356032	2.842304
49812	-1041.996	-1252.311	210.3148	1.628666	0.5638983	0.614246	0.385754	2.614438
49818	-1040.382	-1251.252	210.8702	1.859328	0.4692425	0.544517	0.455483	2.215174
49824	-1033.787	-1244.536	210.7491	1.787968	0.3002321	0.447692	0.552308	2.55047
49830	-1038.747	-1249.076	210.3288	1.926524	0.562054	0.388611	0.611389	2.42159
49836	-1037.247	-1248.199	210.9524	1.803168	0.646188	0.430019	0.569981	2.019902
49842	-1041.646	-1252.885	211.2393	1.988951	0.4806001	0.560306	0.439694	1.871899
49848	-1034.433	-1245.521	211.0877	2.077346	0.4205979	0.529128	0.470872	1.986533
49854	-1046.217	-1257.988	211.7704	1.995708	0.3241688	0.554415	0.445585	1.708394
49860	-1035.501	-1246.775	211.2738	1.954088	0.4053332	0.455323	0.544677	1.963773
49866	-1034.73	-1246.023	211.2921	1.854539	0.3282527	0.589659	0.410341	2.122009
49872	-1028.848	-1239.74	210.8919	1.917304	0.5668935	0.526104	0.473896	2.060202
49878	-1031.55	-1242.672	211.1216	2.124943	0.5164009	0.326292	0.673708	1.818606
49884	-1041.188	-1252.899	211.7102	2.216191	0.312104	0.460951	0.539049	1.613053
49890	-1030.273	-1241.321	211.0475	1.774163	0.5590903	0.343248	0.656752	2.059806
49896	-1034.365	-1245.516	211.1512	1.798412	0.6728438	0.571578	0.428422	1.864829
49902	-1038.061	-1249.118	211.0571	1.816655	0.6728438	0.555492	0.444508	1.916338
49908	-1038.037	-1249.26	211.2234	1.919007	0.4926756	0.470664	0.529336	1.916338
49914	-1030.085	-1241.558	211.4732	2.032479	0.5201636	0.581488	0.418512	1.631825
49920	-1039.12	-1250.718	211.5984	1.965157	0.6629028	0.427061	0.572939	1.432749
49926	-1028.172	-1239.62	211.448	1.931926	0.433386	0.323483	0.676517	1.824862
49932	-1027.692	-1239.276	211.5839	2.0305	0.7773177	0.504516	0.495484	1.276583
49938	-1032.201	-1244.041	211.8401	2.0305	0.5836337	0.230718	0.769282	1.278303
49944	-1027.493	-1239.267	211.7744	1.979379	0.6662738	0.304634	0.695366	1.278303
49950	-1024.904	-1236.501	211.5975	1.949552	0.5258069	0.391861	0.608139	1.595335
49956	-1017.785	-1229.132	211.3473	1.82419	0.6347336	0.542253	0.457747	1.747432
49962	-1013.912	-1225.256	211.3444	1.695965	0.6121223	0.662921	0.337079	1.860243
49968	-1010.889	-1222.49	211.6013	1.69178	0.580873	0.535609	0.464391	1.716463
49974	-1019.838	-1230.576	210.7381	1.70913	0.3868935	0.448359	0.551641	2.490865
49980	-1023.038	-1233.581	210.5425	1.64445	0.5349742	0.448359	0.551641	2.490865
49986	-1026.444	-1238.285	211.8408	1.815044	0.5350628	0.466679	0.533321	1.504154
49992	-1024.612	-1236.422	211.8095	1.902626	0.577375	0.466679	0.533321	1.411913
49998	-1029.482	-1241.828	212.3462	1.808312	0.4936833	0.452429	0.547571	1.157328
50004	-1030.47	-1241.98	211.5098	1.970588	0.8567375	0.576413	0.423587	1.310566
50010	-1042.987	-1254.734	211.7472	1.74457	0.3941641	0.576413	0.423587	1.79868
50016	-1026.758	-1238.27	211.5118	2.032414	0.4659166	0.778282	0.221718	1.669218
50022	-1022.721	-1233.576	210.8552	1.910144	0.6690419	0.53895	0.46105	1.99263
50028	-1022.122	-1233.913	211.7906	1.853796	0.6045758	0.53895	0.46105	1.433307
50034	-1015.846	-1227.542	211.6956	2.002713	0.4143821	0.348903	0.651097	1.625425
50040	-1031.811	-1243.259	211.4477	1.98822	0.4143821	0.576629	0.423371	1.810537
50046	-1028.689	-1240.212	211.5231	1.982108	0.4154081	0.501278	0.498722	1.761128
50052	-1014.528	-1226.266	211.7384	1.943635	0.3649676	0.560765	0.439235	1.706356
50058	-1008.475	-1220.177	211.7018	1.980222	0.3649676	0.464232	0.535768	1.706356
50064	-1015.665	-1227.054	211.389	1.980222	0.5404106	0.445146	0.554854	1.706356
50070	-1015.327	-1226.6	211.2729	1.980222	0.4714938	0.562091	0.437909	1.865523
50076	-1030.185	-1241.682	211.497	1.756179	0.4714938	0.385605	0.614395	1.865523
50082	-1030.466	-1241.065	210.5985	1.770135	0.4354021	0.321443	0.678557	2.482564
50088	-1002.024	-1212.226	210.2025	1.591424	0.5423671	0.489417	0.510583	2.726818
50094	-1011.602	-1221.348	209.7458	1.622378	0.6031147	0.481215	0.518785	2.929954
50100	-1051.188	-1261.691	210.5028	1.503042	0.5730826	0.516625	0.483375	2.567171
50106	-1039.783	-1250.662	210.8791	1.68996	0.6578802	0.590074	0.409926	2.132191
50112	-1026.868	-1237.532	210.6648	1.706616	0.4033503	0.546405	0.453595	2.518244
50118	-1013.854	-1224.411	210.5573	1.631955	0.631988	0.546405	0.453595	2.398877
50124	-1012.447	-1222.677	210.2299	1.468226	0.4004035	0.639136	0.360864	2.934168
50130	-1012.001	-1220.594	208.5929	1.44407	0.6686335	0.728335	0.271665	3.661291
50136	-992.261	-1202.114	209.8533	1.44407	0.6231929	0.343865	0.656135	2.955319
50142	-999.3857	-1209.575	210.1896	1.558719	0.4364898	0.496219	0.503781	2.863067
50148	-1004.134	-1216.015	211.8813	1.847121	0.3450401	0.380142	0.619858	1.702977
50154	-1014.971	-1226.595	211.624	1.796866	0.4361473	0.562637	0.437363	1.793138
50160	-1020.618	-1232.13	211.5117	1.951441	0.4361473	0.499229	0.500771	1.763689
50166	-1030.256	-1242.09	211.8341	1.994151	0.3855269	0.35548	0.64452	1.571329
50172	-1031.613	-1242.783	211.1702	1.83615	0.4910016	0.391628	0.608372	2.009528
50178	-1021.203	-1232.821	211.6187	1.83615	0.3080802	0.391628	0.608372	1.947666
50184	-1015.331	-1226.245	210.9135	1.791972	0.265853	0.471786	0.528214	2.497278
50190	-1022.941	-1233.545	210.604	1.685697	0.2326984	0.751974	0.248026	2.807111
50196	-1009.18	-1219.915	210.7354	1.7689	0.4477098	0.265563	0.734437	2.383226
50202	-1008.529	-1220.35	211.8215	1.905277	0.3307295	0.493503	0.506497	1.725961
50208	-1016.554	-1227.835	211.2805	2.026422	0.2746814	0.564124	0.435876	2.098614
50214	-1016.855	-1227.013	210.1579	1.768738	0.4872563	0.584643	0.415357	2.700229
50220	-1005.241	-1216.47	211.2287	1.647131	0.3191088	0.583515	0.416485	2.310009
50226	-1022.388	-1233.059	210.6717	1.657191	0.3291498	0.63348	0.36652	2.6389
50232	-1028.141	-1239.526	211.3849	1.764328	0.6683378	0.474691	0.525309	1.730686
50238	-1039.801	-1251.305	211.5033	1.771358	0.5418503	0.474691	0.525309	1.771147
50244	-1022.633	-1233.71	211.0772	1.668468	0.4581342	0.374623	0.625377	2.21726
50250	-1018.931	-1229.152	210.2213	1.654656	0.3030361	0.329292	0.670708	2.950634
50256	-1016.438	-1227.284	210.8461	1.668009	0.4350394	0.329292	0.670708	2.391509
50262	-1014.972	-1226.435	211.4622	2.02775	0.4350394	0.329292	0.670708	1.746367
50268	-1023.793	-1235.308	211.5155	1.956223	0.4079385	0.460806	0.539194	1.794224
50274	-1020.747	-1231.673	210.926	2.011675	0.5259651	0.557017	0.442983	2.017183
50280	-1003.588	-1214.869	211.2813	2.014614	0.6452027	0.622709	0.377291	1.648902
50286	-1012.127	-1223.145	211.0178	1.984917	0.7236495	0.287171	0.712829	1.782551
50292	-1012.145	-1222.923	210.7784	1.896342	0.6117819	0.455184	0.544816	2.105155
50298	-1018.972	-1230.315	211.3427	1.98498	0.3528559	0.455184	0.544816	1.96724
50304	-1011.594	-1222.849	211.2546	2.085691	0.5345076	0.433689	0.566311	1.733285
50310	-1032.397	-1244.091	211.6946	2.137254	0.8821467	0.50253	0.49747	0.9706046
50316	-1033.138	-1244.987	211.849	2.177796	0.8319068	0.43244	0.56756	0.8122851
50322	-1017.229	-1228.679	211.4503	2.144261	1.180975	0.37674	0.62326	0.9109011
50328	-1016.219	-1227.867	211.648	2.196098	0.9225446	0.564816	0.435184	0.9109011
50334	-1021.345	-1233.212	211.8666	2.228115	0.7726491	0.559587	0.440413	0.8146506
50340	-1018.568	-1230	211.4314	2.320151	1.027401	0.559587	0.440413	0.894796
50346	-1014.711	-1225.783	211.0721	2.300012	1.473714	0.534115	0.465885	0.894796
50352	-1018.375	-1229.888	211.5128	2.300012	1.076276	0.534115	0.465885	0.7571534
50358	-1010.113	-1221.288	211.1758	2.300012	1.212467	0.330894	0.669106	1.006293
50364	-1015.595	-1227.41	211.8149	2.152605	0.7362946	0.4367	0.5633	1.006293
50370	-1013.44	-1225.435	211.9956	2.019966	0.6986981	0.509127	0.490873	1.006293
50376	-1015.414	-1226.758	211.3447	1.964418	0.9125052	0.555911	0.444089	1.397904
50382	-1015.779	-1227.144	211.365	1.830702	0.781225	0.558652	0.441348	1.594928
50388	-1034.104	-1244.937	210.8328	1.713631	1.036356	0.668012	0.331988	1.858413
50394	-1024.163	-1235.059	210.8958	1.591185	0.7146948	0.459408	0.540592	2.136806
50400	-1017.117	-1227.614	210.4966	1.80254	0.7146948	0.474843	0.525157	2.258358
50406	-1005.827	-1217.765	211.9384	1.870553	0.4362285	0.422075	0.577925	1.514594
50412	-1021.956	-1233.196	211.2398	1.948641	0.5454494	0.422075	0.577925	1.826926
50418	-1010.462	-1221.749	211.2874	1.948641	0.6046577	0.642973	0.357027	1.732084
50424	-1012.987	-1224.87	211.8833	2.005218	0.4623988	0.345385	0.654615	1.418915
50430	-1034.427	-1245.778	211.351	1.881636	0.633836	0.465183	0.534817	1.705269
50436	-1015.385	-1225.968	210.5836	1.678192	0.8521024	0.39445	0.60555	2.175966
50442	-1024.7	-1235.665	210.9655	1.790165	0.8170116	0.394546	0.605454	1.874566
50448	-1014.473	-1225.485	211.0125	1.964757	0.9443698	0.375342	0.624658	1.621056
50454	-1032.318	-1244.419	212.1005	2.358288	0.5997302	0.396428	0.603572	0.5573946
50460	-1010.51	-1222.414	211.9043	2.309158	0.7825272	0.448071	0.551929	0.5760987
50466	-1023.728	-1235.472	211.7444	2.507979	0.7582511	0.662659	0.337341	0.5235168
50472	-1021.571	-1233.354	211.7832	2.639473	0.6183309	0.610087	0.389913	0.4170386
50478	-1018.147	-1229.529	211.3813	2.641073	0.9494441	0.284069	0.715931	0.4170386
50484	-1023.023	-1234.526	211.5027	2.528716	0.9544968	0.284366	0.715634	0.4765226
50490	-1015.18	-1226.506	211.3261	1.901613	0.2422673	0.4144	0.5856	2.204307
50496	-1012.156	-1223.591	211.435	2.048604	0.2762472	0.50308	0.49692	1.979027
50502	-1000.734	-1211.877	211.1426	1.928692	0.4142856	0.430491	0.569509	2.056692
50508	-1015.267	-1227.203	211.9358	2.205146	0.3389079	0.693673	0.306327	1.408276
50514	-1023.258	-1234.267	211.0097	2.0521	0.5079843	0.422592	0.577408	1.953652
50520	-1033.018	-1244.72	211.7024	1.963527	0.8211528	0.437453	0.562547	1.189735
50526	-1031.211	-1242.978	211.7668	1.934107	0.8320994	0.384933	0.615067	1.14815
50532	-1035.598	-1247.49	211.8923	1.97509	0.6096029	0.524153	0.475847	1.249583
50538	-1027.503	-1239.116	211.6133	2.156081	0.680552	0.525699	0.474301	1.249583
50544	-1019.976	-1231.866	211.8906	2.065027	0.6342751	0.35547	0.64453	1.143771
50550	-1014.22	-1225.891	211.6708	2.060509	0.6868502	0.416653	0.583347	1.274233
50556	-1018.962	-1231.003	212.041	2.230571	0.5929237	0.386168	0.613832	0.8898558
50562	-1009.123	-1220.78	211.6574	2.143788	0.8671817	0.473026	0.526974	1.01807
50568	-1016.583	-1228.094	211.511	2.165217	1.060738	0.357915	0.642085	0.9421178
50574	-1026.108	-1238.409	212.301	2.132492	0.5415252	0.329861	0.670139	0.7853491
50580	-1030.952	-1243.091	212.1384	2.333367	0.5471983	0.469062	0.530938	0.7144989
50586	-1036.829	-1248.154	211.3249	2.333367	1.233619	0.547075	0.452925	0.7761924
50592	-1027.084	-1237.78	210.6958	2.356826	1.884244	0.547075	0.452925	0.941296
50598	-1024.489	-1235.243	210.7544	2.236139	1.699142	0.547075	0.452925	1.117228
50604	-1036.877	-1247.117	210.2398	2.307543	2.434647	0.343224	0.656776	1.134958
50610	-1041.158	-1252.269	211.111	1.356124	0.3540416	0.400318	0.599682	2.52012
50616	-1040.625	-1250.649	210.0239	1.314143	0.5311572	0.377295	0.622705	3.01357
50622	-1021.411	-1233.027	211.6159	2.403963	0.9361315	0.498193	0.501807	0.6371702
50628	-1022.497	-1234.205	211.7081	2.461196	0.7980945	0.564637	0.435363	0.6469068
50634	-1026.846	-1238.672	211.8257	2.358582	0.6989949	0.471678	0.528322	0.8185121
50640	-1025.553	-1236.785	211.2317	2.30354	1.337516	0.338721	0.661279	0.8256302
50646	-1021.025	-1232.959	211.9338	2.474737	0.4540455	0.593206	0.406794	0.9824145
50652	-1028.763	-1240.649	211.8859	2.382299	0.5535012	0.475338	0.524662	0.9581295
50658	-1034.619	-1246.471	211.8526	2.240126	0.7905883	0.692462	0.307538	0.7887779
50664	-1036.061	-1247.3	211.2389	1.614279	0.5962971	0.495539	0.504461	2.002013
50670	-1046.546	-1258.456	211.9108	2.055918	0.7845392	0.524584	0.475416	0.9465467
50676	-1036.276	-1248.367	212.0909	1.87667	0.5022888	0.364199	0.635801	1.302886
50682	-1026.585	-1237.752	211.1671	2.045495	0.7556581	0.464013	0.535987	1.605207
50688	-1019.692	-1231.123	211.4316	2.223189	0.771043	0.472478	0.527522	1.249429
50694	-1016.492	-1228.423	211.9303	2.331229	0.5311641	0.42841	0.57159	1.000569
50700	-1015.294	-1226.108	210.814	1.638865	0.528971	0.513588	0.486412	2.329112
50706	-1021.711	-1231.139	209.4279	1.530505	0.8763886	0.513588	0.486412	2.969641
50712	-1021.14	-1231.644	210.5042	1.732085	0.6398808	0.447494	0.552506	2.362153
50718	-1035.387	-1246.209	210.822	1.639232	0.454309	0.250806	0.749194	2.403075
50724	-1041.16	-1252.195	211.0351	1.866431	0.5621749	0.419322	0.580678	2.003696
50730	-1042.878	-1254.391	211.5123	1.850374	0.4740742	0.591732	0.408268	1.787043
50736	-1033.147	-1244.56	211.4128	1.763305	0.5941909	0.531332	0.468668	1.784634
50742	-1022.898	-1234.023	211.1257	1.85875	0.5127691	0.557444	0.442556	2.000186
50748	-1030.103	-1240.848	210.7441	1.85875	0.7829486	0.465577	0.534423	2.004616
50754	-1024.876	-1236.151	211.2749	2.538196	1.154511	0.402099	0.597901	0.625203
50760	-1036.244	-1246.69	210.4456	1.826674	0.373694	0.497064	0.502936	2.616012
50766	-1054.953	-1265.548	210.5952	1.766821	0.4095658	0.527167	0.472833	2.516708
50772	-1039.009	-1250.268	211.2591	1.831619	0.6383998	0.550572	0.449428	1.800057
50778	-1024.545	-1235.705	211.1596	1.773744	1.08186	0.631567	0.368433	1.553639
50784	-1031.852	-1243.785	211.9325	1.900911	0.7809973	0.473311	0.526689	1.082372
50790	-1025.412	-1237.252	211.8396	2.416776	0.695235	0.509381	0.490619	0.722595
50796	-1029.661	-1241.306	211.6455	2.301074	0.7888305	0.636018	0.363982	0.9623084
50802	-1017.55	-1228.621	211.0708	2.490177	1.420971	0.52474	0.47526	0.6911778
50808	-1030.038	-1241.368	211.3301	2.607454	1.047057	0.491734	0.508266	0.4656109
50814	-1028.608	-1239.971	211.3625	2.068799	0.4009282	0.310672	0.689328	1.83139
50820	-1027.963	-1239.053	211.0893	1.972572	0.6266147	0.338556	0.661444	1.83139
50826	-1015.956	-1227.264	211.3076	1.949458	0.4986366	0.461265	0.538735	1.83139
50832	-1004.072	-1215.425	211.3528	2.017252	0.5427684	0.51734	0.48266	1.703149
50838	-1024.9	-1235.859	210.9585	2.031924	0.7108554	0.590775	0.409225	1.802425
50844	-1011.903	-1223.522	211.6193	2.074127	0.4742848	0.33237	0.66763	1.550513
50850	-1008.461	-1219.935	211.4735	2.134042	0.4742848	0.526115	0.473885	1.613273
50856	-1022.533	-1233.345	210.8124	1.834897	0.5820273	0.506789	0.493211	2.151484
50862	-1035.886	-1247.312	211.4251	2.119358	0.5820273	0.573088	0.426912	1.533586
50868	-1041.478	-1252.917	211.4397	1.966695	0.5820273	0.31479	0.68521	1.634532
50874	-1031.477	-1242.84	211.3629	2.09576	0.7655221	0.479603	0.520397	1.412082
50880	-1029.943	-1241.383	211.4399	2.099252	0.7906134	0.425521	0.574479	1.324811
50886	-1017.52	-1229.288	211.7684	2.099252	0.5478207	0.424898	0.575102	1.324811
50892	-1009.872	-1220.511	210.6388	2.006273	1.108833	0.454609	0.545391	1.742556
50898	-1012.614	-1223.87	211.2564	1.838626	0.6477242	0.518017	0.481983	1.788164
50904	-1026.175	-1237.116	210.9414	1.998191	0.8221373	0.446722	0.553278	1.743387
50910	-1014.71	-1226.284	211.5735	1.956182	0.7022115	0.340535	0.659465	1.418716
50916	-1017.212	-1228.554	211.3418	1.956182	0.4184168	0.711934	0.288066	1.899788
50922	-1033.133	-1244.196	211.0634	2.061326	0.4184168	0.676674	0.323326	2.016165
50928	-1040.193	-1250.708	210.5145	1.772066	0.4842475	0.439955	0.560045	2.480376
50934	-1029.123	-1240.545	211.422	2.005883	0.5358473	0.775775	0.224225	1.66976
50940	-1031.592	-1243.18	211.5883	1.993334	0.6448747	0.444608	0.555392	1.437755
50946	-1026.782	-1238.12	211.3375	1.87399	0.4840912	0.424325	0.575675	1.879239
50952	-1017.584	-1227.547	209.963	1.597415	0.4982784	0.566817	0.433183	2.911905
50958	-1040.953	-1251.713	210.7599	1.701676	0.402511	0.437811	0.562189	2.46288
50964	-1028.838	-1239.353	210.5148	1.734976	0.5235302	0.484392	0.515608	2.46288
50970	-1019.469	-1230.555	211.0856	1.809435	0.4888367	0.503718	0.496282	2.085597
50976	-1030.258	-1240.905	210.6475	1.809435	0.3798257	0.491453	0.508547	2.493586
50982	-1033.921	-1245.298	211.3774	1.849551	0.948255	0.455946	0.544054	1.432248
50988	-1024.517	-1235.862	211.3449	1.741356	0.549977	0.436879	0.563121	1.892006
50994	-1019.264	-1230.798	211.5335	1.816131	0.549977	0.436879	0.563121	1.709652
51000	-1045.029	-1256.487	211.4583	1.881564	0.6255943	0.511597	0.488403	1.636986
51006	-1014.942	-1226.285	211.3431	2.07999	0.4945045	0.309939	0.690061	1.720639
51012	-1016.382	-1227.439	211.0572	1.991021	0.758137	0.653257	0.346743	1.720639
51018	-1022.238	-1233.635	211.3974	2.054621	0.9201977	0.388409	0.611591	1.277204
51024	-1033.318	-1244.875	211.557	1.925889	0.7862206	0.451075	0.548925	1.373633
51030	-1020.166	-1230.931	210.7656	1.793374	0.515095	0.422117	0.577883	2.275549
51036	-1012.777	-1223.268	210.4904	1.793374	1.126287	0.487863	0.512137	1.978697
51042	-1015.621	-1227.032	211.4107	1.819373	0.6603866	0.354973	0.645027	1.681114
51048	-1022.262	-1234.036	211.774	1.884446	0.6034375	0.376557	0.623443	1.423778
51054	-1002.041	-1213.995	211.9536	1.986283	0.5732279	0.605049	0.394951	1.233655
51060	-1007.42	-1218.794	211.3734	1.986283	0.804462	0.656678	0.343322	1.452282
51066	-1020.736	-1231.853	211.117	1.949366	1.355651	0.4529	0.5471	1.266907
51072	-1013.31	-1224.332	211.0217	2.063366	1.253904	0.478062	0.521938	1.319457
51078	-1016.228	-1227.606	211.3775	2.122008	1.104623	0.361203	0.638797	1.076454
51084	-1017.89	-1229.24	211.3496	2.137754	1.104623	0.381639	0.618361	1.087709
51090	-1012.693	-1224.26	211.5666	2.173524	0.7783506	0.431464	0.568536	1.169145
51096	-1027.19	-1238.759	211.5685	2.27561	0.97261	0.497241	0.502759	0.8505409
51102	-1024.875	-1236.23	211.355	2.415708	1.14057	0.403903	0.596097	0.7304861
51108	-1008.62	-1219.951	211.3318	2.40688	1.123859	0.403033	0.596967	0.7988049
51114	-1022.238	-1233.806	211.5673	2.272477	1.017552	0.455785	0.544215	0.7988049
51120	-1020.003	-1231.547	211.5435	2.272477	1.041842	0.465044	0.534956	0.7988049
51126	-1023.379	-1234.667	211.2886	2.255229	1.327639	0.498936	0.501064	0.8247162
51132	-1030.833	-1242.642	211.8097	2.255229	0.8064683	0.478442	0.521558	0.800865
51138	-1024.836	-1236.387	211.5514	2.390775	1.001271	0.500477	0.499523	0.6610612
51144	-1018.202	-1230.004	211.8022	2.178156	0.6538861	0.569099	0.430901	1.096975
51150	-1012.264	-1224.23	211.9662	2.139526	0.7114975	0.342626	0.657374	0.8935305
51156	-1020.34	-1232.077	211.7366	2.105338	0.7877407	0.447666	0.552334	1.066862
51162	-1011.522	-1223.374	211.8522	2.290471	0.5605507	0.614637	0.385363	1.071284
51168	-1017.661	-1229.168	211.5072	2.047946	0.5987256	0.588529	0.411471	1.507375
51174	-1020.043	-1231.617	211.574	2.379773	0.6136247	0.460107	0.539893	1.171122
51180	-1029.384	-1241.2	211.8155	2.306074	0.6402065	0.53086	0.46914	0.9787734
51186	-1015.283	-1227.176	211.8928	2.154107	0.6956008	0.286828	0.713172	0.9787734
51192	-1018.446	-1230.4	211.9539	2.435899	0.4667497	0.493251	0.506749	0.9787734
51198	-1020.844	-1232.318	211.474	2.40832	1.000391	0.502246	0.497754	0.7633088
51204	-1016.745	-1228.767	212.022	2.218441	0.63187	0.535817	0.464183	0.8610739
51210	-1025.262	-1236.789	211.5272	2.307817	0.8846386	0.593987	0.406013	0.9644971
51216	-1018.699	-1230.336	211.6372	2.231484	0.8535143	0.456645	0.543355	0.9653686
51222	-1010.292	-1221.912	211.6198	2.358648	0.8896094	0.470378	0.529622	0.790787
51228	-1017.774	-1228.826	211.0521	2.337834	1.149094	0.396988	0.603012	1.139285
51234	-1021.795	-1232.92	211.1256	2.158271	1.302854	0.418545	0.581455	1.115987
51240	-1023.51	-1235.424	211.9136	2.079407	0.6439128	0.42889	0.57111	1.097939
51246	-1015.838	-1227.601	211.7631	2.106266	0.6577205	0.36475	0.63525	1.190961
51252	-1039.128	-1250.505	211.3763	1.615834	0.579603	0.607988	0.392012	1.925319
51258	-1029.399	-1241.022	211.6237	1.81552	0.5079513	0.448881	0.551119	1.693556
51264	-1031.118	-1242.664	211.5459	2.027797	0.5755843	0.640208	0.359792	1.519019
51270	-1019.889	-1231.7	211.8115	2.111612	0.6340215	0.460148	0.539852	1.172695
51276	-1019.645	-1230.831	211.1858	2.42954	1.337507	0.556069	0.443931	0.7103172
51282	-1033.809	-1244.897	211.0872	2.515633	1.337335	0.371767	0.628233	0.7310719
51288	-1017.116	-1229.031	211.915	2.429655	0.6262573	0.435318	0.564682	0.7310719
51294	-1033.532	-1245.11	211.5782	2.431702	0.8333169	0.528092	0.471908	0.8317058
51300	-1026.991	-1238.597	211.6057	2.19577	0.8703877	0.515585	0.484415	1.014331
51306	-1013.902	-1225.536	211.6339	2.140373	0.9179912	0.387263	0.612737	0.9897424
51312	-1016.113	-1227.837	211.7237	2.140373	0.8656088	0.496918	0.503082	0.9560474
51318	-1011.433	-1222.757	211.3237	2.102483	0.8656088	0.51946	0.48054	1.346111
51324	-1001.775	-1213.006	211.2303	2.16885	1.108871	0.477267	0.522733	1.163506
51330	-1021.961	-1232.888	210.9268	1.821549	0.3635964	0.466347	0.533653	2.330446
51336	-1015.183	-1225.633	210.4492	1.664555	0.7730805	0.535185	0.464815	2.330446
51342	-1015.239	-1226.365	211.1265	1.664555	0.4518631	0.427567	0.572433	2.195077
51348	-1004.704	-1216.355	211.6513	1.892102	0.5268348	0.355102	0.644898	1.596746
51354	-1007.395	-1218.74	211.3446	1.789211	0.5268348	0.655967	0.344033	1.88436
51360	-1002.782	-1213.998	211.2159	1.897741	0.5268348	0.50536	0.49464	1.898115
51366	-1005.376	-1217.042	211.6663	1.823623	0.5119222	0.594354	0.405646	1.652787
51372	-1000.677	-1211.968	211.2911	1.823623	0.5792907	0.444457	0.555543	1.842195
51378	-995.7936	-1207.111	211.3175	1.830178	0.4305546	0.470254	0.529746	1.985891
51384	-1006.959	-1217.836	210.8776	1.835462	0.7930285	0.480993	0.519007	1.922656
51390	-1007.03	-1218.699	211.669	1.812849	0.7930285	0.457189	0.542811	1.368059
51396	-1006.266	-1218.102	211.8364	2.033493	0.698553	0.372299	0.627701	1.142899
51402	-997.4949	-1208.977	211.4819	2.033493	0.698553	0.583864	0.416136	1.43335
51408	-1010.656	-1222.725	212.0687	2.086492	0.4831501	0.447556	0.552444	1.172223
51414	-999.8373	-1211.112	211.2749	1.910721	0.4735685	0.409099	0.590901	1.909019
51420	-1022.941	-1234.525	211.5846	1.980658	0.4735685	0.678767	0.321233	1.644671
51426	-1013.678	-1225.084	211.4059	1.828369	0.3972145	0.573698	0.426302	1.969932
51432	-1053.577	-1264.206	210.6297	1.644211	0.561595	0.572412	0.427588	2.410347
51438	-1053.935	-1264.472	210.5371	1.701838	0.4549421	0.685122	0.314878	2.541679
51444	-1028.796	-1239.405	210.6094	1.604371	0.3353988	0.685122	0.314878	2.70135
51450	-1042.245	-1253.781	211.5354	1.859014	0.5155246	0.498785	0.501215	1.716481
51456	-1027.157	-1238.188	211.0309	1.804344	0.4560994	0.576958	0.423042	2.16149
51462	-1027.214	-1238.817	211.6028	1.804344	0.2888158	0.520198	0.479802	2.00971
51468	-1010.046	-1221.064	211.0182	1.896208	0.4674568	0.491204	0.508796	2.09678
51474	-1013.561	-1225.511	211.9495	1.836574	0.5489443	0.442166	0.557834	1.388011
51480	-1012.93	-1224.973	212.0427	2.024684	0.4267033	0.439553	0.560447	1.328562
51486	-1013.353	-1224.707	211.354	1.772236	0.4711075	0.355387	0.644613	1.951925
51492	-1007.294	-1218.222	210.9279	1.761606	0.5071403	0.355387	0.644613	2.199834
51498	-1011.031	-1221.642	210.6109	1.534851	0.6852574	0.431345	0.568655	2.380553
51504	-1013.958	-1224.754	210.7953	2.058724	0.7308964	0.431345	0.568655	1.878543
51510	-1011.634	-1222.712	211.0772	1.797415	0.3956186	0.491507	0.508493	2.208498
51516	-1009.667	-1221.126	211.4584	1.902024	0.3974058	0.598564	0.401436	1.884502
51522	-1013.309	-1224.83	211.521	1.74912	0.4459491	0.390843	0.609157	1.884502
51528	-1004.967	-1216.821	211.8531	1.917389	0.5188587	0.60043	0.39957	1.436903
51534	-995.2981	-1207.048	211.7497	2.057569	0.4382748	0.531066	0.468934	1.513058
51540	-1006.772	-1218.435	211.6636	1.931608	0.580107	0.426334	0.573666	1.497873
51546	-1006.474	-1218.708	212.2341	2.141114	0.3304239	0.314985	0.685015	1.234458
51552	-1004.498	-1216.427	211.9291	1.843312	0.3175452	0.709859	0.290141	1.714352
51558	-1009.452	-1221.318	211.8665	1.948173	0.4419364	0.555379	0.444621	1.50257
51564	-1015.316	-1226.857	211.5404	1.701152	0.5581392	0.496419	0.503581	1.776603
51570	-1025.997	-1238.049	212.0515	1.746696	0.4128687	0.542908	0.457092	1.554646
51576	-1024.223	-1235.1	210.8766	1.588743	0.4128687	0.4993	0.5007	2.448084
51582	-1023.747	-1235.281	211.5344	1.906705	0.680349	0.600356	0.399644	1.507788
51588	-1016.497	-1228.199	211.7019	1.904402	0.6072285	0.406215	0.593785	1.459454
51594	-1026.247	-1237.517	211.2697	1.904618	0.8956105	0.421867	0.578133	1.514432
51600	-1018.223	-1229.398	211.1749	1.975361	0.8753987	0.430764	0.569236	1.548755
51606	-1016.771	-1228.079	211.3085	2.103817	1.020843	0.552053	0.447947	1.224458
51612	-1021.773	-1233.057	211.2836	2.037538	0.8043909	0.536457	0.463543	1.48158
51618	-1019.603	-1231.635	212.032	1.876412	0.4957755	0.556837	0.443163	1.358942
51624	-1014.261	-1226.193	211.9324	2.046438	0.6176648	0.595359	0.404641	1.143912
51630	-1020.855	-1232.397	211.542	2.049287	0.9721091	0.484258	0.515742	1.110649
51636	-1011.932	-1223.714	211.7827	2.144545	0.6920898	0.579488	0.420512	1.098763
51642	-1004.785	-1216.909	212.1237	1.970383	0.6317502	0.393574	0.606426	1.018117
51648	-1006.594	-1218.055	211.4606	2.096943	0.9263281	0.40427	0.59573	1.182776
51654	-1016.603	-1228.09	211.4876	1.880922	0.9742608	0.566525	0.433475	1.29945
51660	-1027.24	-1238.443	211.2036	1.736703	0.7612169	0.65726	0.34274	1.793363
51666	-1021.277	-1232.996	211.7187	1.545284	0.5917558	0.338195	0.661805	1.725629
51672	-1007.242	-1218.015	210.7723	1.665942	0.6316919	0.53088	0.46912	2.240441
51678	-1020.267	-1231.221	210.9544	1.682494	0.7241795	0.551769	0.448231	2.030159
51684	-1028.181	-1239.591	211.4097	1.638891	0.4485522	0.646602	0.353398	2.030159
51690	-1020.451	-1231.357	210.9058	1.545885	0.6453388	0.381471	0.618529	2.219512
51696	-1019.708	-1230.605	210.8969	1.535923	0.5318108	0.440515	0.559485	2.338983
51702	-1033.354	-1244.252	210.8979	1.594257	0.9645833	0.510922	0.489078	1.943932
51708	-1034.937	-1246.148	211.2108	1.645839	0.8065317	0.510922	0.489078	1.813679
51714	-1022.331	-1233.118	210.7869	1.768953	0.5153235	0.372706	0.627294	2.27729
51720	-1024.25	-1235.043	210.7937	1.61597	0.6113586	0.421204	0.578796	2.27729
51726	-1031.483	-1242.517	211.0333	1.657749	1.018766	0.290682	0.709318	1.770518
51732	-1024.715	-1236.222	211.5066	1.659327	0.5639517	0.534499	0.465501	1.822827
51738	-1011.877	-1222.451	210.5749	1.659327	1.006013	0.656149	0.343851	2.087649
51744	-1021.962	-1233.254	211.2919	1.715348	0.8245153	0.401246	0.598754	1.69369
51750	-1021.869	-1233.214	211.3452	1.991848	0.6071549	0.597838	0.402162	1.657892
51756	-1023.335	-1235.479	212.1439	1.975137	0.3807547	0.41492	0.58508	1.357623
51762	-1035.33	-1246.725	211.3948	2.350177	1.211961	0.573488	0.426512	0.6643666
51768	-1024.791	-1236.169	211.3779	2.509404	1.091352	0.526839	0.473161	0.5765295
51774	-1031.579	-1243.235	211.6567	2.500685	0.8388746	0.550751	0.449249	0.519721
51780	-1022.608	-1233.945	211.337	2.660095	0.9769232	0.427759	0.572241	0.4251227
51786	-1023.053	-1234.19	211.1375	2.611194	1.259138	0.501404	0.498596	0.5161514
51792	-1005.264	-1216.513	211.2492	2.531106	1.133128	0.349358	0.650642	0.725937
51798	-1024.132	-1235.537	211.4051	2.531106	1.015951	0.35426	0.64574	0.642498
51804	-1037.536	-1249.016	211.4807	2.396542	1.060628	0.618793	0.381207	0.674718
51810	-1037.267	-1248.135	210.8677	2.420772	1.401749	0.392089	0.607911	1.038327
51816	-1025.532	-1236.999	211.4674	2.162675	0.9175159	0.392089	0.607911	1.12712
51822	-1019.924	-1231.906	211.9822	1.925086	0.6997432	0.479884	0.520116	1.107851
51828	-1020.97	-1232.973	212.0034	1.92999	0.6997432	0.523948	0.476052	1.083848
51834	-1007.493	-1219.05	211.5568	2.023613	0.9278079	0.533925	0.466075	1.161436
51840	-1020.752	-1232.71	211.9574	2.147352	0.7445776	0.550987	0.449013	0.8453999
51846	-1011.673	-1223.3	211.6274	2.147352	0.8632682	0.550987	0.449013	1.047883
51852	-1021.279	-1232.796	211.5179	2.147352	0.9900371	0.626893	0.373107	1.02394
51858	-1011.476	-1224.05	212.5739	1.89543	0.3719287	0.428867	0.571133	1.07428
51864	-1023.785	-1236.027	212.2417	2.019506	0.4489423	0.363595	0.636405	1.131021
51870	-1016.387	-1228.166	211.7789	1.999177	0.4672071	0.560195	0.439805	1.496562
51876	-1018.411	-1229.462	211.0511	1.799859	0.502461	0.392668	0.607332	2.099609
51882	-1013.581	-1224.841	211.2604	1.793558	0.66388	0.424941	0.575059	1.801366
51888	-1018.79	-1230.329	211.5392	2.052511	0.4554179	0.506875	0.493125	1.648396
51894	-1019.814	-1231.186	211.3713	1.999228	0.7509983	0.534128	0.465872	1.492862
51900	-1003.837	-1215.727	211.8908	1.978807	0.6577672	0.511689	0.488311	1.190633
51906	-1010.842	-1222.245	211.4025	2.068549	1.001607	0.30869	0.69131	1.190633
51912	-1017.596	-1228.769	211.1731	1.806046	0.8441654	0.607677	0.392323	1.69769
51918	-1035.27	-1246.758	211.4878	1.874646	1.071432	0.60844	0.39156	1.225265
51924	-1037.708	-1249.368	211.6602	1.952736	0.5284397	0.479574	0.520426	1.543921
51930	-1023.185	-1233.557	210.3716	1.721757	0.4278102	0.426343	0.573657	2.662096
51936	-1032.888	-1244.031	211.1437	1.721757	0.5103108	0.461744	0.538256	2.081654
51942	-1030.588	-1241.413	210.825	1.750644	0.5662485	0.415214	0.584786	2.213271
51948	-1022.384	-1232.931	210.5474	1.715879	0.6085861	0.474732	0.525268	2.373069
51954	-1018.785	-1230.674	211.889	1.842662	0.4280921	0.523218	0.476782	1.582634
51960	-1028.019	-1239.592	211.573	1.919773	0.7124703	0.46003	0.53997	1.436898
51966	-1016.543	-1227.273	210.7295	1.894817	0.7124703	0.21567	0.78433	2.048439
51972	-1020.464	-1231.915	211.4507	2.091833	0.5402582	0.29774	0.70226	1.581968
51978	-1017.542	-1228.708	211.1661	2.000704	0.4728923	0.485355	0.514645	1.922521
51984	-1020.674	-1232.062	211.3882	2.092945	0.4951177	0.369369	0.630631	1.678791
51990	-1025.044	-1236.365	211.3216	2.092945	0.4915051	0.34611	0.65389	1.730193
51996	-1016.657	-1228.276	211.6191	2.336727	0.5285988	0.34611	0.65389	1.27771
52002	-1004.027	-1215.96	211.933	2.242749	0.5112963	0.434582	0.565418	1.112408
52008	-1006.366	-1218.377	212.0105	2.116336	0.541966	0.446887	0.553113	1.112408
52014	-1010.954	-1222.374	211.4198	1.963096	0.6752805	0.447568	0.552432	1.555997
52020	-1005.097	-1216.157	211.0606	1.960573	0.5190787	0.370109	0.629891	1.968823
52026	-1006.504	-1217.769	211.2654	1.960573	0.5190787	0.520895	0.479105	1.829853
52032	-1026.64	-1237.15	210.5093	1.787275	0.954102	0.564254	0.435746	2.081254
52038	-1022.087	-1233.182	211.0956	1.926698	0.417817	0.340008	0.659992	2.084643
52044	-1033.394	-1244.64	211.2461	1.71477	0.3711935	0.21859	0.78141	2.183986
52050	-1017.971	-1228.991	211.0204	1.760358	0.4983446	0.435513	0.564487	2.150021
52056	-1006.697	-1218.18	211.4831	1.83682	0.3856274	0.529093	0.470907	1.927609
52062	-1005.185	-1216.954	211.7691	1.874505	0.3849578	0.610123	0.389877	1.705084
52068	-1012.391	-1223.234	210.8429	1.650387	0.877636	0.638995	0.361005	2.005164
52074	-1009.184	-1219.804	210.6202	1.670901	0.5375251	0.526613	0.473387	2.422971
52080	-1013.661	-1223.62	209.9593	1.514454	0.6432976	0.413512	0.586488	2.831707
52086	-1016.9	-1227.575	210.6748	1.437612	0.6380942	0.643838	0.356162	2.441912
52092	-1008.981	-1219.853	210.8715	1.616272	0.5717085	0.373957	0.626043	2.264519
52098	-1025.59	-1236.962	211.3719	1.843999	0.3948551	0.568351	0.431649	1.9853
52104	-1027.077	-1238.053	210.9762	1.977958	0.650122	0.425145	0.574855	1.882719
52110	-1036.798	-1248.318	211.5202	1.833663	0.5426142	0.419621	0.580379	1.714715
52116	-1023.207	-1234.823	211.6158	1.965611	0.5426142	0.452861	0.547139	1.550689
52122	-1047.331	-1257.779	210.4477	1.932259	0.6316152	0.530931	0.469069	2.277895
52128	-1035.125	-1245.82	210.6944	1.99669	0.5205857	0.599468	0.400532	2.184672
52134	-1018.085	-1229.717	211.6325	1.99669	0.4297859	0.341888	0.658112	1.654591
52140	-1022.399	-1233.642	211.2425	1.822071	0.9933437	0.418412	0.581588	1.520214
52146	-1027.892	-1239.333	211.4405	1.917203	0.7319749	0.276356	0.723644	1.520214
52152	-1018.461	-1229.648	211.1869	1.580102	0.7736424	0.439646	0.560354	1.901856
52158	-1027.713	-1239.684	211.9706	1.768659	0.4803091	0.490009	0.509991	1.508793
52164	-1005.573	-1216.917	211.3441	1.920743	0.5996696	0.384614	0.615386	1.716893
52170	-1010.225	-1221.659	211.4341	1.829666	0.5340657	0.582785	0.417215	1.787207
52176	-994.2812	-1205.284	211.0023	1.822035	0.6779899	0.374379	0.625621	1.945091
52182	-1001.641	-1212.714	211.073	1.822035	0.640426	0.571946	0.428054	1.93182
52188	-1016.335	-1227.723	211.3878	1.70905	0.640426	0.571946	0.428054	1.793896
52194	-1015.771	-1226.973	211.2022	1.82195	0.694417	0.38898	0.61102	1.793896
52200	-1018.431	-1229.902	211.471	1.808578	0.694417	0.343654	0.656346	1.613025
52206	-1029.862	-1241.914	212.0528	2.080637	0.7103343	0.306879	0.693121	0.8631121
52212	-1018.815	-1230.638	211.823	2.069085	0.7896315	0.501561	0.498439	1.016455
52218	-1012.934	-1224.45	211.5165	1.901479	0.9502982	0.590792	0.409208	1.279202
52224	-1021.865	-1234.101	212.2356	1.85926	0.4709234	0.297832	0.702168	1.24158
52230	-1010.806	-1222.459	211.6527	2.011758	0.7455556	0.50161	0.49839	1.267428
52236	-1007.169	-1219.048	211.8789	1.94742	0.4508752	0.50161	0.49839	1.481812
52242	-1000.742	-1212.293	211.5509	1.97133	0.4508752	0.59496	0.40504	1.703585
52248	-1013.055	-1224.217	211.1619	2.022862	0.7570678	0.478116	0.521884	1.624175
52254	-995.4823	-1206.9	211.4177	1.863942	0.6014246	0.432009	0.567991	1.703269
52260	-1019.233	-1230.341	211.1084	2.024069	0.6014246	0.422597	0.577403	1.807573
52266	-1022.193	-1233.746	211.553	2.211702	0.6014246	0.288034	0.711966	1.342856
52272	-1016.93	-1228.108	211.1783	2.137855	0.6528473	0.534222	0.465778	1.626794
52278	-1028.642	-1239.442	210.7995	2.099557	0.68782	0.386087	0.613913	1.885697
52284	-1014.871	-1225.503	210.6323	1.872177	0.6469836	0.31233	0.68767	2.183932
52290	-1011.583	-1222.836	211.2533	1.970989	0.4984997	0.538028	0.461972	1.854064
52296	-1012.413	-1223.757	211.344	1.734503	0.5375168	0.522418	0.477582	1.910458
52302	-1006.274	-1217.577	211.3033	1.905628	0.4589289	0.335837	0.664163	1.910458
52308	-996.6514	-1208.406	211.7547	1.849344	0.4650335	0.395677	0.604323	1.627361
52314	-1001.367	-1212.811	211.4432	1.932605	0.7164049	0.410674	0.589326	1.52148
52320	-1012.582	-1223.952	211.37	1.807465	0.4441604	0.567314	0.432686	1.949362
52326	-1006.045	-1217.094	211.0488	1.843689	0.6479804	0.392967	0.607033	1.92649
52332	-1006.837	-1218.2	211.3623	1.932546	0.4311198	0.478826	0.521174	1.885931
52338	-1029.209	-1240.33	211.1214	1.771262	0.4769926	0.252549	0.747451	2.100307
52344	-1012.229	-1223.572	211.343	1.796824	0.3467801	0.327349	0.672651	2.100307
52350	-1007.017	-1218.436	211.4198	1.900956	0.3467801	0.342593	0.657407	1.980453
52356	-1010.957	-1222.075	211.1175	1.798476	0.60149	0.625904	0.374096	1.954936
52362	-1005.805	-1216.837	211.0316	1.874398	0.459998	0.557011	0.442989	2.110875
52368	-1002.736	-1214.006	211.27	1.874398	0.5981785	0.342299	0.657701	1.802555
52374	-1028.442	-1239.701	211.2589	1.827135	0.5981785	0.567265	0.432735	1.842758
52380	-1030.039	-1241.646	211.6066	2.321739	0.9571068	0.582929	0.417071	0.760438
52386	-1021.195	-1232.318	211.1231	2.452991	1.24676	0.598197	0.401803	0.8670152
52392	-1002.278	-1213.971	211.6925	2.330344	0.8564716	0.5421	0.4579	0.7801057
52398	-1007.103	-1218.496	211.3933	2.330344	1.073701	0.523808	0.476192	0.8756212
52404	-1016.921	-1229.094	212.1727	2.314373	0.5459514	0.574551	0.425449	0.691318
52410	-1017.151	-1228.874	211.7236	2.367446	0.8719489	0.446388	0.553612	0.632547
52416	-1028.134	-1239.631	211.4973	2.367446	1.057459	0.453341	0.546659	0.7030489
52422	-1011.497	-1223.394	211.898	2.367446	0.6972063	0.549716	0.450284	0.7030489
52428	-1010.415	-1221.983	211.5676	2.338402	0.9846219	0.351275	0.648725	0.7518126
52434	-1010.968	-1222.91	211.9411	2.379659	0.690732	0.49379	0.50621	0.6022117
52440	-1016.036	-1227.589	211.5522	2.379659	1.017749	0.516819	0.483181	0.6481309
52446	-1024.75	-1236.068	211.3184	2.498009	1.139972	0.498299	0.501701	0.6481309
52452	-1009.711	-1220.852	211.1416	2.544233	1.248706	0.585397	0.414603	0.7147993
52458	-995.2482	-1206.986	211.7382	2.37543	0.7925815	0.392799	0.607201	0.7557654
52464	-1009.375	-1221.117	211.7423	2.37543	0.8457922	0.448994	0.551006	0.638743
52470	-1024.088	-1235.665	211.5768	2.459234	0.90493	0.446401	0.553599	0.6730972
52476	-1025.767	-1236.885	211.1186	2.528417	1.365976	0.668756	0.331244	0.5924429
52482	-1008.37	-1219.882	211.5118	2.332526	1.036197	0.472361	0.527639	0.7672137
52488	-1018.661	-1230.181	211.5199	2.545211	0.8844547	0.379792	0.620208	0.6593735
52494	-1011.514	-1223.081	211.5678	2.523822	0.8844547	0.539613	0.460387	0.5933711
52500	-999.4243	-1211.004	211.5799	2.523822	0.8844547	0.392055	0.607945	0.5429393
52506	-1007.144	-1218.524	211.3803	2.48234	1.092565	0.351946	0.648054	0.6422724
52512	-1017.871	-1229.127	211.2559	2.682031	1.044921	0.394592	0.605408	0.4557775
52518	-1016.821	-1228.081	211.2599	2.682031	1.044921	0.535351	0.464649	0.5088745
52524	-1028.523	-1239.704	211.1817	2.76027	1.044921	0.531961	0.468039	0.5088745
52530	-1019.982	-1231.094	211.1124	2.782942	1.082649	0.46331	0.53669	0.4300685
52536	-1030.842	-1241.874	211.0327	2.658291	1.329359	0.484301	0.515699	0.5164305
52542	-1011.006	-1222.115	211.1085	2.658291	1.237742	0.500234	0.499766	0.5164305
52548	-1011.213	-1222.431	211.2176	2.544175	1.237742	0.485616	0.514384	0.5547326
52554	-1023.084	-1234.45	211.366	2.44628	1.147748	0.475304	0.524696	0.6415253
52560	-1017.654	-1228.987	211.3334	2.445502	1.147748	0.475304	0.524696	0.706323
52566	-1012.607	-1223.776	211.1692	2.513942	1.297781	0.415764	0.584236	0.6418655
52572	-1017.897	-1229.1	211.2034	2.426815	1.255737	0.326016	0.673984	0.7890111
52578	-1008.13	-1219.335	211.2053	2.426815	1.373312	0.492432	0.507568	0.6185565
52584	-1018.518	-1230.041	211.5227	2.382234	1.049915	0.685254	0.314746	0.6381477
52590	-1027.607	-1239.166	211.5593	2.366438	1.018335	0.739992	0.260008	0.6599511
52596	-1020.639	-1232.068	211.4286	2.454092	1.062656	0.418629	0.581371	0.6599511
52602	-1034.427	-1245.593	211.1655	1.849153	0.5253085	0.66254	0.33746	1.966538
52608	-1019.04	-1230.634	211.5936	1.717098	0.5877688	0.226615	0.773385	1.696842
52614	-996.6122	-1208.048	211.4357	2.278284	1.118237	0.262969	0.737031	0.8373227
52620	-1006.15	-1218.236	212.086	1.9924	0.6682077	0.544348	0.455652	0.9837042
52626	-1013.363	-1224.893	211.5303	2.1713	1.084591	0.533428	0.466572	0.8892099
52632	-1011.416	-1222.967	211.5507	2.145391	1.026057	0.35433	0.64567	0.9565848
52638	-1026.522	-1238.151	211.6282	2.024295	0.956212	0.611115	0.388885	1.069151
52644	-1028.661	-1240.334	211.6727	1.979871	0.956212	0.502011	0.497989	1.069151
52650	-1035.359	-1246.704	211.3448	1.979871	0.5396606	0.749405	0.250595	1.738556
52656	-1023.459	-1234.705	211.2464	1.749834	0.7039325	0.583871	0.416129	1.804589
52662	-1029.447	-1239.74	210.293	1.680406	0.6837007	0.604747	0.395253	2.49033
52668	-1032.787	-1243.976	211.1888	1.727802	0.4342633	0.630534	0.369466	2.133957
52674	-1017.445	-1228.573	211.1283	1.740335	0.3960464	0.472535	0.527465	2.211802
52680	-1011.483	-1222.919	211.4359	1.646937	0.3653653	0.540452	0.459548	2.112222
52686	-1012.692	-1223.2	210.5081	1.892872	0.5752611	0.540452	0.459548	2.31666
52692	-1017.641	-1228.541	210.8998	1.865014	0.3014987	0.364421	0.635579	2.405916
52698	-1032.376	-1244.048	211.6721	1.832228	0.3527186	0.56261	0.43739	1.847702
52704	-1037.676	-1248.669	210.9934	1.935447	0.6962237	0.558049	0.441951	1.857852
52710	-1029.798	-1240.853	211.0554	2.064567	0.5552247	0.526165	0.473835	1.86351
52716	-1020.211	-1231.817	211.6061	1.849863	0.3886985	0.707408	0.292592	1.830785
52722	-1005.305	-1216.792	211.487	1.847959	0.4076497	0.417817	0.582183	1.888472
52728	-1026.816	-1237.836	211.0195	1.855746	0.7597299	0.494435	0.505565	1.839532
52734	-1024.156	-1235.861	211.704	2.247804	0.4801543	0.393995	0.606005	1.345302
52740	-1012.787	-1224.149	211.3621	1.907434	0.6147152	0.407997	0.592003	1.698269
52746	-1026.801	-1238.449	211.6481	1.986322	0.7493406	0.537028	0.462972	1.288226
52752	-1023.479	-1235.407	211.9271	2.113964	0.6420206	0.378192	0.621808	1.055492
52758	-1022.258	-1234.215	211.9569	2.078441	0.5570314	0.507481	0.492519	1.172989
52764	-1009.754	-1220.973	211.2199	2.404699	1.307227	0.507481	0.492519	0.735184
52770	-1009.783	-1221.026	211.2431	2.553988	1.175546	0.507481	0.492519	0.6182267
52776	-1013.837	-1225.125	211.2873	2.468207	1.1988	0.612721	0.387279	0.6661214
52782	-1006.471	-1217.271	210.8008	2.635734	1.676042	0.45653	0.54347	0.5006603
52788	-1030.083	-1240.979	210.8959	2.654221	1.505615	0.314988	0.685012	0.5571631
52794	-1033.37	-1244.734	211.3636	2.507484	1.105309	0.394626	0.605374	0.5879124
52800	-1027.376	-1238.824	211.4479	2.507484	1.014473	0.279041	0.720959	0.5964613
52806	-1025.048	-1236.49	211.4424	2.412509	1.103122	0.325207	0.674793	0.637548
52812	-1037.253	-1249.206	211.9533	2.405768	0.6734535	0.464934	0.535066	0.5397443
52818	-1007.218	-1219.302	212.0841	2.371506	0.6040893	0.559947	0.440053	0.5397443
52824	-1015.567	-1227.123	211.5556	2.357522	1.009188	0.564534	0.435466	0.700925
52830	-1012.113	-1223.325	211.212	2.567029	1.224028	0.488964	0.511036	0.4976761
52836	-1003.426	-1214.75	211.3239	2.567029	1.089791	0.520869	0.479131	0.5680673
52842	-1020.748	-1232.043	211.2949	2.614915	1.075502	0.497945	0.502055	0.4618314
52848	-1023.506	-1234.525	211.0195	2.904431	1.041509	0.349594	0.650406	0.4034029
52854	-1010.853	-1221.648	210.7956	2.904431	1.257524	0.45239	0.54761	0.3574435
52860	-1010.254	-1220.88	210.6262	2.904431	1.51228	0.556684	0.443316	0.4050403
52866	-996.937	-1208.095	211.1581	2.81643	0.9764673	0.494991	0.505009	0.3783678
52872	-1010.103	-1221.48	211.3774	2.819084	0.784087	0.504276	0.495724	0.3952105
52878	-1016.075	-1227.037	210.962	2.819084	1.176722	0.504276	0.495724	0.3728013
52884	-1017.878	-1228.691	210.8135	2.819084	1.395605	0.503623	0.496377	0.4449942
52890	-1009.361	-1219.989	210.6282	2.775911	1.722716	0.518962	0.481038	0.4748455
52896	-1003.818	-1214.858	211.0396	2.775911	1.182102	0.714095	0.285905	0.4987573
52902	-1004.708	-1215.088	210.3795	3.030529	1.676752	0.450384	0.549616	0.3944464
52908	-1007.829	-1218.949	211.1199	2.600295	1.290381	0.470482	0.529518	0.540121
52914	-1007.081	-1218.493	211.4121	2.673664	0.894382	0.528624	0.471376	0.5764909
52920	-1034.455	-1245.814	211.3593	2.402257	1.187833	0.2291	0.7709	0.6730205
52926	-1016.459	-1227.695	211.2359	2.409763	1.326897	0.492069	0.507931	0.6708209
52932	-1025.965	-1237.407	211.4424	2.481092	1.034627	0.483087	0.516913	0.629415
52938	-1013.107	-1224.454	211.3462	2.60916	1.028389	0.436596	0.563404	0.4629151
52944	-1026.958	-1237.212	210.254	1.66057	0.5503857	0.339148	0.660852	2.645073
52950	-1022.091	-1233.516	211.4247	1.769007	0.811229	0.48095	0.51905	1.570388
52956	-1032.166	-1243.272	211.1069	1.761299	0.8155028	0.552098	0.447902	1.798499
52962	-1017.998	-1229.149	211.1516	1.761299	0.5440571	0.622644	0.377356	2.014692
52968	-1022.269	-1233.024	210.755	1.652927	0.4626204	0.420052	0.579948	2.427488
52974	-1034.782	-1246.634	211.8523	1.762045	0.3486898	0.53395	0.46605	1.777622
52980	-1023.8	-1235.11	211.3109	2.307965	1.097883	0.548681	0.451319	0.9655088
52986	-1034.019	-1245.52	211.5007	2.215018	0.8448534	0.585565	0.414435	1.121861
52992	-1025.781	-1237.446	211.665	2.010045	0.6942317	0.328239	0.671761	1.312234
52998	-1016.317	-1227.726	211.4088	2.081741	0.9260191	0.247506	0.752494	1.240148
53004	-1015.507	-1226.051	210.5443	1.760338	0.7002434	0.487136	0.512864	2.266815
53010	-1023.462	-1235.338	211.876	1.831941	0.4134841	0.369173	0.630827	1.619682
53016	-1024.847	-1235.717	210.8692	2.176481	0.8367913	0.552472	0.447528	1.656288
53022	-1015.782	-1226.82	211.0387	1.790723	0.4735475	0.492177	0.507823	2.145556
53028	-1013.445	-1223.884	210.4386	1.802129	0.7163684	0.433977	0.566023	2.294432
53034	-1036.816	-1248.641	211.8255	2.448999	0.7410229	0.577496	0.422504	0.48816
53040	-1018.514	-1229.932	211.4184	2.448999	1.098641	0.288677	0.711323	0.6168556
53046	-1018.412	-1229.735	211.3233	2.448999	1.20437	0.331681	0.668319	0.6168556
53052	-1021.38	-1232.863	211.4831	2.448999	1.025794	0.556625	0.443375	0.6294564
53058	-1022.596	-1233.913	211.3166	2.604784	1.065708	0.556625	0.443375	0.5200605
53064	-1030.824	-1242.173	211.349	2.572595	1.065708	0.291222	0.708778	0.5171573
53070	-1022.001	-1233.436	211.4352	2.572595	0.9752355	0.472623	0.527377	0.4594867
53076	-1025.586	-1237.112	211.5258	2.455028	0.97101	0.598299	0.401701	0.6438222
53082	-1024.455	-1235.633	211.1775	2.455028	1.39757	0.425154	0.574846	0.5518015
53088	-1035.055	-1246.148	211.0925	2.54803	1.3825	0.427955	0.572045	0.568995
53094	-1028.347	-1239.582	211.2348	2.544667	1.199664	0.41448	0.58552	0.608488
53100	-1025.647	-1237.115	211.4686	2.558489	0.9419808	0.547153	0.452847	0.6026174
53106	-1023.187	-1234.304	211.1164	2.595162	1.274776	0.577766	0.422234	0.6192608
53112	-1021.336	-1232.958	211.6215	2.540597	0.7951024	0.466573	0.533427	0.6692607
53118	-1021.399	-1233.081	211.6821	2.540597	0.7810465	0.466573	0.533427	0.540442
53124	-1032.372	-1243.242	210.8707	2.567194	1.56283	0.513687	0.486313	0.722726
53130	-1029.349	-1240.625	211.2756	2.547984	1.12887	0.49277	0.50723	0.6543448
53136	-1017.035	-1228.426	211.3908	2.259768	1.210225	0.476377	0.523623	0.8135829
53142	-1028.429	-1240.496	212.0669	1.994079	0.4543819	0.464804	0.535196	1.293381
53148	-1036.394	-1248.274	211.88	1.846489	0.313225	0.543935	0.456065	1.753498
53154	-1040.362	-1251.194	210.8323	1.840476	0.639392	0.5279	0.4721	2.080855
53160	-1027.381	-1239.397	212.0161	2.30733	0.6103937	0.365791	0.634209	0.7947627
53166	-1029.473	-1241.006	211.5328	2.157241	1.020175	0.498627	0.501373	0.9688951
53172	-1027.629	-1239.467	211.8382	2.115528	0.7192321	0.425435	0.574565	1.040933
53178	-1031.848	-1243.859	212.0113	1.809702	0.6378293	0.50433	0.49567	1.254966
53184	-1025.79	-1237.665	211.8756	1.832225	0.6370582	0.512536	0.487464	1.347742
53190	-1015.33	-1227.431	212.1017	2.043049	0.572552	0.408729	0.591271	1.052172
53196	-1015.251	-1227.287	212.0361	1.923521	0.6795463	0.638913	0.361087	1.0841
53202	-1009.219	-1221.11	211.8906	2.028262	0.7850624	0.402126	0.597874	0.9952252
53208	-1022.547	-1234.099	211.5528	2.377342	0.913836	0.605038	0.394962	0.8198927
53214	-1024.837	-1236.361	211.524	2.429534	0.9804712	0.478988	0.521012	0.6799333
53220	-1012.322	-1224.067	211.7447	2.320138	0.8473069	0.568242	0.431758	0.7333937
53226	-1031.354	-1242.506	211.1513	2.55571	1.210435	0.439923	0.560077	0.7333937
53232	-1022.556	-1233.609	211.0538	2.498458	1.377579	0.444766	0.555234	0.7594794
53238	-1024.926	-1236.219	211.293	2.371422	1.253908	0.43253	0.56747	0.7418708
53244	-1005.078	-1216.445	211.3675	2.388737	1.148506	0.470954	0.529046	0.7418708
53250	-1008.34	-1219.739	211.3995	2.461128	1.036985	0.528751	0.471249	0.7418708
53256	-1005.52	-1216.813	211.2929	2.461128	1.214361	0.513244	0.486756	0.6404614
53262	-1008.736	-1219.899	211.1635	2.521503	1.262309	0.385382	0.614618	0.6965236
53268	-999.0145	-1210.371	211.3567	2.547533	0.9939993	0.671546	0.328454	0.740169
53274	-992.9551	-1204.336	211.3807	2.452893	0.9955193	0.5765	0.4235	0.8350387
53280	-1004.914	-1216.544	211.6298	2.452893	0.8515799	0.537201	0.462799	0.6955345
53286	-1008.427	-1219.717	211.2906	2.49727	1.140155	0.376093	0.623907	0.7027966
53292	-1006.712	-1218.019	211.307	2.548068	1.069794	0.70351	0.29649	0.6993653
53298	-997.7067	-1208.67	210.9634	2.734983	1.3202	0.463617	0.536383	0.4843383
53304	-1001.807	-1213.149	211.3426	2.734983	0.9103638	0.463617	0.536383	0.4728734
53310	-1010.465	-1221.182	210.717	2.734983	1.643905	0.559438	0.440562	0.5586149
53316	-997.0919	-1208.114	211.0222	2.65351	1.348778	0.523583	0.476417	0.5096193
53322	-1016.354	-1227.305	210.9508	2.710438	1.348778	0.475154	0.524846	0.5905469
53328	-1006.375	-1217.03	210.6555	2.630818	1.903649	0.702365	0.297635	0.5481336
53334	-1009.11	-1219.734	210.6234	2.630818	1.903649	0.465902	0.534098	0.6474999
53340	-1007.924	-1219.005	211.0813	2.620914	1.288437	0.555765	0.444235	0.6140087
53346	-1014.588	-1225.856	211.2682	2.620914	1.073954	0.356601	0.643399	0.6208213
53352	-1005.497	-1216.501	211.004	2.620914	1.381438	0.596062	0.403938	0.6208213
53358	-1006.477	-1217.503	211.0254	2.583028	1.402604	0.439606	0.560394	0.6208213
53364	-993.9163	-1205.044	211.1275	2.583028	1.268555	0.402049	0.597951	0.6345311
53370	-1008.883	-1220.11	211.2277	2.65172	1.109131	0.511294	0.488706	0.5320753
53376	-1029.193	-1240.276	211.0832	2.686461	1.186007	0.254195	0.745805	0.368199
53382	-1024.525	-1236.165	211.6396	2.217474	0.9792403	0.372383	0.627617	0.8261528
53388	-1025.083	-1236.638	211.5556	2.032437	0.8452693	0.440346	0.559654	1.232539
53394	-1024.503	-1235.988	211.4847	2.670231	0.8404641	0.444007	0.555993	0.5268874
53400	-1014.073	-1226.033	211.9606	2.512167	0.5934129	0.42655	0.57345	0.5268874
53406	-1014.064	-1225.868	211.8035	2.453169	0.7556336	0.493372	0.506628	0.5009722
53412	-1019.878	-1231.449	211.5704	2.453169	0.8868293	0.382128	0.617872	0.7291152
53418	-1009.257	-1220.78	211.5232	2.386836	0.9705127	0.571014	0.428986	0.7669191
53424	-1003.232	-1215.025	211.7934	2.097882	0.7180993	0.533928	0.466072	1.100797
53430	-1006.599	-1218.065	211.4662	2.120624	0.7947274	0.419175	0.580825	1.282193
53436	-993.545	-1205.071	211.526	2.164347	1.040291	0.619208	0.380792	0.9479776
53442	-996.6951	-1208.47	211.7751	2.164347	0.8662889	0.592566	0.407434	0.87196
53448	-1009.819	-1221.706	211.8874	2.206836	0.7352773	0.583736	0.416264	0.87196
53454	-1007.219	-1218.82	211.6008	2.277259	1.015198	0.341448	0.658552	0.7479151
53460	-1014.087	-1225.76	211.6727	2.3442	0.8818147	0.570826	0.429174	0.7479151
53466	-1019.658	-1231.504	211.8463	2.219821	0.7496035	0.416539	0.583461	0.8838158
53472	-1034.852	-1246.405	211.5527	2.219821	0.9837735	0.4483	0.5517	0.9198912
53478	-1038.369	-1249.832	211.463	2.18442	0.947836	0.569742	0.430258	1.082075
53484	-1034.304	-1245.877	211.5731	2.224577	0.947836	0.305412	0.694588	0.9325548
53490	-1044.09	-1255.364	211.2738	1.851039	1.199329	0.250452	0.749548	1.325115
53496	-1025.287	-1236.998	211.7118	1.858514	0.6378001	0.646807	0.353193	1.453903
53502	-1012.948	-1224.679	211.731	1.858514	0.634651	0.61994	0.38006	1.442648
53508	-1018.276	-1229.315	211.039	1.817355	1.314829	0.714943	0.285057	1.458797
53514	-1027.1	-1238.76	211.6602	1.817355	0.8353643	0.475308	0.524692	1.332334
53520	-1025.02	-1236.015	210.9951	1.697894	0.6817849	0.549814	0.450186	2.029494
53526	-1021.158	-1232.35	211.1927	1.735036	1.069106	0.549814	0.450186	1.566594
53532	-1020.909	-1232.682	211.7733	1.832652	0.6273538	0.640531	0.359469	1.437843
53538	-1013.771	-1225.046	211.2752	1.892495	0.8787109	0.458309	0.541691	1.533112
53544	-1029.88	-1241.151	211.2715	1.774515	0.6772921	0.535961	0.464039	1.794401
53550	-1035.335	-1247.108	211.7728	1.947187	0.6291824	0.378786	0.621214	1.346899
53556	-1047.502	-1258.729	211.2268	1.94886	1.034377	0.453574	0.546426	1.404895
53562	-1028.448	-1240.108	211.6602	1.950213	0.8086676	0.49449	0.50551	1.249053
53568	-1016.734	-1228.659	211.925	1.881191	0.8086676	0.516074	0.483926	1.077174
53574	-1010.178	-1222.251	212.0738	1.881191	0.6386402	0.345292	0.654708	1.138855
53580	-1019.449	-1231.835	212.3857	1.840611	0.4637584	0.457006	0.542994	1.138855
53586	-1013.842	-1225.552	211.7104	1.831896	0.7153869	0.378694	0.621306	1.395738
53592	-1017.468	-1229.619	212.1512	1.993603	0.5010625	0.38544	0.61456	1.155069
53598	-1020.112	-1231.795	211.6837	1.931349	0.9022121	0.598837	0.401163	1.155069
53604	-1027.173	-1239.11	211.9365	1.931349	0.6896112	0.639365	0.360635	1.155069
53610	-1012.42	-1223.844	211.4244	2.277997	1.166436	0.509196	0.490804	0.7959331
53616	-1012.273	-1224.385	212.1122	2.358687	0.5723096	0.50201	0.49799	0.6432854
53622	-1020.836	-1232.632	211.7968	2.365539	0.8053112	0.440481	0.559519	0.6432854
53628	-1025.857	-1237.886	212.03	2.236955	0.7093792	0.490672	0.509328	0.6713346
53634	-1012.971	-1224.932	211.9612	2.284156	0.7038908	0.34555	0.65445	0.7221587
53640	-1023.84	-1235.58	211.7399	2.433106	0.7423622	0.551403	0.448597	0.7583091
53646	-1035.93	-1247.484	211.5538	2.356451	0.9485704	0.420851	0.579149	0.7980359
53652	-1022.171	-1233.435	211.2639	1.998422	0.815915	0.420851	0.579149	1.515626
53658	-1039.386	-1251.15	211.7639	1.812192	0.5608511	0.5445	0.4555	1.533798
53664	-1026.002	-1237.966	211.9642	1.848526	0.5608511	0.494624	0.505376	1.352674
53670	-1026.667	-1238.131	211.4641	2.022366	0.6350869	0.407586	0.592414	1.519964
53676	-1028.107	-1239.073	210.9658	2.022366	1.223809	0.359771	0.640229	1.416018
53682	-1031.556	-1243.364	211.8077	1.934908	0.753443	0.461422	0.538578	1.193343
53688	-1013.667	-1225.4	211.733	1.988123	0.8281251	0.275666	0.724334	1.134177
53694	-1016.247	-1227.997	211.7504	2.223609	0.7861017	0.374651	0.625349	0.9367696
53700	-1018.33	-1229.897	211.5674	2.280153	0.7861017	0.413121	0.586879	1.063422
53706	-1010.216	-1221.814	211.5979	2.412254	0.8246865	0.52725	0.47275	0.8437413
53712	-1015.588	-1226.635	211.0466	2.101893	0.8246865	0.491758	0.508242	1.592058
53718	-1008.358	-1219.405	211.0474	1.90826	0.270254	0.33939	0.66061	2.332593
53724	-1009.232	-1220.55	211.3183	1.887168	0.5430764	0.445604	0.554396	1.817759
53730	-1010.711	-1221.795	211.0839	1.962297	0.4416959	0.518534	0.481466	2.039946
53736	-998.5232	-1209.634	211.1113	2.016432	0.2662491	0.475039	0.524961	2.228815
53742	-1012.747	-1223.723	210.9755	2.109596	0.6680927	0.582788	0.417212	1.7758
53748	-1010.53	-1221.608	211.0775	2.109596	0.2460621	0.555324	0.444676	2.224018
53754	-1012.865	-1224.73	211.8648	2.115536	0.2460621	0.555324	0.444676	1.690155
53760	-1014.373	-1226.07	211.6973	2.192299	0.2819835	0.432891	0.567109	1.690155
53766	-1002.803	-1214.565	211.762	2.066168	0.3684666	0.433497	0.566503	1.5964
53772	-1012.168	-1223.736	211.5685	2.152701	0.3281185	0.403276	0.596724	1.733883
53778	-1015.752	-1226.996	211.2435	1.957085	0.4367469	0.577626	0.422374	1.94284
53784	-1022.064	-1233.38	211.3157	1.872565	0.4367469	0.459271	0.540729	1.951113
53790	-1015.641	-1227.214	211.5729	2.038797	0.6477359	0.443591	0.556409	1.411546
53796	-1016.323	-1228.12	211.7968	2.25019	0.3658451	0.557681	0.442319	1.437101
53802	-1016.264	-1227.889	211.6249	2.152885	0.4568846	0.568632	0.431368	1.510294
53808	-1020.588	-1232.551	211.9625	1.954691	0.5468741	0.490867	0.509133	1.285872
53814	-1035.088	-1245.399	210.3117	2.11357	0.2571405	0.462478	0.537522	2.684636
53820	-1026.881	-1238.877	211.9957	2.042675	0.3655838	0.307782	0.692218	1.44416
53826	-1024.441	-1236.025	211.5843	2.116978	0.4820215	0.588001	0.411999	1.534951
53832	-1010.32	-1221.996	211.6756	2.009999	0.381193	0.588001	0.411999	1.680568
53838	-1020.987	-1232.618	211.6307	2.090607	0.3916727	0.471936	0.528064	1.64024
53844	-1021.949	-1233.18	211.2307	2.145168	0.5973844	0.414075	0.585925	1.64024
53850	-1017.655	-1229.744	212.0895	2.17189	0.2549433	0.32096	0.67904	1.467411
53856	-1035.406	-1247.503	212.0967	2.121916	0.2829575	0.377709	0.622291	1.446644
53862	-1014.338	-1225.883	211.5448	1.93337	0.4332889	0.411705	0.588295	1.756871
53868	-1011.806	-1223.472	211.6664	1.93337	0.3428424	0.429854	0.570146	1.796303
53874	-1019.893	-1231.656	211.7628	1.94426	0.5620492	0.47761	0.52239	1.433635
53880	-1022.369	-1233.797	211.4271	1.931248	0.4145059	0.584897	0.415103	1.86371
53886	-1019.048	-1230.442	211.394	2.172184	0.5164119	0.584897	0.415103	1.592365
53892	-1009.094	-1220.285	211.1905	1.803348	0.5164119	0.302573	0.697427	1.989974
53898	-1018.198	-1229.859	211.6619	1.985674	0.3546751	0.458229	0.541771	1.745622
53904	-1030.451	-1241.849	211.3983	1.953599	0.4885479	0.768463	0.231537	1.777427
53910	-1022.569	-1234.075	211.5056	1.896832	0.5139476	0.466676	0.533324	1.712676
53916	-1023.307	-1234.943	211.6353	1.994367	0.6425573	0.466676	0.533324	1.403209
53922	-1032.197	-1243.601	211.4036	1.918818	0.5280207	0.495624	0.504376	1.753014
53928	-1028.307	-1239.729	211.4213	1.824026	0.5101028	0.495624	0.504376	1.826529
53934	-1033.693	-1245.252	211.5597	2.026523	0.7383557	0.424657	0.575343	1.33815
53940	-1036.208	-1248.034	211.8261	2.091356	0.5044501	0.58592	0.41408	1.340338
53946	-1024.533	-1235.63	211.0974	1.982693	0.4099009	0.333489	0.666511	2.05638
53952	-1018.242	-1229.288	211.0461	1.906451	0.4305622	0.369357	0.630643	2.114934
53958	-1033.503	-1244.875	211.3719	1.906451	0.4007557	0.464327	0.535673	1.935743
53964	-1015.979	-1225.858	209.8797	1.584139	0.4632416	0.464327	0.535673	3.005854
53970	-1026.989	-1238.279	211.2908	2.204381	0.6946664	0.234223	0.765777	1.452682
53976	-1017.683	-1229.449	211.7665	2.204381	0.8239413	0.562761	0.437239	0.8911115
53982	-1017.585	-1229.006	211.421	2.067984	1.089851	0.562761	0.437239	1.098866
53988	-1012.871	-1224.073	211.2014	1.939176	0.501494	0.329111	0.670889	1.90767
53994	-1015.173	-1225.178	210.0056	1.579105	0.6728595	0.570131	0.429869	2.739578
54000	-1004.283	-1214.827	210.5439	1.877756	0.5731145	0.652296	0.347704	2.305522
54006	-1022.434	-1233.508	211.0742	1.780357	0.475043	0.471026	0.528974	2.127428
54012	-1018.235	-1229.536	211.3013	1.675268	0.4642217	0.321082	0.678918	2.059556
54018	-1021.926	-1232.06	210.1343	1.755227	0.3417624	0.332234	0.667766	2.890459
54024	-1008.975	-1220.21	211.2348	1.700911	0.5453701	0.550819	0.449181	1.998128
54030	-1018.289	-1228.716	210.4264	1.722384	0.2595164	0.333132	0.666868	2.849667
54036	-1028.724	-1239.167	210.4436	1.485002	0.3940129	0.549497	0.450503	2.802041
54042	-1019.699	-1229.944	210.2459	1.518676	0.5336931	0.412841	0.587159	2.753153
54048	-1028.131	-1238.839	210.7087	1.627484	0.4783502	0.412841	0.587159	2.455513
54054	-1015.594	-1227.397	211.8031	1.763943	0.4783502	0.52118	0.47882	1.637533
54060	-1015.435	-1226.024	210.5894	1.82513	0.6774999	0.288318	0.711682	2.215333
54066	-1029.832	-1241.25	211.4182	1.696173	0.6640344	0.372798	0.627202	1.759176
54072	-1029.188	-1240.225	211.0371	1.889082	0.9459376	0.424017	0.575983	1.656625
54078	-1005.364	-1216.323	210.9591	2.039134	1.122379	0.366935	0.633065	1.47707
54084	-1005.18	-1216.412	211.2316	1.951644	1.327206	0.734357	0.265643	1.187422
54090	-1009.979	-1221.597	211.6182	1.717623	0.7679893	0.385408	0.614592	1.503244
54096	-1025.397	-1236.052	210.6556	1.764719	1.369013	0.524888	0.475112	1.744647
54102	-1022.602	-1233.701	211.0986	1.819527	1.228341	0.524888	0.475112	1.466708
54108	-1015.091	-1226.629	211.5384	2.076091	0.990828	0.535704	0.464296	1.071726
54114	-1005.044	-1216.888	211.8441	1.966606	0.6344139	0.588305	0.411695	1.267439
54120	-999.6706	-1211.235	211.5641	2.006397	0.7802977	0.379874	0.620126	1.309478
54126	-1020.639	-1231.801	211.1619	2.03479	1.140251	0.503601	0.496399	1.309478
54132	-1019.035	-1230.215	211.1801	1.788884	1.140251	0.540889	0.459111	1.486874
54138	-1005.077	-1216.005	210.928	1.917056	1.150489	0.40483	0.59517	1.572055
54144	-1000.809	-1211.525	210.7164	1.890575	1.593564	0.40483	0.59517	1.488576
54150	-1002.979	-1213.949	210.9698	1.976127	1.424904	0.425236	0.574764	1.321112
54156	-1006.498	-1217.93	211.4322	1.845773	1.292806	0.401181	0.598819	1.128743
54162	-1015.108	-1226.695	211.5873	2.062671	1.071033	0.401181	0.598819	0.9594056
54168	-992.1281	-1203.369	211.241	2.133396	1.287959	0.510511	0.489489	1.043132
54174	-1001.49	-1212.712	211.2217	2.20881	1.417719	0.414127	0.585873	0.8762821
54180	-1009.124	-1220.111	210.9869	2.40925	1.417719	0.343404	0.656596	0.9151598
54186	-1023.906	-1234.852	210.9455	1.91939	1.173327	0.430946	0.569054	1.542433
54192	-1027.832	-1238.397	210.5648	1.899239	1.264503	0.346282	0.653718	1.773365
54198	-1025.563	-1236.688	211.1241	2.224302	1.395677	0.610108	0.389892	0.98363
54204	-1017.792	-1229.202	211.4102	2.196034	1.259722	0.331223	0.668777	0.8163747
54210	-1019.44	-1230.67	211.2305	2.196034	1.403653	0.310287	0.689713	0.8932794
54216	-1018.158	-1229.581	211.4234	2.158765	1.047341	0.546988	0.453012	1.049617
54222	-1013.039	-1224.774	211.7349	1.986832	0.8394499	0.382413	0.617587	1.121966
54228	-1033.183	-1244.753	211.5704	2.093821	0.9304398	0.38361	0.61639	1.08342
54234	-1037.49	-1247.584	210.0938	1.664994	0.6270254	0.501351	0.498649	2.67137
54240	-1024.469	-1236.24	211.771	2.23542	0.8122239	0.355594	0.644406	0.8657287
54246	-1030.188	-1242.062	211.8737	2.23542	0.7662465	0.578659	0.421341	0.8060575
54252	-1031.947	-1243.581	211.6339	2.396578	0.946708	0.398835	0.601165	0.5750735
54258	-1030.021	-1241.801	211.7791	2.396578	0.8147768	0.398835	0.601165	0.5750735
54264	-1042.583	-1252.955	210.3713	1.523119	0.6459905	0.381475	0.618525	2.57126
54270	-1038.956	-1248.904	209.9483	1.735266	0.4845479	0.437049	0.562951	2.851257
54276	-1057.749	-1268.151	210.4026	1.636737	0.6760226	0.241046	0.758954	2.455384
54282	-1035.857	-1247.417	211.5593	2.271342	1.068724	0.429533	0.570467	0.7410231
54288	-1035.854	-1247.514	211.6604	2.271342	1.012952	0.48174	0.51826	0.6585058
54294	-1024.029	-1235.49	211.4609	2.344808	1.128524	0.504685	0.495315	0.6899555
54300	-1017.13	-1228.697	211.5668	2.344808	1.047714	0.566554	0.433446	0.6274048
54306	-1024.165	-1235.92	211.7556	2.251995	0.8864757	0.433629	0.566371	0.7543069
54312	-1035.599	-1247.431	211.8315	2.251995	0.8940213	0.626908	0.373092	0.5859294
54318	-1026.425	-1238.069	211.6439	2.251995	1.010485	0.454192	0.545808	0.7274301
54324	-1033.242	-1245.078	211.8366	2.198267	0.7005218	0.414656	0.585344	0.9845261
54330	-1035.899	-1248.181	212.2817	1.879424	0.5957553	0.597922	0.402078	1.002716
54336	-1024.055	-1235.828	211.7732	1.879424	0.5696978	0.353834	0.646166	1.466332
54342	-1021.601	-1233.691	212.0902	1.993615	0.6574174	0.499934	0.500066	0.9930243
54348	-1012.885	-1225.003	212.1187	2.073414	0.5340884	0.499934	0.500066	1.063456
54354	-1030.487	-1241.609	211.1221	2.273591	1.420012	0.444304	0.555696	0.9137608
54360	-1037.273	-1248.578	211.3052	1.988134	0.5026268	0.589065	0.410935	1.801836
54366	-1025.801	-1237.432	211.6308	2.066351	0.4110086	0.317776	0.682224	1.630864
54372	-1019.485	-1231.362	211.8763	2.374341	0.75605	0.478284	0.521716	0.5544108
54378	-1031.602	-1243.444	211.8421	2.433281	0.7391726	0.577798	0.422202	0.4710336
54384	-1028.714	-1240.682	211.9678	1.992475	0.4927496	0.403478	0.596522	1.32154
54390	-1020.395	-1231.836	211.4414	2.490409	1.052034	0.331271	0.668729	0.5427299
54396	-1037.145	-1248.449	211.3038	2.580511	1.10298	0.396896	0.603104	0.5382604
54402	-1016.909	-1228.926	212.0177	1.895196	0.5389678	0.460715	0.539285	1.299367
54408	-1013.087	-1224.624	211.5367	1.812603	0.6523074	0.449206	0.550794	1.603337
54414	-1012.868	-1224.052	211.1846	1.812015	0.484701	0.417939	0.582061	2.02305
54420	-1000.02	-1211.696	211.6762	2.093194	0.8197683	0.366536	0.633464	1.099237
54426	-1017.33	-1229.101	211.7715	2.332814	0.6854801	0.54947	0.45053	0.9325953
54432	-1010.788	-1222.33	211.5417	2.213509	0.5932206	0.391367	0.608633	1.359867
54438	-1020.65	-1231.048	210.3976	1.975691	1.861279	0.343074	0.656926	1.531401
54444	-1011.97	-1223.202	211.2327	1.818004	0.8960515	0.457668	0.542332	1.605059
54450	-1012.848	-1224.394	211.5459	2.001932	0.3673078	0.457668	0.542332	1.796903
54456	-1013.377	-1224.658	211.281	1.916364	0.4283225	0.483203	0.516797	1.955362
54462	-1024.897	-1236.057	211.1597	1.689272	0.3217224	0.483203	0.516797	2.3234
54468	-1015.507	-1226.877	211.3707	1.894097	0.6167498	0.483203	0.516797	1.699566
54474	-1015.504	-1226.698	211.194	1.930129	0.6274661	0.560997	0.439003	1.787522
54480	-1015.854	-1227.42	211.5667	1.730919	0.6147779	0.652491	0.347509	1.678227
54486	-1014.828	-1226.076	211.2486	1.808731	0.4712523	0.468331	0.531669	1.997924
54492	-1018.514	-1229.828	211.3141	1.808731	0.7575359	0.519671	0.480329	1.66817
54498	-1017.291	-1228.378	211.0869	1.799504	0.6003277	0.460685	0.539315	1.97587
54504	-1024.106	-1234.325	210.2185	1.665462	0.5523203	0.604403	0.395597	2.662111
54510	-1020.945	-1231.868	210.9232	1.494957	0.5091287	0.620689	0.379311	2.37145
54516	-1039.764	-1249.97	210.2057	1.689848	0.405904	0.272901	0.727099	2.808215
54522	-1022.475	-1233.92	211.4453	2.032977	0.4851486	0.496833	0.503167	1.692695
54528	-1009.558	-1220.61	211.0522	1.908458	0.7653035	0.456948	0.543052	1.775796
54534	-1018.582	-1229.23	210.6487	1.952478	0.7653035	0.252271	0.747729	2.019964
54540	-1024.936	-1236.495	211.5597	1.846505	0.4037828	0.514265	0.485735	1.844862
54546	-1031.129	-1242.269	211.1401	1.828164	0.4790895	0.459164	0.540836	2.048179
54552	-1024.031	-1235.485	211.4542	1.921738	0.4790895	0.502821	0.497179	1.771876
54558	-1027.099	-1238.282	211.1826	1.921738	0.5262826	0.385185	0.614815	1.904978
54564	-1018.133	-1229.749	211.6157	1.895137	0.5262826	0.570936	0.429064	1.621045
54570	-1037.175	-1247.977	210.8022	1.878925	0.5030466	0.510807	0.489193	2.209618
54576	-1022.819	-1233.825	211.0068	1.878925	0.5498677	0.539152	0.460848	2.026759
54582	-1031.539	-1243.025	211.4862	1.878823	0.4105432	0.626739	0.373261	1.864221
54588	-1039.802	-1250.212	210.4104	1.819677	0.6639772	0.558189	0.441811	2.345129
54594	-1034.304	-1246.005	211.7007	2.620177	0.6931466	0.409842	0.590158	0.4180653
54600	-1039.687	-1251.385	211.6976	1.875703	0.3196408	0.544234	0.455766	1.849514
54606	-1034.076	-1244.821	210.7445	1.875703	0.3437517	0.346534	0.653466	2.437827
54612	-1026.318	-1237.227	210.9083	2.704354	1.384786	0.539623	0.460377	0.3794091
54618	-1041.373	-1252.086	210.7124	2.846469	1.457379	0.553842	0.446158	0.3821457
54624	-1043.604	-1254.718	211.1141	2.869152	0.9321896	0.515259	0.484741	0.3328424
54630	-1028.464	-1239.267	210.8035	2.989479	1.135702	0.399242	0.600758	0.3417216
54636	-1033.689	-1244.484	210.7952	2.901554	1.264955	0.34272	0.65728	0.3611215
54642	-1047.292	-1258.023	210.7308	2.933241	1.286908	0.472086	0.527914	0.3439182
54648	-1019.044	-1230.134	211.0905	2.919472	0.9170012	0.498383	0.501617	0.3439182
54654	-1021.14	-1231.938	210.7988	2.804799	1.439133	0.467397	0.532603	0.4686732
54660	-1004.219	-1214.792	210.5729	2.919691	1.567552	0.523897	0.476103	0.4089873
54666	-1010.772	-1222.165	211.3934	2.732581	0.8622576	0.452239	0.547761	0.4479773
54672	-1001.074	-1212.26	211.1858	2.732581	1.063528	0.602779	0.397221	0.4479773
54678	-1012.868	-1224	211.1315	2.732581	1.121372	0.273346	0.726654	0.4472611
54684	-1029.488	-1240.605	211.1168	2.732581	1.141832	0.257203	0.742797	0.4684206
54690	-1011.047	-1221.854	210.8066	2.80539	1.396054	0.523568	0.476432	0.3931859
54696	-1013.172	-1224.291	211.1192	2.80539	1.035436	0.428759	0.571241	0.3931859
54702	-1012.646	-1223.874	211.2283	2.663638	1.050144	0.47085	0.52915	0.3644309
54708	-1023.086	-1234.763	211.6775	2.596889	0.7290239	0.485644	0.514356	0.4170689
54714	-1018.113	-1229.772	211.6586	2.596889	0.7546475	0.480418	0.519582	0.4662584
54720	-1008.532	-1219.629	211.0964	2.596889	1.324115	0.430761	0.569239	0.4662584
54726	-1019.098	-1230.121	211.0232	2.707224	1.278827	0.654889	0.345111	0.4662584
54732	-1022.666	-1234.284	211.618	1.75778	0.5328667	0.571258	0.428742	1.710084
54738	-1034.717	-1245.267	210.5499	1.691826	0.392424	0.455415	0.544585	2.611905
54744	-1036.577	-1248.156	211.5793	1.956611	0.2567083	0.590082	0.409918	1.976872
54750	-1024.59	-1235.894	211.3047	2.045086	0.3224402	0.406165	0.593835	1.996311
54756	-1018.393	-1230.091	211.6978	1.934366	0.4328203	0.297003	0.702997	1.648441
54762	-1023.759	-1235.408	211.6496	2.062945	0.3904043	0.529624	0.470376	1.648323
54768	-1018.581	-1230.708	212.1266	2.058954	0.4728967	0.529624	0.470376	1.160959
54774	-1029.885	-1242.063	212.1782	2.065197	0.3956083	0.449094	0.550906	1.232428
54780	-1024.268	-1236.42	212.1517	2.24749	0.3669681	0.302857	0.697143	1.147246
54786	-1024.445	-1236.311	211.8662	2.000965	0.6871276	0.514846	0.485154	1.158537
54792	-1018.035	-1229.838	211.8028	2.082827	0.6871276	0.456676	0.543324	1.142204
54798	-1016.304	-1228.07	211.766	2.208002	0.6696541	0.518254	0.481746	1.083066
54804	-1010.778	-1222.707	211.9286	2.140856	0.6696541	0.41208	0.58792	0.9908771
54810	-1030.921	-1242.792	211.8717	1.977746	0.5539761	0.620038	0.379962	1.331752
54816	-1040.158	-1251.63	211.4722	1.973989	0.5539761	0.582036	0.417964	1.636421
54822	-1037.611	-1248.903	211.2917	1.898222	0.5539761	0.566802	0.433198	1.816848
54828	-1024.313	-1235.085	210.7717	1.862365	0.4349723	0.503563	0.496437	2.315399
54834	-1023.699	-1235.094	211.3958	1.717064	0.3744808	0.473518	0.526482	2.080369
54840	-1032.607	-1244.243	211.6358	1.772132	0.4030291	0.580432	0.419568	1.844655
54846	-1024.185	-1235.055	210.8707	1.927304	0.6374032	0.583783	0.416217	1.999737
54852	-1032.185	-1243.352	211.1673	1.873696	0.3530885	0.449687	0.550313	2.156206
54858	-1013.718	-1224.679	210.9602	1.873696	0.3643769	0.449687	0.550313	2.274814
54864	-1016.265	-1227.126	210.8616	1.775312	0.4606556	0.449687	0.550313	2.284285
54870	-1028.212	-1239.098	210.8862	1.622238	1.088569	0.538978	0.461022	1.850304
54876	-1015.092	-1226.415	211.323	1.802914	0.8801459	0.387413	0.612587	1.562822
54882	-1024.846	-1235.846	210.9995	1.974214	0.7392668	0.435797	0.564203	1.789042
54888	-1028.735	-1240.231	211.4962	2.073015	0.8749048	0.464807	0.535193	1.220381
54894	-1034.717	-1246.11	211.3933	2.073015	0.9625757	0.372624	0.627376	1.228434
54900	-1028.479	-1240.15	211.6706	1.80512	0.6829637	0.443442	0.556558	1.479175
54906	-1029.407	-1240.878	211.4707	1.934115	0.8116338	0.515443	0.484557	1.411127
54912	-1027.216	-1239.076	211.8603	1.684707	0.560397	0.577233	0.422767	1.557289
54918	-1025.888	-1237.108	211.2203	1.787975	1.066858	0.537193	0.462807	1.508526
54924	-1024.751	-1236.072	211.3204	1.825865	0.9292121	0.506112	0.493888	1.508526
54930	-1010.146	-1221.446	211.2997	1.656105	0.5687565	0.593838	0.406162	1.960757
54936	-1032.771	-1244.003	211.2319	1.968581	1.044796	0.507593	0.492407	1.377656
54942	-1003.101	-1214.88	211.7788	2.010209	0.5556295	0.524795	0.475205	1.377656
54948	-1007.777	-1219.396	211.6192	2.010209	0.5932563	0.490028	0.509972	1.457341
54954	-1000.413	-1211.823	211.4102	2.119494	0.8782977	0.494578	0.505422	1.250485
54960	-1017.54	-1228.783	211.2436	1.76201	0.5097697	0.310311	0.689689	1.98932
54966	-1019.516	-1230.632	211.1166	1.766479	0.6900995	0.38953	0.61047	1.894535
54972	-1019.22	-1230.913	211.6935	1.930146	0.356726	0.205877	0.794123	1.759384
54978	-1007.334	-1218.202	210.8683	1.817952	0.5134476	0.572895	0.427105	2.195285
54984	-1015.707	-1227.09	211.3825	1.819885	0.5171134	0.329521	0.670479	1.848173
54990	-1028.907	-1240.635	211.7281	1.804356	0.2797017	0.419739	0.580261	1.940535
54996	-1021.203	-1232.537	211.3342	1.847301	0.3268142	0.534958	0.465042	2.101249
55002	-1032.165	-1242.427	210.2621	1.734554	0.5660429	0.548108	0.451892	2.579519
55008	-1022.567	-1233.569	211.0023	1.689474	0.5541898	0.480803	0.519197	2.149866
55014	-1013.94	-1225.351	211.4104	1.617916	0.3638946	0.58943	0.41057	2.149866
55020	-1013.929	-1224.783	210.8541	1.594516	0.3477668	0.464247	0.535753	2.539848
55026	-1023.5	-1234.792	211.2921	1.690273	0.6672262	0.464247	0.535753	1.847528
55032	-1025.458	-1236.399	210.9413	1.720236	0.6767586	0.499229	0.500771	2.054699
55038	-1014.265	-1225.217	210.9517	1.748385	0.5106982	0.352471	0.647529	2.189189
55044	-1012.59	-1224.336	211.7465	1.841885	0.5335199	0.516705	0.483295	1.556065
55050	-1024.632	-1236.519	211.8869	1.823494	0.4915993	0.554526	0.445474	1.516146
55056	-1027.508	-1238.71	211.2013	1.960682	0.6696139	0.478534	0.521466	1.720485
55062	-1023.857	-1235.844	211.9874	2.115303	0.593372	0.563928	0.436072	1.062721
55068	-1024.138	-1235.956	211.8185	2.115303	0.7200512	0.524437	0.475563	1.058878
55074	-1024.411	-1236.709	212.2984	2.102245	0.4874335	0.47361	0.52639	0.9303355
55080	-1021.675	-1233.707	212.0318	2.097238	0.5710543	0.510521	0.489479	1.069185
55086	-1026.533	-1237.912	211.3786	2.097238	0.9940341	0.49054	0.50946	1.193033
55092	-1035.758	-1247.389	211.6311	1.805612	0.4706277	0.579037	0.420963	1.739529
55098	-1040.864	-1250.398	209.534	1.624738	0.9869774	0.521441	0.478559	2.777705
