Iteration	Posterior	Likelihood	Prior	rate_log_sd	rate_neo	root_freqs[1]	root_freqs[2]	tree_length
0	-1005.894	-1216.845	210.9512	1.741366	0.3043246	0.426839	0.573161	2.447336
6	-1016.558	-1227.133	210.5748	1.678465	0.4440822	0.489042	0.510958	2.544798
12	-1019.484	-1230.025	210.5415	1.616358	0.6171179	0.543929	0.456071	2.431945
18	-1012.205	-1222.202	209.9977	1.469998	0.5476929	0.543929	0.456071	2.920018
24	-1005.572	-1216.97	211.3982	2.011354	0.9379689	0.433305	0.566695	1.296556
30	-1022.48	-1234.204	211.7238	2.182886	0.6874926	0.534341	0.465659	1.122901
36	-1031.54	-1243.33	211.7907	2.160527	0.6874926	0.5866	0.4134	1.082204
42	-1017.154	-1229.011	211.8568	2.082368	0.6966772	0.5582	0.4418	1.082204
48	-1020.565	-1232.825	212.2595	2.193508	0.3685909	0.463968	0.536032	1.095667
54	-1016.733	-1228.941	212.208	2.023238	0.4641592	0.554639	0.445361	1.133883
60	-1030.181	-1242.287	212.1052	1.83223	0.4429037	0.559224	0.440776	1.407782
66	-1023.932	-1235.403	211.4711	2.142326	0.9063262	0.544086	0.455914	1.152626
72	-1009.34	-1220.749	211.4089	2.396708	0.94857	0.465042	0.534958	0.9231302
78	-1019.972	-1231.371	211.3985	2.396708	1.066261	0.39593	0.60407	0.795156
84	-1025.609	-1237.337	211.7279	2.189825	0.9743136	0.502886	0.497114	0.7499257
90	-1027.751	-1238.95	211.1993	2.228419	1.188226	0.464379	0.535621	1.073001
96	-1015.888	-1226.937	211.0491	2.026818	0.9597839	0.483401	0.516599	1.537178
102	-1022.21	-1233.26	211.0495	1.89334	0.9797982	0.561256	0.438744	1.619574
108	-1033.174	-1244.538	211.3642	1.901726	0.4507226	0.5493	0.4507	1.88157
114	-1027.807	-1239.336	211.5286	1.897283	0.5179493	0.535221	0.464779	1.69144
120	-1021.633	-1233.325	211.6925	1.897283	0.5522222	0.434981	0.565019	1.533451
126	-1028.165	-1238.81	210.6453	1.688427	0.6228657	0.417252	0.582748	2.315328
132	-1026.642	-1235.875	209.2334	1.563407	0.6678916	0.472558	0.527442	3.217233
138	-1022.461	-1232.956	210.4952	1.743096	1.027787	0.611521	0.388479	2.070769
144	-1015.147	-1226.744	211.5978	1.867453	0.39929	0.337873	0.662127	1.810168
150	-1024.028	-1235.296	211.268	1.888595	0.3699447	0.360025	0.639975	2.057599
156	-1010.169	-1221.719	211.5496	1.892718	0.4533468	0.350837	0.649163	1.756689
162	-1017.187	-1229.093	211.9054	1.989982	0.3336021	0.545132	0.454868	1.600924
168	-1018.06	-1227.442	209.3815	1.566289	0.3609195	0.658028	0.341972	3.426179
174	-1007.682	-1218.585	210.9033	1.6607	0.5193067	0.47916	0.52084	2.267974
180	-1015.476	-1227.092	211.616	1.693848	0.2593275	0.530707	0.469293	2.121955
186	-1010.26	-1220.725	210.4653	1.640089	0.4549374	0.501043	0.498957	2.624517
192	-1006.496	-1217.815	211.3195	1.846868	0.4549374	0.41615	0.58385	1.943942
198	-1016.2	-1227.3	211.1001	1.801009	0.4714804	0.519529	0.480471	2.10095
204	-1021.591	-1233.06	211.4693	1.918628	0.6674164	0.391403	0.608597	1.560057
210	-1029.735	-1241.325	211.5905	1.698203	0.3237306	0.66089	0.33911	2.035067
216	-1038.743	-1250.141	211.3976	1.760906	0.2987043	0.33845	0.66155	2.157957
222	-1018.321	-1229.096	210.7748	1.688543	0.404979	0.508057	0.491943	2.458798
228	-1026.658	-1238.466	211.8077	1.879231	0.4864435	0.438278	0.561722	1.540032
234	-1035.428	-1247.287	211.8589	1.905536	0.304574	0.54305	0.45695	1.740767
240	-1028.14	-1239.617	211.4762	1.966338	0.4547968	0.431492	0.568508	1.754791
246	-1016.55	-1228.012	211.4624	1.983698	0.5370736	0.529294	0.470706	1.655307
252	-1010.367	-1221.29	210.9224	1.781799	0.8358596	0.682606	0.317394	1.894794
258	-1026.081	-1236.448	210.3675	1.772756	0.4810282	0.559293	0.440707	2.574953
264	-1018.339	-1229.384	211.0454	1.772756	0.5511189	0.511542	0.488458	2.070207
270	-1025.72	-1237.002	211.2823	1.824632	0.5800962	0.518392	0.481608	1.84671
276	-991.7793	-1203.577	211.7981	1.907674	0.5333362	0.588513	0.411487	1.468566
282	-999.6111	-1211.581	211.97	1.863872	0.4604463	0.525601	0.474399	1.463295
288	-1010.4	-1221.798	211.3977	1.863872	0.4318293	0.531192	0.468808	1.907682
294	-1015.441	-1226.092	210.6507	1.756847	0.6116504	0.542932	0.457068	2.278401
300	-1012.177	-1222.281	210.1037	1.756847	0.6999198	0.428651	0.571349	2.547412
306	-1023.701	-1233.98	210.2793	1.756847	0.5470787	0.428651	0.571349	2.573009
312	-1021.788	-1233.165	211.3771	1.773777	0.6520835	0.428651	0.571349	1.745014
318	-1004.31	-1216.093	211.7828	2.198306	0.6520835	0.562222	0.437778	1.098493
324	-1008.295	-1219.284	210.9887	2.093498	0.7842111	0.598329	0.401671	1.674137
330	-1000.005	-1211.225	211.2197	1.990598	0.706836	0.373831	0.626169	1.651283
336	-1018.312	-1229.515	211.2026	1.763486	0.6248157	0.333073	0.666927	1.898582
342	-1022.6	-1234.195	211.5955	2.075224	0.6577782	0.454576	0.545424	1.354602
348	-1031.033	-1242.991	211.9575	1.985838	0.4178108	0.429102	0.570898	1.438699
354	-1032.179	-1243.606	211.4269	1.937671	0.5226595	0.639875	0.360125	1.72942
360	-1015.169	-1226.866	211.697	1.87486	0.6354267	0.639875	0.360125	1.455294
366	-1009.774	-1221.394	211.6197	2.232589	0.6138617	0.629522	0.370478	1.257116
372	-1016.232	-1227.325	211.093	2.13591	0.9603477	0.370926	0.629074	1.421155
378	-1011.952	-1222.928	210.9765	2.132411	0.823072	0.458869	0.541131	1.622133
384	-1022.706	-1234.565	211.8587	2.119908	0.4020091	0.347393	0.652607	1.434627
390	-1024.967	-1236.339	211.3719	2.257552	0.6865095	0.267339	0.732661	1.356759
396	-1031.01	-1241.156	210.1461	2.029898	0.8574559	0.553003	0.446997	2.227611
402	-1035.602	-1247.25	211.6475	2.241329	0.6800561	0.639108	0.360892	1.147716
408	-1019.212	-1230.925	211.714	2.160456	0.6029637	0.543026	0.456974	1.251739
414	-1021.005	-1232.555	211.5495	2.026099	0.8289389	0.561977	0.438023	1.258473
420	-1032.943	-1244.336	211.3928	1.882239	0.7324198	0.586476	0.413524	1.580837
426	-1039.87	-1251.072	211.203	1.819868	0.4323405	0.67236	0.32764	2.066576
432	-1018.252	-1229.494	211.2421	1.870456	0.3851105	0.381392	0.618608	2.066576
438	-1027.409	-1238.806	211.3964	2.050553	0.3844542	0.343151	0.656849	1.842687
444	-1024.637	-1235.991	211.3543	2.050553	0.6147442	0.414827	0.585173	1.601141
450	-1023.618	-1234.744	211.1261	1.893058	0.4946297	0.374301	0.625699	1.99696
456	-1031.829	-1242.346	210.5176	1.649353	0.4940667	0.574566	0.425434	2.544727
462	-1026.396	-1237.217	210.8213	1.833611	0.5352727	0.694061	0.305939	2.192976
468	-1021.416	-1232.144	210.7281	1.76105	1.090603	0.382689	0.617311	1.862208
474	-1033.561	-1244.224	210.6629	1.621183	0.5260468	0.572139	0.427861	2.438842
480	-1031.252	-1241.616	210.3642	1.93445	0.2076685	0.436537	0.563463	2.844597
486	-1013.199	-1223.551	210.3517	1.946984	0.2076685	0.494807	0.505193	2.844597
492	-1000.985	-1212.331	211.345	1.74275	0.5746436	0.428123	0.571877	1.865389
498	-1013.194	-1224.535	211.3414	1.703621	0.833981	0.480734	0.519266	1.659047
504	-1012.413	-1223.776	211.3631	1.681955	0.5475412	0.595582	0.404418	1.922507
510	-1021.387	-1232.935	211.5483	1.882348	0.3357051	0.643073	0.356927	1.922507
516	-1017.491	-1227.965	210.4734	1.881057	0.9391626	0.58209	0.41791	2.053389
522	-1025.622	-1235.158	209.5352	1.585897	0.6780861	0.594428	0.405572	3.015966
528	-1032.725	-1243.348	210.6234	1.459575	0.6484892	0.555244	0.444756	2.451423
534	-1019.091	-1229.032	209.9408	1.637341	0.6070638	0.353975	0.646025	2.799319
540	-1036.49	-1247.1	210.6095	1.718399	0.3731085	0.365303	0.634697	2.582338
546	-1030.282	-1241.318	211.0354	1.854016	0.5700247	0.58561	0.41439	2.003849
552	-1023.04	-1234.23	211.1894	1.842012	0.5892935	0.617071	0.382929	1.88894
558	-1027.618	-1239.385	211.7665	1.842012	0.388236	0.636533	0.363467	1.725311
564	-1000.976	-1212.426	211.4501	2.06696	0.711878	0.43014	0.56986	1.418825
570	-999.2419	-1211.084	211.8424	2.07278	0.4038274	0.38454	0.61546	1.48019
576	-1005.429	-1216.797	211.3684	1.943027	0.8407682	0.585752	0.414248	1.457087
582	-1004.098	-1215.291	211.1932	1.852407	0.8942575	0.49882	0.50118	1.61018
588	-1007.795	-1218.85	211.0549	1.879999	0.8911052	0.420824	0.579176	1.692039
594	-1013.543	-1224.11	210.5671	1.83202	0.8316131	0.424325	0.575675	2.101596
600	-1030.221	-1241.482	211.2602	2.025263	0.6530921	0.334495	0.665505	1.648649
606	-1024.225	-1235.532	211.3065	1.917578	0.7738046	0.532619	0.467381	1.580724
612	-1036.691	-1248.082	211.3907	2.172082	0.7465587	0.520085	0.479915	1.348722
618	-1010.121	-1221.274	211.1527	2.172082	0.8629799	0.428407	0.571593	1.427698
624	-1007.607	-1219.237	211.6297	2.223583	0.6260284	0.483661	0.516339	1.241861
630	-1019.794	-1231.249	211.4545	2.039126	0.9211153	0.457902	0.542098	1.241861
636	-1018.514	-1229.925	211.4115	2.021975	0.9559389	0.386813	0.613187	1.261532
642	-1014.853	-1226.19	211.3378	2.050995	1.052657	0.512672	0.487328	1.218205
648	-1029.552	-1241.287	211.7345	2.050995	0.8554042	0.405418	0.594582	1.046097
654	-1023.754	-1235.406	211.6519	2.050995	0.8554042	0.462153	0.537847	1.122723
660	-1026.606	-1237.735	211.1287	2.050995	0.9635933	0.379173	0.620827	1.456285
666	-1031.179	-1242.921	211.7424	2.043076	0.395936	0.544592	0.455408	1.587707
672	-1021.987	-1233.314	211.3278	2.174587	0.8814227	0.486263	0.513737	1.270283
678	-1020.254	-1231.999	211.7459	2.117105	0.6506163	0.534804	0.465196	1.204719
684	-1027.191	-1238.693	211.5016	1.891174	0.7035105	0.544524	0.455476	1.521165
690	-1031.401	-1242.762	211.361	1.964454	0.7344192	0.358006	0.641994	1.541904
696	-1025.527	-1237.136	211.6099	2.025119	0.7344192	0.198394	0.801606	1.302892
702	-1000.874	-1212.757	211.8828	2.138845	0.6535986	0.532606	0.467394	1.058788
708	-1018.578	-1229.654	211.0761	2.301507	1.321939	0.506321	0.493679	1.012922
714	-1018.844	-1230.345	211.5007	2.301267	1.041535	0.504212	0.495788	0.8176174
720	-1017.455	-1229.72	212.2652	1.972064	0.5176724	0.550446	0.449554	1.045435
726	-1020.564	-1231.937	211.373	2.080344	0.681666	0.331876	0.668124	1.497289
732	-1011.246	-1223.219	211.973	2.080344	0.5076169	0.438399	0.561601	1.224657
738	-1024.512	-1235.801	211.2884	2.081245	1.064667	0.49882	0.50118	1.224657
744	-1021.306	-1233.292	211.9855	2.240624	0.4094324	0.476886	0.523114	1.224657
750	-1020.378	-1232.236	211.8583	2.244818	0.7574623	0.325858	0.674142	0.8276164
756	-1019.953	-1231.865	211.9118	2.244818	0.6828827	0.395957	0.604043	0.8779163
762	-1033.573	-1245.186	211.6138	2.164984	0.834604	0.41368	0.58632	1.074679
768	-1041.887	-1253.753	211.8662	2.046819	0.7613585	0.40508	0.59492	1.029322
774	-1022.941	-1234.157	211.2157	1.979268	0.7613585	0.590273	0.409727	1.612921
780	-1031.592	-1243.185	211.5929	1.994839	0.7800152	0.594894	0.405106	1.295802
786	-1022.868	-1234.732	211.864	2.05461	0.7711817	0.50615	0.49385	1.012193
792	-1025.174	-1236.811	211.6371	2.262371	0.8980733	0.539115	0.460885	0.8778923
798	-1020.31	-1231.988	211.6784	2.279677	0.8817568	0.543758	0.456242	0.8286114
804	-1019.273	-1231.15	211.877	2.081386	0.8695769	0.486529	0.513471	0.8449925
810	-1015.459	-1227.126	211.6662	2.081386	0.8695769	0.514339	0.485661	1.067026
816	-1020.743	-1232.043	211.3009	2.246392	1.087902	0.514339	0.485661	1.045999
822	-1019.107	-1231.006	211.8995	2.328279	0.7612388	0.6467	0.3533	0.6123411
828	-1022.568	-1234.704	212.1356	2.298585	0.5921971	0.392032	0.607968	0.6587355
834	-1020.502	-1232.034	211.532	2.303711	1.069693	0.653047	0.346953	0.7316992
840	-1022.732	-1234.662	211.9297	2.339165	0.7117932	0.563372	0.436628	0.6612957
846	-1034.22	-1246.126	211.9062	2.251914	0.7117932	0.518292	0.481708	0.8306317
852	-1027.442	-1238.714	211.2717	2.241133	1.301828	0.447102	0.552898	0.8873061
858	-1027.474	-1239.132	211.6581	2.241133	0.8314685	0.402547	0.597453	0.9596646
864	-1025.113	-1236.858	211.7444	2.239341	0.8999505	0.400108	0.599892	0.7676526
870	-1030.237	-1241.953	211.716	2.239341	0.926513	0.400108	0.599892	0.7676526
876	-1023.5	-1234.984	211.484	2.276712	1.109057	0.452632	0.547368	0.787443
882	-1029.561	-1241.222	211.6617	2.190115	1.029968	0.504697	0.495303	0.7651836
888	-1021.285	-1233.016	211.7305	2.301869	0.8573579	0.561172	0.438828	0.7651836
894	-1034.025	-1245.993	211.9678	2.078806	0.5437066	0.406058	0.593942	1.181085
900	-1008.361	-1220.173	211.8117	2.012326	0.6591403	0.581633	0.418367	1.227898
906	-1007.005	-1218.95	211.9452	1.850351	0.6961099	0.475638	0.524362	1.210268
912	-1024.969	-1236.328	211.3594	1.854284	0.6880874	0.485329	0.514671	1.6664
918	-1022.555	-1233.96	211.405	1.916453	0.9586698	0.501953	0.498047	1.350052
924	-1008.607	-1220.14	211.5325	1.916453	0.7389406	0.316634	0.683366	1.444747
930	-1018.006	-1229.61	211.6042	1.774757	0.6162674	0.372466	0.627534	1.618369
936	-1020.393	-1231.391	210.9984	1.774757	0.8439321	0.466802	0.533198	1.841485
942	-1012.969	-1224.177	211.2075	1.699951	0.6996618	0.503325	0.496675	1.869449
948	-1010.952	-1222.147	211.1949	1.713331	0.6996618	0.6808	0.3192	1.868891
954	-1003.763	-1214.264	210.5008	1.7726	0.3920485	0.313533	0.686467	2.592747
960	-1020.283	-1230.116	209.8321	1.591802	0.5279183	0.438417	0.561583	2.965111
966	-1009.232	-1219.187	209.9545	1.501496	0.4641466	0.438189	0.561811	3.009555
972	-1023.714	-1234.336	210.6222	1.604724	0.8527009	0.434046	0.565954	2.19814
978	-1000.688	-1211.063	210.375	1.582127	0.3901384	0.5655	0.4345	2.789341
984	-1012.803	-1223.647	210.8435	1.726679	0.8828523	0.48348	0.51652	1.949858
990	-997.5523	-1208.409	210.8565	1.702229	0.8048273	0.619812	0.380188	2.01669
996	-1010.455	-1220.748	210.2925	1.64183	0.4501754	0.363167	0.636833	2.734842
1002	-1020.833	-1232.258	211.4253	1.672556	0.4501754	0.636776	0.363224	1.995454
1008	-1029.553	-1240.692	211.1389	1.881995	0.6991259	0.536813	0.463187	1.791889
1014	-1041.837	-1252.585	210.7482	1.748563	0.6991259	0.408686	0.591314	2.143514
1020	-1031.303	-1242.064	210.7613	1.912362	0.5464074	0.43788	0.56212	2.169526
1026	-1020.203	-1231.868	211.6651	2.185856	0.3767171	0.432632	0.567368	1.567586
1032	-1014.045	-1225.408	211.3621	1.947189	0.7478585	0.284062	0.715938	1.541393
1038	-1012.418	-1224.293	211.8749	2.192162	0.4323679	0.487503	0.512497	1.320505
1044	-1025.936	-1237.471	211.5347	1.930444	0.4854741	0.47269	0.52731	1.701596
1050	-1013.154	-1224.748	211.5938	1.897445	0.5576191	0.466964	0.533036	1.599711
1056	-1002.787	-1214.193	211.4062	1.897445	0.6900684	0.422607	0.577393	1.599711
1062	-1006.512	-1217.359	210.8478	1.781125	0.4508678	0.422866	0.577134	2.300473
1068	-1010.62	-1221.78	211.1599	1.735726	0.4235021	0.629942	0.370058	2.160553
1074	-1025.935	-1237.844	211.9084	1.907555	0.6338154	0.627396	0.372604	1.263797
1080	-1021.566	-1233.153	211.5871	1.636528	0.61037	0.559982	0.440018	1.735023
1086	-1028.345	-1239.418	211.0731	1.545856	0.61037	0.433512	0.566488	2.14298
1092	-1017.7	-1229.514	211.8139	1.817418	0.4131869	0.403845	0.596155	1.675129
1098	-1025.203	-1236.942	211.739	1.896254	0.6440801	0.59276	0.40724	1.3972
1104	-1023.221	-1234.819	211.5985	1.741516	0.6440801	0.612047	0.387953	1.618271
1110	-1036.755	-1247.969	211.2136	1.729641	0.3750461	0.721089	0.278911	2.19036
1116	-1007.233	-1219.036	211.8025	1.729641	0.355561	0.362441	0.637559	1.824539
1122	-993.8739	-1204.33	210.4557	1.718066	0.6531301	0.451061	0.548939	2.390173
1128	-992.3372	-1203.643	211.3058	1.596699	0.6419083	0.525801	0.474199	1.925385
1134	-998.5774	-1209.823	211.246	1.753806	0.5748805	0.691174	0.308826	1.924894
1140	-1010.383	-1219.792	209.4089	1.597931	0.5748805	0.508639	0.491361	3.170946
1146	-1003.412	-1212.707	209.2948	1.369848	0.5748805	0.606167	0.393833	3.372951
1152	-1006.981	-1217.022	210.0409	1.369848	0.7834834	0.373213	0.626787	2.760303
1158	-1026.452	-1238.127	211.6751	1.853544	0.6602961	0.338406	0.661594	1.46207
1164	-1024.423	-1235.72	211.2975	1.908519	1.06853	0.55654	0.44346	1.355329
1170	-1012.864	-1224.109	211.2453	2.145441	1.06853	0.589695	0.410305	1.2036
1176	-1022.17	-1233.946	211.7763	2.145441	0.9381672	0.438116	0.561884	0.7972264
1182	-1016.628	-1228.15	211.5216	2.266038	1.073782	0.516153	0.483847	0.7958322
1188	-1012.962	-1224.634	211.6717	2.201454	0.8870309	0.476568	0.523432	0.9210723
1194	-1018.016	-1227.899	209.8824	1.662898	0.7254571	0.45435	0.54565	2.721761
1200	-1037.751	-1249.307	211.5565	1.557706	0.3996987	0.311231	0.688769	2.046721
1206	-1037.272	-1248.638	211.3658	1.703895	0.4581349	0.32297	0.67703	2.00491
1212	-1029.474	-1240.483	211.0091	1.729424	0.5931589	0.328157	0.671843	2.080981
1218	-1039.811	-1250.659	210.8476	1.595102	0.3223554	0.592924	0.407076	2.577803
1224	-1037.625	-1248.315	210.6898	1.527711	0.4344797	0.396304	0.603696	2.577803
1230	-1036.54	-1247.921	211.381	1.652137	0.4344797	0.330643	0.669357	2.057208
1236	-1022.847	-1233.227	210.3797	1.593489	0.4832681	0.583008	0.416992	2.675771
1242	-1024.103	-1234.554	210.4514	1.847818	0.8745167	0.27522	0.72478	2.135317
1248	-1009.932	-1219.916	209.9843	1.505437	0.7089153	0.579292	0.420708	2.768676
1254	-1012.238	-1223.555	211.3167	1.487755	0.6740965	0.572921	0.427079	1.961962
1260	-1007.481	-1217.79	210.3088	1.562565	0.8720775	0.394284	0.605716	2.411399
1266	-1019.391	-1228.562	209.1708	1.439225	0.7097351	0.394284	0.605716	3.295009
1272	-1005.466	-1215.527	210.0604	1.499342	0.6501891	0.614662	0.385338	2.773576
1278	-1027.552	-1238.371	210.8193	1.457105	0.4686001	0.301791	0.698209	2.503439
1284	-1013.694	-1222.909	209.215	1.332909	0.6424219	0.457368	0.542632	3.384346
1290	-1020.81	-1231.119	210.309	1.496939	0.6753983	0.315806	0.684194	2.601393
1296	-1019.265	-1229.318	210.0531	1.357553	0.4391719	0.618601	0.381399	3.063256
1302	-1020.49	-1229.997	209.5071	1.495844	0.7079215	0.431017	0.568983	3.063256
1308	-1009.579	-1220.852	211.2725	1.652333	0.5305102	0.635226	0.364774	2.020915
1314	-1007.542	-1218.293	210.7509	1.727604	0.7762298	0.496024	0.503976	2.092206
1320	-1004.138	-1214.734	210.5953	1.456031	0.6215624	0.51282	0.48718	2.494816
1326	-1016.108	-1226.604	210.496	1.627357	0.6816612	0.391918	0.608082	2.397728
1332	-1010.429	-1221.108	210.6793	1.697059	0.9048629	0.391918	0.608082	2.062977
1338	-1019.418	-1231.22	211.8016	1.734178	0.6120794	0.488559	0.511441	1.507455
1344	-999.7266	-1210.414	210.6878	1.799067	1.144594	0.59181	0.40819	1.82973
1350	-1001.682	-1212.993	211.3117	1.801536	0.7340362	0.447211	0.552789	1.695796
1356	-1006.594	-1218.112	211.5181	1.763987	0.826195	0.447211	0.552789	1.491851
1362	-1015.63	-1226.23	210.5998	1.758117	0.5718679	0.513882	0.486118	2.347308
1368	-1004.67	-1216.186	211.5162	1.665811	0.5888228	0.466384	0.533616	1.786015
1374	-1004.732	-1215.531	210.7986	1.476284	0.5888228	0.421188	0.578812	2.38394
1380	-1000.102	-1210.908	210.8053	1.427715	0.6177296	0.590021	0.409979	2.38394
1386	-1010.752	-1220.943	210.1914	1.594471	0.8741387	0.539839	0.460161	2.463781
1392	-1012.794	-1223.318	210.5241	1.544269	0.9288669	0.523019	0.476981	2.246853
1398	-1007.435	-1218.551	211.1169	1.47499	0.5223716	0.401377	0.598623	2.246853
1404	-997.0477	-1208.294	211.2462	1.740785	0.5553419	0.397122	0.602878	1.953502
1410	-1012.277	-1222.754	210.4766	1.662607	0.5034668	0.361849	0.638151	2.552323
1416	-1001.02	-1211.966	210.9459	1.608114	0.4825583	0.255249	0.744751	2.313143
1422	-1006.951	-1217.149	210.1982	1.438045	0.4825583	0.43594	0.56406	2.88198
1428	-1000.733	-1211.967	211.2343	1.890235	0.9658573	0.613935	0.386065	1.496194
1434	-1010.919	-1222.535	211.6164	1.878197	0.7938833	0.408934	0.591066	1.357258
1440	-1036.427	-1247.548	211.1206	1.924599	1.236335	0.601039	0.398961	1.363139
1446	-1026.053	-1237.809	211.7564	1.904254	0.8140175	0.390667	0.609333	1.201366
1452	-1051.241	-1262.215	210.9741	2.716386	1.316364	0.643435	0.356565	0.4278674
1458	-1039.766	-1250.746	210.9801	2.716386	1.316364	0.420944	0.579056	0.449425
1464	-1033.48	-1244.494	211.0148	2.70807	1.283667	0.397202	0.602798	0.4474146
1470	-1041.259	-1252.003	210.7444	2.70807	1.652492	0.466871	0.533129	0.5016335
1476	-1022.629	-1233.667	211.0382	2.728192	1.222619	0.327529	0.672471	0.4213749
1482	-1026.461	-1237.325	210.8641	2.578445	1.657268	0.53035	0.46965	0.5598722
1488	-1032.56	-1243.192	210.6324	2.578445	1.898046	0.312211	0.687789	0.7326639
1494	-1028.685	-1239.305	210.6197	2.578445	1.93104	0.384454	0.615546	0.7210189
1500	-1027.924	-1238.632	210.7083	2.578445	1.847613	0.565268	0.434732	0.6520717
1506	-1013.398	-1224.187	210.7891	2.4714	1.847613	0.565268	0.434732	0.7021486
1512	-1020.636	-1231.872	211.2359	2.506764	1.191345	0.528505	0.471495	0.7021486
1518	-1008.663	-1220.337	211.6741	2.413581	0.8804069	0.510046	0.489954	0.6176611
1524	-1019.761	-1231.108	211.3464	2.413581	1.14963	0.587784	0.412216	0.7345326
1530	-1022.772	-1234.539	211.7663	2.413581	0.7948519	0.30606	0.69394	0.6311963
1536	-1019.202	-1230.948	211.7455	2.4412	0.7659335	0.405288	0.594712	0.6889824
1542	-1021.729	-1232.771	211.0412	2.416467	1.587751	0.41771	0.58229	0.654112
1548	-1020.154	-1231.794	211.6401	2.582586	0.7800088	0.506502	0.493498	0.4548777
1554	-1015.795	-1227.241	211.4458	2.574275	0.9666562	0.500613	0.499387	0.4972115
1560	-1021.024	-1232.605	211.5811	2.58269	0.8273821	0.245426	0.754574	0.5635828
1566	-1009.505	-1220.426	210.9215	2.67089	1.456445	0.339981	0.660019	0.5111735
1572	-1008.008	-1219.159	211.1502	2.67089	1.165311	0.555521	0.444479	0.5713896
1578	-1000.126	-1211.368	211.2424	2.570935	1.165311	0.542821	0.457179	0.5982491
1584	-1010.521	-1221.72	211.1987	2.626489	1.165311	0.483042	0.516958	0.5529521
1590	-1001.401	-1212.399	210.9979	2.565741	1.478277	0.601303	0.398697	0.5837933
1596	-1013.998	-1225.422	211.4236	2.565741	0.9595509	0.414449	0.585551	0.6509139
1602	-1015.87	-1227.535	211.665	2.423991	0.8596311	0.324696	0.675304	0.6668487
1608	-1011.342	-1223.099	211.7576	2.268296	0.8036112	0.50834	0.49166	0.8544713
1614	-1014.483	-1226.24	211.7563	2.406569	0.7445554	0.580761	0.419239	0.768947
1620	-1009.87	-1221.518	211.6477	2.349627	0.8271241	0.407791	0.592209	0.8559344
1626	-1028.546	-1240.307	211.7602	2.318921	0.8225038	0.517145	0.482855	0.7548403
1632	-1033.77	-1245.362	211.592	2.318921	0.9511445	0.4258	0.5742	0.7935583
1638	-1030.615	-1242.238	211.623	2.358522	0.9511445	0.264169	0.735831	0.683772
1644	-1001.457	-1212.939	211.4821	2.372055	1.079917	0.428149	0.571851	0.683772
1650	-1007.897	-1218.914	211.0163	2.461129	1.575987	0.552903	0.447097	0.6280591
1656	-1022.77	-1234.075	211.3044	2.340687	1.342547	0.558964	0.441036	0.6460576
1662	-1013.443	-1224.797	211.3543	2.366923	1.258621	0.385715	0.614285	0.6289097
1668	-1020.065	-1231.532	211.4671	2.274463	1.129506	0.776201	0.223799	0.7879648
1674	-1024.382	-1235.445	211.0633	2.477351	1.443202	0.584098	0.415902	0.6973133
1680	-1009.874	-1220.97	211.0957	2.454622	1.443202	0.55501	0.44499	0.6796632
1686	-1036.897	-1248.313	211.4167	2.435971	1.111301	0.513824	0.486176	0.6246522
1692	-1014.863	-1226.095	211.2319	2.435971	1.323239	0.441117	0.558883	0.6290577
1698	-1007.807	-1219.525	211.7178	2.435971	0.8363512	0.412845	0.587155	0.5628038
1704	-1017.202	-1228.855	211.6527	2.315914	0.9473407	0.567304	0.432696	0.7134352
1710	-1030.654	-1241.706	211.0518	1.784694	1.175818	0.411257	0.588743	1.561776
1716	-1019.401	-1230.927	211.5258	1.847419	0.9323632	0.612542	0.387458	1.330623
1722	-1016.79	-1228.116	211.3256	1.977968	0.9323632	0.518004	0.481996	1.385782
1728	-1019.723	-1231.295	211.5714	2.012876	0.4786123	0.46996	0.53004	1.624733
1734	-1022.99	-1234.923	211.9336	2.168676	0.6196962	0.552196	0.447804	1.026763
1740	-1012.718	-1224.074	211.3557	2.224786	1.237534	0.485866	0.514134	0.8710052
1746	-1028.997	-1241.002	212.0052	2.224786	0.6077822	0.521142	0.478858	0.9123007
1752	-1026.83	-1238.711	211.8804	2.199658	0.7537604	0.435165	0.564835	0.8615486
1758	-1031.174	-1242.905	211.7306	2.199658	0.7537604	0.439237	0.560763	1.021643
1764	-1024.386	-1235.493	211.1066	1.651225	0.3466689	0.4712	0.5288	2.346897
1770	-1027.395	-1237.949	210.5536	1.651225	0.4625164	0.492936	0.507064	2.554661
1776	-1035.556	-1246.658	211.1023	1.617492	0.5456939	0.476486	0.523514	2.140172
1782	-1041.232	-1252.02	210.7881	1.617492	0.6349643	0.594454	0.405546	2.258456
1788	-1046.333	-1256.898	210.5651	1.693079	0.542478	0.449554	0.550446	2.438846
1794	-1046.173	-1256.101	209.9281	1.573904	0.542478	0.42571	0.57429	2.904233
1800	-1050.181	-1260.11	209.9283	1.528833	0.3874406	0.2578	0.7422	3.093752
1806	-1047.318	-1259.022	211.7034	1.875138	0.3635548	0.54024	0.45976	1.780936
1812	-1033.669	-1245.329	211.6599	1.828518	0.2938261	0.560868	0.439132	1.947392
1818	-1026.7	-1237.917	211.217	1.88474	0.586131	0.456569	0.543431	1.844149
1824	-1035.926	-1247.447	211.5215	1.88474	0.461716	0.46717	0.53283	1.771657
1830	-1044.56	-1255.396	210.8358	1.786814	0.7893258	0.365002	0.634998	1.986352
1836	-1035.4	-1247.555	212.1557	1.867528	0.4855984	0.469139	0.530861	1.280184
1842	-1042.836	-1254.067	211.2319	1.989557	0.7912368	0.667537	0.332463	1.567315
1848	-1033.982	-1245.629	211.6464	2.110255	0.8918478	0.421953	0.578047	1.035009
1854	-1019.123	-1230.531	211.4084	2.141624	0.8537093	0.450917	0.549083	1.256303
1860	-1026.366	-1237.565	211.1985	2.013262	0.757675	0.375888	0.624112	1.604021
1866	-1031.058	-1240.804	209.7467	2.135778	1.239218	0.307709	0.692291	2.177452
1872	-1038.984	-1248.522	209.5377	1.81971	1.887672	0.433934	0.566066	2.215967
1878	-1048.433	-1258.522	210.0891	1.841307	1.611768	0.518711	0.481289	1.957405
1884	-1038.027	-1250.157	212.1303	2.2801	0.5981977	0.239595	0.760405	0.6879262
1890	-1035.546	-1247.334	211.7883	2.173184	0.4334068	0.500766	0.499234	1.402426
1896	-1031.621	-1242.778	211.1571	1.874436	0.423113	0.392688	0.607312	2.072043
1902	-1046.446	-1256.665	210.2191	2.351421	2.407218	0.484879	0.515121	1.126618
1908	-1042.875	-1253.512	210.6369	2.387771	1.769496	0.484879	0.515121	1.042461
1914	-1036.728	-1247.515	210.7871	2.387771	1.612531	0.484879	0.515121	0.9982202
1920	-1031.269	-1242.77	211.5014	2.171857	1.10431	0.678181	0.321819	0.9004716
1926	-1010.864	-1222.548	211.6837	2.010794	0.9004314	0.571798	0.428202	1.085049
1932	-1011.927	-1223.59	211.663	2.068571	0.8666448	0.371593	0.628407	1.085049
1938	-1023.909	-1235.718	211.8087	2.128298	0.6959355	0.644992	0.355008	1.085049
1944	-1018.918	-1230.412	211.4941	2.128298	0.9570366	0.645582	0.354418	1.096376
1950	-1007.936	-1219.129	211.1935	2.262893	1.128042	0.65084	0.34916	1.096376
1956	-1013.098	-1225.007	211.909	2.036265	0.7364243	0.644799	0.355201	1.028013
1962	-1009.926	-1221.167	211.2414	2.097999	1.033177	0.489374	0.510626	1.275215
1968	-1016.839	-1228.541	211.7018	2.04898	0.7039672	0.579474	0.420526	1.239493
1974	-1016.035	-1227.281	211.2464	1.860225	0.9988487	0.500474	0.499526	1.484573
1980	-1019.155	-1231.329	212.1731	2.073625	0.6149772	0.420859	0.579141	0.8817137
1986	-1026.081	-1237.652	211.5709	2.002053	0.8228692	0.446558	0.553442	1.266425
1992	-1025.336	-1237.068	211.7321	1.705112	0.7082742	0.505437	0.494563	1.483242
1998	-1019.619	-1231.415	211.7965	1.823533	0.576521	0.520842	0.479158	1.483242
2004	-1019.818	-1231.33	211.5117	1.896661	0.5968209	0.31426	0.68574	1.617362
2010	-1031.878	-1243.461	211.5833	1.874619	0.5635422	0.492227	0.507773	1.617362
2016	-1039.255	-1250.129	210.8736	1.8146	0.9666563	0.308061	0.691939	1.808847
2022	-1030.232	-1240.593	210.3609	1.63564	0.8533325	0.55363	0.44637	2.345418
2028	-1020.687	-1230.398	209.7108	1.566265	0.6458053	0.588689	0.411311	2.948544
2034	-1016.246	-1227.308	211.0623	1.566265	0.6458053	0.386465	0.613535	2.10404
2040	-1027.903	-1238.414	210.5113	1.791526	0.767084	0.342011	0.657989	2.213865
2046	-1022.395	-1233.754	211.359	2.063924	0.5270238	0.518626	0.481374	1.683251
2052	-1025.099	-1236.516	211.4175	1.957578	0.5322132	0.539498	0.460502	1.711331
2058	-1017.608	-1229.148	211.54	1.989829	0.6763468	0.504106	0.495894	1.444777
2064	-1038.564	-1250.19	211.6262	2.036058	0.7862352	0.406923	0.593077	1.227827
2070	-1032.257	-1243.593	211.336	1.986763	1.077094	0.532372	0.467628	1.25405
2076	-1030.99	-1242.557	211.5665	2.160978	0.9819423	0.412748	0.587252	0.9697023
2082	-1023.633	-1235.229	211.5956	2.150083	0.9641157	0.465539	0.534461	0.9697023
2088	-1015.407	-1227.225	211.8181	2.149768	0.7652235	0.446274	0.553726	0.9697023
2094	-1009.778	-1221.554	211.7759	2.058192	0.7926163	0.552992	0.447008	1.068796
2100	-1019.066	-1230.308	211.2423	2.039561	1.44742	0.552992	0.447008	1.010689
2106	-1025.179	-1236.481	211.3014	2.094487	1.306367	0.499164	0.500836	1.007391
2112	-1020.922	-1232.492	211.5698	2.213434	1.08732	0.514572	0.485428	0.7843189
2118	-997.7386	-1209.486	211.7471	2.324728	0.8560987	0.477284	0.522716	0.7056766
2124	-1001.689	-1213.344	211.6552	2.324728	0.8560987	0.41374	0.58626	0.8369231
2130	-1013.545	-1225.183	211.6379	2.324728	0.8985211	0.328869	0.671131	0.7990413
2136	-1017.656	-1229.331	211.6749	2.189258	0.8702563	0.523589	0.476411	0.9505665
2142	-1013.66	-1225.024	211.3638	2.456118	1.067178	0.57872	0.42128	0.7592984
2148	-1001.25	-1212.594	211.3442	2.475801	1.067178	0.409968	0.590032	0.7592833
2154	-1010.502	-1221.99	211.4876	2.521247	0.9580158	0.494872	0.505128	0.6072087
2160	-1016.746	-1228.462	211.7164	2.489965	0.7206231	0.469776	0.530224	0.7493967
2166	-1025.588	-1237.361	211.7726	2.526372	0.7206231	0.575043	0.424957	0.4725155
2172	-1027.057	-1239	211.9433	2.468168	0.6236567	0.563266	0.436734	0.60417
2178	-1030.553	-1241.568	211.0158	2.57653	1.441538	0.382183	0.617817	0.5799677
2184	-1014.34	-1225.523	211.1831	2.578194	1.244528	0.641897	0.358103	0.5105893
2190	-1015.864	-1226.895	211.0308	2.730526	1.244528	0.803088	0.196912	0.5105893
2196	-1013.86	-1225.287	211.4269	2.522939	1.036749	0.467911	0.532089	0.5105893
2202	-1011.965	-1223.714	211.7492	2.527391	0.7385675	0.488064	0.511936	0.5253228
2208	-1027.619	-1239.478	211.8589	2.527391	0.650797	0.340929	0.659071	0.4452943
2214	-1039.153	-1250.418	211.2641	2.74324	0.977924	0.451319	0.548681	0.5251013
2220	-1026.441	-1238.098	211.6572	2.519852	0.8223363	0.673121	0.326879	0.4930844
2226	-1037.034	-1248.612	211.5782	2.519852	0.8911513	0.313423	0.686577	0.5307917
2232	-1012.403	-1223.999	211.596	2.519852	0.8674718	0.428555	0.571445	0.5745746
2238	-1026.969	-1238.251	211.2826	2.586388	1.118147	0.428555	0.571445	0.5464775
2244	-1023.507	-1234.87	211.3622	2.602099	1.013175	0.37331	0.62669	0.4362361
2250	-1020.73	-1231.965	211.2352	2.611372	1.144037	0.383929	0.616071	0.4630663
2256	-1011.018	-1222.492	211.4739	2.748087	0.7775381	0.414729	0.585271	0.4394678
2262	-1015.408	-1226.672	211.2633	2.601733	1.125448	0.599564	0.400436	0.4742381
2268	-1017.226	-1228.62	211.3938	2.564719	1.027887	0.599564	0.400436	0.5096969
2274	-1020.739	-1231.945	211.2061	2.482242	1.307715	0.468118	0.531882	0.6087841
2280	-1033.726	-1244.835	211.1086	2.510193	1.301026	0.413395	0.586605	0.7517328
2286	-1025.156	-1236.449	211.2933	2.341182	1.301026	0.243823	0.756177	0.7275636
2292	-1019.485	-1231.254	211.7693	2.373014	0.7772192	0.641034	0.358966	0.7402104
2298	-1026.561	-1238.145	211.5837	2.50272	0.9031347	0.352008	0.647992	0.4848658
2304	-1036.994	-1248.604	211.6107	2.258938	1.072611	0.394246	0.605754	0.6672025
2310	-1031.35	-1242.923	211.5736	2.48093	0.8906661	0.315568	0.684432	0.6672025
2316	-1023.077	-1234.796	211.7189	2.562949	0.7274585	0.386211	0.613789	0.5739057
2322	-1008.386	-1219.848	211.4619	2.571935	0.9455186	0.543887	0.456113	0.5661417
2328	-1001.374	-1213.151	211.7775	2.54311	0.6991791	0.546948	0.453052	0.5639132
2334	-1008.849	-1220.696	211.8469	2.482599	0.6829389	0.455283	0.544717	0.606729
2340	-1012.324	-1224.272	211.9484	2.352011	0.6829389	0.345153	0.654847	0.6733135
2346	-1016.511	-1228.214	211.7029	2.353551	0.8859948	0.52699	0.47301	0.6733135
2352	-1010.447	-1222.119	211.6724	2.153725	0.9308773	0.600223	0.399777	0.9209941
2358	-1014.952	-1226.968	212.0159	2.074493	0.7286157	0.356718	0.643282	0.8861637
2364	-1004.737	-1216.468	211.7318	2.152564	0.9114627	0.331386	0.668614	0.8786888
2370	-1012.938	-1224.633	211.6951	2.213918	0.8757483	0.351603	0.648397	0.8949921
2376	-1016.548	-1228.322	211.7739	2.037605	0.8916977	0.627336	0.372664	0.9807549
2382	-1011.848	-1223.558	211.7104	2.098569	0.8113158	0.491302	0.508698	1.071704
2388	-1022.357	-1234.135	211.7784	2.012861	0.8113158	0.430987	0.569013	1.088133
2394	-1022.854	-1234.355	211.5007	2.012861	1.002875	0.457602	0.542398	1.152486
2400	-1021.804	-1233.189	211.3847	2.156584	1.27422	0.459516	0.540484	0.8807346
2406	-1018.554	-1230.321	211.7672	2.118031	0.7382941	0.550017	0.449983	1.082828
2412	-1015.902	-1227.5	211.598	2.011418	0.8260286	0.579519	0.420481	1.233058
2418	-1024.822	-1236.349	211.5268	1.932791	0.6251792	0.625612	0.374388	1.550182
2424	-1027.061	-1237.99	210.9298	1.853956	1.12124	0.526902	0.473098	1.635889
2430	-1027.835	-1238.998	211.1629	1.867593	0.5739858	0.592643	0.407357	1.905018
2436	-1027.714	-1239.654	211.94	2.198149	0.5659592	0.494188	0.505812	1.06782
2442	-1016.178	-1228.032	211.8547	2.165168	0.8368924	0.393817	0.606183	0.813893
2448	-1028.64	-1240.313	211.6728	2.153632	0.8704244	0.560764	0.439236	0.9893634
2454	-1017.531	-1229.127	211.5953	2.165912	0.9987744	0.559869	0.440131	0.915673
2460	-1030.499	-1242.134	211.6354	2.165912	0.9739436	0.333702	0.666298	0.8989695
2466	-1015.034	-1227.275	212.2414	2.145833	0.5545177	0.53946	0.46054	0.8200058
2472	-1018.346	-1230.081	211.7348	2.313528	0.867086	0.458139	0.541861	0.7243491
2478	-1021.676	-1233.233	211.5564	2.352958	0.9065292	0.369572	0.630428	0.8554283
2484	-1009.941	-1221.608	211.6667	2.291033	0.9065292	0.531268	0.468732	0.7939285
2490	-1015.145	-1226.504	211.3588	2.304152	1.034017	0.524594	0.475406	0.9827764
2496	-1019.321	-1230.76	211.4392	2.202626	1.034017	0.524594	0.475406	1.004066
2502	-1019.503	-1230.628	211.1245	2.287463	1.410362	0.418071	0.581929	0.9038715
2508	-1023.054	-1234.836	211.7821	2.287463	0.8168576	0.568326	0.431674	0.7780922
2514	-1011.921	-1223.389	211.4682	2.165124	1.051212	0.336346	0.663654	0.9958232
2520	-1002.814	-1213.904	211.091	1.941872	0.8201124	0.585294	0.414706	1.679142
2526	-1010.716	-1221.103	210.3871	2.071391	1.477175	0.553614	0.446386	1.658986
2532	-1004.82	-1215.479	210.6585	1.775496	0.5812232	0.538231	0.461769	2.289864
2538	-1036.017	-1246.55	210.5334	1.522907	0.6078606	0.260565	0.739435	2.503945
2544	-1027.978	-1237.886	209.9081	1.617291	0.7401339	0.436596	0.563404	2.72266
2550	-1022.508	-1233.441	210.9331	1.714417	0.525783	0.593782	0.406218	2.207468
2556	-1009.037	-1220.242	211.2043	1.905824	0.4598933	0.436729	0.563271	1.975801
2562	-1029.365	-1240.624	211.2589	1.905824	0.4520022	0.486269	0.513731	1.948543
2568	-1012.248	-1223.962	211.714	2.179316	0.4104193	0.444881	0.555119	1.487257
2574	-1019.608	-1231.299	211.6914	2.139135	0.4444852	0.483921	0.516079	1.487257
2580	-1008.642	-1219.71	211.0679	2.139135	0.4564273	0.517796	0.482204	1.914703
2586	-1022.579	-1234.238	211.6589	2.300762	0.417082	0.641664	0.358336	1.427197
2592	-1005.152	-1216.793	211.6404	2.377921	0.3399705	0.462723	0.537277	1.499989
2598	-1017.9	-1229.872	211.9722	2.229696	0.3399705	0.391189	0.608811	1.358775
2604	-1014.949	-1226.85	211.9012	2.168085	0.3134524	0.443856	0.556144	1.505652
2610	-1014.417	-1226.612	212.1952	2.32917	0.3134524	0.480179	0.519821	1.138211
2616	-1024.031	-1236	211.9689	2.17571	0.3774637	0.445972	0.554028	1.342501
2622	-1025.154	-1237.008	211.8543	2.244491	0.3774637	0.334306	0.665694	1.378746
2628	-1024.134	-1236.262	212.1284	2.328372	0.4221925	0.455527	0.544473	0.9920312
2634	-1021.04	-1232.762	211.7224	1.944019	0.3015199	0.446788	0.553212	1.813846
2640	-1018.659	-1229.762	211.103	1.804793	0.3567859	0.323022	0.676978	2.237394
2646	-1029.994	-1240.829	210.8346	1.870705	0.4031483	0.484211	0.515789	2.307857
2652	-1037.724	-1248.873	211.1489	1.851319	0.3698863	0.326412	0.673588	2.160189
2658	-1027.665	-1238.165	210.5003	1.880073	0.5955774	0.621202	0.378798	2.310593
2664	-1034.967	-1246.509	211.5417	2.482983	0.9582172	0.707739	0.292261	0.546544
2670	-1042.985	-1253.621	210.6366	2.16272	0.653177	0.472705	0.527295	1.984284
2676	-1028.299	-1240.201	211.9025	1.941219	0.6744361	0.467465	0.532535	1.193602
2682	-1021.976	-1233.604	211.6272	2.05014	0.383483	0.392885	0.607115	1.683209
2688	-1026.463	-1238.005	211.5415	1.958638	0.4801431	0.46923	0.53077	1.683209
2694	-1012.901	-1224.412	211.5113	1.943058	0.4661625	0.531629	0.468371	1.732569
2700	-1006.807	-1218.501	211.694	1.943058	0.6031714	0.398033	0.601967	1.440495
2706	-1016.303	-1227.645	211.342	1.655784	0.5283539	0.399264	0.600736	1.97454
2712	-1027.225	-1238.296	211.0707	1.642394	0.7299645	0.476495	0.523505	1.97454
2718	-1023.571	-1234.457	210.8854	1.779276	0.5061225	0.443599	0.556401	2.216969
2724	-1023.766	-1234.846	211.0794	1.84793	0.308893	0.606856	0.393144	2.291856
2730	-1030.442	-1241.461	211.0198	1.777348	0.5365686	0.57402	0.42598	2.098926
2736	-1034.399	-1245.192	210.793	1.777348	0.4300761	0.655403	0.344597	2.361595
2742	-1013.228	-1224.41	211.1823	1.83718	0.875151	0.361791	0.638209	1.64417
2748	-1025.424	-1236.968	211.5438	1.911092	0.7413615	0.368217	0.631783	1.437933
2754	-1025.112	-1236.885	211.7739	1.911092	0.452987	0.256358	0.743642	1.583968
2760	-1021.79	-1228.901	207.1109	1.406442	1.309645	0.525	0.475	4.153619
2766	-1019.31	-1228.951	209.6415	1.249814	0.8046052	0.592879	0.407121	3.058837
2772	-1028.707	-1237.531	208.8238	1.366549	0.4871406	0.331289	0.668711	3.730007
2778	-1037.761	-1247.13	209.3683	1.603763	0.4331105	0.516542	0.483458	3.329753
2784	-1016.824	-1228.784	211.9598	2.048236	0.6368578	0.547355	0.452645	1.093125
2790	-1020.284	-1232.27	211.9856	1.975339	0.6712945	0.564773	0.435227	1.093125
2796	-1020.828	-1232.05	211.2218	1.832599	0.9887673	0.552934	0.447066	1.531188
2802	-1025.666	-1237.108	211.442	1.776894	0.8353762	0.432901	0.567099	1.531188
2808	-1017.826	-1229.288	211.4618	1.776775	0.8033127	0.382154	0.617846	1.544223
2814	-1022.762	-1233.632	210.8705	1.776775	0.5698579	0.53498	0.46502	2.163326
2820	-1027.579	-1238.013	210.4339	1.681337	0.7665138	0.402586	0.597414	2.334551
2826	-1027.499	-1237.844	210.3448	1.661508	0.7257577	0.3437	0.6563	2.435487
2832	-1015.341	-1226.441	211.0992	1.771991	0.6289723	0.441338	0.558662	1.958666
2838	-1028.225	-1239.549	211.3242	1.745856	0.4289571	0.312668	0.687332	2.039432
2844	-1040.523	-1251.851	211.3274	2.227274	1.001263	0.511104	0.488896	1.117155
2850	-1035.771	-1247.235	211.4643	2.306828	1.001263	0.529679	0.470321	0.9019475
2856	-1025.327	-1236.741	211.4138	2.306828	1.094051	0.570423	0.429577	0.8565077
2862	-1022.881	-1234.662	211.7803	2.263707	0.8123433	0.608572	0.391428	0.8192604
2868	-1004.883	-1216.436	211.5532	2.078122	1.06663	0.382403	0.617597	0.9829022
2874	-1014.822	-1226.895	212.0731	2.120567	0.5870199	0.400997	0.599003	0.9829022
2880	-1023.858	-1235.895	212.0375	2.120567	0.6263745	0.558169	0.441831	0.961066
2886	-1033.164	-1244.566	211.4017	2.030114	1.059456	0.612161	0.387839	1.175602
2892	-1030.11	-1241.592	211.4817	2.018217	0.9762774	0.537296	0.462704	1.187798
2898	-1030.056	-1241.442	211.3857	2.012228	0.9647355	0.366119	0.633881	1.283409
2904	-1015.922	-1227.774	211.8518	2.012228	0.7050718	0.572491	0.427509	1.140571
2910	-1014.359	-1226.07	211.7107	1.817548	0.9125186	0.536398	0.463602	1.220448
2916	-1032.996	-1245.025	212.0284	1.832658	0.5255167	0.594453	0.405547	1.358063
2922	-1027.512	-1238.065	210.5524	1.582905	0.5111524	0.57622	0.42378	2.546893
2928	-1033.775	-1243.769	209.9934	1.582905	0.5552143	0.494955	0.505045	2.847306
2934	-1009.37	-1221.184	211.8144	2.094347	0.789591	0.708855	0.291145	1.000005
2940	-996.7314	-1208.565	211.8341	2.130214	0.789591	0.395316	0.604684	0.9427346
2946	-1011.516	-1223.114	211.5974	2.130214	1.134567	0.48622	0.51378	0.8005379
2952	-1013.033	-1224.812	211.7788	2.130214	0.8201218	0.563973	0.436027	0.9630859
2958	-1012.658	-1224.451	211.7925	1.857035	0.8201218	0.563973	0.436027	1.204852
2964	-1020.372	-1231.856	211.4838	1.744977	0.8201218	0.423464	0.576536	1.536894
2970	-1020.79	-1232.442	211.6523	1.770476	0.6648633	0.381805	0.618195	1.536894
2976	-1022.253	-1233.882	211.629	1.770476	0.8679362	0.529184	0.470816	1.365162
2982	-1008.373	-1219.846	211.4723	1.880992	1.104398	0.737676	0.262324	1.206787
2988	-1023.209	-1234.876	211.6668	2.261722	0.9175712	0.4829	0.5171	0.8169031
2994	-1019.822	-1231.778	211.9556	2.324872	0.6287543	0.572428	0.427572	0.8169031
3000	-1026.189	-1238.47	212.2815	2.150317	0.5807802	0.464204	0.535796	0.6954679
3006	-1024.165	-1235.814	211.6496	2.368506	0.8849263	0.633594	0.366406	0.7409435
3012	-1047.307	-1258.462	211.1551	1.887104	0.5403759	0.635213	0.364787	1.931947
3018	-1037.243	-1248.272	211.0287	1.749514	0.4445769	0.553092	0.446908	2.21176
3024	-1014.664	-1226.336	211.6713	1.864901	0.2687244	0.468852	0.531148	1.956223
3030	-1017.034	-1228.579	211.5451	1.822043	0.3386506	0.482265	0.517735	1.960969
3036	-1015.278	-1227.473	212.1957	1.841807	0.5399064	0.26628	0.73372	1.194112
3042	-1010.264	-1222.338	212.0738	1.848813	0.5900697	0.374524	0.625476	1.227105
3048	-1013.938	-1225.807	211.8695	1.610703	0.5576654	0.51111	0.48889	1.607689
3054	-1015.535	-1226.517	210.9826	1.593464	0.7295428	0.399399	0.600601	2.065951
3060	-1018.238	-1228.495	210.257	1.536723	0.558677	0.514204	0.485796	2.711507
3066	-1022.703	-1232.405	209.7018	1.565384	0.523522	0.555576	0.444424	3.063297
3072	-1031.366	-1241.704	210.338	1.528721	0.7030413	0.505084	0.494916	2.541045
3078	-1029.668	-1240.133	210.4652	1.484859	0.6732111	0.43837	0.56163	2.513641
3084	-1029.699	-1239.064	209.3651	1.389743	0.5739512	0.41527	0.58473	3.320713
3090	-1022.464	-1233.43	210.9657	1.570805	0.3011724	0.495619	0.504381	2.549435
3096	-1015.392	-1225.34	209.9485	1.612998	0.6904939	0.630954	0.369046	2.739485
3102	-1018.263	-1229.3	211.0366	1.8765	0.6826892	0.554622	0.445378	1.880736
3108	-1027.651	-1237.883	210.2319	1.857991	0.5943432	0.49855	0.50145	2.495167
3114	-1043.673	-1253.219	209.546	1.658871	0.5746641	0.285739	0.714261	3.053203
3120	-1027.53	-1238.462	210.9317	1.814793	0.4400849	0.749534	0.250466	2.237427
3126	-1003.634	-1215.024	211.3895	1.872813	0.4559347	0.356349	0.643651	1.87774
3132	-1014.961	-1225.19	210.2298	2.027011	0.7290143	0.414113	0.585887	2.273845
3138	-1005.18	-1216.081	210.9013	1.992169	0.5131237	0.519751	0.480249	2.060164
3144	-1021.711	-1232.956	211.2443	1.992169	0.7104221	0.474443	0.525557	1.629154
3150	-1013.706	-1225.127	211.421	1.84329	0.9091897	0.588367	0.411633	1.435315
3156	-1014.748	-1226.169	211.4215	2.085834	0.9499478	0.286179	0.713821	1.204679
3162	-1002.939	-1214.672	211.7327	1.862857	0.7595642	0.414039	0.585961	1.309552
3168	-1012.62	-1223.979	211.3582	1.862857	0.6788014	0.643528	0.356472	1.669892
3174	-1029.855	-1240.401	210.5451	1.723216	0.5393027	0.323682	0.676318	2.435537
3180	-1017.083	-1228.45	211.3664	1.841032	0.440167	0.272837	0.727163	1.934044
3186	-1010.534	-1221.791	211.2562	1.831803	0.5097805	0.35576	0.64424	1.934044
3192	-1014.607	-1225.948	211.3413	1.755256	0.563628	0.41912	0.58088	1.870732
3198	-1017.165	-1228.523	211.3584	1.752103	0.5005068	0.548488	0.451512	1.929152
3204	-1015.306	-1225.311	210.0053	1.453187	0.8227846	0.388011	0.611989	2.702759
3210	-1032.275	-1243.613	211.3376	1.58548	0.6555409	0.362795	0.637205	1.89881
3216	-1019.897	-1231.575	211.678	1.808753	0.6555409	0.343693	0.656307	1.498629
3222	-1021.863	-1232.904	211.0402	1.907476	1.030128	0.522213	0.477787	1.57954
3228	-1026.832	-1238.106	211.2742	1.84478	1.030128	0.628447	0.371553	1.451734
3234	-1011.816	-1222.747	210.9308	1.820868	1.189798	0.477789	0.522211	1.614646
3240	-1036.96	-1248.387	211.4269	1.820868	0.9201434	0.641147	0.358853	1.43898
3246	-1028.091	-1239.667	211.5756	1.761675	0.8166953	0.64492	0.35508	1.458477
3252	-1028.931	-1239.668	210.7367	1.687859	0.914926	0.36798	0.63202	2.023898
3258	-1019.763	-1230.491	210.7273	1.687859	0.8058332	0.294958	0.705042	2.11068
3264	-1028.242	-1238.908	210.6666	1.764641	0.3953206	0.498523	0.501477	2.490556
3270	-1019.95	-1230.465	210.5151	1.788882	0.5637473	0.498523	0.501477	2.389296
3276	-1017.921	-1228.718	210.7963	1.864152	0.5308688	0.46358	0.53642	2.193889
3282	-1027.21	-1238.39	211.1809	2.059706	0.5080777	0.518719	0.481281	1.832033
3288	-1008.635	-1220.356	211.7203	1.890174	0.4813846	0.480722	0.519278	1.602386
3294	-1015.884	-1227.289	211.4048	2.019055	0.3449013	0.619215	0.380785	1.913787
3300	-1010.25	-1221.587	211.3369	1.875381	0.2965797	0.439258	0.560742	2.126102
3306	-1010.717	-1221.837	211.1202	1.617804	0.5478943	0.672326	0.327674	2.126102
3312	-1021.349	-1232.941	211.5917	1.730771	0.5831964	0.533929	0.466071	1.693232
3318	-1027.014	-1239.184	212.1703	2.064729	0.2747511	0.465853	0.534147	1.449412
3324	-1018.184	-1230.318	212.1335	2.004376	0.6217713	0.586926	0.413074	0.9884806
3330	-1024.767	-1236.789	212.0219	2.125163	0.6217713	0.320285	0.679715	0.9791526
3336	-1021.005	-1232.917	211.9122	2.110975	0.8649666	0.443247	0.556753	0.7662542
3342	-1012.183	-1223.744	211.5615	2.026052	1.078367	0.325194	0.674806	1.015575
3348	-1019.144	-1231.047	211.9033	2.061553	0.7309559	0.535637	0.464363	1.015575
3354	-1002.458	-1214.162	211.7039	2.061553	0.8599886	0.47442	0.52558	1.060222
3360	-1031.935	-1243.539	211.6044	2.223613	0.8599886	0.508737	0.491263	0.9994103
3366	-1016.904	-1228.59	211.6866	2.219203	0.8353011	0.299355	0.700645	0.9481206
3372	-1025.943	-1237.457	211.5142	2.034583	0.8872081	0.585057	0.414943	1.226268
3378	-1019.902	-1231.695	211.7929	2.115023	0.8180427	0.428342	0.571658	0.9667841
3384	-1020.296	-1232.191	211.8943	2.103432	0.7433537	0.273422	0.726578	0.9667841
3390	-1035.47	-1247.847	212.3772	1.792701	0.5205907	0.379566	0.620434	1.103982
3396	-1034.869	-1246.015	211.1462	1.736554	0.403891	0.562984	0.437016	2.192892
3402	-1017.381	-1228.952	211.5712	1.774575	0.403891	0.448845	0.551155	1.885989
3408	-1034.175	-1245.772	211.5969	1.893981	0.4286536	0.364772	0.635228	1.753895
3414	-1046.446	-1257.515	211.0681	1.783076	0.684603	0.526958	0.473042	1.921082
3420	-1038.259	-1250.023	211.7637	1.888598	0.6305115	0.308517	0.691483	1.398634
3426	-1033.867	-1243.897	210.0306	1.619283	1.063574	0.520948	0.479052	2.427092
3432	-1020.844	-1231.552	210.7082	1.670483	0.9385895	0.50289	0.49711	2.037739
3438	-1009.244	-1220.404	211.1597	1.670483	0.7497414	0.569394	0.430606	1.878755
3444	-1024.741	-1235.917	211.1762	1.831731	0.4901007	0.555218	0.444782	2.009492
3450	-1029.834	-1240.493	210.6593	1.70709	0.4901007	0.502911	0.497089	2.424
3456	-1026.136	-1237.154	211.0181	1.606138	0.4024291	0.557975	0.442025	2.360357
3462	-1028.804	-1239.874	211.0705	1.626699	0.4372545	0.400262	0.599738	2.272408
3468	-1035.002	-1244.587	209.585	1.621886	0.7355369	0.285162	0.714838	2.919672
3474	-1029.734	-1239.75	210.0162	1.579958	0.5606757	0.344569	0.655431	2.830213
3480	-1030.77	-1241.186	210.4161	1.55091	0.3986195	0.424411	0.575589	2.773227
3486	-1026.675	-1236.65	209.9754	1.513882	0.4909834	0.585795	0.414205	2.962084
3492	-1021.027	-1232.205	211.1784	1.986016	0.52263	0.554327	0.445673	1.868134
3498	-1032.613	-1243.484	210.8705	1.68045	0.8111966	0.374156	0.625844	2.01689
3504	-1028.232	-1239.175	210.9427	1.899092	0.8192184	0.458153	0.541847	1.813759
3510	-1026.902	-1238.093	211.1905	1.899092	0.5766522	0.551755	0.448245	1.862124
3516	-1012.762	-1223.849	211.0872	1.870558	0.6039565	0.458233	0.541767	1.924356
3522	-1026.283	-1236.467	210.184	1.858481	0.6930591	0.529038	0.470962	2.439231
3528	-1018.359	-1230.119	211.7599	1.90278	0.3847011	0.332181	0.667819	1.691947
3534	-1026.753	-1237.733	210.9798	1.624706	0.3847011	0.558392	0.441608	2.394739
3540	-1011.138	-1222.073	210.9355	1.873763	0.4014305	0.590208	0.409792	2.243371
3546	-1033.201	-1244.423	211.2224	1.873763	0.5678391	0.441489	0.558511	1.866678
3552	-1033.069	-1243.148	210.0788	1.902673	0.8045597	0.43644	0.56356	2.3905
3558	-1030.798	-1241.735	210.9369	1.788957	0.6388741	0.31964	0.68036	2.046283
3564	-1025.084	-1235.607	210.5228	1.817808	0.4805052	0.417558	0.582442	2.45044
3570	-1035.1	-1245.634	210.534	1.767206	0.4449875	0.5897	0.4103	2.513944
3576	-1030.602	-1241.808	211.2064	1.608196	0.4385625	0.326778	0.673222	2.19522
3582	-1036.563	-1246.909	210.3468	1.698764	0.5331898	0.51526	0.48474	2.580667
3588	-1029.628	-1239.582	209.9531	1.585175	0.7509895	0.423446	0.576554	2.706434
3594	-1021.426	-1231.897	210.4714	1.564506	0.401735	0.380239	0.619761	2.727456
3600	-1030.032	-1240.118	210.0863	1.656646	0.5750125	0.326177	0.673823	2.727456
3606	-1024.517	-1234.221	209.7031	1.59097	0.5261588	0.403767	0.596233	3.044721
3612	-1023.593	-1234.566	210.9734	1.656897	0.5261588	0.558159	0.441841	2.218246
3618	-1016.762	-1228.129	211.367	1.889498	0.6017397	0.363358	0.636642	1.720654
3624	-1032.423	-1243.618	211.1949	1.85028	0.4872388	0.51599	0.48401	1.987844
3630	-1007.316	-1219.333	212.0171	1.950274	0.6163001	0.457557	0.542443	1.155818
3636	-1009.03	-1220.648	211.6187	2.176879	0.8155863	0.499946	0.500054	1.079479
3642	-1026.624	-1238.439	211.8145	2.14806	0.8276039	0.499946	0.500054	0.8957375
3648	-1033.085	-1244.569	211.4841	2.186097	0.9754781	0.603403	0.396597	1.033419
3654	-1044.25	-1255.836	211.5855	2.292124	0.8491558	0.402764	0.597236	0.961257
3660	-1025.004	-1236.952	211.9485	2.292124	0.6596443	0.677374	0.322626	0.8133394
3666	-1027.784	-1239.694	211.9105	2.335116	0.6559749	0.419087	0.580913	0.8133394
3672	-1028.377	-1240.075	211.6974	2.231124	0.736511	0.525028	0.474972	1.044122
3678	-1010.919	-1222.612	211.6927	2.222634	0.9002852	0.564603	0.435397	0.856304
3684	-1007.662	-1219.487	211.8245	2.246124	0.7365954	0.455205	0.544795	0.8971254
3690	-1018.356	-1229.788	211.4316	2.437891	0.9894431	0.516689	0.483311	0.7965174
3696	-1005.827	-1217.327	211.4996	2.437891	0.9894431	0.433613	0.566387	0.6926447
3702	-1025.477	-1236.561	211.0845	2.51628	1.415667	0.33467	0.66533	0.6145531
3708	-1030.771	-1242.584	211.8135	2.432085	0.7594692	0.269404	0.730596	0.5584716
3714	-1019.147	-1230.885	211.7384	2.437566	0.7933673	0.522389	0.477611	0.6443629
3720	-1032.136	-1243.971	211.8344	2.437566	0.7154844	0.522389	0.477611	0.6443629
3726	-1009.063	-1220.991	211.9277	2.499584	0.6030761	0.60582	0.39418	0.6390555
3732	-1004.051	-1216.34	212.2886	2.473008	0.4017187	0.655133	0.344867	0.6390555
3738	-1008.194	-1220.084	211.8906	2.202718	0.7942792	0.340683	0.659317	0.7818888
3744	-1028.719	-1240.305	211.5858	2.202718	0.9660152	0.464512	0.535488	0.9221726
3750	-1019.348	-1231.231	211.8835	2.174151	0.4403205	0.467835	0.532165	1.316452
3756	-1015.895	-1227.721	211.8263	2.227345	0.3550023	0.401595	0.598405	1.449213
3762	-1007.618	-1219.207	211.5889	1.731026	0.622485	0.34655	0.65345	1.654461
3768	-1020.025	-1231.202	211.1764	1.792815	0.6068032	0.492781	0.507219	1.913873
3774	-1013.938	-1224.909	210.9705	1.853208	0.4439917	0.421204	0.578796	2.183013
3780	-1019.747	-1230.301	210.5544	1.99284	0.5223254	0.437925	0.562075	2.275589
3786	-1015.199	-1226.26	211.0609	2.024471	0.5324459	0.241277	0.758723	1.911227
3792	-1019.154	-1230.685	211.5314	1.949967	0.3631812	0.422817	0.577183	1.848543
3798	-1012.388	-1223.733	211.3446	1.929659	0.5166394	0.460861	0.539139	1.799238
3804	-1030.252	-1242.144	211.8925	2.070559	0.558381	0.671856	0.328144	1.233086
3810	-1015.555	-1227.429	211.8738	2.070559	0.6430998	0.356702	0.643298	1.142901
3816	-1010.209	-1221.342	211.1331	1.922235	0.460028	0.540344	0.459656	2.012206
3822	-1012.149	-1223.615	211.4657	1.732115	0.5155299	0.59012	0.40988	1.853055
3828	-1028.648	-1240.059	211.4113	1.761481	0.3945799	0.356373	0.643627	2.014446
3834	-1032.323	-1242.028	209.7058	1.671207	0.9481861	0.393955	0.606045	2.668404
3840	-1034.721	-1246.286	211.5644	2.072029	0.5403258	0.661332	0.338668	1.512518
3846	-1015.533	-1226.799	211.2657	1.8192	0.9761521	0.394974	0.605026	1.518008
3852	-1019.156	-1231.168	212.0127	1.776629	0.5030607	0.417547	0.582453	1.442166
3858	-1001.968	-1213.365	211.3972	2.005322	0.9690622	0.488162	0.511838	1.275968
3864	-995.3286	-1206.77	211.4419	1.98325	0.9690622	0.435072	0.564928	1.257241
3870	-1011.387	-1222.769	211.381	1.776893	0.9690622	0.695138	0.304862	1.468563
3876	-1012.045	-1223.558	211.513	2.013923	1.096586	0.522901	0.477099	1.057615
3882	-1012.588	-1224.138	211.5502	2.013923	1.057272	0.381726	0.618274	1.057615
3888	-1033.425	-1244.942	211.517	2.073287	1.05127	0.438185	0.561815	1.038115
3894	-1006.588	-1218.325	211.7377	1.897456	0.8837576	0.537316	0.462684	1.155043
3900	-1023.04	-1234.203	211.1635	1.897456	0.9125754	0.436822	0.563178	1.584638
3906	-1018.336	-1229.859	211.5229	1.897456	0.7647216	0.474651	0.525349	1.442318
3912	-1014.745	-1226.604	211.8595	1.995705	0.7647216	0.542653	0.457347	1.080431
3918	-1016.072	-1227.604	211.5324	1.939597	1.008236	0.487664	0.512336	1.184109
3924	-1008.074	-1220.131	212.0571	1.815085	0.6216597	0.614609	0.385391	1.231132
3930	-1015.336	-1227.46	212.124	1.815085	0.6436372	0.365768	0.634232	1.146898
3936	-1021.56	-1233.073	211.5126	1.917236	1.051884	0.443329	0.556671	1.183619
3942	-1016.496	-1228.443	211.9472	1.917236	0.5480929	0.523837	0.476163	1.327047
3948	-1022.074	-1233.433	211.3592	1.917236	0.9319852	0.442339	0.557661	1.407191
3954	-1006.996	-1218.436	211.4401	2.014751	0.7738027	0.442339	0.557661	1.407191
3960	-1012.955	-1224.662	211.7066	1.940711	0.7481571	0.556026	0.443974	1.278868
3966	-1012.186	-1223.75	211.5644	1.930589	0.7213194	0.379319	0.620681	1.42649
3972	-1011.909	-1223.249	211.3391	1.842374	0.7473622	0.439901	0.560099	1.635183
3978	-1017.387	-1228.623	211.2361	1.55258	0.5021384	0.461897	0.538103	2.140758
3984	-1025.864	-1236.871	211.007	1.693407	0.5104271	0.424739	0.575261	2.189276
3990	-1024.162	-1235.369	211.2065	1.548992	0.5768779	0.359423	0.640577	2.085646
3996	-1024.309	-1234.278	209.9692	1.543188	0.8126844	0.496582	0.503418	2.676878
4002	-1020.194	-1229.922	209.7276	1.711239	0.9260575	0.469424	0.530576	2.644582
4008	-1009.56	-1220.445	210.8857	1.782434	0.8383965	0.301441	0.698559	1.917321
4014	-1013.233	-1223.848	210.615	1.656975	1.083526	0.51791	0.48209	2.013051
4020	-1009.504	-1219.919	210.4152	1.620901	0.9023254	0.569385	0.430615	2.285753
4026	-1010.083	-1220.549	210.4665	1.581612	0.4756428	0.389851	0.610149	2.637622
4032	-1029.393	-1239.594	210.201	1.532815	0.8609084	0.405659	0.594341	2.50558
4038	-1034.304	-1243.847	209.5426	1.339081	0.9165486	0.405659	0.594341	2.989555
4044	-1017.787	-1227.794	210.0064	1.592279	0.6222622	0.522441	0.477559	2.773612
4050	-1032.057	-1242.228	210.1709	1.445873	0.3695017	0.322797	0.677203	3.019799
4056	-1006.002	-1216.284	210.2817	1.748716	0.8401542	0.411306	0.588694	2.333357
4062	-1005.585	-1215.376	209.7915	1.828022	1.555178	0.421469	0.578531	2.188629
4068	-1016.806	-1227.583	210.7766	2.006379	1.437425	0.492927	0.507073	1.441405
4074	-1007.094	-1217.602	210.5081	1.914915	0.9888728	0.459701	0.540299	1.973807
4080	-1026.703	-1236.667	209.9634	1.498904	0.9571936	0.459701	0.540299	2.61002
4086	-1029.851	-1240.093	210.2418	1.623868	0.9395559	0.62753	0.37247	2.369039
4092	-1043.317	-1253.878	210.5614	1.613332	0.9395559	0.739748	0.260252	2.170824
4098	-1036.535	-1247.142	210.6071	1.912953	1.124634	0.578231	0.421769	1.819321
4104	-1006.236	-1217.222	210.9858	1.912953	1.07069	0.421137	0.578863	1.586733
4110	-1032.034	-1243.543	211.5088	2.043241	0.675389	0.383073	0.616927	1.428679
4116	-1021.397	-1233.258	211.8615	1.881169	0.5542376	0.43211	0.56789	1.415426
4122	-1016.72	-1228.34	211.6207	1.908206	0.7060878	0.483906	0.516094	1.415426
4128	-1018.811	-1230.385	211.5746	1.888949	0.6040249	0.439196	0.560804	1.56953
4134	-1006.021	-1217.712	211.6908	2.025046	0.6040249	0.330162	0.669838	1.378506
4140	-993.9535	-1205.346	211.3926	1.942081	0.91179	0.480094	0.519906	1.378506
4146	-1017.668	-1229.068	211.4	1.944624	0.809904	0.631147	0.368853	1.458864
4152	-1020.677	-1231.752	211.0754	1.882112	0.809904	0.324315	0.675685	1.740774
4158	-1031.77	-1242.755	210.9846	1.734128	0.809904	0.598869	0.401131	1.905337
4164	-1024.348	-1234.47	210.1221	1.74846	0.809904	0.560367	0.439633	2.456424
4170	-1019.726	-1230.684	210.9577	1.733526	0.7096836	0.396849	0.603151	2.006392
4176	-1029.395	-1239.566	210.1716	1.830908	0.8499607	0.53555	0.46445	2.344012
4182	-1000.477	-1211.844	211.3672	1.872223	0.5587133	0.478756	0.521244	1.777506
4188	-1016.326	-1227.886	211.5599	1.751578	0.6339394	0.544571	0.455429	1.649009
4194	-1018.178	-1228.832	210.6538	1.885293	0.922016	0.520191	0.479809	1.942302
4200	-1021.551	-1232.749	211.1978	1.835143	0.5946118	0.424806	0.575194	1.882647
4206	-1024.946	-1235.331	210.3855	1.784026	1.192855	0.331272	0.668728	2.015175
4212	-1027.779	-1238.692	210.9127	1.763572	0.7110326	0.355122	0.644878	2.015175
4218	-1030.646	-1241.178	210.5317	1.595397	0.6345808	0.355122	0.644878	2.435771
4224	-1016.12	-1226.376	210.2563	1.653553	0.5162404	0.463518	0.536482	2.681183
4230	-1034.648	-1242.062	207.4138	1.666696	1.128553	0.412808	0.587192	3.921301
4236	-1033.278	-1243.398	210.1194	1.738216	0.4819214	0.31871	0.68129	2.748051
4242	-1017.312	-1228.197	210.885	1.663503	0.5534521	0.461986	0.538014	2.243378
4248	-1024.188	-1234.62	210.432	1.715989	0.5670752	0.244238	0.755762	2.48422
4254	-1053.893	-1265.239	211.3463	2.006364	0.5245262	0.571858	0.428142	1.735681
4260	-1026.54	-1237.773	211.2327	1.714742	0.5550656	0.688956	0.311044	1.98032
4266	-1026.561	-1236.986	210.4249	1.350049	0.6172115	0.452553	0.547447	2.670001
4272	-1028.835	-1237.736	208.9004	1.228831	0.5351798	0.355845	0.644155	3.720115
4278	-1027.745	-1235.085	207.3399	1.232361	0.5351798	0.43904	0.56096	4.605346
4284	-1035.834	-1244.916	209.0826	1.311141	0.5235077	0.43904	0.56096	3.577616
4290	-1010.664	-1220.489	209.825	1.363565	0.5394471	0.497952	0.502048	3.095157
4296	-1025.618	-1235.56	209.9425	1.38277	0.4210008	0.472878	0.527122	3.134031
4302	-1016.366	-1225.338	208.9714	1.430314	0.634496	0.49561	0.50439	3.476389
4308	-1013.367	-1221.359	207.9922	1.47949	0.5002218	0.566788	0.433212	4.129285
4314	-1027.689	-1237.924	210.2351	1.626146	0.7739251	0.566788	0.433212	2.48908
4320	-1023.206	-1231.749	208.5431	1.477844	0.7739251	0.469746	0.530254	3.59274
4326	-1015.693	-1224.705	209.0118	1.528902	0.4230101	0.386912	0.613088	3.59274
4332	-1021.992	-1230.837	208.845	1.491761	0.5430689	0.617979	0.382021	3.59274
4338	-1016.768	-1226.783	210.0154	1.627356	0.4069022	0.375973	0.624027	2.960023
4344	-1019.191	-1230.038	210.8466	1.685257	0.4555447	0.488215	0.511785	2.357009
4350	-1034.495	-1245.056	210.5607	1.7464	0.4249095	0.463638	0.536362	2.533054
4356	-1037.672	-1248.985	211.3126	1.795331	0.4895671	0.586495	0.413505	1.943153
4362	-1045.292	-1256.012	210.7202	1.770133	0.4895671	0.195878	0.804122	2.346159
4368	-1023.415	-1235.257	211.8423	1.824129	0.2476799	0.530112	0.469888	1.904764
4374	-1019.478	-1230.617	211.1387	1.839491	0.4165707	0.33247	0.66753	2.115073
4380	-1018.884	-1229.985	211.1007	1.824536	0.4006396	0.60282	0.39718	2.169352
4386	-1020.443	-1230.136	209.6922	1.592524	0.4800198	0.56116	0.43884	3.095674
4392	-1017.877	-1227.074	209.1962	1.567616	0.7376581	0.470851	0.529149	3.183077
4398	-1022.537	-1233.587	211.0495	1.5398	0.7000426	0.256457	0.743543	2.082132
4404	-1008.732	-1218.116	209.3838	1.520892	0.4721107	0.647187	0.352813	3.32871
4410	-1014.504	-1224.108	209.6038	1.581199	0.715785	0.333859	0.666141	2.948006
4416	-1001.966	-1213.236	211.27	1.966194	0.5192207	0.494473	0.505527	1.822657
4422	-1002.662	-1213.301	210.6392	1.807809	0.833883	0.586496	0.413504	2.068344
4428	-1011.356	-1222.678	211.322	1.715653	0.5729343	0.416038	0.583962	1.901254
4434	-1013.588	-1224.767	211.1798	1.801198	0.6087889	0.574696	0.425304	1.903964
4440	-1016.745	-1228.139	211.3945	1.814016	0.6899065	0.408834	0.591166	1.668382
4446	-1011.665	-1223.43	211.7652	1.827791	0.7606947	0.543065	0.456935	1.310515
4452	-1022.473	-1233.659	211.1859	1.862958	0.9225872	0.27668	0.72332	1.585661
4458	-1020.229	-1231.416	211.1865	1.857862	0.6554229	0.363463	0.636537	1.815942
4464	-1026.037	-1236.699	210.6621	1.514096	0.4946015	0.52587	0.47413	2.538416
4470	-1025.576	-1235.86	210.2838	1.566194	0.5537244	0.41761	0.58239	2.681671
4476	-1019.472	-1229.588	210.1159	1.481193	1.042004	0.593451	0.406549	2.473247
4482	-1008.089	-1218.143	210.0538	1.502	1.085275	0.490797	0.509203	2.473247
4488	-1003.204	-1213.69	210.4858	1.440189	0.7417959	0.549866	0.450134	2.473247
4494	-1010.106	-1221.459	211.3529	1.782344	0.6276201	0.549866	0.450134	1.779675
4500	-1023.193	-1234.02	210.8274	1.714731	0.8151599	0.58394	0.41606	2.01973
4506	-1021.954	-1232.912	210.958	1.811049	0.8151599	0.602447	0.397553	1.86693
4512	-1005.101	-1216.795	211.6938	1.789029	0.7920941	0.534664	0.465336	1.368181
4518	-1020.432	-1232.357	211.9248	2.017675	0.4687522	0.40997	0.59003	1.368181
4524	-1014.234	-1226.055	211.8209	1.927171	0.7276634	0.368157	0.631843	1.216164
4530	-1020.847	-1232.751	211.9041	2.110913	0.689144	0.352035	0.647965	1.01924
4536	-1006.336	-1217.798	211.4623	2.264117	1.170745	0.391331	0.608669	0.7569013
4542	-1004.235	-1215.957	211.7228	2.29025	0.8959237	0.390327	0.609673	0.7301171
4548	-1012.565	-1223.955	211.3901	2.29025	1.177489	0.371914	0.628086	0.8121789
4554	-1003.484	-1214.85	211.3667	2.29025	1.244491	0.426035	0.573965	0.7648063
4560	-1009.236	-1220.933	211.6971	2.250126	0.9115386	0.426035	0.573965	0.8008261
4566	-1022.986	-1234.656	211.6704	2.250126	1.013567	0.483321	0.516679	0.6796218
4572	-1025.806	-1237.211	211.4048	2.291835	1.202061	0.540106	0.459894	0.7601781
4578	-1030.599	-1242.004	211.4048	2.205175	1.202061	0.388672	0.611328	0.8722709
4584	-1028.295	-1239.635	211.3403	2.205175	1.202061	0.472421	0.527579	0.9440936
4590	-1023.586	-1235.395	211.8088	2.250816	0.7664543	0.415131	0.584869	0.8672918
4596	-1026.741	-1238.314	211.5729	2.278959	1.022412	0.329034	0.670966	0.7755962
4602	-1030.463	-1242.163	211.6997	2.212903	0.9111346	0.610582	0.389418	0.8454822
4608	-1021.672	-1233.594	211.9225	2.094027	0.6891302	0.421188	0.578812	1.017802
4614	-1034.911	-1246.407	211.4965	1.986226	1.057215	0.477319	0.522681	1.132648
4620	-1043.554	-1254.977	211.4221	2.059452	1.103876	0.305673	0.694327	1.093689
4626	-1038.94	-1251.279	212.3388	2.018181	0.4969689	0.492256	0.507744	0.9597634
4632	-1049.602	-1260.99	211.3882	2.387107	1.152233	0.452135	0.547865	0.705582
4638	-1020.711	-1232.093	211.3813	2.490524	1.110655	0.370423	0.629577	0.566667
4644	-1036.643	-1248.437	211.794	2.366997	0.80814	0.363064	0.636936	0.6389899
4650	-1024.473	-1236.514	212.041	2.346132	0.6177686	0.389003	0.610997	0.6785749
4656	-1020.674	-1232.17	211.4953	2.410034	1.05019	0.389003	0.610997	0.6367568
4662	-1016.166	-1227.858	211.6917	2.510443	0.7838855	0.455966	0.544034	0.607551
4668	-1016.913	-1228.422	211.5089	2.6066	0.8761879	0.356967	0.643033	0.4802938
4674	-1008.038	-1219.894	211.8561	2.6066	0.5961254	0.519111	0.480889	0.4413132
4680	-1031.862	-1243.731	211.8694	2.24118	0.7208558	0.591338	0.408662	0.8741191
4686	-1012.999	-1224.228	211.229	2.24118	1.433983	0.517848	0.482152	0.812383
4692	-1013.923	-1225.524	211.6002	2.377491	0.9578293	0.412022	0.587978	0.6779685
4698	-1006.464	-1217.934	211.4704	2.44391	1.020752	0.273456	0.726544	0.6779685
4704	-1018.567	-1230.084	211.5168	2.44391	1.020752	0.273456	0.726544	0.5515414
4710	-1026.932	-1238.647	211.7142	2.566738	0.7300009	0.42909	0.57091	0.5646149
4716	-1002.463	-1213.703	211.2404	2.482637	1.281359	0.432409	0.567591	0.5646149
4722	-1002.306	-1213.161	210.8551	2.661151	1.544266	0.435192	0.564808	0.5812977
4728	-1001.565	-1212.885	211.3204	2.607769	1.059226	0.421219	0.578781	0.4900292
4734	-1015.058	-1226.224	211.1657	2.607769	1.230509	0.437855	0.562145	0.5007674
4740	-1010.635	-1222.359	211.7238	2.591811	0.7088162	0.438697	0.561303	0.5007674
4746	-1015.72	-1226.526	210.8066	2.707436	1.559028	0.461156	0.538844	0.4587842
4752	-1012.184	-1224.007	211.8229	2.494679	0.7041249	0.545719	0.454281	0.4559821
4758	-1027.032	-1238.78	211.7482	2.494679	0.7513676	0.542481	0.457519	0.6039937
4764	-1003.614	-1215.227	211.6132	2.454296	0.9183064	0.441286	0.558714	0.5404648
4770	-1015.49	-1227.143	211.6529	2.479478	0.8564377	0.468768	0.531232	0.5561555
4776	-1023.172	-1234.479	211.3074	2.580508	1.101626	0.3915	0.6085	0.4860839
4782	-1038.052	-1249.429	211.3769	2.592089	1.01395	0.393491	0.606509	0.459733
4788	-1032.016	-1243.77	211.7534	2.557564	0.7122549	0.651786	0.348214	0.4887601
4794	-1047.317	-1258.537	211.2205	2.557564	1.224576	0.568628	0.431372	0.4846766
4800	-1015.399	-1226.592	211.1931	2.557564	1.247829	0.583469	0.416531	0.566462
4806	-1022.749	-1233.962	211.2128	2.505273	1.286753	0.726973	0.273027	0.566462
4812	-1018.286	-1229.309	211.023	2.461191	1.439098	0.382169	0.617831	0.7885679
4818	-1006.528	-1217.894	211.3654	2.363495	1.191646	0.447467	0.552533	0.724627
4824	-1022.726	-1234.083	211.3571	2.225337	1.036217	0.34586	0.65414	1.059561
4830	-1019.546	-1231.444	211.8978	2.335799	0.7375949	0.585727	0.414273	0.6664192
4836	-1015.04	-1226.597	211.5569	2.521795	0.8964668	0.621553	0.378447	0.5928902
4842	-1003.541	-1215.287	211.7459	2.521795	0.729324	0.432448	0.567552	0.6116394
4848	-1012.208	-1223.882	211.6734	2.480144	0.8121479	0.432448	0.567552	0.6451603
4854	-1010.104	-1221.751	211.6467	2.440139	0.8121479	0.42212	0.57788	0.7611697
4860	-1005.12	-1216.433	211.3128	2.546515	1.117541	0.532882	0.467118	0.5895768
4866	-1020.381	-1231.668	211.2867	2.517756	1.178392	0.57981	0.42019	0.5895768
4872	-1026.303	-1237.695	211.3926	2.517756	1.072787	0.57981	0.42019	0.5518889
4878	-1014.022	-1225.911	211.8885	2.28195	0.7624733	0.570367	0.429633	0.7240379
4884	-1021.458	-1233.232	211.774	2.28195	0.8071052	0.550936	0.449064	0.8117102
4890	-1017.089	-1228.597	211.5079	2.138965	1.047081	0.543081	0.456919	0.98622
4896	-1015.777	-1227.35	211.573	2.165014	1.026636	0.373355	0.626645	0.9107809
4902	-1017.062	-1228.871	211.8085	2.111514	0.7987438	0.317971	0.682029	0.9775589
4908	-1029.135	-1240.785	211.6501	2.100396	0.9461271	0.513139	0.486861	0.9837901
4914	-1024.415	-1236.139	211.7237	2.035094	0.7609018	0.356742	0.643258	1.171384
4920	-1018.467	-1229.895	211.4281	2.083938	0.9514084	0.603407	0.396593	1.199306
4926	-1019.712	-1231.278	211.5666	2.136247	0.854958	0.438215	0.561785	1.123214
4932	-1009.752	-1221.103	211.3509	2.222818	1.121672	0.438215	0.561785	0.9892447
4938	-1026.665	-1238.677	212.012	2.093895	0.7031754	0.645148	0.354852	0.9054385
4944	-1013.173	-1225.08	211.907	2.095426	0.6767175	0.448185	0.551815	1.047329
4950	-1009.637	-1221.356	211.719	1.944058	0.600289	0.581428	0.418572	1.423752
4956	-996.4223	-1207.717	211.2944	1.854805	0.9408946	0.564363	0.435637	1.497147
4962	-1003.11	-1214.413	211.3024	1.967301	0.830839	0.468871	0.531129	1.497147
4968	-1011.771	-1223.319	211.5475	2.045508	0.830839	0.394898	0.605102	1.242145
4974	-999.643	-1211.062	211.419	2.161912	0.8323336	0.519975	0.480025	1.2508
4980	-1003.166	-1215.029	211.8621	2.158192	0.7285016	0.529495	0.470505	0.9626267
4986	-1004.333	-1216.091	211.7583	2.350524	0.7340838	0.319511	0.680489	0.8564281
4992	-1002.428	-1214.439	212.0117	2.384331	0.5643108	0.54049	0.45951	0.7885629
4998	-997.5336	-1209.057	211.5231	2.146108	1.000616	0.676169	0.323831	1.009576
5004	-1017.402	-1229.393	211.991	1.933393	0.5844902	0.514078	0.485922	1.232522
5010	-1016.776	-1228.563	211.7873	1.909413	0.5470517	0.320777	0.679223	1.459136
5016	-1018.348	-1229.789	211.441	2.028523	0.9217062	0.320777	0.679223	1.261456
5022	-1014.078	-1225.552	211.4746	2.1015	1.156467	0.472435	0.527565	0.9542908
5028	-1022.827	-1234.555	211.7284	2.091109	0.8472656	0.622674	0.377326	1.022041
5034	-1020.588	-1232.258	211.6695	2.016524	0.8297632	0.323667	0.676333	1.16362
5040	-1017.316	-1228.952	211.6352	2.018403	0.7996743	0.338962	0.661038	1.221694
5046	-1013.886	-1225.443	211.5571	2.16165	0.7458335	0.274406	0.725594	1.221694
5052	-1022.833	-1233.774	210.9407	1.947806	1.279114	0.469514	0.530486	1.456693
5058	-1017.511	-1229.416	211.9043	1.947806	0.6094009	0.556404	0.443596	1.26253
5064	-1006.833	-1218.758	211.9255	1.728512	0.5214534	0.556404	0.443596	1.521729
5070	-1021.112	-1232.47	211.3583	1.647052	0.4038642	0.402326	0.597674	2.113077
5076	-1015.932	-1226.842	210.9096	1.47823	0.826167	0.4524	0.5476	2.113077
5082	-1010.315	-1220.602	210.2864	1.512115	0.4462001	0.264654	0.735346	2.821973
5088	-1018.863	-1229.527	210.6635	1.512115	0.6313968	0.404083	0.595917	2.40799
5094	-1025.577	-1235.206	209.6292	1.597407	0.5546258	0.445079	0.554921	3.058384
5100	-1020.096	-1229.459	209.3633	1.368211	0.5026016	0.483442	0.516558	3.400302
5106	-1035.277	-1244.964	209.6872	1.390517	0.4589503	0.349821	0.650179	3.240149
5112	-1025.228	-1235.76	210.5318	1.574292	0.4077493	0.488947	0.511053	2.677351
5118	-1018.929	-1229.923	210.9931	1.898577	0.3651922	0.418938	0.581062	2.236585
5124	-1028.888	-1240.211	211.3227	1.962307	0.4037941	0.503417	0.496583	1.92728
5130	-1043.644	-1255.069	211.4246	1.803189	0.4037941	0.465705	0.534295	1.965827
5136	-1019.551	-1230.551	211	1.743038	0.7638969	0.582854	0.417146	1.926051
5142	-1025.112	-1236.224	211.1117	1.674801	0.8012289	0.486557	0.513443	1.866165
5148	-1037.104	-1248.316	211.2116	1.723834	0.9720277	0.486557	0.513443	1.630646
5154	-1025.625	-1233.89	208.2658	1.449433	0.3936777	0.521889	0.478111	4.09932
5160	-1019.187	-1230.617	211.43	1.690322	0.5482453	0.403477	0.596523	1.870644
5166	-1036.439	-1248.159	211.7197	1.845958	0.4262193	0.403477	0.596523	1.704469
5172	-1022.047	-1232.959	210.9114	2.239522	0.8281528	0.345604	0.654396	1.587344
5178	-1038.301	-1249.612	211.3105	2.379744	1.040115	0.673275	0.326725	0.9483378
5184	-1022.474	-1233.265	210.7912	2.208061	1.290229	0.657399	0.342601	1.363769
5190	-1015.81	-1227.051	211.2408	1.886093	0.9926431	0.421214	0.578786	1.473935
5196	-1009.351	-1220.654	211.3023	1.886093	1.05575	0.614285	0.385715	1.378873
5202	-1012.551	-1224.015	211.4642	1.924933	0.9847809	0.309086	0.690914	1.27386
5208	-1016.601	-1228.134	211.5337	1.76449	0.9144479	0.565469	0.434531	1.404826
5214	-1020.387	-1231.971	211.5831	1.76449	0.6807225	0.638611	0.361389	1.576603
5220	-1000.079	-1211.783	211.7041	1.882419	0.8486424	0.504999	0.495001	1.230585
5226	-1010.789	-1222.101	211.3125	1.927645	1.046902	0.684217	0.315783	1.344673
5232	-999.8078	-1211.574	211.7663	1.927645	0.8696609	0.407709	0.592291	1.116386
5238	-1010.42	-1222.447	212.0275	1.968485	0.6295237	0.343277	0.656723	1.113509
5244	-1011.631	-1223.617	211.9862	1.807839	0.6295237	0.67419	0.32581	1.286778
5250	-1028.96	-1240.916	211.9563	1.659679	0.4622149	0.586209	0.413791	1.622325
5256	-1021.197	-1232.222	211.0249	1.777594	1.121374	0.339487	0.660513	1.622325
5262	-1037.312	-1248.744	211.4319	1.916764	0.8590367	0.339487	0.660513	1.41265
5268	-1033.081	-1245.144	212.0633	1.93028	0.5455055	0.48332	0.51668	1.224083
5274	-1041.124	-1253.286	212.162	1.974628	0.4879673	0.552808	0.447192	1.181268
5280	-1025.855	-1237.507	211.6519	1.962859	0.5761955	0.444249	0.555751	1.487602
5286	-1006.702	-1217.985	211.2832	1.812087	0.5214838	0.520393	0.479607	1.91634
5292	-1012.679	-1224.7	212.0207	1.865138	0.4293306	0.509602	0.490398	1.466267
5298	-1015.659	-1226.821	211.1616	1.826891	0.5314029	0.509602	0.490398	1.977527
5304	-1016.65	-1228.293	211.643	1.826891	0.3995171	0.453606	0.546394	1.806656
5310	-1024.251	-1235.659	211.4077	1.826891	0.5595732	0.514389	0.485611	1.779971
5316	-1008.077	-1219.611	211.5337	2.106214	0.5115784	0.398568	0.601432	1.544008
5322	-1008.446	-1220.286	211.8402	1.804908	0.5115784	0.435129	0.564871	1.540193
5328	-1023.846	-1235.265	211.4198	1.833817	0.6347079	0.742941	0.257059	1.689527
5334	-1022.579	-1234.378	211.7987	1.934572	0.7363629	0.627428	0.372572	1.219478
5340	-1034.128	-1245.686	211.5577	1.843212	0.8680241	0.569959	0.430041	1.36397
5346	-1034.359	-1245.975	211.6161	1.712491	0.4113962	0.496812	0.503188	1.887975
5352	-1031.373	-1241.782	210.4087	1.558952	0.5983991	0.462865	0.537135	2.567673
5358	-1021.819	-1232.99	211.1713	1.9078	0.423446	0.495693	0.504307	2.040222
5364	-1021.774	-1232.796	211.0222	1.964712	0.48596	0.656003	0.343997	2.028057
5370	-1041.859	-1252.785	210.9263	1.641244	0.7457887	0.329898	0.670102	2.058111
5376	-1028.636	-1239.38	210.7446	1.659502	0.7118212	0.588052	0.411948	2.193096
5382	-1022.735	-1233.808	211.0732	1.663487	0.638073	0.540236	0.459764	2.03985
5388	-1028.485	-1238.368	209.8832	1.743242	0.9578631	0.511013	0.488987	2.507544
5394	-1027.061	-1238.964	211.9032	1.83456	0.4687231	0.42479	0.57521	1.524724
5400	-1040.342	-1251.034	210.6912	2.096617	0.9737271	0.534103	0.465897	1.734436
5406	-1020.218	-1231.008	210.7897	2.016547	1.142187	0.45664	0.54336	1.605865
5412	-1044.489	-1256.035	211.5467	2.096367	0.8028144	0.383464	0.616536	1.227459
5418	-1033.763	-1245.567	211.8045	1.956388	0.7382664	0.44883	0.55117	1.193819
5424	-1029.44	-1240.752	211.3115	1.723255	0.7606751	0.479728	0.520272	1.727907
5430	-1036.971	-1245.132	208.1615	2.112235	4.336484	0.491761	0.508239	2.237511
5436	-1039.742	-1248.464	208.7218	1.724822	2.474076	0.557763	0.442237	2.587569
5442	-1027.661	-1237.967	210.3065	1.472999	0.4905549	0.641716	0.358284	2.786847
5448	-1035.518	-1247.014	211.4964	1.642558	0.3249712	0.691753	0.308247	2.13174
5454	-1038.824	-1250.01	211.1865	1.638746	0.6203005	0.484615	0.515385	1.997624
5460	-1018.667	-1229.436	210.7692	1.64335	0.9640529	0.484615	0.515385	1.997624
5466	-1022.354	-1233.724	211.3701	1.630838	0.6709011	0.512274	0.487726	1.831439
5472	-1008.678	-1219.921	211.2431	1.860243	1.055143	0.364322	0.635678	1.445131
5478	-1019.553	-1230.311	210.758	1.785014	0.9241242	0.519683	0.480317	1.938162
5484	-1027.623	-1238.731	211.1078	1.849569	1.077582	0.446035	0.553965	1.53881
5490	-1021.693	-1233.059	211.3654	2.026969	0.9037061	0.50957	0.49043	1.33974
5496	-1015.979	-1227.454	211.4748	1.849017	0.9037061	0.50957	0.49043	1.393836
5502	-1027.764	-1238.794	211.0306	1.794884	0.5852719	0.498249	0.501751	2.031218
5508	-1007.734	-1219.344	211.6104	1.794884	0.4845675	0.498249	0.501751	1.744892
5514	-1008.459	-1220.12	211.6613	1.794884	0.4845675	0.548103	0.451897	1.709034
5520	-1009.118	-1220.601	211.4826	1.633374	0.7170998	0.336086	0.663914	1.709034
5526	-1030.67	-1241.904	211.2346	1.672724	0.7170998	0.697623	0.302377	1.854138
5532	-1010.409	-1221.934	211.5252	1.645528	0.4385364	0.490685	0.509315	1.960665
5538	-1029.886	-1240.755	210.869	1.681688	0.6238215	0.43378	0.56622	2.174875
5544	-1016.081	-1227.828	211.7472	1.745582	0.4187766	0.555143	0.444857	1.765387
5550	-1010.133	-1220.5	210.3667	1.745582	0.4621773	0.555143	0.444857	2.612384
5556	-1021.097	-1232.39	211.2938	2.061518	0.6343033	0.365265	0.634735	1.617002
5562	-1008.976	-1220.859	211.8831	2.061518	0.4681699	0.627687	0.372313	1.367307
5568	-1028.91	-1240.295	211.3847	1.843588	0.7692774	0.536291	0.463709	1.581673
5574	-1019.4	-1231.328	211.9277	2.110364	0.7168543	0.483843	0.516157	0.9595921
5580	-1014.122	-1226.057	211.9356	1.923534	0.6090591	0.417052	0.582948	1.257101
5586	-1031.339	-1243.267	211.9277	1.836196	0.488149	0.397174	0.602826	1.480312
5592	-1017.707	-1229.328	211.6218	1.846248	0.4799285	0.501654	0.498346	1.7062
5598	-1025.463	-1237	211.5367	1.894211	0.5193445	0.449652	0.550348	1.686304
5604	-1022.264	-1233.941	211.6779	1.928456	0.5193445	0.512715	0.487285	1.559525
5610	-1008.022	-1219.498	211.4761	1.928456	0.7005789	0.467522	0.532478	1.515208
5616	-1006.951	-1219.112	212.1609	1.872231	0.3849365	0.548931	0.451069	1.418256
5622	-1019.643	-1230.93	211.2876	1.869345	0.7967457	0.548931	0.451069	1.609647
5628	-1034.301	-1245.75	211.4494	1.922359	0.6074625	0.479834	0.520166	1.632654
5634	-1016.583	-1228.67	212.0864	2.18328	0.40066	0.289291	0.710709	1.201813
5640	-1026.437	-1237.787	211.3501	2.151955	0.6514019	0.411361	0.588639	1.491362
5646	-1006.439	-1218.116	211.6773	2.009868	0.7103288	0.557897	0.442103	1.285337
5652	-1010.247	-1221.94	211.6927	1.850164	0.2704332	0.549472	0.450528	1.948906
5658	-1007.567	-1217.974	210.4078	1.832437	0.6987541	0.498766	0.501234	2.309289
5664	-995.8431	-1207.023	211.1803	1.717153	0.5074671	0.498766	0.501234	2.063659
5670	-1014.838	-1225.469	210.6309	1.786753	0.5074671	0.435143	0.564857	2.373477
5676	-1031.561	-1242.772	211.2115	1.75281	0.2418823	0.57253	0.42747	2.373477
5682	-1019.842	-1230.348	210.5055	1.447088	0.3606533	0.335685	0.664315	2.828161
5688	-1018.22	-1228.138	209.9179	1.465593	0.4163092	0.609945	0.390055	3.104604
5694	-1029.981	-1238.881	208.9009	1.40522	0.7164251	0.450259	0.549741	3.468291
5700	-1013.863	-1225.076	211.2132	1.763713	0.4601588	0.460349	0.539651	2.064057
5706	-1020.781	-1231.255	210.4749	1.451132	0.4474206	0.564257	0.435743	2.742936
5712	-1038.901	-1248.362	209.4613	1.451132	0.6569136	0.566401	0.433599	3.157476
5718	-1028.806	-1240.009	211.203	1.566449	0.5208833	0.570282	0.429718	2.133395
5724	-1016.237	-1227.626	211.3888	1.611967	0.5208833	0.533684	0.466316	1.980562
5730	-1012.356	-1223.106	210.749	1.634495	0.7399293	0.533684	0.466316	2.18332
5736	-1034.019	-1244.379	210.36	1.870679	0.7399293	0.567425	0.432575	2.281785
5742	-1018.281	-1229.92	211.6384	2.131643	0.5792124	0.545652	0.454348	1.364535
5748	-1013.373	-1225.232	211.8589	2.172941	0.3661973	0.532573	0.467427	1.448152
5754	-1012.14	-1223.175	211.035	1.852188	0.5449756	0.453448	0.546552	2.030802
5760	-1018.183	-1229.253	211.0702	1.835016	0.2867068	0.548117	0.451883	2.33909
5766	-1019.839	-1231.106	211.2669	1.790695	0.4324271	0.428607	0.571393	2.043508
5772	-1020.457	-1232.759	212.3028	1.973353	0.295658	0.542839	0.457161	1.378667
5778	-1016.647	-1227.537	210.8903	1.971097	0.702179	0.592413	0.407587	1.898504
5784	-1015.958	-1227.756	211.798	1.888326	0.2560781	0.519852	0.480148	1.876388
5790	-1007.734	-1218.937	211.203	1.730422	0.3710555	0.570205	0.429795	2.201949
5796	-1016.567	-1228.19	211.6236	1.864629	0.4052623	0.464178	0.535822	1.786338
5802	-1014.651	-1225.676	211.025	1.837465	0.3858769	0.448945	0.551055	2.228618
5808	-1003.504	-1215.035	211.5315	2.115631	0.4893701	0.448945	0.551055	1.565718
5814	-1015.804	-1227.813	212.0087	2.340618	0.4340155	0.448012	0.551988	1.075025
5820	-1015.138	-1227.124	211.9862	2.312133	0.3074491	0.640584	0.359416	1.339438
5826	-1019.148	-1230.925	211.7766	2.312133	0.4823258	0.363196	0.636804	1.230337
5832	-1013.274	-1225.099	211.8252	2.048987	0.7481922	0.497671	0.502329	1.081691
5838	-1030.669	-1242.117	211.4477	1.884705	0.4953667	0.415945	0.584055	1.783113
5844	-1027.59	-1238.193	210.603	1.731882	0.6544955	0.344524	0.655476	2.286533
5850	-1031.843	-1242.924	211.0816	1.731882	0.489184	0.49016	0.50984	2.138602
5856	-1017.867	-1229.088	211.2213	1.731882	0.4107631	0.596537	0.403463	2.138602
5862	-1000.477	-1211.042	210.5649	1.668151	0.4107631	0.459044	0.540956	2.59547
5868	-1007.979	-1218.464	210.4844	1.603485	0.5669766	0.367138	0.632862	2.521854
5874	-1012.526	-1222.478	209.952	1.504901	0.6942489	0.372215	0.627785	2.800288
5880	-1014.403	-1225.435	211.0321	1.637749	0.4756556	0.481542	0.518458	2.246535
5886	-1011.752	-1221.828	210.0761	1.605848	0.4703956	0.601513	0.398487	2.866895
5892	-1012.686	-1222.631	209.9451	1.572868	0.6067039	0.678453	0.321547	2.836246
5898	-1017.956	-1228.723	210.7668	1.652158	0.6067039	0.529563	0.470437	2.275619
5904	-1013.43	-1224.466	211.0363	1.755977	0.6205265	0.423481	0.576519	2.019314
5910	-1023.141	-1233.886	210.7452	1.652792	0.6571539	0.61378	0.38622	2.243669
5916	-1025.965	-1237.145	211.1802	1.7004	0.8167268	0.315923	0.684077	1.788901
5922	-1023.44	-1235.356	211.9166	1.724212	0.6588309	0.657583	0.342417	1.377088
5928	-1040.154	-1251.781	211.6268	1.882148	0.77182	0.376972	0.623028	1.366764
5934	-1014.227	-1225.847	211.6205	1.883149	0.7549127	0.376972	0.623028	1.387158
5940	-1021.53	-1233.233	211.7027	1.959178	0.7549127	0.334128	0.665872	1.259951
5946	-1022.102	-1234.117	212.0147	1.864566	0.59288	0.40246	0.59754	1.259951
5952	-1024.367	-1235.871	211.5037	1.940709	0.9225368	0.59652	0.40348	1.281446
5958	-1014.609	-1226.431	211.823	1.925378	0.7657685	0.524372	0.475628	1.175298
5964	-1018.759	-1230.52	211.7611	1.955275	0.8034905	0.488916	0.511084	1.163807
5970	-1023.646	-1235.329	211.6833	1.861624	0.9121913	0.64938	0.35062	1.206603
5976	-1021.12	-1232.339	211.2186	1.849216	0.9949946	0.304984	0.695016	1.516567
5982	-1033.634	-1245.398	211.7633	1.907367	0.6892346	0.269719	0.730281	1.321012
5988	-1033.277	-1243.094	209.817	1.670208	0.8922323	0.502441	0.497559	2.637147
5994	-1029.666	-1240.323	210.6572	1.686385	0.9185702	0.48171	0.51829	2.074917
6000	-1020.492	-1231.441	210.9487	1.652654	0.5591627	0.299475	0.700525	2.203626
6006	-1017.899	-1229.363	211.4644	1.725736	0.5145697	0.53898	0.46102	1.859394
6012	-1016.933	-1227.814	210.8813	1.699375	0.9286777	0.538094	0.461906	1.909461
6018	-1029.915	-1240.702	210.7875	1.781015	1.003524	0.444436	0.555564	1.865488
6024	-1026.576	-1237.883	211.3064	1.794045	0.9595536	0.531608	0.468392	1.519102
6030	-1029.735	-1239.139	209.4038	1.573462	0.5909097	0.392865	0.607135	3.174377
6036	-1011.56	-1220.487	208.9271	1.621616	0.8817845	0.392865	0.607135	3.210504
6042	-1009.794	-1219.583	209.7885	1.464782	0.4753444	0.305961	0.694039	3.119132
6048	-1028.899	-1237.208	208.3086	1.609402	0.7338898	0.541878	0.458122	3.68103
6054	-1010.354	-1220.751	210.3972	1.605829	0.4903549	0.418615	0.581385	2.650087
6060	-1013.819	-1224.222	210.4027	1.539943	0.3825636	0.451697	0.548303	2.807251
6066	-1007.078	-1218.149	211.0709	2.044321	0.4530189	0.451697	0.548303	1.980536
6072	-1015.432	-1226.645	211.2121	2.219235	0.5440832	0.353683	0.646317	1.658014
6078	-1019.131	-1231.312	212.1808	2.236782	0.3202168	0.608517	0.391483	1.21775
6084	-1014.17	-1226.024	211.8537	2.292681	0.3410601	0.327062	0.672938	1.400452
6090	-1027.499	-1239.112	211.6123	2.081601	0.5795569	0.520943	0.479057	1.423474
6096	-1013.652	-1224.807	211.1551	1.885444	0.6012875	0.530943	0.469057	1.870778
6102	-1040.175	-1251.051	210.8763	2.164896	0.6993655	0.637335	0.362665	1.777506
6108	-1028.215	-1239.654	211.4387	1.968601	0.4654771	0.515683	0.484317	1.766307
6114	-1018.454	-1230.09	211.6362	2.009615	0.4225877	0.32408	0.67592	1.652157
6120	-1039.267	-1250.753	211.4868	2.004002	0.5570424	0.4866	0.5134	1.600688
6126	-1034.356	-1246.012	211.6559	2.016808	0.8514305	0.690372	0.309628	1.153599
6132	-1025.387	-1236.493	211.1061	1.934225	0.8514305	0.5785	0.4215	1.648234
6138	-1021.508	-1233.155	211.6469	2.160029	0.5969781	0.667519	0.332481	1.31418
6144	-1036.037	-1247.217	211.18	1.756121	0.3555763	0.287547	0.712453	2.220772
6150	-1032.616	-1243.991	211.3751	2.004502	0.9762187	0.545537	0.454463	1.288796
6156	-1027.997	-1240.067	212.0702	1.935076	0.5201753	0.354693	0.645307	1.247931
6162	-1019.052	-1230.563	211.511	2.052375	0.9700495	0.449559	0.550441	1.137676
6168	-1022.622	-1234.176	211.5539	1.766703	0.8022912	0.437433	0.562567	1.483816
6174	-1027.378	-1237.984	210.6067	1.660912	0.7616956	0.442921	0.557079	2.240831
6180	-1023.837	-1234.66	210.8224	1.660912	0.8591643	0.51379	0.48621	2.025419
6186	-1016.454	-1227.478	211.0247	1.674302	0.7548119	0.399943	0.600057	1.963214
6192	-1026.103	-1236.89	210.7876	1.85372	1.053175	0.387579	0.612421	1.781774
6198	-1020.036	-1231.015	210.9791	2.016715	0.9669844	0.362759	0.637241	1.590573
6204	-1031.56	-1242.604	211.0438	1.827951	0.8496272	0.457389	0.542611	1.768836
6210	-1007.425	-1218.835	211.4098	1.722834	0.80292	0.568597	0.431403	1.621938
6216	-1028.107	-1239.195	211.0878	1.902297	0.7919801	0.662345	0.337655	1.732741
6222	-1016.91	-1228.692	211.7823	2.152469	0.6042792	0.436402	0.563598	1.199113
6228	-1021.349	-1232.416	211.067	2.152469	1.22206	0.436402	0.563598	1.231185
6234	-1014.146	-1225.766	211.6201	2.152469	0.7709452	0.450777	0.549223	1.148538
6240	-1024.438	-1235.693	211.2545	1.973855	0.9139811	0.633125	0.366875	1.458825
6246	-1027.302	-1238.284	210.9818	1.711036	0.4545184	0.559249	0.440751	2.255353
6252	-1024.76	-1234.966	210.2052	1.584546	0.5770138	0.342067	0.657933	2.696981
6258	-1024.68	-1234.474	209.794	1.510677	0.6922795	0.522009	0.477991	2.894147
6264	-1031.161	-1241.639	210.478	1.539224	0.7315787	0.390555	0.609445	2.424018
6270	-1024.379	-1235.607	211.2277	1.830246	0.5186675	0.621268	0.378732	1.944567
6276	-1013.336	-1224.691	211.3555	1.953974	0.6260517	0.50709	0.49291	1.658344
6282	-1014.467	-1226.221	211.7541	1.88172	0.6662532	0.568468	0.431532	1.373047
6288	-1011.041	-1222.75	211.709	1.940255	0.6662532	0.524387	0.475613	1.362459
6294	-1014.399	-1225.837	211.4374	1.936128	0.9968437	0.460814	0.539186	1.276683
6300	-1013.987	-1224.661	210.6741	2.051356	0.9968437	0.407658	0.592342	1.76175
6306	-1024.841	-1235.292	210.4508	1.737304	0.6881955	0.482109	0.517891	2.351236
6312	-1002.56	-1212.325	209.7651	1.486809	0.6881955	0.424798	0.575202	2.929258
6318	-1012.338	-1222.038	209.7002	1.317643	0.6011374	0.464467	0.535533	3.14144
6324	-1013.299	-1223.105	209.8067	1.662009	0.6011374	0.464467	0.535533	2.870958
6330	-1007.819	-1218.902	211.0835	1.662009	0.6125025	0.603585	0.396415	2.057885
6336	-1020.184	-1230.523	210.3384	1.662009	0.6894028	0.679198	0.320802	2.468653
6342	-1018.02	-1227.84	209.8196	1.496262	0.7833507	0.457362	0.542638	2.818201
6348	-1023.723	-1233.11	209.3872	1.482767	0.9681025	0.466029	0.533971	2.964165
6354	-1010.268	-1220.61	210.3412	1.49852	0.4893279	0.339829	0.660171	2.75132
6360	-1010.18	-1220.651	210.4718	1.66348	0.5870812	0.453172	0.546828	2.473452
6366	-1005.366	-1214.138	208.7725	1.456217	0.9215615	0.406752	0.593248	3.373791
6372	-1032.133	-1242.502	210.3684	1.707554	0.9827886	0.444056	0.555944	2.205976
6378	-1017.867	-1229.201	211.3338	1.785614	0.6876687	0.536094	0.463906	1.733585
6384	-1014.219	-1225.109	210.8892	1.730854	0.6272408	0.358923	0.641077	2.126559
6390	-1017.828	-1228.293	210.4648	1.711861	0.7688162	0.404379	0.595621	2.293552
6396	-1021.829	-1231.27	209.4412	1.884765	1.520975	0.347632	0.652368	2.392179
6402	-1020.996	-1232.275	211.2796	1.907406	0.6994182	0.489943	0.510057	1.674837
6408	-1019.299	-1230.142	210.8434	1.907406	0.7855779	0.288014	0.711986	1.903119
6414	-1009.363	-1220.262	210.8986	1.763605	0.813244	0.449929	0.550071	1.940916
6420	-1003.703	-1214.941	211.2374	1.760236	0.6478076	0.360643	0.639357	1.855214
6426	-1020.446	-1231.675	211.2283	1.838866	1.226795	0.548147	0.451853	1.352187
6432	-1005.931	-1217.024	211.0935	2.164202	1.13421	0.346922	0.653078	1.264112
6438	-1011.247	-1222.675	211.4277	2.164202	0.7935433	0.393989	0.606011	1.279178
6444	-997.9856	-1209.533	211.5477	2.052534	0.6086518	0.473092	0.526908	1.462544
6450	-1003.038	-1214.503	211.4653	2.167857	0.8831191	0.442006	0.557994	1.157413
6456	-1001.155	-1212.525	211.37	2.210753	0.8738812	0.480762	0.519238	1.211551
6462	-1012.379	-1224.155	211.7753	2.124172	0.8405906	0.498803	0.501197	0.9484672
6468	-1012.602	-1224.49	211.8878	1.879459	0.775126	0.411583	0.588417	1.148734
6474	-1019.237	-1230.269	211.0326	1.794541	0.8179262	0.411583	0.588417	1.824867
6480	-1005.928	-1217.401	211.473	1.957404	0.8867832	0.472101	0.527899	1.324077
6486	-1019.727	-1231.256	211.5286	1.845019	0.8692383	0.472101	0.527899	1.384353
6492	-1018.046	-1229.545	211.4987	1.829787	0.9173765	0.66057	0.33943	1.37867
6498	-1014.521	-1225.981	211.4595	1.933397	0.8582913	0.595733	0.404267	1.378818
6504	-1014.824	-1225.358	210.5334	2.061937	1.781915	0.417527	0.582473	1.400902
6510	-1003.289	-1214.566	211.2768	1.797201	0.7531388	0.359197	0.640803	1.70673
6516	-1022.097	-1233.174	211.0761	1.708063	0.9089179	0.482231	0.517769	1.784336
6522	-1013.792	-1225.749	211.9568	2.130974	0.5445842	0.311975	0.688025	1.143787
6528	-1007.944	-1219.92	211.976	2.026356	0.6424956	0.473097	0.526903	1.091086
6534	-1007.076	-1217.557	210.4809	1.757972	0.4465459	0.478361	0.521639	2.551005
6540	-1016.657	-1226.616	209.959	1.718482	0.4465459	0.478361	0.521639	2.894968
6546	-1024.149	-1234.421	210.2729	1.73892	0.4302388	0.464442	0.535558	2.709456
6552	-1024.442	-1235.334	210.8927	1.855573	0.5258349	0.502708	0.497292	2.142056
6558	-1033.386	-1243.893	210.5069	1.855573	0.6952642	0.406031	0.593969	2.233798
6564	-1027.868	-1239.583	211.7148	1.854904	0.5241948	0.555551	0.444449	1.580635
6570	-1013.441	-1224.976	211.535	2.070366	0.5293886	0.591616	0.408384	1.548365
6576	-1023.705	-1234.665	210.9598	1.966303	0.5430853	0.423751	0.576249	2.006899
6582	-1015.713	-1227.304	211.5902	1.966303	0.4001465	0.423751	0.576249	1.745541
6588	-1018.269	-1229.833	211.5644	2.265024	0.5109824	0.423751	0.576249	1.401209
6594	-1020.259	-1232.133	211.8731	2.272183	0.4965297	0.41504	0.58496	1.161212
6600	-1018.989	-1230.682	211.6932	2.28726	0.5904817	0.503824	0.496176	1.177081
6606	-1020.762	-1231.979	211.2172	2.143274	0.549459	0.619499	0.380501	1.702521
6612	-1014.469	-1226.286	211.8171	2.218516	0.558243	0.619499	0.380501	1.171163
6618	-1030.204	-1241.878	211.6743	2.207565	0.7055647	0.521859	0.478141	1.12407
6624	-1025.7	-1237.27	211.5699	2.238854	0.5647779	0.559425	0.440575	1.351023
6630	-1011.417	-1222.853	211.4358	2.238854	0.6582028	0.497278	0.502722	1.351023
6636	-1017.711	-1229.214	211.5023	2.209888	0.6582028	0.311861	0.688139	1.321044
6642	-1009.303	-1220.764	211.461	2.221985	0.7230003	0.560267	0.439733	1.275523
6648	-1010.963	-1222.2	211.2372	1.981177	0.9860701	0.453831	0.546169	1.408928
6654	-1007.587	-1218.516	210.9282	1.956954	0.9860701	0.591909	0.408091	1.656507
6660	-1015.916	-1227.112	211.1958	1.832881	0.5871461	0.66844	0.33156	1.892967
6666	-1006.525	-1217.081	210.5563	1.712068	0.5818927	0.442517	0.557483	2.394543
6672	-1008.429	-1218.829	210.4005	1.716543	0.6110048	0.539482	0.460518	2.463072
6678	-1002.693	-1214.104	211.4113	1.883022	0.4014585	0.451305	0.548695	1.924038
6684	-1014.607	-1226.356	211.7486	2.093123	0.4585241	0.430459	0.569541	1.459906
6690	-1008.944	-1220.338	211.3939	2.155248	0.4585241	0.631749	0.368251	1.674918
6696	-1027.157	-1238.34	211.183	2.104928	0.6248818	0.348859	0.651141	1.674918
6702	-1028.874	-1240.515	211.6405	2.152115	0.5586941	0.549773	0.450227	1.371161
6708	-1022.582	-1232.953	210.3712	1.960147	0.7886311	0.466364	0.533636	2.178621
6714	-1020.844	-1232.228	211.3838	2.027063	0.547887	0.466364	0.533636	1.668453
6720	-1021.298	-1232.412	211.1134	2.027063	0.6585071	0.466364	0.533636	1.746185
6726	-1032.181	-1243.83	211.6485	2.190308	0.5312659	0.513805	0.486195	1.368345
6732	-1031.129	-1242.629	211.4992	2.157502	0.6553154	0.340542	0.659458	1.368345
6738	-1025.278	-1236.582	211.3046	2.308609	0.637862	0.462117	0.537883	1.420944
6744	-1037.391	-1249.236	211.8455	2.214976	0.3760654	0.492485	0.507515	1.410769
6750	-1025.737	-1237.256	211.5183	2.16549	0.5305163	0.621737	0.378263	1.488591
6756	-1017.296	-1228.419	211.1229	1.881941	0.4721701	0.59686	0.40314	2.031774
6762	-1021.421	-1232.057	210.6354	1.847355	0.81286	0.433179	0.566821	2.060795
6768	-1014.701	-1224.976	210.2753	1.847355	0.6530455	0.319629	0.680371	2.422478
6774	-1014.249	-1224.208	209.9591	1.882779	0.8886454	0.329728	0.670272	2.4185
6780	-1017.905	-1228.409	210.5043	1.822407	0.9176555	0.422386	0.577614	2.086647
6786	-1012.729	-1223.973	211.2438	1.818444	0.4478057	0.413082	0.586918	2.022029
6792	-1008.22	-1218.876	210.6552	1.917094	0.9288852	0.361327	0.638673	1.914961
6798	-1011.469	-1223.097	211.6276	2.114618	0.3922206	0.422025	0.577975	1.624435
6804	-1014.184	-1226.247	212.0636	2.052515	0.3121818	0.430072	0.569928	1.472562
6810	-1014.166	-1225.846	211.6796	2.195078	0.4308392	0.430072	0.569928	1.472562
6816	-1006.46	-1217.894	211.4344	2.190838	0.5445275	0.430072	0.569928	1.515978
6822	-1027.808	-1239.592	211.7838	2.187209	0.4534911	0.430072	0.569928	1.366777
6828	-1016.792	-1228.28	211.4877	2.316207	0.3292071	0.264623	0.735377	1.673671
6834	-1018.534	-1230.4	211.8661	2.139163	0.5536001	0.431009	0.568991	1.203543
6840	-1041.098	-1252.198	211.0999	2.031505	0.7053932	0.548963	0.451037	1.708839
6846	-1035.029	-1246.466	211.4367	1.835978	0.4495515	0.443134	0.556866	1.878365
6852	-1016.23	-1227.364	211.1341	1.960539	0.4399886	0.620008	0.379992	2.009785
6858	-1007.612	-1218.925	211.3135	1.876728	0.4235599	0.401239	0.598761	1.96599
6864	-1017.555	-1227.624	210.0698	1.869682	0.698584	0.402837	0.597163	2.499275
6870	-1004.532	-1216.209	211.6776	1.810625	0.3722204	0.412705	0.587295	1.83121
6876	-1009.996	-1221.578	211.582	1.815336	0.4189974	0.41931	0.58069	1.83121
6882	-1000.166	-1211.855	211.6892	1.825469	0.5449691	0.41931	0.58069	1.596893
6888	-1005.118	-1216.415	211.2976	1.973554	1.070716	0.41625	0.58375	1.301455
6894	-1012.663	-1224.248	211.5857	1.973554	1.070716	0.570981	0.429019	1.050104
6900	-1018.138	-1230.256	212.1183	2.046233	0.5823659	0.403601	0.596399	1.018856
6906	-1014.667	-1226.355	211.6884	1.831637	0.6904164	0.403601	0.596399	1.43796
6912	-1028.446	-1240.351	211.9051	1.873726	0.6904164	0.462354	0.537646	1.230816
6918	-1029.121	-1241.54	212.4186	1.909562	0.4325476	0.456046	0.543954	1.097078
6924	-1016.866	-1227.027	210.1609	1.368677	0.4934102	0.562591	0.437409	2.935379
6930	-1034.059	-1244.253	210.1948	1.43875	0.3848272	0.57387	0.42613	2.991287
6936	-1028.745	-1239.348	210.6026	1.528755	0.4694866	0.459362	0.540638	2.592699
6942	-1034.863	-1243.96	209.0972	1.374018	0.6370826	0.279929	0.720071	3.433623
6948	-1025.08	-1234.514	209.4338	1.55063	0.6370826	0.50071	0.49929	3.130866
6954	-1013.465	-1224.379	210.9135	1.607027	0.265081	0.438103	0.561897	2.613466
6960	-1011.353	-1222.025	210.672	1.595069	0.4452367	0.481905	0.518095	2.534953
6966	-1021.028	-1232.573	211.5449	1.928355	0.3645254	0.546391	0.453609	1.852242
6972	-1025.399	-1237.639	212.2394	1.928355	0.2504264	0.546391	0.453609	1.546263
6978	-1028.12	-1239.45	211.3307	1.807922	0.4525173	0.602051	0.397949	1.965406
6984	-1037.254	-1248.545	211.2911	1.823023	0.823854	0.546114	0.453886	1.617704
6990	-1029.839	-1241.901	212.0613	1.925257	0.4102685	0.568751	0.431249	1.416359
6996	-1023.939	-1236.043	212.1046	1.985171	0.2977172	0.48533	0.51467	1.517368
7002	-1021.163	-1232.744	211.5803	1.841185	0.3738331	0.584677	0.415323	1.874666
7008	-1027.717	-1239.226	211.509	1.897744	0.3811725	0.332675	0.667325	1.874666
7014	-1026.366	-1238.097	211.7304	2.011247	0.4678449	0.569904	0.430096	1.522963
7020	-1035.583	-1247.127	211.5441	2.054905	0.4906916	0.645274	0.354726	1.599296
7026	-1012.751	-1224.294	211.5436	1.969979	0.4906916	0.373687	0.626313	1.66091
7032	-1037.356	-1248.484	211.1289	2.070027	0.9978653	0.365251	0.634749	1.414825
7038	-1029.824	-1241.644	211.8206	1.973866	0.5217782	0.451374	0.548626	1.414825
7044	-1032.158	-1243.873	211.7157	1.967625	0.3477988	0.325899	0.674101	1.730685
7050	-1026.695	-1238.095	211.4003	1.91655	0.5423046	0.430824	0.569176	1.74115
7056	-1017.537	-1229.129	211.5923	2.018264	0.5423046	0.419722	0.580278	1.529457
7062	-1026.067	-1237.886	211.8188	2.355174	0.5553658	0.34911	0.65089	1.049185
7068	-1042.973	-1254.652	211.6794	2.355174	0.8012004	0.386825	0.613175	0.8473732
7074	-1036.603	-1247.95	211.347	2.270466	0.8133073	0.445843	0.554157	1.238647
7080	-1041.641	-1252.807	211.1665	2.626764	1.20645	0.270027	0.729973	0.5221165
7086	-1038.223	-1249.31	211.0868	2.706352	1.20645	0.384213	0.615787	0.5232949
7092	-1027.241	-1239.203	211.9622	2.159977	0.7616566	0.369896	0.630104	0.7961945
7098	-1020.14	-1231.832	211.6919	2.159977	1.030498	0.533367	0.466633	0.7643761
7104	-1005.029	-1216.614	211.5856	2.323753	1.049858	0.383908	0.616092	0.6278467
7110	-1017.182	-1228.519	211.3369	2.323753	1.207975	0.656388	0.343612	0.8029926
7116	-1013.047	-1224.578	211.5317	2.21302	1.100507	0.433041	0.566959	0.8191579
7122	-1013.702	-1224.975	211.2735	2.217941	1.172205	0.468283	0.531717	1.0256
7128	-1002.8	-1214.479	211.6793	2.190158	0.8008622	0.479618	0.520382	1.0256
7134	-1005.832	-1217.298	211.4658	2.162828	1.271122	0.533425	0.466575	0.7733596
7140	-1011.845	-1223.151	211.3052	2.381405	1.271122	0.376255	0.623745	0.6801515
7146	-1029.632	-1240.861	211.2299	2.498136	1.222167	0.634631	0.365369	0.6801515
7152	-1026.234	-1237.379	211.1447	2.417826	1.435366	0.442671	0.557329	0.6673442
7158	-1022.842	-1234.623	211.7812	2.417826	0.7628347	0.561824	0.438176	0.672899
7164	-1022.931	-1234.338	211.4065	2.354062	1.210423	0.413582	0.586418	0.6331709
7170	-1021.84	-1233.108	211.2684	2.522115	1.210423	0.496957	0.503043	0.5104749
7176	-1024.703	-1235.787	211.0842	2.658952	1.266152	0.604893	0.395107	0.5104749
7182	-1036.529	-1247.494	210.9644	2.582275	1.490832	0.447001	0.552999	0.6078442
7188	-1032.634	-1243.613	210.9791	2.582275	1.490832	0.478341	0.521659	0.5552957
7194	-1027.369	-1238.702	211.3325	2.613303	1.039272	0.422578	0.577422	0.5301255
7200	-1029.229	-1240.317	211.0879	2.56988	1.368102	0.461312	0.538688	0.5382985
7206	-1027.242	-1238.326	211.0836	2.56988	1.368102	0.591568	0.408432	0.5620381
7212	-1017.705	-1229.069	211.3638	2.56988	1.04125	0.249429	0.750571	0.5814981
7218	-1022.416	-1233.553	211.1373	2.56988	1.309087	0.437764	0.562236	0.4809569
7224	-1019.201	-1230.969	211.7684	2.395217	0.8262365	0.437764	0.562236	0.5701512
7230	-1009.005	-1220.697	211.6912	2.395217	0.8996592	0.542312	0.457688	0.5472382
7236	-1017.685	-1229.426	211.7414	2.39025	0.852216	0.431825	0.568175	0.5793624
7242	-1007.732	-1219.143	211.4104	2.205976	1.139806	0.568935	0.431065	0.9272623
7248	-1000.195	-1211.85	211.6553	2.172097	0.9242071	0.442189	0.557811	0.9272623
7254	-1009.051	-1220.188	211.1366	2.261659	1.40061	0.442189	0.557811	0.9272623
7260	-1021.526	-1232.837	211.3106	2.316996	1.345066	0.579699	0.420301	0.6776831
7266	-1022.928	-1234.484	211.556	2.50584	0.8945617	0.396405	0.603595	0.6427603
7272	-1017.496	-1229.098	211.601	2.380122	0.9047165	0.508115	0.491885	0.7640047
7278	-1022.675	-1234.236	211.5614	2.1279	1.04681	0.477306	0.522694	0.942435
7284	-1014.267	-1225.602	211.3344	1.908113	1.005624	0.527305	0.472695	1.374789
7290	-1025.654	-1235.611	209.9575	1.841642	1.702187	0.653127	0.346873	2.004117
7296	-1031.368	-1242.777	211.4091	1.86102	0.8327653	0.495723	0.504277	1.495229
7302	-1039.885	-1250.601	210.7153	2.041571	0.7224862	0.495723	0.504277	1.951511
7308	-1033.705	-1245.002	211.2972	1.887407	0.3737497	0.351977	0.648023	2.033938
7314	-1036.842	-1248.356	211.5143	2.052098	0.5566474	0.597081	0.402919	1.545728
7320	-1025.049	-1236.688	211.639	2.229338	0.7170819	0.477463	0.522537	1.122855
7326	-1038.154	-1249.594	211.4399	2.223384	0.5550117	0.367448	0.632552	1.475186
7332	-1026.125	-1237.198	211.0733	1.810848	0.9410585	0.376694	0.623306	1.690212
7338	-1026.604	-1237.518	210.9148	2.032875	1.010529	0.610456	0.389544	1.593652
7344	-1025.061	-1236.77	211.7086	1.881418	0.5541316	0.337224	0.662776	1.531113
7350	-1015.637	-1226.842	211.2053	1.844813	0.399226	0.473202	0.526798	2.089582
7356	-1022.924	-1233.633	210.7096	1.725027	0.5437136	0.352152	0.647848	2.325947
7362	-1013.797	-1224.018	210.2208	1.494263	0.2559642	0.564281	0.435719	3.115717
7368	-1022.163	-1231.857	209.6942	1.298552	0.386397	0.50168	0.49832	3.369664
7374	-1038.455	-1247.741	209.2854	1.419363	0.6120864	0.571346	0.428654	3.317294
7380	-1039.591	-1249.495	209.9034	1.390587	0.5173112	0.412976	0.587024	3.053245
7386	-1038.92	-1248.658	209.738	1.592605	0.4696474	0.618184	0.381816	3.078874
7392	-1039.814	-1249.927	210.1131	1.54198	0.489152	0.642293	0.357707	2.863825
7398	-1037.992	-1249.733	211.7403	1.851794	0.489152	0.375869	0.624131	1.606195
7404	-1037.45	-1248.637	211.1877	1.851794	0.5293461	0.592641	0.407359	1.94553
7410	-1043.81	-1255.615	211.8047	1.714659	0.7021209	0.46025	0.53975	1.426723
7416	-1054.011	-1265.077	211.0662	1.878476	1.258725	0.412837	0.587163	1.426723
7422	-1024.744	-1235.706	210.9625	1.975483	1.428075	0.39587	0.60413	1.325551
7428	-1010.7	-1221.092	210.3919	1.885023	1.85172	0.521578	0.478422	1.606504
7434	-1011.896	-1223.435	211.5395	1.762868	0.9213552	0.548816	0.451184	1.395801
7440	-1019.74	-1230.746	211.0063	2.021402	1.656329	0.333243	0.666757	1.109733
7446	-1014.218	-1225.752	211.534	1.994788	1.034769	0.513472	0.486528	1.110603
7452	-1024.397	-1235.977	211.5805	2.095005	0.8956644	0.469912	0.530088	1.107228
7458	-1005.576	-1217.526	211.9492	2.005959	0.7924926	0.469912	0.530088	0.9487046
7464	-1019.355	-1231.428	212.0737	1.936541	0.7511675	0.571703	0.428297	0.9434355
7470	-1026.752	-1238.572	211.8201	2.115071	0.8447887	0.585867	0.414133	0.9045608
7476	-1021.868	-1233.624	211.7559	2.013717	0.8447887	0.45158	0.54842	1.072454
7482	-1017.689	-1229.527	211.8378	2.145966	0.8447887	0.39484	0.60516	0.8478659
7488	-1011.273	-1222.952	211.6787	2.130779	1.049471	0.534252	0.465748	0.7977203
7494	-1013.334	-1224.961	211.627	2.247399	1.049471	0.549587	0.450413	0.6996763
7500	-1017.641	-1229.227	211.5861	2.247399	1.116056	0.447238	0.552762	0.6581895
7506	-1028.739	-1240.198	211.4594	2.215988	1.223255	0.34706	0.65294	0.764395
7512	-1027.555	-1239.074	211.5195	2.215988	1.223255	0.500474	0.499526	0.6638227
7518	-1010.36	-1222.397	212.0364	2.275282	0.6780942	0.517623	0.482377	0.6638227
7524	-998.4436	-1210.408	211.9649	2.305231	0.7210134	0.506573	0.493427	0.6325158
7530	-1002.961	-1215.027	212.0659	2.185252	0.7080079	0.469394	0.530606	0.7035598
7536	-1015.13	-1226.766	211.6356	2.191073	1.051865	0.490984	0.509016	0.7707666
7542	-1011.811	-1223.414	211.603	2.152907	1.051865	0.446841	0.553159	0.8622344
7548	-1027.191	-1238.332	211.141	2.152907	1.23976	0.671211	0.328789	1.154097
7554	-1021.46	-1233.304	211.8438	1.998492	0.7869858	0.494666	0.505334	1.06733
7560	-1010.202	-1221.951	211.7486	2.083968	0.7869858	0.387574	0.612426	1.076451
7566	-1018.156	-1229.849	211.6924	1.95224	0.9649561	0.610476	0.389524	1.068085
7572	-1016.187	-1228.207	212.0202	1.98073	0.6436612	0.537276	0.462724	1.090946
7578	-1013.948	-1224.967	211.0195	1.800087	0.5291648	0.558789	0.441211	2.091877
7584	-1018.749	-1229.74	210.9902	1.778103	0.4270182	0.248307	0.751693	2.238712
7590	-1012.293	-1223.808	211.5148	1.804605	0.4541537	0.502587	0.497413	1.840869
7596	-1020.514	-1231.369	210.8549	1.743423	1.328705	0.408162	0.591838	1.641072
7602	-1025.467	-1236.66	211.1929	1.82385	1.425122	0.575835	0.424165	1.263174
7608	-1007.467	-1219.069	211.6022	1.936759	0.8563165	0.620191	0.379809	1.263094
7614	-1011.49	-1222.238	210.7477	1.715041	0.5940203	0.519384	0.480616	2.259376
7620	-1016.625	-1227.093	210.4684	1.500813	0.5940203	0.490258	0.509742	2.570672
7626	-1026.911	-1237.822	210.9108	1.57706	0.4692318	0.412486	0.587514	2.369743
7632	-1019.025	-1230.098	211.0732	1.571317	0.4900397	0.547691	0.452309	2.24714
7638	-1009.416	-1220.978	211.5628	2.067743	0.3826005	0.47797	0.52203	1.717638
7644	-1009.909	-1221.103	211.1945	1.69273	0.7924887	0.475664	0.524336	1.804022
7650	-1012.521	-1223.294	210.7737	1.520417	0.5617546	0.408656	0.591344	2.397432
7656	-1023.626	-1234.314	210.6877	1.747784	0.4741982	0.493795	0.506205	2.397432
7662	-1014.511	-1225.399	210.8877	1.761787	0.4581714	0.425382	0.574618	2.279012
7668	-996.4042	-1207.649	211.245	1.681624	0.4255404	0.453469	0.546531	2.137869
7674	-997.1919	-1208.637	211.4447	1.809363	0.5600672	0.358254	0.641746	1.765869
7680	-1007.627	-1219.15	211.5232	1.854323	0.7030151	0.463916	0.536084	1.533006
7686	-1019.302	-1230.57	211.2679	1.706414	0.4402329	0.415976	0.584024	2.089094
7692	-1035.066	-1246.531	211.4654	1.706414	0.4402329	0.510347	0.489653	1.957924
7698	-1038.67	-1250.695	212.0254	1.844089	0.291142	0.652547	0.347453	1.688803
7704	-1033.921	-1245.911	211.9906	1.835143	0.3805013	0.636593	0.363407	1.580492
7710	-1013.974	-1223.882	209.9084	1.714571	0.3545151	0.432493	0.567507	3.034546
7716	-1014.939	-1226.73	211.791	1.864418	0.3545151	0.427999	0.572001	1.740355
7722	-1032.081	-1243.551	211.4693	1.967864	0.3786988	0.375291	0.624709	1.857299
7728	-1031.698	-1242.431	210.7334	1.618094	0.7522241	0.432475	0.567525	2.194141
7734	-1038.677	-1250.26	211.5825	2.381459	0.5897107	0.476336	0.523664	1.192316
7740	-1027.191	-1239.238	212.0472	2.155265	0.4555331	0.554718	0.445282	1.172582
7746	-1015.85	-1227.356	211.5061	2.018872	0.6734876	0.554718	0.445282	1.451366
7752	-1020.685	-1231.873	211.1888	2.085494	0.5161899	0.539895	0.460105	1.799711
7758	-1021.555	-1233.221	211.6668	2.023024	0.4263159	0.505802	0.494198	1.615498
7764	-1024.902	-1236.45	211.5478	2.013815	0.4339904	0.610462	0.389538	1.697206
7770	-1033.704	-1245.379	211.6754	2.01963	0.4343358	0.401067	0.598933	1.601034
7776	-1016.424	-1227.611	211.1869	1.879325	0.4763325	0.524496	0.475504	1.986123
7782	-1032.632	-1243.432	210.7998	1.909562	0.7192094	0.568068	0.431932	1.986123
7788	-1023.398	-1235.077	211.6794	1.909562	0.3659464	0.248108	0.751892	1.770304
7794	-1022.265	-1233.478	211.2126	2.03693	0.442946	0.418941	0.581059	1.902193
7800	-1018.126	-1229.333	211.2064	1.627021	0.2586698	0.418941	0.581059	2.428497
7806	-1029.278	-1240.451	211.1733	1.868645	0.4613101	0.506853	0.493147	2.01967
7812	-1015.915	-1227.369	211.4537	1.924824	0.5097645	0.486774	0.513226	1.734286
7818	-1015.339	-1226.813	211.4737	1.924824	0.6495448	0.353016	0.646984	1.570122
7824	-1009.849	-1221.034	211.1846	1.689149	0.6495448	0.351699	0.648301	1.937721
7830	-1006.482	-1217.514	211.0321	1.619546	0.3722272	0.580809	0.419191	2.380669
7836	-1012.833	-1224.494	211.6616	1.694507	0.5414605	0.296915	0.703085	1.71443
7842	-1021.249	-1232.478	211.2293	1.605127	0.3803715	0.414309	0.585691	2.253737
7848	-1032.349	-1243.193	210.8434	1.605127	0.6098282	0.647611	0.352389	2.253737
7854	-1020.549	-1231.87	211.3206	1.740293	0.4520725	0.312905	0.687095	2.017839
7860	-1009.353	-1220.344	210.991	1.740293	0.5891882	0.638845	0.361155	2.089554
7866	-1028.541	-1240.102	211.5605	1.845767	0.6468194	0.663012	0.336988	1.567252
7872	-1029.052	-1240.563	211.5105	1.845767	0.7775054	0.498401	0.501599	1.479254
7878	-1017.094	-1228.129	211.0349	2.040429	0.8448631	0.422358	0.577642	1.628384
7884	-1010.592	-1222.28	211.6881	1.943203	0.5327728	0.420987	0.579013	1.525198
7890	-1014.129	-1225.634	211.5052	1.925154	0.611638	0.576331	0.423669	1.585783
7896	-1029.494	-1240.635	211.1409	2.052984	0.8899341	0.280725	0.719275	1.504413
7902	-1012.921	-1224.16	211.2388	2.020653	0.8054321	0.622047	0.377953	1.526889
7908	-1007.316	-1218.394	211.0784	2.049725	0.8054321	0.393843	0.606157	1.623118
7914	-1016.158	-1227.701	211.5427	2.008711	0.6009008	0.586449	0.413551	1.507771
7920	-1025.741	-1237.619	211.878	1.998508	0.5510666	0.381422	0.618578	1.313597
7926	-1037.745	-1249.062	211.3165	1.998508	0.5489504	0.415354	0.584646	1.735154
7932	-1020.216	-1231.583	211.3664	2.039848	0.6092538	0.57623	0.42377	1.605838
7938	-1025.316	-1236.798	211.4825	2.060167	0.6092538	0.561871	0.438129	1.505324
7944	-1017.549	-1228.361	210.8117	1.980666	1.493439	0.464515	0.535485	1.401806
7950	-1015.352	-1226.546	211.1939	1.92893	0.803806	0.425774	0.574226	1.628277
7956	-1023.043	-1233.783	210.7394	1.718868	0.5890705	0.421865	0.578135	2.266905
7962	-1028.918	-1239.004	210.0859	1.459689	0.6065788	0.484821	0.515179	2.819547
7968	-1020.728	-1231.381	210.6534	1.685051	0.4933951	0.575781	0.424219	2.438165
7974	-1002.445	-1213.643	211.1972	1.566273	0.605718	0.460429	0.539571	2.052457
7980	-1007.01	-1217.945	210.9349	1.713675	0.4068969	0.54158	0.45842	2.33943
7986	-1020.593	-1231.422	210.8291	1.732071	0.3631418	0.387153	0.612847	2.449386
7992	-1011.552	-1222.75	211.1979	1.498964	0.3431623	0.436547	0.563453	2.390266
7998	-1007.971	-1218.49	210.5189	1.62419	0.5102031	0.552001	0.447999	2.543029
8004	-999.1016	-1209.214	210.1122	1.533916	0.8936957	0.583218	0.416782	2.537693
8010	-1004.551	-1215.308	210.7575	1.711897	0.5778623	0.662588	0.337412	2.270443
8016	-1011.537	-1222.676	211.1393	2.032326	0.8889787	0.253962	0.746038	1.521829
8022	-1021.272	-1232.403	211.1315	2.129159	1.02975	0.318259	0.681741	1.341584
8028	-1022.29	-1234.085	211.7942	2.041943	0.7978604	0.627198	0.372802	1.060946
8034	-1030.463	-1242.162	211.6989	1.998516	0.7978604	0.419629	0.580371	1.186074
8040	-1030.326	-1241.62	211.294	2.136344	1.189585	0.418031	0.581969	1.069427
8046	-1025.069	-1236.93	211.8608	1.949939	0.5913383	0.414687	0.585313	1.317741
8052	-1013.16	-1224.489	211.3288	1.949939	0.9495369	0.508748	0.491252	1.391132
8058	-1012.508	-1224.353	211.8445	1.949939	0.5932536	0.486938	0.513062	1.328622
8064	-1016.454	-1228.211	211.7571	1.873556	0.3014732	0.561016	0.438984	1.838536
8070	-1010.227	-1221.554	211.3267	1.715715	0.6845194	0.500814	0.499186	1.790254
8076	-1015.629	-1227.386	211.7574	1.92568	0.5879315	0.489269	0.510731	1.422238
8082	-1003.781	-1215.51	211.7292	1.917465	0.5047063	0.491973	0.508027	1.547288
8088	-1025.228	-1237.188	211.9605	1.903945	0.4838573	0.584884	0.415116	1.40896
8094	-1025.278	-1235.714	210.4359	2.022617	1.775261	0.377403	0.622597	1.508407
8100	-1036.39	-1247.865	211.4742	1.973682	0.5687083	0.589142	0.410858	1.61896
8106	-1017.013	-1228.702	211.6884	1.878953	0.5962145	0.389896	0.610104	1.500997
8112	-1021.452	-1231.214	209.7621	1.599287	0.9615025	0.341981	0.658019	2.669504
8118	-1013.575	-1223.915	210.3403	1.618906	0.9787931	0.29153	0.70847	2.28373
8124	-1018.903	-1229.284	210.3807	1.519869	0.704061	0.423568	0.576432	2.519158
8130	-1025.032	-1235.416	210.384	1.800073	0.9481515	0.405097	0.594903	2.158953
8136	-1033.374	-1244.595	211.2212	1.63351	0.7606453	0.252879	0.747121	1.852818
8142	-1017.988	-1228.578	210.5903	1.887335	1.305394	0.517106	0.482894	1.740209
8148	-1027.512	-1238.652	211.1396	1.934403	1.187984	0.67153	0.32847	1.373367
8154	-1015.647	-1226.86	211.2138	1.981061	1.107193	0.529492	0.470508	1.335295
8160	-1026.283	-1237.057	210.7742	1.72736	0.8489628	0.437722	0.562278	2.02091
8166	-1032.617	-1244.203	211.5858	1.792061	0.3618215	0.281388	0.718612	1.920889
8172	-1008.855	-1219.719	210.8639	1.692092	0.5590728	0.392427	0.607573	2.232997
8178	-1029.855	-1239.732	209.8774	1.826745	1.091214	0.637893	0.362107	2.376327
8184	-1028.285	-1239.026	210.7407	1.945835	0.7822359	0.239242	0.760758	1.949223
8190	-1020.991	-1232.369	211.3782	2.001082	0.5562644	0.466992	0.533008	1.681788
8196	-1020.314	-1230.428	210.1142	1.590178	0.7619695	0.429693	0.570307	2.595778
8202	-1013.53	-1224.023	210.4928	1.638631	0.4452374	0.387004	0.612996	2.61909
8208	-1020.406	-1231.169	210.7634	1.66187	0.530991	0.460411	0.539589	2.344627
8214	-1015.45	-1226.503	211.0535	1.741359	0.530991	0.460411	0.539589	2.106167
8220	-1006.162	-1217.288	211.1257	1.781613	0.4633199	0.401882	0.598118	2.106167
8226	-1022.191	-1233.487	211.2965	1.781613	0.3676836	0.566491	0.433509	2.112251
8232	-1007.711	-1219.095	211.384	1.740213	0.6017205	0.566491	0.433509	1.812972
8238	-1025.837	-1236.867	211.03	1.740213	0.604805	0.566491	0.433509	2.048904
8244	-1024.243	-1234.681	210.438	1.914321	0.9655682	0.528299	0.471701	2.036681
8250	-1018.757	-1229.204	210.4469	1.710519	0.5504472	0.486827	0.513173	2.494216
8256	-1025.714	-1237.002	211.2882	2.0264	0.46595	0.48245	0.51755	1.829963
8262	-1016.492	-1228.036	211.5441	2.0264	0.4522702	0.469067	0.530933	1.667503
8268	-1026.119	-1237.698	211.5797	2.0264	0.4499918	0.544476	0.455524	1.644947
8274	-1013.685	-1225.24	211.5546	2.126648	0.4210473	0.403012	0.596988	1.628755
8280	-1019.867	-1231.719	211.8523	2.056558	0.5292061	0.587178	0.412822	1.315146
8286	-1037.498	-1249.921	212.4232	2.336565	0.2889005	0.654792	0.345208	0.9680971
8292	-1011.671	-1223.829	212.1581	2.293051	0.4225505	0.525762	0.474238	0.9970025
8298	-1030.728	-1242.952	212.2243	2.172092	0.370093	0.434442	0.565558	1.144072
8304	-1012.862	-1225.067	212.2053	2.126522	0.3439006	0.609473	0.390527	1.246492
8310	-1019.708	-1231.821	212.1129	2.342155	0.3439006	0.700501	0.299499	1.140402
8316	-1020.961	-1232.916	211.9554	2.342155	0.3985895	0.394707	0.605293	1.181266
8322	-1026.043	-1237.98	211.9369	2.042991	0.3985895	0.356865	0.643135	1.438649
8328	-1013.37	-1224.968	211.5975	2.165747	0.4510721	0.525944	0.474056	1.528773
8334	-1012.408	-1224.515	212.1073	2.047933	0.5275703	0.682132	0.317868	1.107186
8340	-1014.248	-1226.329	212.0818	2.101983	0.3215083	0.495468	0.504532	1.404602
8346	-1006.644	-1218.602	211.9585	2.028293	0.6457328	0.632179	0.367821	1.10134
8352	-1031.246	-1243.083	211.8369	1.982374	0.7352869	0.3603	0.6397	1.146121
8358	-1031.052	-1242.638	211.5857	1.926719	0.5520007	0.53849	0.46151	1.590625
8364	-1020.892	-1232.803	211.9114	1.829928	0.4265883	0.590779	0.409221	1.577655
8370	-1008.484	-1220.237	211.7529	2.022533	0.580903	0.47905	0.52095	1.358271
8376	-1001.171	-1212.607	211.4356	1.905878	0.7187205	0.259443	0.740557	1.544708
8382	-1029.474	-1240.506	211.0323	1.905878	0.6072599	0.259443	0.740557	1.93437
8388	-1018.546	-1230.396	211.8502	1.890944	0.5341484	0.434508	0.565492	1.44066
8394	-1031.587	-1242.429	210.8421	1.831648	0.7636255	0.531872	0.468128	1.972862
8400	-1018.283	-1229.771	211.4883	1.831648	0.5060235	0.497576	0.502424	1.779471
8406	-1017.821	-1229.577	211.7565	2.102765	0.5527041	0.482429	0.517571	1.325471
8412	-1023.336	-1234.626	211.2898	2.333487	0.8047678	0.421286	0.578714	1.242193
8418	-1023.858	-1235.545	211.687	2.567066	0.5625601	0.437516	0.562484	0.9583368
8424	-1027.224	-1239.497	212.2734	2.506227	0.3626099	0.438537	0.561463	0.7469105
8430	-1011.247	-1223.427	212.1806	2.521175	0.382326	0.438537	0.561463	0.8006305
8436	-1011.18	-1223.152	211.9727	2.48382	0.4760237	0.487227	0.512773	0.8897974
8442	-1017.075	-1228.765	211.6909	2.456542	0.6771328	0.416828	0.583172	0.8972606
8448	-1010.865	-1222.618	211.753	2.353736	0.5884931	0.359273	0.640727	1.065703
8454	-1018.302	-1229.848	211.5456	2.213352	0.4803552	0.374354	0.625646	1.494019
8460	-1010.356	-1221.797	211.4413	2.169415	0.6420983	0.374354	0.625646	1.418389
8466	-1018.684	-1230.478	211.7944	2.169415	0.6116008	0.575258	0.424742	1.164828
8472	-1038.428	-1249.694	211.2664	2.106131	0.6670574	0.419709	0.580291	1.571755
8478	-1024.946	-1236.348	211.4024	2.106131	0.5844387	0.54178	0.45822	1.557565
8484	-1013.385	-1225.411	212.0255	2.127149	0.4636674	0.382974	0.617026	1.203305
8490	-1011.542	-1223.235	211.6937	2.246395	0.4636674	0.475332	0.524668	1.376989
8496	-1014.088	-1225.825	211.7373	2.109686	0.5218038	0.57026	0.42974	1.373781
8502	-1016.532	-1227.655	211.1227	2.109686	1.388473	0.490793	0.509207	1.100679
8508	-1022.427	-1233.591	211.1644	1.999564	1.163718	0.447545	0.552455	1.318916
8514	-1034.201	-1245.447	211.2464	1.956885	0.522488	0.348916	0.651084	1.841664
8520	-1019.547	-1230.561	211.0143	1.782192	0.8587109	0.295233	0.704767	1.813919
8526	-1008.474	-1219.161	210.6863	1.782192	0.4735132	0.270373	0.729627	2.377296
8532	-1015.59	-1226.233	210.6431	1.758177	0.7957335	0.371878	0.628122	2.127558
8538	-1033.266	-1245.176	211.9096	1.7696	0.32781	0.278587	0.721413	1.763743
8544	-1026.899	-1237.363	210.4635	1.724151	0.7016465	0.658133	0.341867	2.340376
8550	-1021.088	-1232.288	211.1996	1.502605	0.467574	0.635358	0.364642	2.234643
8556	-1026.763	-1238.112	211.3483	1.794201	0.4673248	0.513655	0.486345	1.945374
8562	-1025.284	-1237.077	211.7929	1.884074	0.4527295	0.402093	0.597907	1.590115
8568	-1028.374	-1239.813	211.4397	2.02936	0.4527295	0.402093	0.597907	1.738738
8574	-1034.429	-1245.696	211.267	1.995325	0.5988331	0.520317	0.479683	1.719552
8580	-1029.554	-1240.991	211.4369	1.945277	0.5988331	0.516017	0.483983	1.634167
8586	-1029.205	-1241.015	211.8101	1.945277	0.3939155	0.488484	0.511516	1.612518
8592	-1028.627	-1240.427	211.7995	1.94418	0.4670976	0.336042	0.663958	1.522432
8598	-1025.93	-1237.512	211.5825	1.94418	0.6485513	0.482826	0.517174	1.475784
8604	-1021.654	-1233.474	211.8202	2.032157	0.588879	0.355749	0.644251	1.286935
8610	-1028.677	-1240.269	211.5924	2.131581	0.588879	0.319513	0.680487	1.3894
8616	-1019.358	-1231.153	211.7949	2.204439	0.588879	0.484847	0.515153	1.162634
8622	-1014.196	-1225.954	211.7577	2.204439	0.5371306	0.530802	0.469198	1.261338
8628	-1026	-1237.96	211.9596	2.204439	0.5371306	0.485605	0.514395	1.085238
8634	-998.8042	-1210.714	211.9093	2.077382	0.5004678	0.710015	0.289985	1.289735
8640	-997.5765	-1209.269	211.6921	2.236439	0.4334504	0.459632	0.540368	1.427873
8646	-1003.281	-1215.338	212.0562	2.144529	0.3008481	0.551646	0.448354	1.427873
8652	-1009.233	-1220.676	211.443	2.144529	0.3961344	0.501464	0.498536	1.729225
8658	-1016.858	-1228.384	211.5259	2.144529	0.3549123	0.538601	0.461399	1.729225
8664	-1022.528	-1233.543	211.0146	1.846563	0.5709235	0.473541	0.526459	2.021734
8670	-1038.263	-1249.35	211.0868	1.954025	0.3500769	0.385818	0.614182	2.160402
8676	-1026.652	-1235.679	209.0271	1.482014	0.6089428	0.405791	0.594209	3.43476
8682	-1019.011	-1228.48	209.4689	1.727158	0.3688388	0.513223	0.486777	3.270699
8688	-1009.757	-1218.975	209.2176	1.557073	0.6427677	0.494911	0.505089	3.250606
8694	-1014.021	-1223.891	209.8704	1.613289	0.7380213	0.356748	0.643252	2.749758
8700	-1006.147	-1216.719	210.5725	1.684218	0.8078879	0.426756	0.573244	2.212166
8706	-1011.538	-1222.683	211.1457	1.830471	0.9251958	0.474826	0.525174	1.636391
8712	-1013.808	-1224.685	210.8764	2.003577	1.200481	0.452492	0.547508	1.513524
8718	-1010.475	-1222.018	211.5429	2.072336	0.5701571	0.469428	0.530572	1.494038
8724	-1008.992	-1220.647	211.6548	2.072336	0.6868247	0.665417	0.334583	1.277669
8730	-1022.868	-1234.428	211.56	2.076685	0.7542886	0.601542	0.398458	1.281398
8736	-1042.695	-1254.402	211.7075	2.08393	0.7521873	0.486936	0.513064	1.152173
8742	-1018.167	-1229.724	211.5571	1.9655	0.7869299	0.353612	0.646388	1.341558
8748	-1017.242	-1228.713	211.4708	1.997302	0.771883	0.55734	0.44266	1.398729
8754	-1011.082	-1222.834	211.7516	1.898369	0.6307323	0.430231	0.569769	1.400234
8760	-1021.551	-1233.121	211.5705	1.898369	0.633249	0.430231	0.569769	1.534908
8766	-1023.157	-1234.367	211.2093	2.084462	0.6699376	0.450611	0.549389	1.626233
8772	-1047.683	-1258.419	210.7357	1.699706	0.4276411	0.477272	0.522728	2.449612
8778	-1042.015	-1253.056	211.0408	1.692297	0.8564298	0.738687	0.261313	1.859285
8784	-1029.271	-1240.541	211.2704	1.878113	0.3946938	0.537643	0.462357	2.030403
8790	-1023.477	-1234.57	211.093	1.623049	0.6101464	0.580173	0.419827	2.079552
8796	-1021.717	-1232.313	210.5964	1.542236	0.7024036	0.563511	0.436489	2.370862
8802	-1037.51	-1248.755	211.2453	1.87596	0.4825872	0.412023	0.587977	1.94207
8808	-1035.376	-1246.643	211.2668	1.757849	0.6908708	0.61972	0.38028	1.796711
8814	-1038.041	-1249.596	211.5549	1.814256	0.4989155	0.339998	0.660002	1.753383
8820	-1037.933	-1249.275	211.3417	1.814256	0.4723562	0.51415	0.48585	1.930502
8826	-1034.421	-1245.943	211.5224	1.901966	0.6899092	0.584876	0.415124	1.510849
8832	-1026.088	-1238.086	211.9982	2.102019	0.4454386	0.394419	0.605581	1.274307
8838	-1038.714	-1250.152	211.4382	2.068465	0.4499613	0.695055	0.304945	1.715747
8844	-1016.285	-1227.774	211.4889	2.427996	0.9694368	0.542499	0.457501	0.758538
8850	-1023.394	-1234.731	211.3372	2.41699	1.012578	0.540394	0.459606	0.908201
8856	-1023.723	-1235.206	211.4833	2.236851	1.098759	0.361237	0.638763	0.8518371
8862	-1026.957	-1238.166	211.2093	1.793971	0.3905649	0.601745	0.398255	2.131309
8868	-1030.994	-1242.417	211.4234	1.771518	0.6010361	0.616401	0.383599	1.764594
8874	-1036.712	-1248.297	211.5853	1.771518	0.6010361	0.473702	0.526298	1.650049
8880	-1027.325	-1239.025	211.7002	2.497628	0.7930088	0.445659	0.554341	0.5873645
8886	-1033.168	-1244.775	211.6073	2.466369	0.8746341	0.310385	0.689615	0.6640588
8892	-1028.415	-1239.753	211.3384	2.236451	1.026566	0.472084	0.527916	1.075581
8898	-1040.378	-1251.841	211.4635	2.30364	0.70887	0.515669	0.484331	1.22036
8904	-1029.229	-1241.192	211.9632	2.128769	0.4915019	0.427284	0.572716	1.214508
8910	-1011.751	-1223.043	211.2919	2.157726	0.4439827	0.327008	0.672992	1.763261
8916	-1029.305	-1240.642	211.3366	2.149607	0.6801689	0.461318	0.538682	1.474083
8922	-1014.418	-1226.167	211.7491	2.054284	0.5846282	0.3082	0.6918	1.331574
8928	-1006.906	-1218.817	211.9114	2.054284	0.4821147	0.51225	0.48775	1.331574
8934	-1019.618	-1231.645	212.0265	2.068982	0.4835308	0.332481	0.667519	1.222885
8940	-1020.497	-1232.114	211.6167	1.985794	0.6307851	0.430253	0.569747	1.436782
8946	-1011.98	-1223.434	211.4541	2.041188	0.4184542	0.415746	0.584254	1.764038
8952	-1018.81	-1229.746	210.9355	1.944363	0.6719138	0.474906	0.525094	1.913049
8958	-1027.477	-1239.141	211.6635	2.003775	0.55061	0.321125	0.678875	1.477269
8964	-1053.962	-1265.139	211.1766	2.068651	0.9158316	0.596696	0.403304	1.44443
8970	-1022.951	-1234.702	211.7511	1.997878	0.8724788	0.328468	0.671532	1.062643
8976	-1023.738	-1235.305	211.5668	2.126552	0.9107929	0.475328	0.524672	1.075752
8982	-1022.524	-1234.534	212.0094	2.143502	0.6711533	0.454828	0.545172	0.9001124
8988	-1022.399	-1233.466	211.0673	1.845018	0.9604721	0.472643	0.527357	1.655773
8994	-1029.943	-1241.266	211.3225	2.040182	1.032913	0.671056	0.328944	1.256144
9000	-1025.882	-1237.219	211.3377	1.893276	0.5540277	0.545177	0.454823	1.788334
9006	-1016.933	-1228.068	211.1347	1.652465	0.4182477	0.249153	0.750847	2.237056
9012	-1011.448	-1222.083	210.6345	1.624338	0.6801026	0.546522	0.453478	2.313027
9018	-1004.68	-1216.26	211.5796	1.783659	0.7044452	0.487524	0.512476	1.542173
9024	-1008.066	-1218.537	210.4706	1.689768	0.9960367	0.360257	0.639743	2.142533
9030	-1020.733	-1231.314	210.5812	1.649931	0.9273058	0.510351	0.489649	2.142533
9036	-1033.949	-1244.17	210.222	1.541514	0.6671694	0.496102	0.503898	2.63444
9042	-1035.273	-1246.454	211.1803	1.573399	0.5362896	0.310902	0.689098	2.127645
9048	-1034.049	-1245.358	211.3093	1.803469	0.7174423	0.425236	0.574764	1.71104
9054	-1030.643	-1241.636	210.9929	1.691334	0.443739	0.35628	0.64372	2.273204
9060	-1018.005	-1228.281	210.276	1.557457	0.5771552	0.563288	0.436712	2.669977
9066	-1014.012	-1224.082	210.0696	1.616167	0.3223293	0.426163	0.573837	3.038506
9072	-1018.19	-1228.375	210.1854	1.699906	0.7173972	0.292285	0.707715	2.517959
9078	-1018.853	-1230.955	212.1027	1.931967	0.7433077	0.488422	0.511578	0.9277219
9084	-1016.74	-1228.201	211.461	2.092559	1.180853	0.411962	0.588038	0.9551511
9090	-1001.804	-1213.447	211.6427	2.1912	0.9143287	0.411962	0.588038	0.9316281
9096	-992.6941	-1204.361	211.6672	2.1912	0.9143287	0.473909	0.526091	0.9047217
9102	-1004.466	-1215.925	211.4591	2.196172	1.042955	0.502528	0.497472	0.9817532
9108	-1009.038	-1220.319	211.2805	2.186731	1.263732	0.4824	0.5176	0.9708398
9114	-1010.077	-1221.339	211.2615	2.186731	1.286648	0.432127	0.567873	0.9708398
9120	-1015.326	-1226.532	211.2061	2.186731	1.219717	0.432127	0.567873	1.079985
9126	-1007.616	-1218.744	211.1273	2.048314	1.219717	0.451446	0.548554	1.269421
9132	-1015.455	-1227.045	211.5902	1.990569	0.9649416	0.451446	0.548554	1.126762
9138	-1011.65	-1223.007	211.3577	1.990569	0.9649416	0.287041	0.712959	1.323521
9144	-1005.28	-1216.95	211.6706	2.023159	0.9917777	0.504975	0.495025	0.993966
9150	-1025.815	-1237.27	211.455	1.870915	0.8766446	0.585681	0.414319	1.415125
9156	-1020.833	-1232.164	211.3315	1.675636	0.8766446	0.34791	0.65209	1.651854
9162	-1021.996	-1233.486	211.4898	1.793353	0.8520341	0.34791	0.65209	1.468856
9168	-1025.397	-1236.758	211.3618	1.852965	0.5800957	0.534264	0.465736	1.772225
9174	-1014.846	-1225.327	210.481	1.645475	0.8069699	0.29576	0.70424	2.296534
9180	-1017.033	-1227.619	210.5861	1.773464	0.7161069	0.454886	0.545114	2.218318
9186	-1010.901	-1222.131	211.2308	1.746069	0.6194571	0.43539	0.56461	1.896382
9192	-1013.634	-1223.049	209.4146	1.539277	0.715767	0.477962	0.522038	3.086503
9198	-1021.938	-1231.918	209.9796	1.593811	0.3369133	0.515845	0.484155	3.086503
9204	-1012.25	-1222.839	210.589	1.428205	0.526923	0.484214	0.515786	2.604395
9210	-1018.277	-1229.184	210.9072	1.546303	0.41138	0.276661	0.723339	2.457317
9216	-1020.831	-1229.883	209.0525	1.471361	0.6940933	0.5366	0.4634	3.357667
9222	-1016.624	-1226.369	209.7448	1.461333	0.6940933	0.557875	0.442125	2.952162
9228	-1035.07	-1246.045	210.9752	1.668348	0.5074192	0.719105	0.280895	2.229235
9234	-1020.125	-1231.426	211.3006	1.769108	0.6319763	0.603061	0.396939	1.820768
9240	-1027.933	-1238.608	210.675	1.758955	0.9702918	0.556573	0.443427	1.979057
9246	-1015.946	-1227.606	211.6595	1.825682	0.3920543	0.352694	0.647306	1.806073
9252	-1019.431	-1230.859	211.4278	1.936259	0.4306305	0.550069	0.449931	1.839242
9258	-1024.563	-1236.471	211.9083	1.880305	0.6609041	0.410567	0.589433	1.255563
9264	-1026.27	-1237.612	211.3414	1.832029	0.4779404	0.568205	0.431795	1.912186
9270	-1020.794	-1232.173	211.3785	1.807698	0.3309816	0.527746	0.472254	2.092161
9276	-1036.158	-1246.776	210.6172	1.783131	0.4666619	0.42083	0.57917	2.427802
9282	-1025.56	-1236.288	210.7286	1.612945	0.5438255	0.42083	0.57917	2.384931
9288	-1038.421	-1248.79	210.369	1.398483	0.7880746	0.677736	0.322264	2.537001
9294	-1023.213	-1233.498	210.2855	1.719528	0.7880746	0.621498	0.378502	2.387954
9300	-1003.413	-1213.058	209.645	1.391727	0.7277422	0.477114	0.522886	3.027901
9306	-1012.134	-1221.373	209.2388	1.338025	0.6202309	0.441657	0.558343	3.385674
9312	-1011.633	-1221.737	210.1043	1.458575	0.6202309	0.478069	0.521931	2.797172
9318	-1017.067	-1227.25	210.1834	1.573706	0.8207686	0.581011	0.418989	2.519553
9324	-1024.01	-1234.61	210.5997	1.584453	0.5081144	0.591979	0.408021	2.519553
9330	-1021.085	-1231.969	210.8838	1.751706	0.6036025	0.571199	0.428801	2.138534
9336	-1017.881	-1229.104	211.2229	1.722718	0.8074976	0.488888	0.511112	1.751057
9342	-1017.743	-1228.805	211.0615	1.807837	0.5280809	0.520308	0.479692	2.060251
9348	-999.5678	-1210.801	211.2327	1.788191	0.5032873	0.445895	0.554105	1.98621
9354	-1012.694	-1223.7	211.0053	1.90562	0.5493708	0.364456	0.635544	2.010562
9360	-1004.859	-1216.023	211.1634	1.8905	0.7311626	0.392583	0.607417	1.740208
9366	-1020.658	-1231.684	211.0259	1.970527	0.936992	0.60334	0.39666	1.612739
9372	-1014.468	-1226.048	211.5808	1.808609	0.5793487	0.371651	0.628349	1.649615
9378	-1008.385	-1219.616	211.2309	1.820326	0.3262419	0.560024	0.439976	2.187019
9384	-1020.215	-1231.051	210.8357	1.763214	0.5099026	0.545592	0.454408	2.255301
9390	-1025.123	-1236.48	211.3565	1.660494	0.5591966	0.369621	0.630379	1.929295
9396	-1018.569	-1229.258	210.6892	1.628086	0.5591966	0.476766	0.523234	2.385238
9402	-1021.087	-1231.641	210.554	1.820726	0.7529481	0.290647	0.709353	2.17855
9408	-1025.529	-1236.24	210.7112	1.925572	0.7529481	0.509743	0.490257	2.006334
9414	-1020.719	-1231.748	211.0289	1.848175	0.5757503	0.517082	0.482918	2.006334
9420	-1019.7	-1230.751	211.0508	2.022635	0.4697443	0.525171	0.474829	1.988879
9426	-1017.451	-1228.029	210.5774	1.658732	0.4697443	0.528967	0.471033	2.527373
9432	-1017.367	-1227.181	209.8147	1.658732	0.5101127	0.466066	0.533934	2.952597
9438	-1020.412	-1230.426	210.0148	1.458622	0.5101127	0.437599	0.562401	2.952597
9444	-1013.776	-1224.236	210.4602	1.664825	0.4380982	0.301991	0.698009	2.631002
9450	-1016.619	-1227.266	210.6468	1.790368	0.5244468	0.310085	0.689915	2.343699
9456	-1016.625	-1228.12	211.4946	1.87161	0.5244468	0.524183	0.475817	1.726263
9462	-1022.682	-1233.425	210.7428	1.986981	1.043774	0.388215	0.611785	1.726263
9468	-1028.252	-1239.201	210.9492	1.962683	0.6511942	0.519983	0.480017	1.910417
9474	-1033.092	-1242.441	209.3484	1.550858	0.858369	0.497498	0.502502	3.017141
9480	-1034.262	-1244.709	210.4476	1.550858	0.7956393	0.528509	0.471491	2.386422
9486	-1027.362	-1237.452	210.0903	1.695971	0.4892409	0.606455	0.393545	2.784028
9492	-1017.307	-1227.726	210.4188	1.625591	0.6042606	0.606455	0.393545	2.51457
9498	-1020.245	-1230.346	210.1011	1.668159	0.2983969	0.51023	0.48977	3.021163
9504	-1030.125	-1241.224	211.0992	1.718793	0.4888213	0.432096	0.567904	2.136098
9510	-1015.549	-1225.136	209.5872	1.62738	0.3485454	0.366476	0.633524	3.284643
9516	-1018.641	-1229.797	211.1555	1.682602	0.5993079	0.431547	0.568453	2.009159
9522	-1024.794	-1236.086	211.2924	1.844182	0.4567609	0.488498	0.511502	1.961804
9528	-1012.269	-1223.224	210.955	1.75064	0.7511377	0.560107	0.439893	1.961804
9534	-1030.928	-1241.885	210.9573	1.799085	0.8778351	0.52367	0.47633	1.826968
9540	-1027.441	-1238.419	210.9784	1.825011	0.9821897	0.522272	0.477728	1.717351
9546	-1023.973	-1235.549	211.576	1.874619	0.6757948	0.484655	0.515345	1.505254
9552	-1006.062	-1217.446	211.3836	2.070053	0.711009	0.361046	0.638954	1.46814
9558	-1012.765	-1223.877	211.1118	2.029645	1.32428	0.611224	0.388776	1.225183
9564	-1022.795	-1234.19	211.3951	1.931482	0.7788254	0.590708	0.409292	1.50035
9570	-1025.065	-1236.25	211.1852	2.14141	0.7788254	0.482552	0.517448	1.50035
9576	-1031.189	-1242.685	211.4955	2.06351	0.6833511	0.581824	0.418176	1.415175
9582	-1019.398	-1230.807	211.4088	1.837658	0.6533207	0.480102	0.519898	1.676277
9588	-1021.75	-1233.061	211.3116	1.794256	0.4373246	0.480102	0.519898	2.005529
9594	-1029.779	-1240.116	210.3362	1.720096	0.8188417	0.432444	0.567556	2.332447
9600	-1008.816	-1219.985	211.1686	1.720096	0.5517791	0.432444	0.567556	2.022853
9606	-1006.384	-1217.589	211.2048	1.826873	0.9166401	0.430373	0.569627	1.602837
9612	-1024.611	-1235.792	211.1808	1.966799	0.8654602	0.326505	0.673495	1.558814
9618	-1008.402	-1219.491	211.089	1.847876	0.6770603	0.484839	0.515161	1.869674
9624	-1015.078	-1226.384	211.3064	1.91057	0.4891938	0.357148	0.642852	1.869674
9630	-1008.372	-1219.734	211.362	1.90569	0.3970804	0.484193	0.515807	1.947688
9636	-1006.381	-1217.65	211.2687	1.81801	0.7971871	0.60643	0.39357	1.659883
9642	-1014.758	-1224.574	209.8169	1.644943	0.4393407	0.441062	0.558938	3.032467
9648	-1020.337	-1230.732	210.3949	1.644943	0.4393407	0.389439	0.610561	2.682043
9654	-1034.026	-1244.686	210.6594	1.723529	0.812425	0.389439	0.610561	2.126689
9660	-1014.619	-1225.584	210.9654	1.659397	0.6237474	0.514346	0.485654	2.126689
9666	-1035.593	-1246.656	211.0629	1.913471	0.7715091	0.514346	0.485654	1.759551
9672	-1022.301	-1233.82	211.5194	1.935081	0.5952642	0.514346	0.485654	1.585501
9678	-1015.572	-1227.168	211.5957	2.154607	0.491439	0.401385	0.598615	1.486394
9684	-1021.855	-1233.285	211.43	2.122192	0.491439	0.578707	0.421293	1.632299
9690	-1025.368	-1236.769	211.4016	2.160554	0.4649423	0.587649	0.412351	1.657618
9696	-1015.911	-1227.382	211.4704	2.091703	0.4649423	0.488227	0.511773	1.657618
9702	-1029.225	-1240.343	211.1184	2.2466	0.686828	0.547029	0.452971	1.557937
9708	-1026.542	-1238.21	211.6674	2.002919	0.3037451	0.465243	0.534757	1.807622
9714	-1026.375	-1237.727	211.352	2.019026	0.5463774	0.594101	0.405899	1.698453
9720	-1026.341	-1237.991	211.6501	1.846345	0.3029557	0.405413	0.594587	1.927615
9726	-1022.423	-1233.637	211.2135	1.94214	0.3317971	0.380267	0.619733	2.111038
9732	-1021.441	-1232.918	211.4769	2.023225	0.4070619	0.376214	0.623786	1.775623
9738	-1028.946	-1240.435	211.4891	2.023225	0.4006969	0.372146	0.627854	1.775623
9744	-1017.032	-1228.284	211.252	1.915153	0.4006969	0.604983	0.395017	2.010294
9750	-1024.258	-1236.012	211.7543	1.82439	0.4073429	0.604983	0.395017	1.720219
9756	-1027.53	-1237.827	210.2976	1.6922	0.5570321	0.531718	0.468282	2.592269
9762	-1028.871	-1238.983	210.1113	1.782362	0.5859915	0.54228	0.45772	2.624771
9768	-1014.974	-1224.194	209.2197	1.360477	0.475629	0.513093	0.486907	3.515229
9774	-1008.383	-1218.069	209.6869	1.497501	0.7220385	0.591869	0.408131	2.943513
9780	-1007.118	-1218.461	211.343	1.76066	0.5181059	0.614922	0.385078	1.914345
9786	-1014.387	-1226.106	211.7185	2.017829	0.6820057	0.589849	0.410151	1.275357
9792	-1016.469	-1228.202	211.7328	2.109747	0.5489853	0.43632	0.56368	1.343417
9798	-1022.987	-1234.807	211.8197	1.979629	0.7909152	0.454888	0.545112	1.102831
9804	-1024.953	-1236.783	211.8304	1.789316	0.5893575	0.436625	0.563375	1.469082
9810	-1021.405	-1232.626	211.2208	2.252934	0.5893575	0.463963	0.536037	1.577751
9816	-1011.913	-1223.929	212.0164	2.156889	0.5268619	0.463963	0.536037	1.091701
9822	-1023.815	-1235.478	211.6629	2.135767	0.8616038	0.407989	0.592011	1.026637
9828	-1012.405	-1224.183	211.7779	2.040142	0.8560956	0.296404	0.703596	1.013662
9834	-1026.681	-1238.142	211.4614	2.078351	1.132081	0.546233	0.453767	1.013662
9840	-1007.316	-1219.314	211.9985	2.078351	0.7439577	0.325634	0.674366	0.8794991
9846	-1011.165	-1222.867	211.7024	2.107571	0.9716419	0.4472	0.5528	0.8918852
9852	-1011.289	-1223.615	212.3253	2.03337	0.5321065	0.402577	0.597423	0.8960992
9858	-1027.988	-1240.005	212.0169	2.262862	0.6978121	0.36241	0.63759	0.6754585
9864	-1035.169	-1247.169	212.0003	2.492712	0.5654299	0.485436	0.514564	0.6144334
9870	-1030.764	-1242.558	211.7939	2.388461	0.7983507	0.342302	0.657698	0.6144334
9876	-1040.612	-1252.528	211.9161	2.290711	0.759662	0.494353	0.505647	0.665289
9882	-1047.569	-1259.357	211.788	2.290711	0.8637051	0.536494	0.463506	0.6780187
9888	-1046.804	-1258.7	211.8967	2.171573	0.8637051	0.598044	0.401956	0.6969921
9894	-1031.256	-1243.241	211.9845	2.312642	0.6439686	0.598044	0.401956	0.7654872
9900	-1051.068	-1262.507	211.4398	2.41703	0.9802307	0.398939	0.601061	0.8251715
9906	-1037.803	-1249.57	211.7669	2.41703	0.7911819	0.574352	0.425648	0.6319549
9912	-1014.875	-1226.708	211.8329	2.384385	0.54505	0.542794	0.457206	1.022731
9918	-1018.987	-1230.48	211.4929	2.262889	0.389011	0.537041	0.462959	1.619169
9924	-1013.826	-1225.266	211.4397	2.218957	0.4406058	0.63856	0.36144	1.619169
9930	-1010.326	-1221.437	211.111	1.963079	0.6077809	0.366365	0.633635	1.841396
9936	-1020.316	-1231.16	210.8442	1.88524	0.6679762	0.408604	0.591396	2.017488
9942	-1015.705	-1227.567	211.8612	2.020243	0.4997948	0.470872	0.529128	1.374891
9948	-1025.927	-1236.738	210.811	1.762516	0.3485951	0.306818	0.693182	2.460727
9954	-1036.982	-1248.469	211.4864	1.905865	0.4031517	0.306818	0.693182	1.855226
9960	-1035.451	-1246.862	211.411	2.084051	0.4589897	0.513115	0.486885	1.71268
9966	-1020.795	-1232.22	211.4252	2.132788	0.4893019	0.421468	0.578532	1.630665
9972	-1015.314	-1226.962	211.6476	1.874965	0.4341774	0.49726	0.50274	1.724569
9978	-1022.714	-1234.428	211.7137	1.940786	0.3658367	0.49726	0.50274	1.724569
9984	-1016.804	-1227.747	210.9428	1.838232	0.4347591	0.50023	0.49977	2.221383
9990	-1025.93	-1236.727	210.7968	1.84983	0.3892615	0.442682	0.557318	2.362357
9996	-1027.745	-1238.269	210.5234	1.590461	0.6465023	0.442682	0.557318	2.43367
10002	-1020.421	-1231.741	211.3203	1.986347	0.4112096	0.49149	0.50851	1.903128
10008	-1027.594	-1239.482	211.8884	2.026034	0.3790674	0.497025	0.502975	1.517157
10014	-1036.961	-1248.542	211.5805	2.023454	0.3790674	0.484299	0.515701	1.741276
10020	-1024.884	-1236.195	211.3106	1.931636	0.4792841	0.636703	0.363297	1.863838
10026	-1031.346	-1242.176	210.8302	1.819737	0.4265548	0.318867	0.681133	2.31515
10032	-1016.619	-1227.182	210.5635	1.765756	0.5248459	0.383752	0.616248	2.411565
10038	-1028.216	-1239.166	210.9493	1.638231	0.5248459	0.440225	0.559775	2.247128
10044	-1032.625	-1243.018	210.3937	1.578343	0.3400623	0.511225	0.488775	2.842651
10050	-1025.343	-1236.671	211.328	1.745241	0.3757816	0.486358	0.513642	2.104706
10056	-1019.192	-1229.427	210.2352	1.563554	0.4321265	0.511572	0.488428	2.837281
10062	-1017.159	-1227.463	210.304	1.593106	0.568233	0.371681	0.628319	2.63902
10068	-1013.957	-1223.953	209.9968	1.6082	0.7863346	0.436558	0.563442	2.63902
10074	-1022.085	-1233.081	210.9956	1.666092	0.9308158	0.520632	0.479368	1.852711
10080	-1032.801	-1242.345	209.5431	1.501783	0.5310747	0.304532	0.695468	3.188436
10086	-1023.066	-1233.504	210.4383	1.621195	0.6493757	0.498291	0.501709	2.465341
10092	-1036.303	-1246.514	210.2112	1.62801	0.6493757	0.284174	0.715826	2.602582
10098	-1038.229	-1248.594	210.3652	1.595987	0.5471875	0.371756	0.628244	2.619358
10104	-1027.039	-1238.198	211.1586	1.806684	0.4088933	0.335536	0.664464	2.132997
10110	-1028.71	-1240.074	211.364	1.716397	0.5429464	0.527291	0.472709	1.903426
10116	-1017.276	-1228.897	211.6202	1.912423	0.594138	0.515138	0.484862	1.529115
10122	-1018.268	-1229.565	211.2971	2.027168	0.3062383	0.501657	0.498343	2.037631
10128	-1029.554	-1240.616	211.0622	2.027168	0.4784021	0.608217	0.391783	1.968284
10134	-1017.37	-1228.839	211.4691	2.027168	0.5486248	0.501219	0.498781	1.606185
10140	-1025.48	-1236.904	211.4243	2.079	0.3892222	0.285063	0.714937	1.797423
10146	-1025.759	-1236.969	211.2098	2.06889	0.4154029	0.536373	0.463627	1.916672
10152	-1024.19	-1234.517	210.3265	1.699718	0.5421105	0.383506	0.616494	2.584022
10158	-1020.153	-1230.495	210.3421	1.717292	0.5211204	0.406236	0.593764	2.584022
10164	-1028.092	-1239.067	210.9744	1.786843	0.4898463	0.621151	0.378849	2.1719
10170	-1021.929	-1232.328	210.3997	1.87348	0.8526936	0.486289	0.513711	2.168177
10176	-1020.17	-1231.135	210.9654	1.706468	0.7974002	0.513923	0.486077	1.94691
10182	-1044.837	-1255.785	210.9479	1.962783	0.4055473	0.513923	0.486077	2.172731
10188	-1032.372	-1243.514	211.1421	2.205838	0.5985869	0.536557	0.463443	1.659024
10194	-1025.767	-1237.665	211.8981	2.056667	0.3198781	0.359334	0.640666	1.579667
10200	-1029.164	-1240.885	211.7213	2.154532	0.5927104	0.381128	0.618872	1.263002
10206	-1039.856	-1250.947	211.0909	1.962099	0.3791476	0.520773	0.479227	2.113515
10212	-1036.258	-1247.82	211.5616	1.893443	0.372173	0.467634	0.532366	1.854024
10218	-1022.786	-1233.014	210.2274	1.816839	0.6603901	0.538085	0.461915	2.465504
10224	-1028.677	-1239.017	210.3396	1.774267	0.6105368	0.683397	0.316603	2.465504
10230	-1024.661	-1235.958	211.2977	1.786176	0.4043517	0.497427	0.502573	2.060815
10236	-1015.938	-1227.489	211.5516	1.866853	0.6435096	0.389731	0.610269	1.56163
10242	-1024.247	-1235.786	211.539	1.944634	0.4652352	0.245892	0.754108	1.713059
10248	-1014.098	-1225.778	211.6792	1.911301	0.3874602	0.435974	0.564026	1.739034
10254	-1015.458	-1226.375	210.9176	1.664004	0.4946512	0.380527	0.619473	2.282542
10260	-1007.284	-1218.622	211.3383	1.656327	0.5123449	0.505593	0.494407	1.993869
10266	-1017.769	-1227.91	210.1411	1.632481	0.6792737	0.505593	0.494407	2.618171
10272	-1024.459	-1235.352	210.8928	1.623049	0.4916147	0.415687	0.584313	2.327783
10278	-1008.221	-1219.135	210.9144	1.634313	0.4722332	0.568338	0.431662	2.327783
10284	-1017.289	-1225.99	208.7009	1.537844	0.7011684	0.624865	0.375135	3.51909
10290	-1005.703	-1214.746	209.043	1.386908	0.6909689	0.394414	0.605586	3.415164
10296	-1018.378	-1227.473	209.0953	1.335523	0.6115495	0.574362	0.425638	3.478386
10302	-1013.714	-1223.058	209.3437	1.363369	0.5686601	0.466073	0.533927	3.353536
10308	-1015.21	-1225.994	210.7848	1.49997	0.4980066	0.435263	0.564737	2.467067
10314	-1020.977	-1230.435	209.4578	1.471572	0.5077327	0.482764	0.517236	3.278978
10320	-1017.755	-1228.729	210.9736	1.969697	0.4932098	0.500185	0.499815	2.048943
10326	-1018.546	-1229.996	211.4507	2.017232	0.5724428	0.396097	0.603903	1.600331
10332	-1021.183	-1232.706	211.5233	1.895976	0.5724428	0.476496	0.523504	1.635523
10338	-1009.613	-1221.016	211.4035	1.895976	0.383601	0.465839	0.534161	1.944069
10344	-1014.127	-1225.12	210.9933	1.624242	0.6871411	0.606651	0.393349	2.074654
10350	-1017.138	-1227.583	210.445	1.753456	0.4512253	0.507296	0.492704	2.570972
10356	-1016.898	-1226.813	209.9157	1.775906	0.8060105	0.35159	0.64841	2.570972
10362	-1027.867	-1239.295	211.4283	1.933787	0.3625567	0.408034	0.591966	1.930558
10368	-1019.533	-1230.975	211.4417	2.053625	0.4283848	0.686219	0.313781	1.751126
10374	-1003.239	-1214.758	211.5192	2.039143	0.3950717	0.449233	0.550767	1.751126
10380	-1012.13	-1223.393	211.2632	1.967347	0.5695608	0.449233	0.550767	1.772184
10386	-1016.348	-1226.004	209.6562	1.633266	0.4365632	0.491908	0.508092	3.138333
10392	-1025.611	-1235.952	210.3411	1.566931	0.4621705	0.491908	0.508092	2.738005
10398	-1027.112	-1238.301	211.1897	1.691535	0.4734867	0.510142	0.489858	2.111728
10404	-1012.995	-1224.43	211.4355	1.914083	0.7194326	0.560015	0.439985	1.538056
10410	-1012.414	-1224.24	211.8253	1.894949	0.7194326	0.560015	0.439985	1.248359
10416	-1017.604	-1229.254	211.6502	1.942649	0.8245152	0.273887	0.726113	1.248359
10422	-1017.436	-1228.345	210.9095	1.93418	1.196988	0.563065	0.436935	1.542729
10428	-1017.002	-1227.949	210.9472	2.064551	1.06439	0.448931	0.551069	1.507663
10434	-1023.693	-1235.054	211.3609	2.008656	0.7359023	0.595164	0.404836	1.507663
10440	-1006.25	-1217.758	211.5079	1.97163	0.7359023	0.523922	0.476078	1.424237
10446	-1011.058	-1222.197	211.1389	1.97163	0.5972782	0.450051	0.549949	1.826827
10452	-1017.387	-1228.815	211.4279	1.903661	0.8558972	0.314767	0.685233	1.428563
10458	-1002.884	-1214.817	211.9334	1.949429	0.5805711	0.464066	0.535934	1.271975
10464	-997.6668	-1209.379	211.7119	2.137056	0.624571	0.33631	0.66369	1.247181
10470	-1004.23	-1215.971	211.7408	2.137056	0.6043495	0.525874	0.474126	1.247181
10476	-1006.931	-1218.336	211.406	2.137056	0.5807095	0.440216	0.559784	1.536148
10482	-1016.008	-1228.109	212.1003	2.116156	0.4415381	0.358015	0.641985	1.182111
10488	-1020.886	-1232.744	211.8576	2.147805	0.4752815	0.414177	0.585823	1.309024
10494	-1031.224	-1243.394	212.1702	2.106592	0.334082	0.64294	0.35706	1.309024
10500	-1010.237	-1221.677	211.4404	1.964225	0.4444389	0.495914	0.504086	1.794031
10506	-1020.999	-1232.556	211.5565	2.082854	0.3234057	0.528581	0.471419	1.798198
10512	-1020.377	-1232.127	211.7499	2.223825	0.5255335	0.528581	0.471419	1.267008
10518	-1015.221	-1226.756	211.5343	2.215754	0.4574653	0.570529	0.429471	1.530217
10524	-1011.829	-1222.954	211.1247	2.061014	0.3945057	0.562302	0.437698	2.005919
10530	-1023.026	-1234.755	211.7297	1.96524	0.4053719	0.567327	0.432673	1.640148
10536	-1010.671	-1222.111	211.4403	2.019179	0.4254766	0.486028	0.513972	1.779897
10542	-1007.001	-1218.381	211.3798	1.743256	0.7626261	0.507772	0.492228	1.66357
10548	-1007.014	-1217.844	210.8306	2.22611	1.198123	0.255581	0.744419	1.379955
10554	-1017.241	-1228.012	210.7715	2.22611	1.348671	0.354123	0.645877	1.327352
10560	-1009.186	-1220.801	211.6155	2.029575	0.7027976	0.354123	0.645877	1.327352
10566	-1012.108	-1223.79	211.6813	1.963761	0.7027976	0.449671	0.550329	1.327352
10572	-1016.897	-1228.769	211.8727	1.891241	0.4192325	0.321062	0.678938	1.571064
10578	-1019.718	-1231.24	211.5219	1.963297	0.8883588	0.524573	0.475427	1.278148
10584	-1018.932	-1230.551	211.6188	1.963297	0.6417811	0.33624	0.66376	1.44067
10590	-1030.19	-1241.471	211.2803	2.723521	0.9808607	0.523192	0.476808	0.4706249
10596	-1031.965	-1243.46	211.4946	2.57633	0.9162901	0.393715	0.606285	0.4706249
10602	-1022.471	-1232.657	210.1861	1.571366	0.5668237	0.463574	0.536426	2.726129
10608	-1032.883	-1242.896	210.013	1.81691	0.5204019	0.606566	0.393434	2.726129
10614	-1025.532	-1237.079	211.5469	1.918662	0.6337905	0.330957	0.669043	1.536843
10620	-1021.037	-1232.603	211.5659	2.005108	0.6998317	0.606294	0.393706	1.389017
10626	-1031.182	-1242.012	210.8302	1.971283	0.7832815	0.419201	0.580799	1.870471
10632	-1024.3	-1235.831	211.5318	1.724309	0.6130097	0.472036	0.527964	1.709498
10638	-1024.113	-1233.89	209.7763	1.448021	0.7979016	0.483027	0.516973	2.863268
10644	-1016.555	-1228.236	211.6815	2.408583	0.835687	0.328279	0.671721	0.7139626
10650	-1015.608	-1226.938	211.3305	2.318151	1.231622	0.580435	0.419565	0.7918189
10656	-1023.533	-1235.205	211.672	2.36623	0.8872544	0.580435	0.419565	0.7041497
10662	-1031	-1241.977	210.9769	2.449072	1.582541	0.579579	0.420421	0.719309
10668	-1041.195	-1252.281	211.0864	2.554728	1.379284	0.3943	0.6057	0.5765986
10674	-1031.508	-1242.211	210.703	1.692232	0.8850167	0.470285	0.529715	2.064747
10680	-1025.732	-1236.916	211.1842	2.730557	1.063812	0.586488	0.413512	0.4350825
10686	-1015.362	-1226.522	211.1603	2.750391	1.063812	0.571306	0.428694	0.4230077
10692	-1002.79	-1213.647	210.8566	2.750391	1.406207	0.256481	0.743519	0.3985681
10698	-1023.292	-1234.387	211.0954	2.750391	1.1277	0.328887	0.671113	0.4098299
10704	-1033.174	-1243.342	210.1686	2.141515	1.668091	0.457106	0.542894	1.668369
10710	-1031.606	-1242.45	210.8435	2.21481	1.136724	0.471307	0.528693	1.421231
10716	-1021.759	-1232.925	211.1665	2.079667	1.114658	0.470193	0.529807	1.288251
10722	-1017.891	-1229.128	211.2372	2.111542	0.9643148	0.362634	0.637366	1.323628
10728	-1026.112	-1237.282	211.17	2.025091	1.109938	0.594126	0.405874	1.333083
10734	-1019.459	-1231.048	211.5888	2.090988	0.7808933	0.522604	0.477396	1.218467
10740	-1028.504	-1239.752	211.2475	2.090988	0.843253	0.522604	0.477396	1.434245
10746	-1029.682	-1241.372	211.69	2.164616	0.4304765	0.600998	0.399002	1.488226
10752	-1033.09	-1245.246	212.1564	2.072261	0.4304765	0.48573	0.51427	1.188931
10758	-1034.551	-1246.626	212.0748	2.280823	0.3835938	0.48573	0.51427	1.156187
10764	-1043.894	-1253.865	209.9704	1.515404	0.785666	0.563678	0.436322	2.712774
10770	-1028.413	-1240.104	211.6908	1.674619	0.5338606	0.405691	0.594309	1.716304
10776	-1027.432	-1238.138	210.7063	1.792004	1.138913	0.577982	0.422018	1.825372
10782	-1012.348	-1222.11	209.7626	1.760897	1.138913	0.532032	0.467968	2.462444
10788	-1011.803	-1221.664	209.8611	1.503269	0.7487184	0.525924	0.474076	2.814349
10794	-1013.544	-1222.29	208.7462	1.662084	0.8871214	0.546185	0.453815	3.290032
10800	-1001.273	-1211.51	210.2369	1.609533	0.7975124	0.397994	0.602006	2.480696
10806	-1000.353	-1211.967	211.6133	1.461036	0.6090273	0.397994	0.602006	1.84002
10812	-1012.441	-1223.503	211.0614	1.647075	1.029429	0.582907	0.417093	1.75103
10818	-1010.521	-1221.006	210.4846	1.657614	0.958353	0.4705	0.5295	2.179257
10824	-1016.162	-1226.999	210.8369	1.545799	0.958353	0.618751	0.381249	2.021408
10830	-1024.035	-1234.662	210.6272	1.514064	0.5721944	0.618751	0.381249	2.483581
10836	-1014.703	-1225.367	210.6643	1.43916	0.8235863	0.533827	0.466173	2.29891
10842	-1011.086	-1222.238	211.1526	1.653212	0.7016068	0.596451	0.403549	1.936605
10848	-1007.275	-1218.639	211.3639	1.850781	0.8566952	0.375252	0.624748	1.51637
10854	-1018.293	-1229.662	211.3696	1.879894	0.8869088	0.553122	0.446878	1.465035
10860	-1013.027	-1224.289	211.2619	1.879894	0.8869088	0.55364	0.44636	1.545651
10866	-1010.365	-1221.723	211.358	1.76414	0.5478557	0.483699	0.516301	1.869841
10872	-1018.534	-1230.127	211.5922	2.088121	0.5543204	0.499037	0.500963	1.463103
10878	-1020.427	-1231.933	211.5064	2.150797	0.7547252	0.499037	0.500963	1.264034
10884	-1025.898	-1237.853	211.9556	1.941082	0.3810852	0.420321	0.579679	1.527336
10890	-1032.747	-1244.522	211.7746	1.978555	0.4012256	0.319092	0.680908	1.603822
10896	-1020.679	-1232.427	211.7482	1.978555	0.5405779	0.318824	0.681176	1.443944
10902	-1019.226	-1230.827	211.6007	2.12423	0.5869354	0.690493	0.309507	1.390931
10908	-1021.136	-1232.477	211.3415	1.93977	0.4713289	0.509067	0.490933	1.846431
10914	-1023.131	-1234.399	211.2679	1.694821	0.4735542	0.342946	0.657054	2.058103
10920	-1020.754	-1232.668	211.9142	1.772948	0.5834083	0.433433	0.566567	1.424252
10926	-1027.621	-1238.437	210.8165	1.777074	1.115464	0.422327	0.577673	1.774224
10932	-1031.744	-1243.875	212.1311	1.795961	0.4016351	0.716221	0.283779	1.474439
10938	-1012.238	-1224.163	211.9254	1.937	0.3235949	0.664244	0.335756	1.640624
10944	-1022.152	-1233.381	211.2293	1.939685	0.4915981	0.483961	0.516039	1.899548
10950	-1029.08	-1239.851	210.7708	1.679136	0.6016019	0.428947	0.571053	2.260485
10956	-1027.464	-1238.57	211.106	1.953577	0.4680427	0.256713	0.743287	2.000115
10962	-1045.857	-1256.505	210.6481	1.785805	0.4680427	0.433787	0.566213	2.405126
10968	-1032.327	-1243.846	211.5191	1.722103	0.4226111	0.518232	0.481768	1.932908
10974	-1026.473	-1238.012	211.5388	1.732776	0.3578653	0.518232	0.481768	1.99772
10980	-1021.967	-1232.453	210.4859	1.628116	0.45007	0.507609	0.492391	2.624495
10986	-1044.463	-1254.169	209.7056	1.728238	0.4284055	0.459149	0.540851	3.061143
10992	-1030.872	-1241.397	210.5255	1.660185	0.689583	0.495036	0.504964	2.351659
10998	-1020.895	-1230.479	209.5848	1.398179	0.3905996	0.527509	0.472491	3.370579
11004	-1019.805	-1230.41	210.6045	1.62785	0.4627355	0.497789	0.502211	2.537299
11010	-1036.612	-1248.203	211.5911	2.12124	0.8853283	0.273889	0.726111	1.083689
11016	-1031.837	-1243.196	211.3582	1.785297	0.8406032	0.589804	0.410196	1.582366
11022	-1020.588	-1231.848	211.2599	1.887554	0.8371629	0.603487	0.396513	1.582366
11028	-1031.473	-1242.457	210.9839	1.696323	0.897438	0.460146	0.539854	1.864447
11034	-1031.429	-1242.078	210.6492	1.547907	0.6752113	0.404529	0.595471	2.356508
11040	-1030.687	-1241.095	210.4084	1.471813	0.5556689	0.677062	0.322938	2.661232
11046	-1041.315	-1252.215	210.8996	1.642035	0.5219416	0.256292	0.743708	2.279582
11052	-1029.08	-1238.817	209.7375	1.5432	0.4458631	0.583798	0.416202	3.133563
11058	-1022.668	-1233.098	210.4296	1.685979	0.3561591	0.657929	0.342071	2.734505
11064	-1022.512	-1233.343	210.8313	1.671143	0.5365828	0.549221	0.450779	2.289789
11070	-1017.287	-1228.566	211.2793	1.950905	0.5517354	0.368571	0.631429	1.791348
11076	-1010.055	-1221.36	211.3058	1.962691	0.5273257	0.632562	0.367438	1.791348
11082	-1003.978	-1214.61	210.632	2.029622	0.389663	0.538624	0.461376	2.352359
11088	-1012.676	-1223.789	211.1132	1.925684	0.4842748	0.603758	0.396242	1.995402
11094	-1008.036	-1219.042	211.006	1.797841	0.4517192	0.440112	0.559888	2.186919
11100	-1025.049	-1236.894	211.8453	2.470962	0.6970544	0.442808	0.557192	0.590642
11106	-1026.19	-1238.038	211.8477	2.36804	0.7257686	0.577358	0.422642	0.7247306
11112	-1020.911	-1232.522	211.6111	2.36804	0.9309491	0.509107	0.490893	0.7243368
11118	-1014.296	-1225.869	211.5724	2.395538	0.9309491	0.48387	0.51613	0.7419443
11124	-1005.491	-1216.916	211.4257	2.599996	0.9585722	0.489247	0.510753	0.5375302
11130	-1011.171	-1222.326	211.1546	2.621784	1.220952	0.438226	0.561774	0.5535105
11136	-1013.997	-1225.284	211.2868	2.600705	1.099978	0.518316	0.481684	0.5354106
11142	-1012.821	-1224.244	211.4228	2.612924	0.9414377	0.64627	0.35373	0.4309545
11148	-1014.813	-1226.116	211.3027	2.575079	1.105075	0.64627	0.35373	0.5631992
11154	-1020.219	-1231.5	211.2818	2.547012	1.152875	0.456519	0.543481	0.5840139
11160	-1015.646	-1226.751	211.1043	2.5055	1.417126	0.498695	0.501305	0.5840139
11166	-1021.264	-1232.373	211.1086	2.5055	1.417126	0.452011	0.547989	0.4381332
11172	-1036.45	-1247.934	211.4838	2.080545	0.868175	0.3602	0.6398	1.230797
11178	-1027.903	-1239.942	212.0389	2.004562	0.6031496	0.3602	0.6398	1.104482
11184	-1034.002	-1245.174	211.1724	2.016069	0.8221083	0.311722	0.688278	1.564983
11190	-1024.018	-1235.674	211.6559	1.988649	0.8221083	0.61978	0.38022	1.207122
11196	-1023.042	-1233.969	210.9262	2.078936	1.396628	0.664095	0.335905	1.290778
11202	-1032.22	-1244.062	211.8419	2.170636	0.7417592	0.587391	0.412609	0.9533925
11208	-1006.504	-1218.197	211.6924	2.29273	0.7968208	0.327588	0.672412	0.9107927
11214	-1023.088	-1234.161	211.073	1.979497	0.9777557	0.386289	0.613711	1.54084
11220	-1012.045	-1223.144	211.0993	1.910039	0.4415007	0.429695	0.570305	2.064511
11226	-1016.737	-1227.689	210.9525	1.749024	0.7760869	0.366911	0.633089	1.94411
11232	-1023.004	-1234.118	211.1139	1.999226	0.6405735	0.442253	0.557747	1.782475
11238	-1022.996	-1234.771	211.7751	2.038734	0.4098663	0.3527	0.6473	1.547318
11244	-1006.943	-1218.548	211.6052	2.269726	0.5499219	0.460126	0.539874	1.316346
11250	-1008.941	-1220.888	211.9464	2.205495	0.3911209	0.460126	0.539874	1.314944
11256	-1015.749	-1227.435	211.686	1.9835	0.3716219	0.591719	0.408281	1.705621
11262	-1030.281	-1241.753	211.4722	1.881911	0.3406182	0.457321	0.542679	1.966911
11268	-1020.02	-1231.786	211.7665	1.963468	0.3846258	0.447226	0.552774	1.644009
11274	-1025.017	-1236.38	211.3631	1.935804	0.6495595	0.447226	0.552774	1.6425
11280	-1023.365	-1233.79	210.4254	1.682648	0.6968467	0.295391	0.704609	2.394763
11286	-1033.308	-1244.012	210.7043	1.609989	0.7217281	0.595781	0.404219	2.242887
11292	-1025.713	-1236.925	211.2121	1.767092	0.6937904	0.492629	0.507371	1.825498
11298	-1029.706	-1241.151	211.4455	1.988957	0.784232	0.497954	0.502046	1.413302
11304	-1021.298	-1232.328	211.0301	1.896839	0.6203995	0.424723	0.575277	1.929276
11310	-1021.343	-1232.99	211.6473	1.638769	0.5557746	0.719862	0.280138	1.748049
11316	-1023.457	-1235.509	212.0528	1.833407	0.5373907	0.390211	0.609789	1.32293
11322	-1014.458	-1225.469	211.0114	1.586602	0.5266787	0.569032	0.430968	2.238515
11328	-1017.072	-1229.144	212.0718	1.741868	0.3912338	0.530679	0.469321	1.573833
11334	-1009.435	-1221.219	211.7837	1.954371	0.9129084	0.603224	0.396776	1.031023
11340	-1017.475	-1229.347	211.872	2.12997	0.7587898	0.390596	0.609404	0.9422142
11346	-1012.672	-1225.152	212.4797	2.166727	0.4373805	0.616923	0.383077	0.7296377
11352	-1037.644	-1248.026	210.3822	3.017419	1.656993	0.370813	0.629187	0.3583324
11358	-1030.99	-1241.662	210.6723	2.849915	1.484043	0.592887	0.407113	0.3583324
11364	-1040.02	-1250.421	210.4012	2.849915	1.954431	0.397303	0.602697	0.4358761
11370	-1043.909	-1254.738	210.8287	2.766233	1.42244	0.44122	0.55878	0.399348
11376	-1029.076	-1240.29	211.2141	2.768371	0.9082957	0.349549	0.650451	0.3093254
11382	-1004.539	-1215.462	210.9237	2.997451	0.9082957	0.367886	0.632114	0.2676855
11388	-1017.814	-1228.79	210.9759	3.010276	0.8433562	0.355657	0.644343	0.2638957
11394	-1015.613	-1226.556	210.9431	3.048878	0.8433562	0.492702	0.507298	0.2671859
11400	-1026.818	-1237.679	210.8606	2.945177	1.142093	0.485471	0.514529	0.3640545
11406	-1040.835	-1251.627	210.792	2.882577	1.294316	0.485471	0.514529	0.3640545
11412	-1035.137	-1246.116	210.9798	3.030233	0.896911	0.381302	0.618698	0.3224552
11418	-1031.046	-1241.969	210.9223	2.824837	1.255552	0.48876	0.51124	0.4510381
11424	-1025.236	-1236.14	210.9042	2.824837	1.255552	0.391783	0.608217	0.3998287
11430	-1033.429	-1244.18	210.7504	2.824837	1.446441	0.463996	0.536004	0.3965015
11436	-1025.354	-1235.82	210.4655	2.824837	1.904241	0.750123	0.249877	0.4954766
11442	-1020.481	-1230.754	210.2726	2.824837	2.201954	0.433202	0.566798	0.6112209
11448	-1007.947	-1218.76	210.8132	2.75824	1.477588	0.414144	0.585856	0.55371
11454	-1027.032	-1238.093	211.0607	2.75824	1.160004	0.561722	0.438278	0.4153374
11460	-1035.803	-1247.02	211.2174	2.606385	1.171957	0.60955	0.39045	0.5194811
11466	-1017.709	-1229.546	211.8364	2.490548	0.6882763	0.442708	0.557292	0.5930603
11472	-1020.274	-1231.771	211.4972	2.466576	1.017293	0.57266	0.42734	0.5536863
11478	-1027.887	-1239.476	211.589	2.466576	0.9274208	0.412527	0.587473	0.5536863
11484	-1041.807	-1253.536	211.7289	2.404756	0.8227235	0.489691	0.510309	0.661277
11490	-1032.066	-1243.788	211.7221	2.42389	0.8163749	0.2549	0.7451	0.6508186
11496	-1026.83	-1238.286	211.4554	2.42389	0.9592182	0.406071	0.593929	0.8239581
11502	-1044.132	-1255.126	210.9944	2.377992	1.550044	0.475817	0.524183	0.8279708
11508	-1038.466	-1250.372	211.9058	2.193895	0.7295588	0.579905	0.420095	0.8739993
11514	-1049.992	-1261.529	211.5378	1.745478	0.4609671	0.451319	0.548681	1.857398
11520	-1041.03	-1252.614	211.5842	2.292607	0.8562231	0.500176	0.499824	0.9537327
11526	-1038.773	-1250.107	211.3334	2.292607	1.184287	0.621332	0.378668	0.8716935
11532	-1051.649	-1263.514	211.8653	2.330772	0.8024528	0.426193	0.573807	0.5476426
11538	-1023.024	-1234.856	211.8323	2.330772	0.7081544	0.378614	0.621386	0.8302926
11544	-1027.363	-1239.165	211.8018	2.397043	0.7722058	0.557275	0.442725	0.6498572
11550	-1018.982	-1230.921	211.9391	2.379838	0.7010419	0.562043	0.437957	0.5602821
11556	-1020.862	-1232.776	211.9145	2.411135	0.7010419	0.483605	0.516395	0.4939002
11562	-1009.892	-1221.841	211.9496	2.169084	0.7294116	0.416291	0.583709	0.8515475
11568	-1024.026	-1235.737	211.7112	2.169084	0.7266333	0.516499	0.483501	1.100954
11574	-1014.305	-1225.86	211.5554	2.109334	1.029183	0.516499	0.483501	0.9857631
11580	-1021.204	-1233.021	211.8165	2.150487	0.7804712	0.549591	0.450409	0.9514004
11586	-1025.375	-1237.094	211.7187	2.247102	0.8553167	0.607161	0.392839	0.8552372
11592	-1016.58	-1227.835	211.2557	2.201138	1.247501	0.444061	0.555939	0.9953668
11598	-1010.84	-1222.368	211.5282	2.18022	1.036207	0.438582	0.561418	0.9329083
11604	-1014.537	-1226.1	211.563	2.145483	1.036207	0.543159	0.456841	0.9329083
11610	-1026.581	-1237.65	211.0696	2.190266	1.437675	0.636519	0.363481	1.039283
11616	-1013.908	-1225.775	211.8675	2.102792	0.6272246	0.556658	0.443342	1.139462
11622	-1003.78	-1215.361	211.5804	2.050532	0.9038268	0.418349	0.581651	1.139462
11628	-1010.591	-1222.203	211.6123	2.050532	0.9756919	0.373382	0.626618	1.040342
11634	-1010.398	-1222.037	211.6388	2.154024	0.8341456	0.500285	0.499715	1.061966
11640	-1013.32	-1224.825	211.5044	2.001308	1.028062	0.373082	0.626918	1.137292
11646	-1023.385	-1234.673	211.2881	2.081306	1.025744	0.605323	0.394677	1.256372
11652	-1033.221	-1244.739	211.5184	2.16294	1.151151	0.415901	0.584099	0.8406101
11658	-1021.957	-1233.909	211.9526	2.082882	0.6525838	0.55989	0.44011	1.046895
11664	-997.2517	-1208.734	211.4827	2.261117	1.046429	0.392097	0.607903	0.8825312
11670	-1008.853	-1220.368	211.5149	2.149256	0.6961543	0.44467	0.55533	1.318932
11676	-1004.976	-1216.052	211.0756	1.871469	0.8152758	0.545625	0.454375	1.74373
11682	-1004.909	-1215.725	210.8156	1.651058	0.4241731	0.375951	0.624049	2.434008
11688	-1020.752	-1231.623	210.8708	2.025201	0.4249321	0.438664	0.561336	2.158612
11694	-1009.691	-1220.837	211.1458	2.025201	0.5559889	0.337414	0.662586	1.827727
11700	-1020.028	-1231.103	211.0749	2.079989	0.6073776	0.531736	0.468264	1.786046
11706	-1027.073	-1238.152	211.0781	2.123733	0.7022039	0.431597	0.568403	1.661675
11712	-1019.861	-1231.787	211.9264	2.040629	0.6612485	0.32391	0.67609	1.099985
11718	-1010.655	-1221.653	210.998	2.063396	1.102156	0.407955	0.592045	1.443216
11724	-1025.642	-1236.445	210.8026	1.72203	0.4991785	0.600914	0.399086	2.314184
11730	-1014.637	-1225.052	210.4153	1.72203	0.5096448	0.600914	0.399086	2.547193
11736	-1014.011	-1223.357	209.3463	1.44387	0.5096448	0.440962	0.559038	3.35911
11742	-1011.587	-1220.22	208.6326	1.399091	0.5406424	0.597227	0.402773	3.771496
11748	-1015.981	-1225.316	209.3349	1.685837	0.562465	0.484423	0.515577	3.173816
11754	-1018.28	-1227.63	209.3507	1.651108	0.5750604	0.490212	0.509788	3.173816
11760	-1014.894	-1225.753	210.8591	1.636397	0.476446	0.490212	0.509788	2.357009
11766	-1005.971	-1217.156	211.1843	1.654654	0.4987156	0.431119	0.568881	2.111543
11772	-1003.877	-1213.887	210.0094	1.707487	1.313801	0.431119	0.568881	2.244403
11778	-1005.156	-1215.549	210.3929	1.641604	0.7930683	0.515485	0.484515	2.365534
11784	-1028.954	-1239.781	210.8275	1.75527	0.4983937	0.577319	0.422681	2.277852
11790	-1034.72	-1245.305	210.5853	1.77117	0.6486011	0.496242	0.503758	2.277852
11796	-1025.675	-1237.726	212.0504	1.968683	0.3914943	0.414668	0.585332	1.419105
11802	-1024.695	-1236.458	211.7635	1.991219	0.543343	0.458833	0.541167	1.419105
11808	-1019.578	-1231.326	211.7487	1.838759	0.4865108	0.431203	0.568797	1.612802
11814	-1038.49	-1249.747	211.2565	1.813068	0.565071	0.646747	0.353253	1.887643
11820	-1028.95	-1239.581	210.6306	1.785127	0.565071	0.526174	0.473826	2.317039
11826	-1008.238	-1219.376	211.1381	1.791756	0.5674389	0.238948	0.761052	1.979461
11832	-1010.471	-1222.159	211.688	2.163092	0.5297042	0.462799	0.537201	1.360642
11838	-1014.275	-1226.061	211.7861	2.19177	0.7721213	0.51075	0.48925	0.9505791
11844	-1033.716	-1244.945	211.2286	1.903061	0.3277773	0.489131	0.510869	2.132464
11850	-1023.195	-1234.825	211.6304	1.850253	0.5775807	0.582274	0.417726	1.585439
11856	-1035.443	-1247.551	212.1082	1.926085	0.41452	0.645681	0.354319	1.372887
11862	-1013.22	-1224.638	211.4186	2.094332	0.4710909	0.369343	0.630657	1.68512
11868	-1023.612	-1235.476	211.8647	2.333075	0.4330936	0.655137	0.344863	1.211354
11874	-1023.739	-1236.071	212.3318	2.03761	0.3458101	0.474849	0.525151	1.211354
11880	-1013.403	-1224.224	210.8213	1.914446	0.4301448	0.55436	0.44564	2.255993
11886	-1017.568	-1229.21	211.6422	1.898789	0.5289211	0.50151	0.49849	1.596117
11892	-1018.391	-1229.948	211.5572	2.100553	0.6504639	0.451858	0.548142	1.372737
11898	-1048.865	-1260.671	211.8054	2.129778	0.465617	0.469525	0.530475	1.378209
11904	-1033.051	-1244.063	211.0122	1.960651	0.6373656	0.550022	0.449978	1.881963
11910	-1030.11	-1241.526	211.4163	1.960651	0.6065647	0.54638	0.45362	1.629831
11916	-1021.015	-1232.65	211.6354	2.045349	0.4205102	0.487573	0.512427	1.629831
11922	-1026.902	-1238.345	211.4424	1.711113	0.4330467	0.38263	0.61737	1.978945
11928	-1034.289	-1244.957	210.6682	1.697099	0.6014186	0.440013	0.559987	2.314814
11934	-1036.332	-1247.865	211.533	1.712887	0.5181345	0.556729	0.443271	1.81715
11940	-1018.974	-1230.247	211.2729	1.858478	0.5181345	0.445849	0.554151	1.895512
11946	-1012.215	-1222.862	210.6473	1.670526	0.5181345	0.466595	0.533405	2.425575
11952	-1032.543	-1242.652	210.1088	1.659025	0.8703539	0.562198	0.437802	2.477668
11958	-1027.346	-1237.943	210.5969	1.551013	0.5740526	0.501705	0.498295	2.477668
11964	-1020.695	-1231.525	210.83	1.56829	0.8294199	0.443892	0.556108	2.10375
11970	-1020.323	-1230.537	210.2149	1.619134	0.8507515	0.50914	0.49086	2.44993
11976	-1021.669	-1233.168	211.4985	1.852232	0.5982135	0.468112	0.531888	1.657369
11982	-1009.721	-1220.689	210.968	1.879979	0.749974	0.397579	0.602421	1.866408
11988	-1022.896	-1234.563	211.6669	1.932729	0.6018953	0.499279	0.500721	1.470397
11994	-1016.004	-1227.141	211.1369	1.896929	0.6018953	0.554067	0.445933	1.874802
12000	-1032.914	-1244.433	211.5184	1.930181	0.5281178	0.554067	0.445933	1.663729
12006	-1031.07	-1242.819	211.7489	1.853938	0.4317795	0.637441	0.362559	1.670772
12012	-1034.557	-1246.242	211.6844	2.141346	0.753371	0.5607	0.4393	1.120157
12018	-1034.215	-1245.79	211.5747	2.154911	0.7130148	0.519396	0.480604	1.247442
12024	-1032.657	-1243.848	211.1908	2.057973	0.8136566	0.397348	0.602652	1.527677
12030	-1024.892	-1236.694	211.8019	2.182707	0.5040985	0.397348	0.602652	1.286561
12036	-1038.988	-1250.482	211.4936	2.170745	0.8540407	0.362814	0.637186	1.158417
12042	-1025.895	-1237.33	211.4349	1.827916	0.5588152	0.534083	0.465917	1.761049
12048	-1014.768	-1225.628	210.8603	1.879141	0.5588152	0.521874	0.478126	2.114115
12054	-1021.536	-1232.198	210.6622	1.725308	0.5846659	0.472891	0.527109	2.316326
12060	-1013.297	-1223.791	210.4938	1.587479	0.5030223	0.498981	0.501019	2.588734
12066	-1031.863	-1241.971	210.108	1.662323	0.7183345	0.546388	0.453612	2.588734
12072	-1024.919	-1235.84	210.9209	2.094133	0.7480969	0.347619	0.652381	1.752585
12078	-1017.846	-1228.189	210.3429	1.816092	0.5815491	0.445674	0.554326	2.463702
12084	-1028.995	-1239.549	210.5534	1.727309	0.4651084	0.529253	0.470747	2.50451
12090	-1029.304	-1239.954	210.6494	1.692674	0.7946308	0.529253	0.470747	2.166979
12096	-1018.951	-1229.552	210.6005	1.692674	0.486304	0.529463	0.470537	2.47403
12102	-1013.834	-1224.146	210.3124	1.635964	0.8041156	0.383464	0.616536	2.411741
12108	-1016.667	-1227.92	211.2523	2.064115	0.8041156	0.383464	0.616536	1.485395
12114	-1014.16	-1225.968	211.8086	2.122221	0.4855453	0.569701	0.430299	1.354742
12120	-1028.243	-1240.003	211.7603	2.566345	0.5643528	0.13219	0.86781	0.8755345
12126	-1016.331	-1228.067	211.7366	2.34014	0.6308181	0.263916	0.736084	1.036289
12132	-1022.347	-1233.64	211.2927	2.10032	1.018447	0.575746	0.424254	1.242673
12138	-1027.892	-1239.707	211.8147	2.117754	0.7280548	0.672351	0.327649	1.050503
12144	-1027.122	-1238.468	211.3457	2.304717	1.076318	0.603288	0.396712	0.9537324
12150	-1015.666	-1227.047	211.3812	2.304717	1.180927	0.462951	0.537049	0.8008196
12156	-1024.244	-1235.625	211.3812	2.304717	1.180927	0.516049	0.483951	0.8008196
12162	-1022.015	-1233.945	211.9303	2.304717	0.7610465	0.38782	0.61218	0.5918251
12168	-1021.695	-1233.709	212.0143	2.259594	0.582466	0.423377	0.576623	0.9047131
12174	-1027.51	-1239.562	212.0527	2.114977	0.6358695	0.596009	0.403991	0.9368624
12180	-1027.807	-1239.407	211.6006	2.06113	0.41034	0.286227	0.713773	1.657256
12186	-1025.52	-1237.383	211.8633	2.052087	0.4841243	0.631417	0.368583	1.36885
12192	-1019.352	-1231.616	212.2642	2.207768	0.2887851	0.530173	0.469827	1.233163
12198	-1023.831	-1235.882	212.051	2.270682	0.5335252	0.408319	0.591681	0.9344493
12204	-1024.087	-1236.409	212.3213	1.951479	0.4574558	0.569213	0.430787	1.106902
12210	-1029.381	-1240.696	211.3148	2.101263	0.6521934	0.382346	0.617654	1.554589
12216	-1025.641	-1237.142	211.5005	2.101263	0.5263798	0.662018	0.337982	1.554589
12222	-1014.345	-1225.892	211.547	2.146693	0.703895	0.572462	0.427538	1.286784
12228	-1025.376	-1237.209	211.8336	2.211407	0.4297615	0.470058	0.529942	1.341947
12234	-1020.434	-1232.484	212.0501	2.0421	0.3499884	0.610423	0.389577	1.427716
12240	-1027.828	-1238.674	210.8458	1.995048	0.4144802	0.435036	0.564964	2.206978
12246	-1013.911	-1224.469	210.5586	1.69433	0.519361	0.513357	0.486643	2.465132
12252	-1013.345	-1223.797	210.4515	1.69433	0.5889576	0.462936	0.537064	2.465132
12258	-1021.85	-1233.064	211.2136	1.660905	0.7401013	0.600226	0.399774	1.85667
12264	-1022.673	-1233.162	210.4887	1.780665	0.838889	0.487683	0.512317	2.180767
12270	-1030.76	-1242.28	211.5201	1.716025	0.5632567	0.487683	0.512317	1.774984
12276	-1029.547	-1241.312	211.7653	1.943725	0.5632567	0.530065	0.469935	1.43072
12282	-1032.197	-1244.041	211.8435	1.688783	0.5632567	0.524882	0.475118	1.563413
12288	-1019.751	-1231.805	212.0544	1.87238	0.5618466	0.512163	0.487837	1.258949
12294	-1022.883	-1234.86	211.9764	1.96944	0.5780387	0.405924	0.594076	1.222551
12300	-1016.03	-1227.908	211.8781	2.108854	0.8449027	0.475361	0.524639	0.8438793
12306	-1017.291	-1229.275	211.9848	2.069251	0.7674986	0.24274	0.75726	0.8723763
12312	-1015.484	-1227.808	212.3237	2.103489	0.4623182	0.468579	0.531421	0.9479429
12318	-1008.306	-1220.543	212.2375	2.103489	0.5820235	0.39161	0.60839	0.8259067
12324	-1004.949	-1216.998	212.0489	1.898118	0.5820235	0.547848	0.452152	1.216513
12330	-1008.012	-1219.354	211.3422	2.017744	0.9403144	0.271211	0.728789	1.334562
12336	-999.0209	-1210.456	211.435	2.057786	0.835599	0.549126	0.450874	1.319927
12342	-1010.759	-1222.282	211.523	2.057786	1.068986	0.518433	0.481567	1.030963
12348	-1015.277	-1226.092	210.8153	2.21139	1.496543	0.504462	0.495538	1.20992
12354	-1012.094	-1223.77	211.6753	2.225203	0.7691988	0.504462	0.495538	1.032268
12360	-1017.294	-1229.659	212.3653	2.311144	0.4089958	0.631995	0.368005	0.7639121
12366	-1027.885	-1240.182	212.2971	2.290813	0.4089958	0.444059	0.555941	0.8774618
12372	-1019.777	-1231.61	211.8324	2.228398	0.6812951	0.47737	0.52263	0.9839144
12378	-1034.928	-1246.869	211.9407	1.892241	0.5842256	0.683275	0.316725	1.308268
12384	-1029.615	-1241.291	211.6755	1.781836	0.3624192	0.683275	0.316725	1.866088
12390	-1025.526	-1236.83	211.3042	1.781836	0.5751357	0.506816	0.493184	1.866088
12396	-1009.348	-1221.339	211.9917	1.830953	0.5749061	0.506816	0.493184	1.327772
12402	-1015.017	-1226.098	211.0809	1.502553	0.5608527	0.472424	0.527576	2.21356
12408	-1006.746	-1217.762	211.0164	1.751549	0.5706674	0.472424	0.527576	2.083621
12414	-1002.28	-1214.016	211.7366	1.856839	0.3434773	0.467482	0.532518	1.799794
12420	-1013.471	-1225.422	211.9508	1.943779	0.6879918	0.519573	0.480427	1.133202
12426	-1036.136	-1247.7	211.5645	2.14445	0.7494773	0.31375	0.68625	1.226186
12432	-1021.434	-1232.713	211.2788	1.967743	0.5700658	0.475526	0.524474	1.760504
12438	-1033.988	-1245.578	211.5904	1.914977	0.6025514	0.24054	0.75946	1.540298
12444	-1023.82	-1234.55	210.7295	1.693238	0.8701908	0.408731	0.591269	2.057379
12450	-1019.165	-1229.779	210.6138	1.603933	0.3418185	0.431472	0.568528	2.690394
12456	-1013.532	-1223.52	209.988	1.637917	0.6374388	0.447637	0.552363	2.743956
12462	-1011.882	-1222.769	210.8873	1.854578	0.8612868	0.31044	0.68956	1.84951
12468	-1027.989	-1239.818	211.8295	2.015035	0.544137	0.559525	0.440475	1.34785
12474	-1016.961	-1228.509	211.5483	2.138264	0.5602803	0.559525	0.440475	1.451399
12480	-1018.758	-1230.254	211.4959	2.142025	0.7017623	0.559525	0.440475	1.334119
12486	-1026.878	-1238.603	211.7243	2.073338	0.5054797	0.400628	0.599372	1.432698
12492	-1032.786	-1244.573	211.787	1.942228	0.5476113	0.525157	0.474843	1.433682
12498	-1028.694	-1239.689	210.9951	1.812499	0.8653368	0.468912	0.531088	1.801126
12504	-1031.415	-1242.414	210.9997	1.812499	0.7155099	0.451517	0.548483	1.920198
12510	-1028.872	-1239.364	210.4917	1.650901	0.6283815	0.488939	0.511061	2.431464
12516	-1008.87	-1219.617	210.747	1.562987	0.6131981	0.630897	0.369103	2.339236
12522	-1018.464	-1230.458	211.9939	1.676306	0.4995284	0.546887	0.453113	1.536211
12528	-1012.151	-1224.137	211.9854	1.881538	0.7293098	0.567751	0.432249	1.110037
12534	-1020.8	-1232.416	211.6164	2.046483	0.4198839	0.328278	0.671722	1.643494
12540	-1016.085	-1227.182	211.0972	1.749264	0.6580571	0.328278	0.671722	1.948251
12546	-1011.617	-1222.245	210.6282	1.749264	0.6580571	0.520263	0.479737	2.256073
12552	-1041.521	-1252.425	210.9039	1.590608	0.403214	0.381759	0.618241	2.441333
12558	-1039.465	-1249.164	209.6992	1.558221	0.4249784	0.561329	0.438671	3.169969
12564	-1044.085	-1254.109	210.0236	1.648822	0.6757825	0.333928	0.666072	2.683413
12570	-1034.416	-1245.989	211.5729	1.627712	0.4237777	0.403374	0.596626	1.958771
12576	-1031.145	-1241.55	210.4056	1.524138	0.7477981	0.411452	0.588548	2.466227
12582	-1038.983	-1250.033	211.0508	1.594253	0.5957797	0.434365	0.565635	2.139694
12588	-1029.62	-1240.901	211.2807	1.94713	0.594908	0.437988	0.562012	1.7478
12594	-1036.916	-1247.448	210.5319	1.838354	0.9512498	0.556165	0.443835	2.034589
12600	-1047.923	-1257.002	209.0787	1.775803	1.458096	0.308473	0.691527	2.714254
12606	-1031.134	-1241.809	210.675	1.90915	0.8329952	0.407374	0.592626	1.977963
12612	-1030.858	-1241.777	210.9194	1.873512	1.163887	0.38229	0.61771	1.601404
12618	-1019.971	-1231.686	211.7149	1.873512	0.7449401	0.518163	0.481837	1.329883
12624	-1034.648	-1245.466	210.8181	1.873512	0.7780191	0.518163	0.481837	1.949192
12630	-1031.678	-1242.881	211.2037	1.902768	0.5600913	0.337584	0.662416	1.867649
12636	-1035.472	-1246.357	210.8851	1.805393	0.6009161	0.578861	0.421139	2.105112
12642	-1038.478	-1248.589	210.1115	1.699345	0.7707493	0.472944	0.527056	2.52301
12648	-1025.922	-1235.941	210.0193	1.608284	0.7145194	0.376518	0.623482	2.679814
12654	-1030.46	-1241.464	211.0045	1.687155	0.7145194	0.482495	0.517505	2.001965
12660	-1033.021	-1243.844	210.8235	1.892754	0.7145194	0.584037	0.415963	1.985537
12666	-1042.299	-1253.771	211.4727	1.892754	0.7074255	0.4561	0.5439	1.537709
12672	-1035.027	-1246.705	211.6778	1.976355	0.8364099	0.361018	0.638982	1.184743
12678	-1052.199	-1263.826	211.6275	1.976355	0.8462068	0.265472	0.734528	1.218295
12684	-1051.404	-1262.715	211.3106	1.976355	0.6031852	0.466758	0.533242	1.697653
12690	-1034.575	-1243.001	208.426	1.535783	0.4199575	0.291583	0.708417	3.929866
12696	-1014.725	-1225.865	211.1394	1.766941	0.4199575	0.361094	0.638906	2.157845
12702	-1017.527	-1227.407	209.8797	1.568156	0.412612	0.531781	0.468219	3.070307
12708	-1025.061	-1232.884	207.8231	1.322676	0.6260599	0.477636	0.522364	4.205453
12714	-1022.006	-1231.182	209.1762	1.561296	0.7408554	0.477636	0.522364	3.196348
12720	-1024.921	-1234.633	209.7119	1.518364	0.5013024	0.477636	0.522364	3.106864
12726	-1020.971	-1233.022	212.0513	1.763735	0.4103497	0.44096	0.55904	1.545715
12732	-1030.916	-1242.709	211.7933	1.994708	0.4247876	0.551579	0.448421	1.545715
12738	-1010.063	-1221.719	211.6562	2.008001	0.4464141	0.429044	0.570956	1.607585
12744	-1026.223	-1238.343	212.1203	2.008001	0.405571	0.33087	0.66913	1.311448
12750	-1014.276	-1225.787	211.5115	1.849961	0.7765656	0.357978	0.642022	1.476177
12756	-1012.737	-1224.194	211.4572	2.166422	0.8935281	0.4171	0.5829	1.155776
12762	-1010.546	-1222.095	211.5489	2.249056	0.8961736	0.38767	0.61233	0.9895683
12768	-1014.281	-1225.865	211.584	2.213962	0.8961736	0.551753	0.448247	0.9895683
12774	-1017.528	-1229.165	211.6374	2.213962	0.7312243	0.454287	0.545713	1.121976
12780	-1020.351	-1231.872	211.5206	2.134008	0.7710315	0.348204	0.651796	1.249597
12786	-1020.846	-1232.345	211.4989	2.134008	0.4770319	0.454806	0.545194	1.591459
12792	-1018.076	-1228.697	210.621	1.661799	0.6281901	0.494442	0.505558	2.342987
12798	-1030.383	-1240.899	210.5151	1.767651	0.6281901	0.399823	0.600177	2.342987
12804	-1040.769	-1252.165	211.396	1.837207	0.3781407	0.333328	0.666672	1.995757
12810	-1044.579	-1255.741	211.1619	1.773574	0.5478069	0.577625	0.422375	1.995757
12816	-1042.41	-1254.284	211.8737	1.74888	0.4765028	0.524852	0.475148	1.599602
12822	-1040.487	-1251.314	210.8278	1.450859	0.4254442	0.382843	0.617157	2.550138
12828	-1046.408	-1257.528	211.1202	1.604576	0.6198857	0.460013	0.539987	2.06465
12834	-1039.601	-1251.246	211.6451	1.779771	0.6198857	0.460013	0.539987	1.581205
12840	-1036.633	-1247.569	210.9355	1.739804	1.25669	0.443069	0.556931	1.62832
12846	-1015.593	-1226.371	210.7778	1.607568	1.096886	0.406144	0.593856	1.928677
12852	-1027.143	-1238.347	211.2035	1.650174	0.4483991	0.617091	0.382909	2.158397
12858	-1011.745	-1223.028	211.2832	1.794112	0.500784	0.55562	0.44438	1.951181
12864	-1013.718	-1225.465	211.747	1.888427	0.4256582	0.518192	0.481808	1.655519
12870	-1013.396	-1225.451	212.0552	1.888427	0.3404972	0.37321	0.62679	1.554682
12876	-1022.029	-1233.869	211.8401	1.97795	0.4014084	0.612828	0.387172	1.556109
12882	-1032.271	-1243.799	211.528	2.030481	0.6597775	0.411006	0.588994	1.439896
12888	-1047.712	-1259.66	211.9479	2.011129	0.6857411	0.448081	0.551919	1.07702
12894	-1044.347	-1256.297	211.9493	2.043881	0.6202744	0.513167	0.486833	1.127807
12900	-1019.13	-1230.012	210.8827	2.135307	1.350418	0.576383	0.423617	1.30982
12906	-1031.596	-1242.323	210.7273	2.147523	1.596044	0.331019	0.668981	1.277216
12912	-1029.344	-1240.159	210.815	2.147523	1.559938	0.474387	0.525613	1.225403
12918	-1015.486	-1226.366	210.8801	2.10309	1.47648	0.416431	0.583569	1.258976
12924	-1009.191	-1220.441	211.2498	2.271979	1.325818	0.369847	0.630153	0.8538027
12930	-1017.607	-1229.408	211.801	2.309249	0.7925052	0.568495	0.431505	0.7607599
12936	-1017.181	-1228.921	211.7401	2.309249	0.9043552	0.291854	0.708146	0.6469454
12942	-1025.35	-1237.077	211.7269	2.309249	0.9043552	0.258253	0.741747	0.6741478
12948	-1018.823	-1230.316	211.493	2.309249	1.021269	0.4081	0.5919	0.8421282
12954	-1032.338	-1244.42	212.0822	2.341178	0.6162756	0.589964	0.410036	0.5999141
12960	-1018.551	-1230.545	211.9942	2.266401	0.6484951	0.337062	0.662938	0.807089
12966	-1010.289	-1222.046	211.7571	2.289575	0.8723546	0.505394	0.494606	0.7175934
12972	-1010.944	-1222.194	211.2499	2.31516	1.347379	0.504994	0.495006	0.7753271
12978	-1011.659	-1222.86	211.2002	2.502999	1.219004	0.562542	0.437458	0.7277052
12984	-1015.722	-1227.087	211.3657	2.502999	1.1176	0.495002	0.504998	0.5509587
12990	-1019.262	-1230.63	211.3675	2.360201	1.217946	0.509324	0.490676	0.6876275
12996	-1017.371	-1228.745	211.3742	2.360201	1.204427	0.364106	0.635894	0.696527
13002	-1022.457	-1233.838	211.3807	2.374484	1.180731	0.455969	0.544031	0.696527
13008	-1020.725	-1231.821	211.0968	2.374484	1.551675	0.559989	0.440011	0.67815
13014	-1043.413	-1254.3	210.8867	2.539519	1.682493	0.442997	0.557003	0.5564962
13020	-1040.877	-1251.443	210.5662	2.749207	1.8621	0.546171	0.453829	0.5210458
13026	-1044.145	-1254.642	210.4964	2.749207	1.9779	0.270134	0.729866	0.4839801
13032	-1032.253	-1242.623	210.3692	2.875867	1.9779	0.504044	0.495956	0.5228707
13038	-1040.515	-1251.337	210.8227	2.76955	1.456929	0.356587	0.643413	0.5035858
13044	-1039.582	-1251.114	211.5313	2.286262	1.012791	0.469791	0.530209	0.8335529
13050	-1037.892	-1249.398	211.5063	2.202899	1.053576	0.331268	0.668732	0.9137577
13056	-1051.731	-1263.22	211.4886	2.180244	1.053576	0.35614	0.64386	0.9570959
13062	-1027.641	-1239.74	212.0992	2.32842	0.610415	0.517211	0.482789	0.6119582
13068	-1007.52	-1219.645	212.1253	2.250872	0.610415	0.559626	0.440374	0.7166144
13074	-1015.691	-1227.879	212.1881	2.338059	0.4592663	0.325077	0.674923	0.8416637
13080	-1012.821	-1224.447	211.6259	2.20041	0.8724718	0.640111	0.359889	0.9871486
13086	-1008.676	-1220.846	212.1707	2.080951	0.5506618	0.464943	0.535057	0.979734
13092	-1008.26	-1219.906	211.6465	2.043367	0.8596575	0.424585	0.575415	1.130164
13098	-1012.941	-1224.767	211.8261	2.026999	0.750722	0.50256	0.49744	1.098286
13104	-1019.071	-1230.207	211.1357	1.854688	0.9757992	0.414302	0.585698	1.58797
13110	-1014.728	-1225.931	211.2028	1.967395	0.565458	0.681818	0.318182	1.818312
13116	-1010.057	-1221.416	211.3586	1.797001	0.5487073	0.56785	0.43215	1.846046
13122	-1010.918	-1222.872	211.9537	2.016531	0.4237093	0.485606	0.514394	1.409525
13128	-1015.279	-1226.904	211.625	1.920393	0.6737815	0.432135	0.567865	1.435423
13134	-1030.869	-1241.345	210.4758	1.696939	1.061466	0.485449	0.514551	2.092472
13140	-1045.495	-1256.232	210.7376	1.931024	1.602148	0.485449	0.514551	1.437184
13146	-1031.315	-1242.451	211.1361	1.832187	1.119692	0.41427	0.58573	1.501478
13152	-1037.127	-1247.121	209.9938	1.547553	0.4239879	0.488469	0.511531	3.001625
13158	-1025.482	-1235.409	209.9276	1.547553	0.594092	0.488469	0.511531	2.87331
13164	-1011.669	-1221.863	210.1943	1.60676	0.797133	0.514848	0.485152	2.509374
13170	-1016.932	-1226.739	209.8074	1.465781	0.4278874	0.557989	0.442011	3.157414
13176	-1011.276	-1221.246	209.9705	1.415113	0.4630508	0.461595	0.538405	3.05285
13182	-1027.491	-1237.113	209.6219	1.54909	0.4630508	0.461595	0.538405	3.180672
13188	-1018.058	-1227.544	209.4852	1.687348	0.6946553	0.556166	0.443834	2.971935
13194	-1027.801	-1237.063	209.2622	1.662124	0.7115757	0.500699	0.499301	3.107325
13200	-1010.003	-1219.988	209.9851	1.615825	0.7446678	0.323722	0.676278	2.67279
13206	-1010.331	-1221.347	211.0156	1.576893	0.5439239	0.53976	0.46024	2.224538
13212	-1017.108	-1227.582	210.4744	1.614065	0.7748208	0.484726	0.515274	2.345181
13218	-1029.76	-1240.319	210.5594	1.699114	0.5362247	0.573223	0.426777	2.444776
13224	-1028.638	-1239.954	211.3163	1.750392	0.6278662	0.386112	0.613888	1.826828
13230	-1038.215	-1247.884	209.6695	1.906044	2.006634	0.437291	0.562709	2.026592
13236	-1029.852	-1240.333	210.4807	1.656172	0.988859	0.363054	0.636946	2.162516
13242	-1040.603	-1251.129	210.5263	1.713816	1.040493	0.548886	0.451114	2.061431
13248	-1041.909	-1253.321	211.4124	1.703104	0.6909539	0.372999	0.627001	1.733243
13254	-1042.317	-1252.121	209.8047	1.783833	0.4874041	0.319061	0.680939	2.905905
13260	-1034.675	-1245.159	210.4842	1.820794	0.5732948	0.38836	0.61164	2.379491
13266	-1035.536	-1245.959	210.4229	1.647782	0.527117	0.425706	0.574294	2.571097
13272	-1022.795	-1233.317	210.5214	1.665201	0.607591	0.467562	0.532438	2.422397
13278	-1018.651	-1229.252	210.6011	1.819081	0.4602271	0.647047	0.352953	2.422397
13284	-1016.034	-1227.17	211.1355	1.820512	0.4685497	0.505259	0.494741	2.068161
13290	-1020.425	-1231.551	211.1264	1.598552	0.5025393	0.488069	0.511931	2.181777
13296	-1027.334	-1238.634	211.2995	1.698691	0.5025393	0.59321	0.40679	2.002223
13302	-1027.591	-1237.975	210.3842	1.745548	0.5420766	0.515438	0.484562	2.519658
13308	-1010.859	-1221.483	210.6236	1.791166	0.4673874	0.58947	0.41053	2.417945
13314	-1012.72	-1223.34	210.6196	1.9929	0.5253374	0.297264	0.702736	2.230554
13320	-1019.5	-1229.81	210.3097	1.558993	0.7050633	0.530124	0.469876	2.538204
13326	-1018.077	-1227.898	209.8212	1.558993	0.3416965	0.476249	0.523751	3.195342
13332	-1017.924	-1227.313	209.3895	1.626918	0.5417926	0.431918	0.568082	3.195342
13338	-1010.005	-1219.119	209.114	1.843114	0.5806359	0.431918	0.568082	3.195342
13344	-1012.136	-1221.725	209.5884	1.567678	0.4574306	0.489716	0.510284	3.195342
13350	-1011.086	-1221.753	210.6677	1.643783	0.3544949	0.532782	0.467218	2.616159
13356	-1012.321	-1222.814	210.4921	1.481148	0.484437	0.406699	0.593301	2.674529
13362	-997.1763	-1207.591	210.4145	1.570154	0.3069179	0.318039	0.681961	2.879602
13368	-996.2789	-1207.742	211.4629	1.739551	0.4913607	0.489404	0.510596	1.877079
13374	-1010.139	-1221.227	211.088	1.783751	0.4803885	0.594122	0.405878	2.110216
13380	-1002.719	-1213.696	210.9769	1.783751	0.4501452	0.480838	0.519162	2.216686
13386	-1010.312	-1221.606	211.2942	1.716314	0.4501452	0.365513	0.634487	2.053549
13392	-1013.73	-1224.886	211.1563	1.770123	0.3113846	0.549939	0.450061	2.288799
13398	-1014.014	-1225.322	211.3082	1.770123	0.5318241	0.546264	0.453736	1.916633
13404	-999.2011	-1210.493	211.2922	1.799995	0.5593941	0.492494	0.507506	1.878098
13410	-1004.294	-1214.497	210.2024	1.69222	0.371751	0.574317	0.425683	2.84959
13416	-1014.758	-1225.17	210.4122	1.757052	0.6397389	0.574317	0.425683	2.404659
13422	-1005.711	-1216.305	210.594	1.608887	0.4037343	0.478246	0.521754	2.622406
13428	-1007.384	-1218.63	211.2455	1.608887	0.6930617	0.481038	0.518962	1.911345
13434	-1006.669	-1218.341	211.6719	1.93546	0.6261249	0.46432	0.53568	1.438087
13440	-1016.558	-1227.896	211.3376	1.65777	0.6548444	0.262942	0.737058	1.850156
13446	-1010.209	-1221.868	211.6588	1.721712	0.6177937	0.377036	0.622964	1.615642
13452	-1007.452	-1218.38	210.928	1.721712	0.3960086	0.593987	0.406013	2.35206
13458	-1008.281	-1219.115	210.8342	1.582002	0.5264881	0.514719	0.485281	2.354905
13464	-1020.55	-1231.197	210.647	2.05419	0.6789456	0.617453	0.382547	2.026538
13470	-1001.57	-1213.015	211.4456	2.035701	0.5584638	0.606557	0.393443	1.606058
13476	-1013.78	-1224.926	211.1463	2.081552	0.7500782	0.496932	0.503068	1.599149
13482	-1024.606	-1235.952	211.3466	1.952964	0.4615024	0.459057	0.540943	1.845586
13488	-1014.493	-1225.949	211.4563	2.035923	0.5274157	0.525529	0.474471	1.633163
13494	-1005.208	-1216.412	211.2037	2.018877	0.4907365	0.294698	0.705302	1.864062
13500	-1013.852	-1225.045	211.1929	2.042444	0.4831796	0.294698	0.705302	1.864062
13506	-1017.256	-1228.835	211.5796	2.160639	0.4406236	0.465966	0.534034	1.559642
13512	-1023.696	-1235.001	211.3051	1.731387	0.3002787	0.36606	0.63394	2.23455
13518	-1037.98	-1249.015	211.0347	1.683213	0.4960689	0.404562	0.595438	2.193236
13524	-1032.675	-1243.682	211.0071	1.737229	0.4812538	0.547295	0.452705	2.192276
13530	-1024.008	-1233.872	209.8634	1.739406	0.4813806	0.464415	0.535585	2.903412
13536	-1011.471	-1223.571	212.0998	1.71912	0.4034099	0.374481	0.625519	1.552615
13542	-1007.098	-1218.75	211.6516	2.037949	0.4170819	0.512414	0.487586	1.628077
13548	-1001.957	-1212.639	210.6827	1.71101	0.5911894	0.394106	0.605894	2.306225
13554	-1011.971	-1222.403	210.4326	1.782463	0.4891792	0.501838	0.498162	2.519835
13560	-1010.381	-1221.54	211.1594	1.785507	0.2984905	0.607648	0.392352	2.295986
13566	-1016.813	-1227.751	210.938	1.739678	0.2790472	0.564181	0.435819	2.494267
13572	-1020.329	-1231.513	211.1838	1.80661	0.380074	0.439723	0.560277	2.153214
13578	-1003.209	-1213.109	209.9007	1.784016	0.6225242	0.516035	0.483965	2.720765
13584	-1001.698	-1212.499	210.8005	1.608815	0.5508786	0.286862	0.713138	2.334958
13590	-1018.247	-1228.584	210.3372	1.615186	0.579896	0.542458	0.457542	2.59403
13596	-1007.024	-1218.131	211.1073	1.587428	0.3969252	0.416973	0.583027	2.322279
13602	-1023.103	-1233.762	210.6598	1.704829	0.3870372	0.456036	0.543964	2.54222
13608	-1034.406	-1244.582	210.176	1.662538	0.6092155	0.409533	0.590467	2.637908
13614	-1006.691	-1217.899	211.2076	1.654463	0.6527836	0.413978	0.586022	1.942606
13620	-993.8652	-1205.242	211.3771	1.898025	0.5188135	0.620705	0.379295	1.796187
13626	-1004.992	-1216.447	211.4546	1.54584	0.5238528	0.389349	0.610651	1.977558
13632	-1008.218	-1219.878	211.6599	1.724417	0.4458925	0.415968	0.584032	1.806258
13638	-991.178	-1202.286	211.1076	1.699583	0.5151494	0.520931	0.479069	2.114751
13644	-1000.231	-1210.813	210.5822	1.59744	0.6341391	0.373779	0.626221	2.403067
13650	-992.4098	-1203.488	211.0781	1.863152	0.655383	0.458493	0.541507	1.886602
13656	-997.5516	-1209.36	211.8087	2.02116	0.5060546	0.533671	0.466329	1.407147
13662	-1021.677	-1233.633	211.9564	2.277312	0.4438798	0.455977	0.544023	1.163457
13668	-1014.001	-1226.04	212.039	2.277312	0.6898862	0.532533	0.467467	0.6177166
13674	-1033.258	-1245.154	211.896	2.43559	0.6898862	0.295413	0.704587	0.5687938
13680	-1034	-1245.786	211.7857	2.317683	0.6898862	0.524431	0.475569	0.9273341
13686	-1024.103	-1235.467	211.3638	2.317683	1.13379	0.35547	0.64453	0.8595286
13692	-1017.074	-1227.711	210.6368	2.317683	1.711583	0.478576	0.521424	1.142239
13698	-1017.759	-1229.167	211.4077	2.317683	0.9764171	0.557028	0.442972	0.9775992
13704	-1008.178	-1219.405	211.2265	2.049153	1.236779	0.479745	0.520255	1.172264
13710	-1022.846	-1234.566	211.7202	2.107413	0.7054163	0.403648	0.596352	1.172264
13716	-1024.081	-1235.848	211.7668	2.042456	0.719726	0.301413	0.698587	1.172264
13722	-1016.006	-1227.204	211.1983	1.763288	0.6440219	0.430666	0.569334	1.883357
13728	-1023.776	-1235.309	211.5335	1.681994	0.4397583	0.330758	0.669242	1.929102
13734	-1004.288	-1215.256	210.968	1.534074	0.5255449	0.487793	0.512207	2.301224
13740	-1018.27	-1229.427	211.1567	1.760915	0.5261595	0.564399	0.435601	2.030298
13746	-1010.25	-1221.223	210.973	1.92725	0.6059066	0.545281	0.454719	1.961192
13752	-1026.546	-1238.192	211.6456	1.93946	0.6586389	0.309691	0.690309	1.420626
13758	-1027.76	-1238.99	211.2295	2.039466	0.9399971	0.401879	0.598121	1.40652
13764	-1032.498	-1243.127	210.6287	1.780545	0.7950074	0.380184	0.619816	2.122885
13770	-1017.367	-1228.404	211.0361	1.888426	0.5888505	0.555431	0.444569	1.961597
13776	-1014.535	-1225.678	211.1427	1.974724	0.736047	0.329179	0.670821	1.691069
13782	-1008.394	-1219.384	210.99	1.941968	0.6353034	0.593611	0.406389	1.911723
13788	-1011.529	-1222.377	210.8478	1.904632	0.5114249	0.511716	0.488284	2.15446
13794	-1026.99	-1238.408	211.4182	1.647213	0.6914805	0.574663	0.425337	1.767831
13800	-1027.279	-1237.994	210.7145	1.890998	0.743086	0.469211	0.530789	2.035244
13806	-1020.947	-1231.292	210.3452	1.734572	1.069829	0.488756	0.511244	2.148077
13812	-1010.054	-1221.146	211.092	1.734572	0.7836365	0.490987	0.509013	1.853032
13818	-1014.973	-1225.563	210.5897	1.983275	0.8234791	0.307433	0.692567	1.992772
13824	-1006.929	-1218.534	211.605	1.996887	0.4481286	0.592849	0.407151	1.650311
13830	-1016.59	-1227.329	210.7397	1.852442	0.7936367	0.488116	0.511884	2.003254
13836	-1011.044	-1222.636	211.5925	1.963015	0.8283401	0.545233	0.454767	1.275604
13842	-1014.764	-1226.65	211.8866	2.117455	0.7327621	0.572571	0.427429	0.9739027
13848	-1019.166	-1231.524	212.3584	2.021232	0.4315873	0.481185	0.518815	1.050593
13854	-1002.789	-1214.426	211.6375	1.946219	0.6471763	0.464695	0.535305	1.433754
13860	-1023.207	-1234.483	211.275	2.279846	1.291372	0.381146	0.618854	0.8477805
13866	-1024.263	-1235.379	211.1159	2.091408	1.422179	0.381146	0.618854	1.0998
13872	-1016.289	-1228.021	211.7315	1.992314	0.8826408	0.479061	0.520939	1.075764
13878	-1005.57	-1217.832	212.2625	2.063123	0.5791028	0.355911	0.644089	0.8502867
13884	-1020.632	-1232.331	211.6986	2.182078	0.8879095	0.397265	0.602735	0.911791
13890	-993.0651	-1204.716	211.651	2.204663	0.8879095	0.529839	0.470161	0.9389996
13896	-998.2239	-1209.994	211.7703	2.335974	0.7263181	0.534274	0.465726	0.8710952
13902	-996.3991	-1208.049	211.6499	2.077347	0.8835739	0.342118	0.657882	1.071623
13908	-1006.151	-1217.969	211.8183	2.071539	0.7096544	0.516288	0.483712	1.112038
13914	-1009.157	-1220.58	211.4229	1.986949	0.9351829	0.405309	0.594691	1.29873
13920	-1015.462	-1227.376	211.9139	2.031508	0.7512016	0.405309	0.594691	1.009868
13926	-1007.588	-1218.95	211.3611	2.043163	1.025819	0.552483	0.447517	1.227168
13932	-1015.612	-1226.441	210.8283	2.043163	1.458134	0.374198	0.625802	1.360433
13938	-1013.108	-1223.757	210.6488	1.770894	1.400472	0.432463	0.567537	1.727828
13944	-1029.807	-1241.315	211.5081	2.000913	0.5519586	0.364393	0.635607	1.59314
13950	-1027.443	-1239.317	211.8741	1.882442	0.513763	0.366997	0.633003	1.453845
13956	-1027.726	-1239.241	211.5146	2.076624	0.513763	0.504368	0.495632	1.577245
13962	-1003.973	-1215.501	211.5278	2.173466	0.5061519	0.308061	0.691939	1.504964
13968	-1022.466	-1233.758	211.2917	2.151091	0.47421	0.416766	0.583234	1.730878
13974	-1016.006	-1227.445	211.4381	1.896274	0.4510293	0.526399	0.473601	1.834343
13980	-1022.533	-1233.563	211.0305	1.783311	0.4024059	0.526399	0.473601	2.239263
13986	-1025.756	-1237.56	211.8034	2.042851	0.4846882	0.526399	0.473601	1.421921
13992	-1026.767	-1238.227	211.4605	1.961531	0.4606588	0.455015	0.544985	1.761906
13998	-1033.398	-1245.15	211.7513	1.975645	0.5004293	0.460323	0.539677	1.492722
14004	-1012.159	-1223.836	211.6764	2.103672	0.4200806	0.435642	0.564358	1.55801
14010	-1018.5	-1230.39	211.8902	1.985269	0.3987714	0.442181	0.557819	1.51735
14016	-1017.084	-1228.939	211.8554	2.159315	0.388763	0.449149	0.550851	1.426601
14022	-1015.267	-1227.389	212.1224	2.124332	0.4472739	0.472634	0.527366	1.146598
14028	-1027.366	-1239.367	212.0011	2.124332	0.2397247	0.41935	0.58065	1.598019
14034	-1013.776	-1225.379	211.6024	2.115176	0.6057057	0.349854	0.650146	1.375217
14040	-1036.254	-1247.546	211.2924	2.15702	0.6296452	0.564355	0.435645	1.553066
14046	-1037.646	-1249.45	211.804	2.30907	0.6296452	0.318891	0.681109	1.002202
14052	-1033.733	-1245.037	211.3038	2.188992	0.7577168	0.547913	0.452087	1.392936
14058	-1027.331	-1238.721	211.3899	2.152342	0.5445186	0.236319	0.763681	1.577259
14064	-1037.399	-1248.816	211.4167	2.011868	0.4326045	0.469099	0.530901	1.792269
14070	-1057.127	-1268.118	210.9909	1.593734	0.6671894	0.626539	0.373461	2.113742
14076	-1056.764	-1267.341	210.5775	1.795595	0.4742503	0.45648	0.54352	2.43675
14082	-1051.307	-1262.376	211.0681	1.795595	0.6325415	0.466236	0.533764	1.960319
14088	-1025.452	-1236.588	211.1351	1.966559	0.5357095	0.534598	0.465402	1.896653
14094	-1018.066	-1229.219	211.1523	1.949447	0.5357095	0.387623	0.612377	1.896653
14100	-1016.48	-1227.885	211.4052	1.996679	0.4181423	0.603371	0.396629	1.829156
14106	-1019.927	-1231.474	211.5468	2.063945	0.6235649	0.466468	0.533532	1.438268
14112	-1019.555	-1231.445	211.8905	2.063945	0.5347984	0.597618	0.402382	1.270748
14118	-1034.35	-1246.278	211.9278	2.084068	0.4020971	0.597618	0.402382	1.408809
14124	-997.2133	-1209.002	211.7883	2.042531	0.5180665	0.551314	0.448686	1.391205
14130	-998.8502	-1210.935	212.0846	1.970779	0.6347317	0.369195	0.630805	1.051492
14136	-1008.719	-1220.243	211.5243	1.822333	0.7997303	0.421905	0.578095	1.466481
14142	-1011.234	-1223.178	211.9439	1.842837	0.5073033	0.607906	0.392094	1.438771
14148	-1006.674	-1217.942	211.268	1.778911	0.572878	0.31629	0.68371	1.895017
14154	-1019.451	-1230.491	211.0396	1.916747	0.8476435	0.513205	0.486795	1.711042
14160	-1022.839	-1234.107	211.2673	2.050801	0.7021965	0.459489	0.540511	1.577546
14166	-1014.915	-1226.542	211.6275	1.918183	0.4755407	0.456203	0.543797	1.656325
14172	-1037.41	-1249.599	212.1889	1.764766	0.3219429	0.45467	0.54533	1.577112
14178	-1039.234	-1250.27	211.0358	1.83453	0.632203	0.500782	0.499218	1.95616
14184	-1027.837	-1238.656	210.8186	1.827203	0.6183654	0.500094	0.499906	2.117949
14190	-1003.697	-1214.55	210.8529	1.664263	0.4314837	0.3815	0.6185	2.393634
14196	-1006.438	-1217.479	211.0409	1.536812	0.2634698	0.483253	0.516747	2.580595
14202	-1008.477	-1217.906	209.4289	1.681422	0.8097601	0.627414	0.372586	2.923716
14208	-1005.846	-1216.658	210.8122	1.66598	0.5419479	0.411495	0.588505	2.299888
14214	-1014.733	-1225.467	210.7341	1.648556	0.7496333	0.465811	0.534189	2.176069
14220	-1017.946	-1228.645	210.6988	1.694951	0.7085458	0.458579	0.541421	2.202487
14226	-1025.004	-1236.227	211.2233	1.747268	0.6208094	0.355192	0.644808	1.899375
14232	-1020.713	-1231.722	211.0088	1.68575	0.5396103	0.19154	0.80846	2.162823
14238	-1021.613	-1232.596	210.9831	1.68575	0.8405151	0.295237	0.704763	1.915184
14244	-1018.349	-1228.99	210.6401	1.815146	0.9640309	0.51397	0.48603	1.969134
14250	-1016.434	-1227.45	211.016	1.61454	0.6344433	0.452184	0.547816	2.113105
14256	-1018.856	-1230.629	211.7724	1.903113	0.6572687	0.386875	0.613125	1.351346
14262	-1014.462	-1226.466	212.0047	1.934059	0.6923782	0.299073	0.700927	1.08777
14268	-1027.785	-1239.624	211.8385	2.142709	0.6232733	0.440144	0.559856	1.134766
14274	-1032.519	-1244.398	211.8793	2.041535	0.7643535	0.528122	0.471878	1.01819
14280	-1025.721	-1237.528	211.8067	2.062808	0.8072451	0.472123	0.527877	1.01819
14286	-1026.359	-1238.247	211.8883	2.062808	0.8072451	0.469353	0.530647	0.9345144
14292	-1026.803	-1238.71	211.9066	1.962666	0.6366093	0.345739	0.654261	1.215891
14298	-1030.589	-1242.068	211.4794	1.876953	0.6180436	0.417522	0.582478	1.632837
14304	-1030.609	-1242.062	211.4531	1.877765	0.3831665	0.241914	0.758086	1.923485
14310	-1036.73	-1248.502	211.772	1.812584	0.4452864	0.611782	0.388218	1.666344
14316	-1023.213	-1234.52	211.3064	1.818494	0.4452864	0.511657	0.488343	1.983267
14322	-1019.182	-1230	210.8186	1.95872	0.5847617	0.467109	0.532891	2.063577
14328	-1020.364	-1232.046	211.6821	2.149077	0.4924342	0.439686	0.560314	1.42353
14334	-1030.4	-1242.203	211.8022	2.138996	0.4924342	0.589969	0.410031	1.337279
14340	-1035.69	-1246.86	211.1704	1.928478	0.6106238	0.506346	0.493654	1.82158
14346	-1032.283	-1244.248	211.9652	2.046186	0.4278894	0.55075	0.44925	1.371341
14352	-1034.394	-1245.997	211.6037	1.970396	0.4372184	0.484591	0.515409	1.684228
14358	-1014.878	-1225.733	210.8551	1.970396	0.6472484	0.435247	0.564753	1.972252
14364	-1031.649	-1242.707	211.0578	1.882778	0.5530068	0.349268	0.650732	1.98703
14370	-1008.596	-1220.23	211.6335	1.956108	0.4615782	0.485593	0.514407	1.642128
14376	-1020.513	-1231.637	211.1238	1.885251	0.5547941	0.557235	0.442765	1.939258
14382	-1015.643	-1227.409	211.7661	1.996794	0.3644969	0.420195	0.579805	1.649423
14388	-1034.154	-1245.42	211.2668	1.928431	0.4743653	0.433568	0.566432	1.901584
14394	-1026.842	-1238.016	211.1742	1.91984	0.5359736	0.40973	0.59027	1.901584
14400	-1024.068	-1235.57	211.5025	2.022557	0.5359736	0.530209	0.469791	1.599567
14406	-1026.326	-1237.734	211.4079	2.066801	0.6630757	0.537468	0.462532	1.499981
14412	-1013.572	-1225.438	211.8658	2.014772	0.3897899	0.351928	0.648072	1.526569
14418	-1016.333	-1228.367	212.0348	2.138499	0.3897899	0.569375	0.430625	1.299732
14424	-1020.389	-1231.877	211.4876	2.037945	0.5668499	0.413609	0.586391	1.564394
14430	-1015.347	-1226.436	211.0896	1.9442	0.6206951	0.627732	0.372268	1.856372
14436	-1037.561	-1249.194	211.6334	1.926443	0.6290049	0.408851	0.591149	1.471258
14442	-1027.07	-1238.065	210.9946	1.854471	0.7363314	0.468777	0.531223	1.877294
14448	-1015.29	-1226.326	211.0355	1.648587	0.8767284	0.671903	0.328097	1.877294
14454	-1012.948	-1224.523	211.5757	1.816943	0.5423537	0.351845	0.648155	1.687574
14460	-1012.737	-1223.152	210.4145	1.765217	0.5894764	0.364543	0.635457	2.443357
14466	-1019.283	-1229.774	210.4912	1.972909	0.4024513	0.538595	0.461405	2.461349
14472	-1013.882	-1224.881	210.9985	1.971936	0.5201721	0.438994	0.561006	2.001596
14478	-1006.505	-1217.491	210.9854	1.929495	0.4363593	0.387507	0.612493	2.132603
14484	-1020.461	-1231.76	211.2983	1.810334	0.5448664	0.644371	0.355629	1.882176
14490	-1006.662	-1216.925	210.2634	1.640954	0.6496568	0.453654	0.546346	2.561941
14496	-1007.004	-1217.985	210.9816	1.633229	0.6452876	0.453654	0.546346	2.113518
14502	-1016.714	-1226.825	210.1102	1.728514	0.4357266	0.453654	0.546346	2.809006
14508	-1025.129	-1234.85	209.7211	1.489474	0.3247204	0.453654	0.546346	3.317316
14514	-1018.384	-1228.6	210.2162	1.61657	0.4898807	0.670568	0.329432	2.755004
14520	-996.1018	-1207.068	210.9659	1.695224	0.4153601	0.501318	0.498682	2.32126
14526	-1002.798	-1213.573	210.7752	1.671882	0.4153601	0.583779	0.416221	2.456636
14532	-1014.782	-1225.026	210.2444	1.64999	0.4328741	0.582029	0.417971	2.778296
14538	-1024.539	-1235.664	211.1248	1.805257	1.120888	0.327366	0.672634	1.529183
14544	-1015.364	-1225.851	210.4872	1.584921	1.135704	0.534501	0.465499	2.113121
14550	-1026.228	-1236.858	210.6302	1.675628	0.5147895	0.376246	0.623754	2.436524
14556	-1022.652	-1232.87	210.2184	1.507501	0.4838362	0.256604	0.743396	2.826311
14562	-1019.237	-1229.756	210.5185	1.635386	0.4780114	0.433696	0.566304	2.569707
14568	-1009.206	-1220.209	211.0028	1.678915	0.434048	0.592372	0.407628	2.286036
14574	-1009.934	-1220.339	210.4049	1.540219	0.6605381	0.503603	0.496397	2.527321
14580	-999.7668	-1210.229	210.4617	1.61531	0.5684047	0.455315	0.544685	2.527321
14586	-1010.896	-1221.833	210.9369	1.61531	0.309767	0.457824	0.542176	2.527321
14592	-1003.056	-1211.865	208.8095	1.479709	0.5545785	0.457158	0.542842	3.610019
14598	-1021.24	-1231.802	210.5619	1.766004	0.4130486	0.460084	0.539916	2.533859
14604	-1018.046	-1229.502	211.4562	1.873244	1.063819	0.474437	0.525563	1.258992
14610	-1011.759	-1223.316	211.5562	1.916574	0.8754312	0.560215	0.439785	1.299866
14616	-1005.908	-1217.61	211.7024	2.264862	0.9082159	0.537199	0.462801	0.7783131
14622	-1025.288	-1237.281	211.9927	2.104294	0.7933748	0.596065	0.403935	0.7783131
14628	-1017.32	-1228.928	211.608	2.194369	1.072505	0.588012	0.411988	0.7772776
14634	-1007.981	-1219.654	211.6728	2.194369	0.9281707	0.409828	0.590172	0.8780431
14640	-1007.521	-1219.131	211.6106	2.173869	0.9281707	0.369898	0.630102	0.9683075
14646	-1013.211	-1225.043	211.8319	2.190985	0.765447	0.369898	0.630102	0.910703
14652	-1026.103	-1237.457	211.3534	2.35059	1.208198	0.369898	0.630102	0.7411039
14658	-1035.279	-1246.685	211.4055	2.305334	1.186793	0.51566	0.48434	0.7589652
14664	-1022.241	-1233.647	211.4059	2.385645	1.138342	0.483314	0.516686	0.6992519
14670	-1016.249	-1227.798	211.5494	2.324127	1.059746	0.349412	0.650588	0.6834216
14676	-1017.231	-1228.567	211.3366	2.266887	1.287908	0.540118	0.459882	0.7889188
14682	-1022.127	-1233.805	211.6775	2.127385	0.9456375	0.646418	0.353582	0.927247
14688	-1024.01	-1235.355	211.3446	2.04999	1.154116	0.66394	0.33606	1.131012
14694	-1031.093	-1242.883	211.7897	2.04999	0.9485802	0.537389	0.462611	0.884976
14700	-1023.787	-1234.835	211.0486	2.102343	1.61166	0.294487	0.705513	1.02251
14706	-1021.614	-1232.97	211.3561	2.023962	0.9145479	0.382669	0.617331	1.340314
14712	-1024.48	-1235.826	211.3453	1.733069	0.7595462	0.295454	0.704546	1.698048
14718	-1014.356	-1224.683	210.3266	1.592164	0.7676368	0.511111	0.488889	2.457836
14724	-1031.046	-1242.255	211.2085	1.748437	0.6562652	0.367458	0.632542	1.875072
14730	-1022.375	-1234.059	211.6842	1.758468	0.6632386	0.502671	0.497329	1.523725
14736	-1029.402	-1241.07	211.6675	2.108627	0.5582311	0.525574	0.474426	1.384636
14742	-1011.579	-1222.855	211.2761	2.067162	1.064573	0.657849	0.342151	1.246893
14748	-1028.352	-1239.642	211.2902	2.067162	1.091272	0.467403	0.532597	1.213722
14754	-1004.691	-1216.187	211.496	2.041517	1.075723	0.467403	0.532597	1.066168
14760	-1020.46	-1231.913	211.4527	2.357273	1.075723	0.494903	0.505097	0.761963
14766	-1022.499	-1233.995	211.4968	2.392039	1.075723	0.485394	0.514606	0.617138
14772	-1008.428	-1219.872	211.4439	2.322756	1.152072	0.510394	0.489606	0.7203831
14778	-1022.503	-1233.74	211.2371	2.247712	1.159599	0.407268	0.592732	1.042884
14784	-1021.13	-1233.178	212.0482	2.247712	0.4837513	0.515047	0.484953	1.042884
14790	-1019.472	-1230.531	211.0587	2.125062	1.142168	0.505904	0.494096	1.318508
14796	-1001.598	-1212.811	211.2125	2.168259	0.7057427	0.427072	0.572928	1.527998
14802	-1021.303	-1232.499	211.1955	1.813499	0.6068229	0.625273	0.374727	1.886823
14808	-1016.447	-1227.433	210.9861	1.796213	0.7792608	0.585089	0.414911	1.886823
14814	-1023.105	-1234.739	211.6345	1.798158	0.4374373	0.594658	0.405342	1.78331
14820	-1024.371	-1235.904	211.533	1.88344	0.6252247	0.576491	0.423509	1.581856
14826	-1019.463	-1231.401	211.9379	2.170479	0.6130182	0.545104	0.454896	1.030087
14832	-1028.052	-1239.106	211.0543	2.028401	0.9640464	0.511483	0.488517	1.528847
14838	-1010.651	-1221.537	210.8868	1.811364	0.6076508	0.511483	0.488517	2.093672
14844	-1004.339	-1215.51	211.1715	2.009722	0.7332726	0.329132	0.670868	1.64799
14850	-996.7076	-1208.489	211.7811	1.914906	0.5403962	0.435538	0.564462	1.467574
14856	-999.5381	-1211.299	211.7611	2.027649	0.4833859	0.533688	0.466312	1.467574
14862	-1008.761	-1220.396	211.6346	2.180402	1.027918	0.546371	0.453629	0.8178596
14868	-1017.279	-1228.847	211.5673	2.180402	0.9588383	0.42573	0.57427	0.9731916
14874	-1018.423	-1230.07	211.6471	2.27412	0.8013657	0.370275	0.629725	0.9731916
14880	-1020.281	-1231.76	211.4791	2.131529	1.131747	0.404948	0.595052	0.9413897
14886	-1019.892	-1231.569	211.6769	1.95047	0.7554374	0.471211	0.528789	1.287826
14892	-1013.553	-1225.187	211.6339	1.915532	0.8267626	0.436411	0.563589	1.282153
14898	-1026.453	-1237.802	211.3485	2.257749	0.9847381	0.473981	0.526019	1.085158
14904	-1028.335	-1239.846	211.5108	2.047718	0.6392239	0.414167	0.585833	1.461424
14910	-1022.143	-1233.564	211.4219	1.984222	0.9577107	0.341994	0.658006	1.282615
14916	-1020.335	-1231.924	211.5889	2.027494	0.9352849	0.480718	0.519282	1.122458
14922	-1022.892	-1234.451	211.5592	2.269665	1.000325	0.648123	0.351877	0.8349315
14928	-1032.542	-1244.248	211.7064	2.115646	0.9082772	0.394779	0.605221	0.9511845
14934	-1029.535	-1241.188	211.6524	2.200495	0.9080819	0.320442	0.679558	0.9182607
14940	-1026.32	-1238.015	211.6948	2.316107	0.9080819	0.561922	0.438078	0.7122353
14946	-1043.993	-1255.518	211.5248	2.549639	0.9080819	0.428033	0.571967	0.5620204
14952	-1029.836	-1240.725	210.8891	2.686127	1.466916	0.501561	0.498439	0.5724171
14958	-1040.43	-1251.44	211.0105	2.642621	1.377617	0.53434	0.46566	0.5040633
14964	-1039.723	-1251.047	211.324	2.71288	0.9414391	0.394784	0.605216	0.4349036
14970	-1016.002	-1227.158	211.1565	2.727926	1.084731	0.553849	0.446151	0.4071075
14976	-1022.135	-1233.362	211.2265	2.69551	1.057252	0.650456	0.349544	0.43868
14982	-1041.009	-1252.235	211.2258	2.69551	1.034539	0.528326	0.471674	0.3858582
14988	-1033.781	-1245.17	211.3888	2.600939	0.9945647	0.41251	0.58749	0.4688199
14994	-1027.273	-1238.965	211.6914	2.52904	0.7748389	0.554707	0.445293	0.4240994
15000	-1014.655	-1226.297	211.6424	2.560187	0.7748389	0.455129	0.544871	0.3861955
15006	-1033.249	-1244.685	211.4357	2.560187	0.9591175	0.40615	0.59385	0.3840272
15012	-1026.152	-1237.692	211.5394	2.436968	0.902291	0.616691	0.383309	0.7746002
15018	-1016.206	-1227.812	211.6067	2.401705	0.902291	0.455408	0.544592	0.7264904
15024	-1020.108	-1232.168	212.0609	2.249108	0.6467112	0.455408	0.544592	0.740676
15030	-1017.591	-1229.554	211.9632	2.249108	0.6514063	0.413979	0.586021	0.8623988
15036	-1014.117	-1225.795	211.6779	2.155252	0.7694013	0.41002	0.58998	1.095554
15042	-1015.372	-1226.629	211.2568	1.837593	0.7163476	0.57056	0.42944	1.724979
15048	-1007.487	-1218.428	210.9407	2.01315	0.7153504	0.659289	0.340711	1.823704
15054	-1009.309	-1220.176	210.867	1.89251	0.6388757	0.514419	0.485581	2.023963
15060	-1015.707	-1227.098	211.3908	2.037322	0.8718272	0.514419	0.485581	1.339018
15066	-1022.833	-1234.224	211.3908	2.037322	0.8718272	0.720252	0.279748	1.339018
15072	-1021.624	-1233.398	211.7748	1.906186	0.7028666	0.680792	0.319208	1.298274
15078	-1018.393	-1229.855	211.462	2.024584	0.9416783	0.519371	0.480629	1.229555
15084	-1010.242	-1221.582	211.3393	1.756798	0.8870477	0.486406	0.513594	1.579125
15090	-1001.374	-1212.991	211.6164	1.798485	0.6289757	0.354467	0.645533	1.579125
15096	-1006.998	-1218.302	211.3035	1.771729	0.4944559	0.553518	0.446482	1.959648
15102	-1014.229	-1225.993	211.7636	1.771729	0.3462877	0.613284	0.386716	1.835712
15108	-999.9462	-1211.03	211.0836	1.704611	0.484173	0.424605	0.575395	2.160616
15114	-1009.229	-1220.175	210.9454	1.704611	0.484173	0.518114	0.481886	2.249953
15120	-1016.048	-1227.414	211.3659	1.914986	0.4893502	0.519866	0.480134	1.825673
15126	-1033.494	-1244.855	211.3603	1.97604	0.6890377	0.559148	0.440852	1.576834
15132	-1030.321	-1241.945	211.6247	2.002741	0.4119502	0.460422	0.539578	1.679541
15138	-1009.836	-1221.719	211.8832	1.925472	0.4054635	0.450836	0.549164	1.557299
15144	-1018.779	-1231.021	212.242	2.139097	0.3662377	0.488438	0.511562	1.164481
15150	-1006.977	-1219.077	212.1002	2.139097	0.3687178	0.436261	0.563739	1.280277
15156	-1031.31	-1243.095	211.7855	2.143931	0.5923545	0.432223	0.567777	1.218475
15162	-1020.094	-1231.953	211.859	2.143931	0.6860746	0.406297	0.593703	1.034929
15168	-1020.154	-1231.537	211.3831	2.068521	0.6581626	0.476422	0.523578	1.522244
15174	-1003.259	-1214.732	211.4733	2.068521	0.6352573	0.469372	0.530628	1.478251
15180	-1011.028	-1222.428	211.3999	1.810492	0.4063482	0.612299	0.387701	1.974221
15186	-1002.989	-1214.304	211.315	1.990076	0.4245105	0.527252	0.472748	1.887274
15192	-1028.758	-1239.693	210.9348	2.739939	1.34834	0.339151	0.660849	0.4733121
15198	-1019.124	-1230.654	211.5297	2.645916	0.8236349	0.513599	0.486401	0.5017897
15204	-1005.146	-1216.535	211.3885	2.676164	0.9171221	0.652264	0.347736	0.4422369
15210	-1027.858	-1239.323	211.465	1.650333	0.614526	0.427807	0.572193	1.806367
15216	-1025.902	-1236.231	210.329	1.529902	0.5089795	0.427807	0.572193	2.719672
15222	-1020.338	-1232.209	211.8716	1.663565	0.4367979	0.475128	0.524872	1.712331
15228	-1042.334	-1253.532	211.1979	1.849446	0.757197	0.603677	0.396323	1.722027
15234	-1038.129	-1249.116	210.9871	2.75855	1.201666	0.573427	0.426573	0.3547131
15240	-1017.71	-1229.077	211.3671	2.75855	0.8258204	0.384289	0.615711	0.3613357
15246	-1028.717	-1239.796	211.0792	2.75855	1.118264	0.37736	0.62264	0.3788433
15252	-1013.624	-1225.072	211.4479	2.710304	0.8057774	0.432232	0.567768	0.3742576
15258	-1005.774	-1216.748	210.9744	2.728478	1.290487	0.521551	0.478449	0.4059254
15264	-1011.557	-1222.668	211.1112	2.797107	1.079552	0.521551	0.478449	0.5194491
15270	-1002.369	-1213.378	211.0086	2.675935	1.336455	0.543812	0.456188	0.4756919
15276	-1019.975	-1230.905	210.93	2.675935	1.433133	0.402418	0.597582	0.5479716
15282	-1013.539	-1224.466	210.9268	2.618143	1.471592	0.550089	0.449911	0.6472715
15288	-1022.613	-1233.734	211.1201	2.531136	1.332334	0.319427	0.680573	0.6504696
15294	-1015.62	-1226.891	211.2715	2.461644	1.262341	0.319427	0.680573	0.586538
15300	-1012.734	-1223.751	211.0172	2.574557	1.438511	0.473796	0.526204	0.5896213
15306	-1003.956	-1214.94	210.984	2.55014	1.438511	0.364602	0.635398	0.7144524
15312	-1012.132	-1222.949	210.8168	2.55014	1.777077	0.468319	0.531681	0.5401455
15318	-1013.038	-1223.964	210.9259	2.737521	1.357092	0.49876	0.50124	0.4479172
15324	-1008.778	-1219.924	211.1451	2.737521	1.106957	0.49694	0.50306	0.4811373
15330	-1006.191	-1217.085	210.8942	2.789775	1.332862	0.373946	0.626054	0.4532377
15336	-1005.93	-1216.724	210.7944	2.936228	1.212153	0.536162	0.463838	0.3476814
15342	-1009.038	-1219.921	210.8837	2.864196	1.174737	0.349043	0.650957	0.3313887
15348	-1021.587	-1232.252	210.665	2.877575	1.497409	0.418891	0.581109	0.4073722
15354	-1019.631	-1230.28	210.6493	2.877575	1.497409	0.377166	0.622834	0.3786297
15360	-1019.111	-1230.119	211.0078	2.862715	1.043698	0.377166	0.622834	0.332667
15366	-1035.948	-1247.116	211.1686	2.839852	0.9228307	0.233724	0.766276	0.3491652
15372	-1042.371	-1253.565	211.1944	2.839852	0.9228307	0.300621	0.699379	0.3847543
15378	-1022.343	-1233.769	211.4252	2.819682	0.7593946	0.598988	0.401012	0.442598
15384	-1015.468	-1226.709	211.2406	2.597682	1.152884	0.467283	0.532717	0.5414933
15390	-1021.193	-1232.823	211.6299	2.519956	0.8454156	0.437898	0.562102	0.5212033
15396	-1024.156	-1235.722	211.5655	2.439691	0.9483003	0.570747	0.429253	0.6415903
15402	-997.9911	-1209.433	211.4417	2.212404	1.042847	0.507319	0.492681	0.9830372
15408	-1023.4	-1234.981	211.5814	2.248267	0.9401842	0.499986	0.500014	0.906292
15414	-1016.125	-1227.421	211.2964	2.239947	1.140642	0.460055	0.539945	1.009289
15420	-1005.302	-1217.156	211.8541	2.239947	0.7241415	0.506699	0.493301	0.8883951
15426	-999.3487	-1210.827	211.4778	1.909865	0.6661811	0.52487	0.47513	1.561466
15432	-1004.345	-1215.152	210.8071	1.85658	1.084716	0.413541	0.586459	1.745274
15438	-1007.932	-1218.583	210.6507	1.621219	0.7014383	0.416948	0.583052	2.286781
15444	-1009.378	-1220.168	210.7904	1.74179	0.5208291	0.418148	0.581852	2.286781
15450	-1007.857	-1219.224	211.3675	1.911301	0.5208291	0.51226	0.48774	1.791419
15456	-1020.188	-1231.363	211.1748	1.615238	0.5231992	0.553286	0.446714	2.117509
15462	-1010.207	-1221.215	211.0079	1.667736	0.5555579	0.600901	0.399099	2.159022
15468	-1004.523	-1215.098	210.5746	1.627922	0.8398464	0.369241	0.630759	2.223352
15474	-1026.35	-1236.795	210.4459	1.532782	0.7725464	0.566406	0.433594	2.41636
15480	-1035.858	-1246.742	210.8837	1.654769	0.5802465	0.300257	0.699743	2.223741
15486	-1031.447	-1241.637	210.1893	1.64837	0.5802465	0.528636	0.471364	2.664556
15492	-1024.325	-1235.03	210.7049	1.642647	0.3119149	0.437448	0.562552	2.651142
15498	-1027.614	-1238.014	210.3997	1.884289	0.4913158	0.304448	0.695552	2.474513
15504	-1034.4	-1245.755	211.3547	1.831114	0.4517181	0.478733	0.521267	1.934661
15510	-1028.635	-1240.131	211.4953	1.894872	0.3461676	0.620797	0.379203	1.934661
15516	-1022.758	-1234.214	211.4561	1.991062	0.3050385	0.597342	0.402658	1.957514
15522	-1032.327	-1243.758	211.4307	1.832223	0.5020034	0.431575	0.568425	1.823553
15528	-1022.513	-1234.149	211.6358	1.764836	0.7828558	0.430729	0.569271	1.440602
15534	-1015.817	-1226.177	210.3598	1.764836	0.8242127	0.553236	0.446764	2.2849
15540	-1010.805	-1221.748	210.9433	1.686206	0.4643629	0.602005	0.397995	2.2849
15546	-1037.53	-1247.858	210.3278	1.686206	0.4643629	0.225701	0.774299	2.67062
15552	-1030.336	-1241.193	210.8566	1.651961	0.5691186	0.385281	0.614719	2.253728
15558	-1023.702	-1233.904	210.2018	1.583814	0.5691186	0.385281	0.614719	2.706778
15564	-1018.268	-1230.406	212.1374	1.824045	0.4233851	0.549335	0.450665	1.416727
15570	-1019.701	-1229.699	209.998	1.469009	1.340667	0.372296	0.627704	2.389885
15576	-1018.965	-1229.529	210.5638	1.496788	0.5018695	0.374496	0.625504	2.602717
15582	-1030.644	-1242.055	211.4108	1.54341	0.4952278	0.577956	0.422044	2.039435
15588	-1021.57	-1232.282	210.7119	1.6409	1.024296	0.352142	0.647858	1.99713
15594	-1012.325	-1223.881	211.5554	1.645871	0.821799	0.513394	0.486606	1.555776
15600	-1034.386	-1246.338	211.9518	1.87524	0.6398394	0.605771	0.394229	1.247602
15606	-1017.507	-1229.474	211.9665	1.691726	0.7187665	0.375125	0.624875	1.300178
15612	-1033.054	-1245.275	212.2211	1.906666	0.6052592	0.467758	0.532242	1.021994
15618	-1012.182	-1224.343	212.161	2.020602	0.6606317	0.63348	0.36652	0.8836065
15624	-1020.289	-1231.818	211.5283	1.993053	0.9726459	0.438901	0.561099	1.172359
15630	-1019.693	-1231.227	211.5348	1.567868	0.5050519	0.489707	0.510293	1.929392
15636	-1012.627	-1223.298	210.6707	1.527798	1.099679	0.577274	0.422726	2.051755
15642	-1020.005	-1229.547	209.5421	1.430298	0.7836953	0.673578	0.326422	3.025132
15648	-1021.869	-1232.183	210.3138	1.500112	0.7836953	0.393231	0.606769	2.511358
15654	-1036.582	-1246.729	210.147	1.532053	0.4747969	0.393231	0.606769	2.86408
15660	-997.2946	-1207.841	210.5461	1.608202	0.6835753	0.336857	0.663143	2.376585
15666	-1004.654	-1214.94	210.2858	1.704101	0.6835753	0.550937	0.449063	2.480101
15672	-1021.957	-1232.06	210.103	1.699252	0.4821635	0.446677	0.553323	2.781557
15678	-1022.64	-1234.295	211.6548	1.833142	0.4821635	0.460411	0.539589	1.689433
15684	-1017.035	-1228.125	211.0892	1.802769	0.4435643	0.352422	0.647578	2.139059
15690	-1017.554	-1228.888	211.3336	1.737592	0.3946598	0.402403	0.597597	2.081502
15696	-1010.22	-1221.079	210.8588	1.615906	0.8874144	0.363486	0.636514	2.010328
15702	-1013.893	-1225.203	211.3099	1.963011	0.4476601	0.542654	0.457346	1.880552
15708	-1012.902	-1223.289	210.3871	1.785039	0.6620905	0.527841	0.472159	2.383493
15714	-1016.309	-1225.6	209.291	1.65097	0.6212061	0.547353	0.452647	3.169399
15720	-1028.229	-1239.231	211.0025	1.820665	0.4262933	0.464072	0.535928	2.204232
15726	-1017.173	-1226.602	209.4287	1.704273	0.7451561	0.366223	0.633777	2.95698
15732	-1022.624	-1232.974	210.3505	1.837077	0.1829574	0.658979	0.341021	2.95698
15738	-1014.238	-1224.539	210.3017	1.812459	0.7963601	0.418303	0.581697	2.312427
15744	-1007.025	-1217.729	210.7032	1.831817	0.4355522	0.527053	0.472947	2.377648
15750	-1017.86	-1229.438	211.5783	2.067351	0.3413563	0.530612	0.469388	1.766648
15756	-1028.578	-1240.086	211.508	1.939864	0.3857236	0.348711	0.651289	1.840398
15762	-1018.571	-1229.654	211.0836	1.882699	0.2988869	0.378716	0.621284	2.281726
15768	-1033.731	-1245.479	211.7484	1.991213	0.2988869	0.284396	0.715604	1.767376
15774	-1032.883	-1243.556	210.6735	1.648489	0.3585871	0.503771	0.496229	2.604394
15780	-1021.764	-1233.199	211.4357	2.126334	0.5135802	0.407639	0.592361	1.59874
15786	-1037.694	-1249.022	211.3284	1.96005	0.7923793	0.384861	0.615139	1.516779
15792	-1027.417	-1239.475	212.0572	2.030452	0.3842411	0.530081	0.469919	1.37684
15798	-1017.105	-1228.878	211.7739	2.134016	0.7979939	0.389816	0.610184	0.990777
15804	-1017.529	-1229.252	211.7236	2.426282	0.7398314	0.406137	0.593863	0.795139
15810	-1025.613	-1237.134	211.5207	2.189984	0.7398314	0.586255	0.413745	1.234869
15816	-1030.769	-1242.349	211.5797	2.189984	0.7398314	0.402423	0.597577	1.184562
15822	-1024.643	-1236.249	211.6057	1.928202	0.6602895	0.483592	0.516408	1.458087
15828	-1030.267	-1241.65	211.383	1.629519	0.514151	0.668242	0.331758	1.979949
15834	-1015.279	-1226.796	211.5164	2.056215	0.734561	0.48543	0.51457	1.352777
15840	-1025.266	-1235.954	210.6879	1.840706	1.166732	0.522201	0.477799	1.787143
15846	-1028.422	-1240.11	211.6884	1.641391	0.7744445	0.503583	0.496417	1.501928
15852	-1018.205	-1229.284	211.0793	1.62178	0.6239072	0.617776	0.382224	2.076462
15858	-1029.857	-1240.563	210.7064	1.715221	0.7904762	0.298301	0.701699	2.118341
15864	-1019.663	-1231.232	211.5696	1.83056	0.6832892	0.649512	0.350488	1.535401
15870	-1011.324	-1223.138	211.8146	1.83056	0.7627698	0.38376	0.61624	1.265794
15876	-1022.858	-1234.718	211.8599	2.035407	0.7627698	0.646845	0.353155	1.044797
15882	-1009.37	-1221.206	211.8355	2.023825	0.7552678	0.535581	0.464419	1.087306
15888	-1026.163	-1237.255	211.0923	1.762352	0.4760738	0.487047	0.512953	2.126259
15894	-1018.209	-1229.274	211.0651	1.924146	0.8224622	0.60837	0.39163	1.708135
15900	-1022.024	-1233.693	211.6697	2.011274	0.6746867	0.61332	0.38668	1.328248
15906	-1026.657	-1238.089	211.4319	2.032791	0.9296585	0.628155	0.371845	1.258473
15912	-1022.019	-1233.225	211.2061	2.084362	1.089961	0.543219	0.456781	1.270727
15918	-1032.7	-1244.25	211.5495	1.967921	0.8672881	0.502563	0.497437	1.270727
15924	-1046.827	-1258.292	211.4652	2.686431	0.8345087	0.471988	0.528012	0.4279319
15930	-1036.132	-1247.939	211.807	1.949454	0.8840878	0.523617	0.476383	1.043397
15936	-1034.329	-1245.336	211.0065	2.102791	1.309065	0.426885	0.573115	1.262426
15942	-1028.864	-1240.017	211.1538	2.076255	1.362852	0.369696	0.630304	1.121088
15948	-1028.786	-1240.4	211.6138	2.072037	0.9873262	0.393344	0.606656	1.006312
15954	-1017.925	-1229.864	211.9391	2.072037	0.7890565	0.428915	0.571085	0.8919313
15960	-1013.29	-1224.953	211.6628	2.183164	0.9791537	0.543833	0.456167	0.8401321
15966	-1012.876	-1224.54	211.6644	2.183164	0.9791537	0.520279	0.479721	0.8382015
15972	-1027.271	-1238.793	211.5223	2.248708	1.056677	0.399913	0.600087	0.8382015
15978	-1024.134	-1235.873	211.7388	2.248708	0.9375572	0.616769	0.383231	0.6986597
15984	-1037.979	-1250.05	212.0718	2.248708	0.6853307	0.210114	0.789886	0.6222974
15990	-1036.75	-1248.47	211.72	2.414165	0.8520376	0.547335	0.452665	0.5702379
15996	-1024.754	-1236.356	211.6013	2.415868	0.9245141	0.282575	0.717425	0.6690421
16002	-1043.827	-1255.538	211.7103	2.582796	0.7254823	0.451258	0.548742	0.5249617
16008	-1025.055	-1235.875	210.8201	2.582796	1.693323	0.491169	0.508831	0.6123334
16014	-1038.218	-1249.579	211.3608	2.497284	1.091562	0.491169	0.508831	0.6542889
16020	-1032.586	-1244.276	211.6899	2.405694	0.8591531	0.516281	0.483719	0.6542889
16026	-1025.81	-1237.138	211.3283	2.405694	1.243473	0.595372	0.404628	0.6289765
16032	-1028.709	-1240.016	211.3074	2.405694	1.243473	0.51083	0.48917	0.674033
16038	-1033.119	-1244.795	211.6756	2.500789	0.8060873	0.396627	0.603373	0.6057147
16044	-1044.346	-1255.861	211.5157	2.44047	0.9754485	0.525017	0.474983	0.684574
16050	-1032.392	-1243.867	211.4751	2.301697	1.136695	0.554904	0.445096	0.726379
16056	-1044.227	-1256.143	211.9163	2.301697	0.7411079	0.740489	0.259511	0.6876802
16062	-1041.247	-1252.827	211.5801	2.301697	0.9719044	0.406932	0.593068	0.8038887
16068	-1028.348	-1240.353	212.0048	2.322842	0.5857712	0.301057	0.698943	0.8356734
16074	-1018.803	-1230.257	211.4543	2.104713	0.4916224	0.502555	0.497445	1.627166
16080	-1027.932	-1239.387	211.4553	2.104713	1.128276	0.563753	0.436247	0.9969217
16086	-1028.394	-1239.809	211.415	2.255967	1.155175	0.563753	0.436247	0.8489415
16092	-1032.668	-1244.007	211.3392	2.479989	1.144318	0.44622	0.55378	0.6327237
16098	-1029.764	-1241.321	211.5571	2.560921	0.8706759	0.394592	0.605408	0.4546779
16104	-1023.853	-1235.113	211.2601	2.689561	1.030417	0.567569	0.432431	0.444818
16110	-1015.998	-1227.566	211.5686	2.689561	0.7392286	0.472126	0.527874	0.4090935
16116	-1018.151	-1228.879	210.7283	2.870203	1.406463	0.524989	0.475011	0.3837
16122	-1019.993	-1231.334	211.341	2.814015	0.8137212	0.473987	0.526013	0.3837
16128	-1023.883	-1235.114	211.2307	2.814015	0.9404533	0.442557	0.557443	0.4655542
16134	-1021.286	-1233.038	211.7516	2.640611	0.6507558	0.482741	0.517259	0.5180265
16140	-1006.262	-1218.27	212.0076	2.600567	0.5064403	0.358536	0.641464	0.5180265
16146	-1016.435	-1228.254	211.8196	2.595106	0.6349631	0.641583	0.358417	0.5006845
16152	-1018.991	-1230.563	211.5721	2.816503	0.6528594	0.521256	0.478744	0.4746241
16158	-1030.428	-1241.811	211.383	2.816503	0.750337	0.548959	0.451041	0.3421135
16164	-1033.617	-1245.152	211.5357	2.799988	0.6467531	0.472835	0.527165	0.3432074
16170	-1026.846	-1237.753	210.9075	1.730794	0.5915638	0.487788	0.512212	2.148169
16176	-1006.773	-1217.589	210.8167	1.7734	0.5915638	0.41494	0.58506	2.179513
16182	-1007.884	-1218.657	210.7729	1.633265	0.4913798	0.606488	0.393512	2.397569
16188	-1026.226	-1236.896	210.6698	1.569422	0.6961719	0.535257	0.464743	2.312089
16194	-1027.935	-1238.885	210.95	1.61413	0.4624992	0.297005	0.702995	2.32869
16200	-1043.036	-1253.702	210.6663	1.638963	0.6281909	0.364933	0.635067	2.32869
16206	-1033.361	-1244.236	210.8748	1.847695	0.4607393	0.473287	0.526713	2.229217
16212	-1044.564	-1255.501	210.9371	1.643262	0.625767	0.455338	0.544662	2.15382
16218	-1019.525	-1229.653	210.128	1.541491	0.5344258	0.646521	0.353479	2.810378
16224	-1016.166	-1226.842	210.676	1.644694	0.5194065	0.322894	0.677106	2.42247
16230	-1020.929	-1231.59	210.6609	1.644694	0.4748559	0.715393	0.284607	2.478449
16236	-1016.146	-1227.493	211.3466	1.728366	0.3532557	0.400838	0.599162	2.133813
16242	-1006.141	-1217.422	211.2809	1.79405	0.3532557	0.451762	0.548238	2.133813
16248	-1012.433	-1224.448	212.0152	1.937107	0.2726233	0.48942	0.51058	1.661804
16254	-1013.423	-1225.55	212.1272	1.895178	0.3195415	0.532687	0.467313	1.53035
16260	-1031.063	-1242.093	211.0301	1.971254	0.547826	0.532687	0.467313	1.951655
16266	-1025.096	-1237.273	212.1763	1.998452	0.3485382	0.442741	0.557259	1.365806
16272	-1046.413	-1257.63	211.2176	2.174348	1.354108	0.3709	0.6291	0.9724829
16278	-1031.434	-1242.414	210.9804	2.35798	1.438713	0.452937	0.547063	0.9599873
16284	-1025.599	-1236.515	210.9168	2.418984	1.633681	0.615093	0.384907	0.7993808
16290	-1040.065	-1250.937	210.8722	2.520396	1.70982	0.437	0.563	0.6105465
16296	-1036.06	-1247.418	211.3579	2.479598	1.133645	0.437	0.563	0.6105465
16302	-1035.963	-1247.45	211.4876	2.285078	1.125603	0.416202	0.583798	0.7485242
16308	-1028.217	-1240.118	211.9006	2.285078	0.738034	0.428343	0.571657	0.7473948
16314	-1045.211	-1257.083	211.8724	2.198052	0.7213226	0.357594	0.642406	0.9187996
16320	-1017.245	-1229.044	211.7994	1.962407	0.8564328	0.391695	0.608305	1.067484
16326	-1013.308	-1224.819	211.5108	1.962407	0.699769	0.456163	0.543837	1.464397
16332	-1013.308	-1224.334	211.0258	1.958737	0.6573236	0.281935	0.718065	1.85523
16338	-1021.409	-1233.184	211.7756	1.97129	0.6573236	0.430456	0.569544	1.293885
16344	-1030.236	-1242.241	212.0047	2.118704	0.4421747	0.585069	0.414931	1.259982
16350	-1027.456	-1239.079	211.6226	2.063628	0.6729455	0.545304	0.454696	1.325891
16356	-1013.701	-1225.719	212.0181	1.830525	0.5644889	0.761213	0.238787	1.319524
16362	-1006.725	-1218.927	212.2023	1.965005	0.5644889	0.549331	0.450669	1.042211
16368	-1019.911	-1231.689	211.7779	2.081612	0.7686265	0.549331	0.450669	1.071971
16374	-1026.319	-1237.152	210.8332	2.03093	0.5468763	0.523173	0.476827	2.044149
16380	-1032.891	-1244.02	211.1287	2.130583	0.330856	0.505886	0.494114	2.044149
16386	-1027.526	-1238.879	211.3522	2.090451	0.5951592	0.494021	0.505979	1.594249
16392	-1018.051	-1229.661	211.6094	1.888358	0.4273481	0.643528	0.356472	1.750812
16398	-1023.339	-1234.932	211.5929	1.876741	0.610485	0.625475	0.374525	1.55819
16404	-1010.2	-1221.643	211.4427	1.821931	0.7817846	0.648907	0.351093	1.54386
16410	-1008.724	-1220.492	211.7676	1.868129	0.7008981	0.420778	0.579222	1.336839
16416	-1021.432	-1232.649	211.2169	1.870555	0.7195818	0.422386	0.577614	1.726944
16422	-1014.39	-1225.678	211.2886	1.849748	0.4650098	0.475293	0.524707	1.950881
16428	-1011.788	-1221.85	210.0622	1.634875	0.5479864	0.412571	0.587429	2.780688
16434	-1030.603	-1240.921	210.3182	1.472508	0.374983	0.617519	0.382481	2.90852
16440	-1019.274	-1228.805	209.5312	1.472508	0.5691577	0.674027	0.325973	3.177925
16446	-1014.194	-1223.506	209.312	1.472508	0.61938	0.50502	0.49498	3.264135
16452	-1027.001	-1237.015	210.0146	1.531774	0.4109175	0.50502	0.49498	3.013292
16458	-1018.232	-1228.328	210.0956	1.403299	0.4801596	0.581235	0.418765	2.967272
16464	-1014.605	-1225.894	211.29	1.869803	0.4801596	0.425605	0.574395	1.918896
16470	-1030.183	-1240.721	210.5375	1.737281	0.5348535	0.560451	0.439549	2.435886
16476	-1022.15	-1233.133	210.9829	1.771707	0.6249147	0.428476	0.571524	2.040201
16482	-1022.822	-1233.79	210.9681	1.796353	0.8296045	0.528693	0.471307	1.858639
16488	-1021.5	-1232.913	211.4128	1.952944	0.8009023	0.354098	0.645902	1.450838
16494	-1031.677	-1243.905	212.228	1.923965	0.4066669	0.469006	0.530994	1.290577
16500	-1030.403	-1242.098	211.6948	1.986735	0.6221777	0.402006	0.597994	1.384981
16506	-1022.821	-1234.887	212.0666	1.981521	0.679407	0.463175	0.536825	0.9991778
16512	-1023.721	-1235.677	211.9567	2.046648	0.6990907	0.463175	0.536825	1.017864
16518	-1037.485	-1249.182	211.6965	2.046648	0.9056759	0.551839	0.448161	1.033641
16524	-1039.557	-1250.714	211.1574	1.970743	0.6354661	0.524654	0.475346	1.776982
16530	-1025.413	-1236.627	211.2141	1.796959	0.6715475	0.554963	0.445037	1.823812
16536	-1023.576	-1234.754	211.1781	1.877154	0.9841588	0.488184	0.511816	1.534028
16542	-1016.04	-1227.132	211.0921	1.963144	0.9841588	0.376731	0.623269	1.534028
16548	-1018.939	-1230.321	211.3817	1.88731	0.7892197	0.403555	0.596445	1.534028
16554	-1045.677	-1256.898	211.2216	1.764727	1.054018	0.548252	0.451748	1.534028
16560	-1027.715	-1239.209	211.4936	1.818634	0.5323636	0.350989	0.649011	1.755299
16566	-1022.724	-1233.926	211.2013	1.849375	0.9557365	0.360678	0.639322	1.55885
16572	-1032.59	-1243.71	211.1202	1.837675	1.081632	0.443047	0.556953	1.535674
16578	-1019.569	-1231.053	211.4836	2.021483	0.6070126	0.500189	0.499811	1.535674
16584	-1035.757	-1247.315	211.5583	1.964101	0.555167	0.477332	0.522668	1.579743
16590	-1031.388	-1242.884	211.4955	1.699806	0.7779163	0.228054	0.771946	1.598085
16596	-1022.346	-1233.546	211.1994	1.681578	0.6388582	0.355943	0.644057	1.942767
16602	-1018.312	-1229.341	211.0283	1.645877	0.6826363	0.647454	0.352546	2.041161
16608	-1033.497	-1242.982	209.485	1.898281	2.151641	0.522123	0.477877	2.099005
16614	-1029.455	-1241.255	211.7999	1.798903	0.5808477	0.522123	0.477877	1.494339
16620	-1029.372	-1241.025	211.6529	1.798903	0.4607554	0.359033	0.640967	1.740963
16626	-997.2455	-1208.814	211.5688	1.788826	0.6382898	0.47386	0.52614	1.611326
16632	-1004.377	-1215.031	210.6546	1.898615	1.755872	0.493033	0.506967	1.44631
16638	-1011.637	-1223.005	211.3685	1.79488	0.6832554	0.49665	0.50335	1.706687
16644	-1019.245	-1230.509	211.2645	1.765934	0.9104467	0.528314	0.471686	1.60851
16650	-1019.763	-1230.613	210.8499	1.782576	0.6340562	0.423921	0.576079	2.11221
16656	-1016.057	-1226.403	210.3465	1.677032	0.6603127	0.497713	0.502287	2.478543
16662	-1025.208	-1235.626	210.4178	1.637543	0.4914388	0.497713	0.502287	2.616697
16668	-1026.304	-1236.01	209.706	1.436106	0.8747338	0.497713	0.502287	2.859847
16674	-1017.376	-1226.629	209.2532	1.723155	0.9139967	0.485313	0.514687	2.934213
16680	-1017.625	-1226.847	209.2222	1.31849	0.477279	0.411071	0.588929	3.536589
16686	-1031.646	-1240.776	209.1297	1.381972	0.3073189	0.399448	0.600552	3.747322
16692	-1037.014	-1248.642	211.6283	1.877956	0.580583	0.600121	0.399879	1.563404
16698	-1020.288	-1231.555	211.2669	1.854011	0.6213394	0.524573	0.475427	1.79579
16704	-1016.022	-1226.664	210.6424	1.733392	0.8605566	0.397894	0.602106	2.095343
16710	-1010.468	-1221.809	211.341	1.946156	0.7781489	0.32127	0.67873	1.53039
16716	-1007.901	-1219.801	211.9001	1.946156	0.5131574	0.479826	0.520174	1.385298
16722	-1008.204	-1219.41	211.2058	1.709896	0.7641677	0.608684	0.391316	1.807938
16728	-1015.573	-1226.379	210.8059	1.648099	0.7265114	0.464802	0.535198	2.148458
16734	-1009.844	-1220.852	211.0082	1.873316	0.478634	0.464802	0.535198	2.105773
16740	-1009.297	-1220.847	211.5504	1.89428	0.6405325	0.56113	0.43887	1.545346
16746	-1012.753	-1223.909	211.156	1.924306	0.9240665	0.631731	0.368269	1.561518
16752	-1019.437	-1231.241	211.8043	2.123875	0.4913847	0.435944	0.564056	1.34905
16758	-1008.579	-1219.934	211.3549	2.011292	0.9991727	0.435944	0.564056	1.280746
16764	-1021.916	-1233.938	212.0226	1.986173	0.4768144	0.435944	0.564056	1.304125
16770	-1017.856	-1229.994	212.1381	1.810789	0.4780634	0.404842	0.595158	1.350434
16776	-1030.089	-1242.158	212.0687	1.797683	0.4925885	0.339962	0.660038	1.396091
16782	-1008.249	-1218.876	210.6271	1.713889	0.769288	0.659864	0.340136	2.187413
16788	-1012.533	-1223.8	211.2666	1.624238	0.4324786	0.289327	0.710673	2.152889
16794	-1004.983	-1215.752	210.7685	1.670815	0.8216631	0.349212	0.650788	2.082698
16800	-1019.334	-1230.197	210.8624	1.723365	1.011291	0.630943	0.369057	1.84838
16806	-1019.761	-1230.777	211.0164	1.809123	1.05712	0.26838	0.73162	1.649134
16812	-1018.229	-1229.211	210.982	1.837565	1.05712	0.672824	0.327176	1.653407
16818	-1007.432	-1218.871	211.4385	1.874091	0.8518876	0.555294	0.444706	1.446551
16824	-1013.461	-1224.864	211.4035	1.809116	0.7149475	0.526597	0.473403	1.642152
16830	-1013.323	-1223.653	210.33	1.499947	0.9047075	0.763781	0.236219	2.415029
16836	-999.6985	-1210.099	210.4002	1.62228	0.9085675	0.350376	0.649624	2.290155
16842	-999.4927	-1209.6	210.1069	1.62228	1.029039	0.508247	0.491753	2.398088
16848	-1008.742	-1219.645	210.903	1.810359	0.5083912	0.703592	0.296408	2.183047
16854	-1000.061	-1211.637	211.576	1.881622	0.535944	0.609393	0.390607	1.648334
16860	-1006.67	-1218.439	211.7687	2.074659	0.4333632	0.550411	0.449589	1.492742
16866	-1007.785	-1219.082	211.2973	1.946102	1.009796	0.412343	0.587657	1.370828
16872	-1026.316	-1237.807	211.4906	1.746695	0.7235414	0.33326	0.66674	1.616422
16878	-1021.918	-1233.158	211.2403	1.876065	0.8412158	0.594124	0.405876	1.601657
16884	-1020.588	-1231.595	211.0068	1.870559	0.5643646	0.550439	0.449561	2.017552
16890	-1003.389	-1214.49	211.1005	1.764655	0.5643646	0.526872	0.473128	2.025678
16896	-1020.512	-1231.749	211.2363	1.760149	0.7896977	0.287391	0.712609	1.73017
16902	-1039.367	-1251.074	211.7077	2.315977	0.3307046	0.560154	0.439846	1.511037
16908	-1031.35	-1243.159	211.8088	2.180164	0.7037333	0.55688	0.44312	1.026026
16914	-1005.193	-1217.191	211.9978	2.247652	0.4870478	0.321138	0.678862	1.085229
16920	-1014.176	-1225.832	211.6566	2.156616	0.5893144	0.365977	0.634023	1.318112
16926	-1015.02	-1226.659	211.6392	1.819142	0.6018958	0.446671	0.553329	1.575572
16932	-1002.846	-1213.432	210.5858	1.640592	0.5773342	0.564523	0.435477	2.425315
16938	-1003.453	-1214.106	210.6534	1.584975	0.596097	0.481928	0.518072	2.400275
16944	-999.8179	-1209.492	209.6742	1.633068	0.4654531	0.748115	0.251885	3.097139
16950	-1039.702	-1251.029	211.327	2.034779	0.7880986	0.596316	0.403684	1.465418
16956	-1030.448	-1241.105	210.6571	2.150784	1.443125	0.47389	0.52611	1.41894
16962	-1020.616	-1231.148	210.532	1.731288	0.8728606	0.44299	0.55701	2.159959
16968	-1012.772	-1223.785	211.0121	1.737681	0.5703599	0.571383	0.428617	2.09586
16974	-1015.906	-1227.181	211.2744	1.801373	0.4972606	0.571383	0.428617	1.956151
16980	-1008.82	-1220.071	211.2505	1.865334	0.7050912	0.551244	0.448756	1.720101
16986	-1014.787	-1225.733	210.9462	1.713148	0.7137356	0.41209	0.58791	2.02413
16992	-1008.721	-1219.955	211.2338	1.827069	0.8198634	0.434007	0.565993	1.65934
16998	-1010.95	-1222.219	211.2694	1.909571	0.6002536	0.423304	0.576696	1.776487
17004	-1011.403	-1222.702	211.2991	2.000007	0.9998266	0.520524	0.479476	1.334521
17010	-1012.857	-1223.925	211.068	2.000007	1.214777	0.389428	0.610572	1.359717
17016	-1010.704	-1222.498	211.7933	2.004508	0.7869946	0.389428	0.610572	1.108529
17022	-1028.486	-1240.098	211.6115	1.88749	0.7869946	0.496054	0.503946	1.360206
17028	-1031.23	-1242.435	211.2047	1.88749	1.04903	0.455824	0.544176	1.458119
17034	-1019.791	-1231.766	211.9754	2.035238	0.7552579	0.545148	0.454852	0.937583
17040	-1012.175	-1223.806	211.6318	1.996447	0.9154855	0.504478	0.495522	1.130701
17046	-1010.88	-1222.258	211.3783	1.952211	1.227657	0.485966	0.514034	1.130701
17052	-1023.967	-1235.887	211.92	2.072758	0.7918818	0.367074	0.632926	0.9087536
17058	-1030.909	-1241.719	210.8105	2.039957	1.174545	0.502463	0.497537	1.552309
17064	-1032.17	-1243.417	211.2469	1.98359	1.233048	0.314957	0.685043	1.213925
17070	-1023.712	-1234.811	211.0994	2.171546	0.5813586	0.69547	0.30453	1.731552
17076	-1021.401	-1233.062	211.6615	2.017371	0.5668774	0.354019	0.645981	1.449621
17082	-1024.127	-1235.715	211.5871	2.069031	0.7171291	0.532651	0.467349	1.303548
17088	-1022.01	-1233.796	211.7863	2.027749	0.601091	0.316579	0.683421	1.303548
17094	-1023.607	-1235.853	212.2459	2.083882	0.3627394	0.592402	0.407598	1.214956
17100	-1027.685	-1239.348	211.6633	2.548895	0.7894429	0.341287	0.658713	0.543024
17106	-1040.612	-1252.342	211.7295	2.478708	0.7894429	0.411688	0.588312	0.5638369
17112	-1015.575	-1226.692	211.1171	2.478708	1.438255	0.520695	0.479305	0.5763611
17118	-1030.055	-1241.618	211.5629	2.370245	0.7845429	0.601603	0.398397	0.9813886
17124	-1017.219	-1228.883	211.6638	2.399969	0.8502506	0.570853	0.429147	0.7299084
17130	-1024.476	-1235.879	211.4024	2.328731	0.7809098	0.488806	0.511194	1.174339
17136	-1026.342	-1238.649	212.3063	2.09981	0.3487766	0.536291	0.463709	1.174339
17142	-1024.474	-1236.748	212.2747	2.125692	0.3127709	0.430026	0.569974	1.246383
17148	-1016.969	-1228.837	211.8674	1.987742	0.4192668	0.430026	0.569974	1.503429
17154	-1007.993	-1219.093	211.0996	1.900061	0.4840986	0.389617	0.610383	2.021704
17160	-1032.566	-1244.218	211.6518	1.60898	0.2615208	0.412431	0.587569	2.150357
17166	-1029.423	-1240.28	210.8563	1.723074	0.5468969	0.68032	0.31968	2.230037
17172	-1012.006	-1222.966	210.9596	1.771464	0.5468969	0.58866	0.41134	2.131618
17178	-1008.008	-1219.616	211.6075	2.006351	0.4099239	0.540252	0.459748	1.691886
17184	-997.7398	-1209.486	211.7457	2.069184	0.4176324	0.446156	0.553844	1.535672
17190	-1027.898	-1239.169	211.2712	1.999406	0.9402017	0.54715	0.45285	1.405018
17196	-1010.72	-1222.424	211.7046	2.113282	0.9421925	0.553524	0.446476	0.9170363
17202	-1021.478	-1232.561	211.0837	2.326102	1.399131	0.253563	0.746437	0.9159885
17208	-1012.579	-1223.762	211.1832	2.326102	1.236237	0.686024	0.313976	0.9511956
17214	-999.8728	-1211.054	211.1807	2.022346	0.8411844	0.459073	0.540927	1.538048
17220	-1012.326	-1223.794	211.4677	2.068716	0.8835441	0.480816	0.519184	1.240031
17226	-1004.185	-1216.219	212.0335	2.214654	0.4054612	0.483579	0.516421	1.212325
17232	-1021.265	-1232.242	210.9772	2.309486	1.080952	0.695832	0.304168	1.280853
17238	-1015.183	-1226.762	211.5791	2.309486	0.7912951	0.47976	0.52024	1.017921
17244	-1014.462	-1226.307	211.8455	2.191595	0.5525743	0.47976	0.52024	1.177407
17250	-1030.154	-1241.653	211.4998	2.180552	0.7770397	0.350668	0.649332	1.221901
17256	-1021.101	-1232.801	211.6996	2.019062	0.6358188	0.628022	0.371978	1.340524
17262	-1017.701	-1229.004	211.3032	1.965211	0.9036922	0.285302	0.714698	1.436652
17268	-1025.521	-1237.137	211.6166	1.953966	0.5994265	0.37867	0.62133	1.495054
17274	-1022.827	-1234.184	211.3571	1.852155	0.5837689	0.461638	0.538362	1.772201
17280	-1011.338	-1222.486	211.1479	1.584967	0.5713046	0.484373	0.515627	2.105997
17286	-1005.804	-1217.007	211.203	1.837431	0.5713046	0.398944	0.601056	1.901038
17292	-1015.509	-1225.134	209.6253	1.740514	1.220313	0.489762	0.510238	2.516133
17298	-1013.756	-1224.088	210.3328	1.686412	0.6956852	0.490511	0.509489	2.451719
17304	-1005.286	-1216.796	211.5098	1.674978	0.4271247	0.459682	0.540318	1.965227
17310	-1011.462	-1223.084	211.6218	1.678669	0.5628534	0.283604	0.716396	1.730361
17316	-1020.223	-1231.821	211.5974	1.678669	0.7439124	0.279664	0.720336	1.569522
17322	-1019.972	-1231.286	211.3146	1.879874	0.5599344	0.373188	0.626812	1.807337
17328	-1036.2	-1247.617	211.4165	1.910018	0.7366832	0.482918	0.517082	1.539011
17334	-1033.219	-1245.044	211.8254	1.992112	0.6314777	0.495363	0.504637	1.265257
17340	-1020.307	-1232.289	211.9819	1.882312	0.5987616	0.529843	0.470157	1.265257
17346	-1008.317	-1220.022	211.7048	1.747983	0.5383598	0.513183	0.486817	1.649105
17352	-1020.023	-1231.228	211.2053	1.749324	0.7857615	0.513613	0.486387	1.762789
17358	-1023.05	-1234.651	211.6009	1.760187	0.5209165	0.493449	0.506551	1.733862
17364	-1019.953	-1231.351	211.3981	1.932644	0.7780716	0.487472	0.512528	1.497935
17370	-1021.231	-1232.544	211.313	2.121603	0.7780716	0.646887	0.353113	1.418899
17376	-1025.817	-1237.283	211.4655	1.658172	0.5749823	0.635369	0.364631	1.840493
17382	-1011.981	-1223.147	211.166	1.679178	0.4285153	0.517886	0.482114	2.187305
17388	-1023.435	-1232.395	208.9601	1.497451	0.4285153	0.517886	0.482114	3.635119
17394	-1012.514	-1222.12	209.6059	1.625243	0.8972972	0.467453	0.532547	2.790742
17400	-1014.021	-1224.581	210.5603	1.56883	0.6413568	0.575607	0.424393	2.428532
17406	-994.172	-1205.484	211.3118	1.695241	0.6472143	0.456796	0.543204	1.84932
17412	-997.0488	-1208.668	211.6192	2.028774	0.4715756	0.585986	0.414014	1.587272
17418	-1009.482	-1221.076	211.5944	2.028774	0.5519306	0.697112	0.302888	1.508958
17424	-1002.3	-1214.031	211.7305	2.122827	0.5865401	0.427914	0.572086	1.288938
17430	-1022.597	-1233.842	211.2447	2.122827	0.8746456	0.376166	0.623834	1.384426
17436	-1021.785	-1233.354	211.5691	2.238735	0.8101106	0.499872	0.500128	1.07408
17442	-1011	-1222.94	211.9396	1.945754	0.6778153	0.346868	0.653132	1.153343
17448	-1004.343	-1215.731	211.388	1.945754	1.155113	0.59256	0.40744	1.183806
17454	-998.5052	-1210.013	211.5075	2.019641	0.8868684	0.573226	0.426774	1.244769
17460	-1007.019	-1218.72	211.7013	2.019641	0.9013364	0.39676	0.60324	1.059317
17466	-1007.816	-1219.551	211.735	2.155316	0.7543916	0.492223	0.507777	1.059317
17472	-996.7289	-1208.14	211.4113	2.213375	1.128836	0.520782	0.479218	0.9291488
17478	-1009.669	-1221.036	211.3673	2.137717	1.128836	0.545219	0.454781	1.050172
17484	-1017.495	-1229.227	211.732	2.13453	0.8522501	0.668233	0.331767	0.969111
17490	-1011.533	-1223.2	211.6672	2.322955	0.8522501	0.49012	0.50988	0.8294868
17496	-1007.45	-1219.139	211.6883	2.322955	0.8149904	0.519116	0.480884	0.8560363
17502	-1004.044	-1216.012	211.968	2.33894	0.6064768	0.594255	0.405745	0.8237149
17508	-995.666	-1207.015	211.3488	2.33894	1.159045	0.448117	0.551883	0.8237149
17514	-1009.615	-1221.495	211.8795	2.158182	0.7100434	0.530639	0.469361	0.9690142
17520	-1013.317	-1224.989	211.6719	2.150985	0.8695529	0.257581	0.742419	0.9939015
17526	-1026.597	-1237.903	211.3062	2.089358	1.091275	0.626336	0.373664	1.180998
17532	-1026.791	-1238.224	211.4332	2.015876	1.021489	0.315761	0.684239	1.192588
17538	-1020.284	-1231.123	210.8387	2.03154	1.597853	0.437158	0.562842	1.279969
17544	-1036.919	-1248.713	211.7939	2.012782	0.5527856	0.407178	0.592822	1.367166
17550	-1036.096	-1247.723	211.6274	2.017774	0.6158172	0.463684	0.536316	1.420288
17556	-1009.339	-1220.33	210.9908	1.841235	0.7720624	0.506497	0.493503	1.858853
17562	-1017.086	-1228.543	211.4575	1.771291	0.491581	0.407615	0.592385	1.858853
17568	-1031.2	-1242.744	211.5436	1.918472	0.6820845	0.535091	0.464909	1.490319
17574	-1010.279	-1221.275	210.9966	1.818219	0.9191664	0.441375	0.558625	1.755351
17580	-1018.875	-1230.411	211.5361	1.830224	0.9720535	0.482112	0.517888	1.303031
17586	-1017.582	-1229.498	211.916	1.979872	0.7471647	0.482112	0.517888	1.062586
17592	-1014.482	-1226.237	211.7548	1.986855	0.665203	0.375583	0.624417	1.28941
17598	-1042.398	-1254.588	212.1898	2.067211	0.5849712	0.433051	0.566949	0.9192559
17604	-1036.01	-1246.976	210.9657	1.606871	0.9782532	0.444297	0.555703	1.880023
17610	-1012.468	-1222.99	210.5229	1.849643	1.190501	0.568214	0.431786	1.880023
17616	-1025.726	-1236.449	210.7225	1.819236	1.152497	0.506679	0.493321	1.786828
17622	-1028.499	-1239.208	210.7087	1.954462	0.7768823	0.452861	0.547139	1.9692
17628	-1014.625	-1225.865	211.2398	1.742108	0.4818325	0.452861	0.547139	2.036022
17634	-1023.37	-1234.074	210.7042	1.937037	0.2524713	0.481532	0.518468	2.55865
17640	-1029.355	-1240.839	211.4833	1.659045	0.5554031	0.48057	0.51943	1.84803
17646	-1013.792	-1225.912	212.1202	1.689951	0.5325099	0.561629	0.438371	1.389334
17652	-1031.736	-1242.805	211.0684	1.807499	1.085155	0.427963	0.572037	1.593474
17658	-1033.402	-1245.163	211.7611	1.73694	0.8139644	0.401051	0.598949	1.335728
17664	-1026.553	-1237.07	210.5168	1.69877	1.306141	0.524368	0.475632	1.920159
17670	-1040.604	-1251.64	211.0359	2.142801	0.7757209	0.311637	0.688363	1.612077
17676	-1034.47	-1245.757	211.2868	1.878562	0.685582	0.505275	0.494725	1.70311
17682	-1011.436	-1223.259	211.8235	2.12418	0.6649541	0.494205	0.505795	1.113007
17688	-1025.433	-1237.033	211.6002	1.703625	0.6649541	0.376842	0.623158	1.623838
17694	-1019.635	-1230.741	211.1061	1.960015	0.6500192	0.454714	0.545286	1.805997
17700	-1019.013	-1230.451	211.4379	2.084832	0.7168078	0.666488	0.333512	1.409565
17706	-1011.26	-1222.706	211.4459	1.981231	0.8184084	0.421376	0.578624	1.38764
17712	-1025.916	-1236.712	210.7969	2.183622	0.7564839	0.500717	0.499283	1.769488
17718	-1021.039	-1232.786	211.7469	2.069027	0.5515884	0.41455	0.58545	1.361384
17724	-1014.117	-1224.324	210.2075	1.691329	0.7525221	0.41455	0.58545	2.481934
17730	-1023.494	-1234.15	210.656	1.93109	0.924106	0.483997	0.516003	1.908403
17736	-1007.956	-1219.063	211.1067	1.918059	0.8963013	0.453129	0.546871	1.623682
17742	-1018.104	-1229.192	211.087	1.879852	0.9206006	0.40229	0.59771	1.646559
17748	-1022.533	-1233.112	210.5799	1.873232	0.7376121	0.3793	0.6207	2.139948
17754	-1011.014	-1221.854	210.8397	1.755666	1.276995	0.32265	0.67735	1.673528
17760	-1011.898	-1223.195	211.297	1.983105	0.5213722	0.656469	0.343531	1.789885
17766	-1014.477	-1226.282	211.8051	2.024041	0.8508152	0.581894	0.418106	1.008598
17772	-1017.889	-1229.611	211.7228	2.185574	0.9004235	0.499997	0.500003	0.8645374
17778	-1007.04	-1218.721	211.6809	2.185574	0.8393617	0.4325	0.5675	0.9841136
17784	-1009.068	-1220.767	211.6997	1.822681	0.6563199	0.445586	0.554414	1.470945
17790	-1004.938	-1216.813	211.8751	1.927735	0.4725288	0.529434	0.470566	1.470945
17796	-1012.01	-1223.936	211.9257	2.01858	0.4427348	0.393202	0.606798	1.402708
17802	-1030.703	-1241.869	211.1658	2.126861	1.155159	0.388007	0.611993	1.218957
17808	-1010.106	-1221.925	211.8186	2.114286	0.8154696	0.499505	0.500495	0.9437172
17814	-1014.023	-1226.122	212.0994	2.004103	0.6436396	0.482936	0.517064	0.9922594
17820	-1009.99	-1221.493	211.503	2.012796	1.104583	0.565282	0.434718	1.061192
17826	-1025.977	-1237.76	211.7837	2.03042	0.9257354	0.372668	0.627332	0.9398981
17832	-1032.525	-1244.274	211.7491	1.90689	0.5465633	0.263621	0.736379	1.490526
17838	-1025.623	-1237.188	211.5647	2.026621	0.7017943	0.631769	0.368231	1.371065
17844	-1030.823	-1242.226	211.4023	2.026621	0.5723271	0.541841	0.458159	1.628724
17850	-1022.357	-1234.017	211.6595	1.709055	0.5723271	0.57132	0.42868	1.672056
17856	-1009.314	-1220.27	210.9558	1.876704	0.9138043	0.47161	0.52839	1.746967
17862	-1008.691	-1219.726	211.0354	1.883035	0.5249499	0.459265	0.540735	2.031032
17868	-1009.396	-1221.223	211.8267	1.920344	0.4200582	0.557965	0.442035	1.582319
17874	-1021.473	-1231.564	210.0913	2.102699	0.8630754	0.366264	0.633736	2.211913
17880	-1002.845	-1214.272	211.4265	2.064268	0.6385473	0.376845	0.623155	1.51311
17886	-1009.853	-1221.67	211.8169	2.144395	0.5885901	0.478079	0.521921	1.196011
17892	-1030.327	-1242.266	211.9389	2.144395	0.6311262	0.494746	0.505254	1.029494
17898	-1033.553	-1245.595	212.0414	2.245755	0.5417952	0.555039	0.444961	0.9573014
17904	-1028.259	-1240.137	211.8778	2.474173	0.6346836	0.477359	0.522641	0.6993143
17910	-1044.09	-1255.697	211.6069	2.462177	0.784712	0.252781	0.747219	0.8288911
17916	-1035.272	-1247.306	212.0342	2.213904	0.5594123	0.55668	0.44332	0.9695992
17922	-1026.94	-1238.295	211.3543	2.213904	0.8216306	0.377474	0.622526	1.27158
17928	-1034.809	-1246.71	211.9009	2.085267	0.3889044	0.389496	0.610504	1.448267
17934	-1025.664	-1237.196	211.5319	2.1515	0.8412075	0.469304	0.530696	1.154408
17940	-1014.739	-1226.578	211.8393	1.925106	0.507116	0.357138	0.642862	1.456093
17946	-1014.157	-1225.601	211.4439	2.060319	1.211017	0.496871	0.503129	0.9789996
17952	-1017.522	-1229.923	212.4012	1.968337	0.5249888	0.352897	0.647103	0.8965998
17958	-1020.225	-1231.963	211.7381	1.962015	0.8948599	0.63343	0.36657	1.085436
17964	-1011.413	-1222.096	210.6834	1.911603	0.7257953	0.481163	0.518837	2.056574
17970	-1021.018	-1232.288	211.2699	1.829415	1.039844	0.472877	0.527123	1.459478
17976	-1017.499	-1228.952	211.4531	1.855895	0.8611278	0.368475	0.631525	1.441367
17982	-1026.367	-1237.327	210.96	1.67111	1.146388	0.349705	0.650295	1.728245
17988	-1027.646	-1238.504	210.8577	1.559985	1.046266	0.350469	0.649531	1.93932
17994	-1036.902	-1247.353	210.4509	1.623798	0.6563574	0.563121	0.436879	2.449823
18000	-1036.171	-1247.318	211.1468	1.809331	0.4556557	0.450235	0.549765	2.082934
18006	-1015.891	-1227.134	211.2438	1.687444	0.4699518	0.406195	0.593805	2.082934
18012	-1023.446	-1234.582	211.136	1.914084	0.6038081	0.339885	0.660115	1.861818
18018	-1019.664	-1230.462	210.7976	1.675455	0.5544671	0.583186	0.416814	2.290775
18024	-1026.986	-1238.466	211.4808	1.943432	0.7934959	0.416579	0.583421	1.412659
18030	-1025.322	-1236.53	211.2087	2.155057	0.5328302	0.338377	0.661623	1.718623
18036	-1012.576	-1224.014	211.4382	1.834263	0.6239579	0.687795	0.312205	1.686879
18042	-1001.462	-1212.893	211.4304	1.941096	0.5922782	0.337886	0.662114	1.648738
18048	-1012.804	-1223.952	211.1484	1.94929	0.7677099	0.507125	0.492875	1.677254
18054	-1031.157	-1241.669	210.5121	1.738413	0.7803511	0.530798	0.469202	2.237283
18060	-1023.979	-1234.392	210.4127	1.840927	1.001486	0.420956	0.579044	2.077855
18066	-1041.697	-1252.912	211.2147	1.82785	0.8465991	0.565117	0.434883	1.650547
18072	-1038.295	-1249.968	211.6734	1.942248	0.5615732	0.465348	0.534652	1.503517
18078	-1036.837	-1248.739	211.9021	2.162062	0.6207428	0.349689	0.650311	1.061826
18084	-1032.788	-1244.987	212.1983	1.960167	0.471744	0.360042	0.639958	1.186301
18090	-1037.433	-1249.813	212.3801	1.915041	0.474875	0.338781	0.661219	1.058037
18096	-1014.598	-1226.251	211.653	1.826268	0.7892383	0.321802	0.678198	1.373655
18102	-1025.943	-1237.799	211.8562	1.75207	0.5888792	0.403463	0.596537	1.478228
18108	-1027.42	-1238.503	211.0833	1.801618	0.5888792	0.652369	0.347631	1.988117
18114	-1021.946	-1233.083	211.1364	1.802385	1.128172	0.42965	0.57035	1.517706
18120	-1024.479	-1236.222	211.7423	2.037684	0.8646372	0.438815	0.561185	1.041384
18126	-1022.901	-1234.8	211.8995	2.017803	0.8448329	0.505636	0.494364	0.9241394
18132	-1018.467	-1229.993	211.5265	1.957297	0.909847	0.572	0.428	1.260082
18138	-1032.391	-1244.136	211.7453	1.959994	0.9804631	0.353849	0.646151	0.993831
18144	-1027.482	-1239.015	211.5334	2.065044	0.8802197	0.623325	0.376675	1.19047
18150	-1020.648	-1232.416	211.7676	1.949477	0.8166691	0.301136	0.698864	1.14956
18156	-1036.046	-1247.185	211.1392	2.038399	0.9931996	0.422494	0.577506	1.434849
18162	-1022.006	-1233.699	211.6931	1.982368	0.5033677	0.422494	0.577506	1.527618
18168	-1015.4	-1227.351	211.9511	1.982368	0.4739033	0.468527	0.531473	1.368313
18174	-1018.961	-1230.03	211.0685	1.847139	0.87621	0.508106	0.491894	1.717221
18180	-1012.364	-1223.515	211.151	2.027057	0.7123105	0.561069	0.438931	1.669337
18186	-1008.678	-1220.4	211.7219	2.042316	0.6226684	0.501767	0.498233	1.318872
18192	-995.8715	-1207.131	211.2595	1.836397	0.446547	0.468617	0.531383	2.001134
18198	-1019.897	-1229.922	210.025	1.848852	1.599192	0.489527	0.510473	2.001134
18204	-1029.638	-1240.755	211.1176	1.893986	0.5325739	0.396636	0.603364	1.960791
18210	-1019.561	-1230.681	211.1201	1.831774	0.3539509	0.422366	0.577634	2.21282
18216	-1026.24	-1237	210.7598	1.862889	0.5476424	0.334143	0.665857	2.201295
18222	-1018.047	-1227.24	209.1935	1.596644	0.7136177	0.464462	0.535538	3.185542
18228	-1022.696	-1232.027	209.331	1.516409	0.3455162	0.48031	0.51969	3.503704
18234	-1024.409	-1233.111	208.7016	1.578444	0.68971	0.386169	0.613831	3.503704
18240	-1031.394	-1241.404	210.0094	1.474189	1.370109	0.545021	0.454979	2.364618
18246	-1015.584	-1226.09	210.506	1.912398	1.282471	0.373087	0.626913	1.794685
18252	-1016.742	-1228.257	211.5148	1.790646	0.3241861	0.416615	0.583385	2.023278
18258	-1017.427	-1229.388	211.9602	1.973968	0.3241861	0.443745	0.556255	1.587724
18264	-1022.511	-1234.224	211.7124	1.979806	0.446029	0.586031	0.413969	1.587724
18270	-1036.359	-1247.984	211.6252	1.851736	0.5780114	0.519585	0.480415	1.587724
18276	-1029.517	-1240.907	211.3902	1.816291	0.4479598	0.411314	0.588686	1.925237
18282	-1022.461	-1234.319	211.8588	2.068651	0.3258521	0.451246	0.548754	1.589937
18288	-1018.094	-1230.192	212.0976	1.984799	0.2833304	0.451246	0.548754	1.54826
18294	-1016.779	-1227.917	211.1383	1.782422	0.8299469	0.504215	0.495785	1.750284
18300	-1021.39	-1232.377	210.9864	1.766289	0.7048202	0.504215	0.495785	1.969509
18306	-1021.716	-1233.26	211.544	1.856134	0.71555	0.541982	0.458018	1.504075
18312	-1022.535	-1234.55	212.0151	1.953706	0.6635056	0.541982	0.458018	1.09554
18318	-1012.71	-1224.139	211.4298	1.737114	0.6914001	0.35911	0.64089	1.696598
18324	-1013.72	-1225.529	211.8097	1.957923	0.4076528	0.564996	0.435004	1.584343
18330	-1014.527	-1225.112	210.5843	1.756877	0.4076528	0.448514	0.551486	2.531951
18336	-1015.539	-1226.584	211.0451	1.752339	0.3774152	0.523228	0.476772	2.281219
18342	-1019.276	-1229.804	210.5275	1.554384	0.5136604	0.659298	0.340702	2.577587
18348	-1026.946	-1237.843	210.8974	1.592827	0.6670312	0.591768	0.408232	2.17541
18354	-1024.215	-1234.492	210.2767	1.458385	0.3984495	0.332554	0.667446	2.914153
18360	-1025.361	-1235.721	210.3595	1.782635	0.3736356	0.414865	0.585135	2.696275
18366	-1019.793	-1231.325	211.5315	1.858513	0.3480224	0.413923	0.586077	1.932122
18372	-1020.26	-1231.718	211.4589	1.948552	0.5663835	0.34452	0.65548	1.650612
18378	-1019.798	-1230.551	210.7534	1.674857	0.5149612	0.431471	0.568529	2.359021
18384	-1019.24	-1230.274	211.0342	1.798766	0.2775359	0.221172	0.778828	2.398956
18390	-1022.643	-1233.344	210.7018	1.736772	0.47101	0.334917	0.665083	2.398956
18396	-1017.787	-1229.04	211.2536	1.736772	0.4904521	0.591252	0.408748	2.020793
18402	-1023.935	-1234.541	210.6053	1.82839	0.4914961	0.265444	0.734556	2.380027
18408	-1017.925	-1228.826	210.9008	1.775231	0.3607772	0.572741	0.427259	2.380027
18414	-1010.495	-1221.748	211.2526	1.689557	0.3327775	0.533973	0.466027	2.248164
18420	-1019.113	-1230.312	211.1994	1.776117	1.100857	0.545468	0.454532	1.509083
18426	-1016.703	-1228.56	211.8574	1.743584	0.738237	0.465658	0.534342	1.326449
18432	-1018.253	-1229.589	211.3365	1.680582	0.604203	0.366991	0.633009	1.883937
18438	-1028.121	-1240.158	212.0362	1.752123	0.5166381	0.414375	0.585625	1.425946
18444	-1039.733	-1250.249	210.5164	1.693514	0.6460325	0.297333	0.702667	2.37346
18450	-1044.619	-1255.291	210.6718	1.716002	0.6460325	0.644362	0.355638	2.260054
18456	-1031.093	-1242.328	211.235	1.597873	0.3499122	0.446738	0.553262	2.294726
18462	-1032.766	-1243.789	211.023	1.959288	0.6357721	0.481735	0.518265	1.877076
18468	-1021.999	-1233.423	211.4244	1.93172	0.5553927	0.36317	0.63683	1.69916
18474	-1022.95	-1234.266	211.3152	1.93172	0.5553927	0.406882	0.593118	1.775847
18480	-1021.858	-1233.014	211.1563	1.93172	0.6461646	0.476308	0.523692	1.794534
18486	-1038.896	-1250.96	212.0633	2.018232	0.5623935	0.476308	0.523692	1.124887
18492	-1021.129	-1233.104	211.9747	2.033203	0.6843633	0.610835	0.389165	1.03236
18498	-1029.908	-1242.077	212.1694	1.912655	0.7005929	0.607553	0.392447	0.9352265
18504	-1030.359	-1242.032	211.6725	1.834329	0.7610151	0.349157	0.650843	1.378844
18510	-1029.364	-1241.001	211.637	1.875892	0.7560087	0.41375	0.58625	1.378844
18516	-1025.293	-1235.675	210.3812	1.812761	0.4752851	0.620151	0.379849	2.547694
18522	-1021.763	-1233.476	211.7129	1.743672	0.4752851	0.357402	0.642598	1.719913
18528	-1018.911	-1230.545	211.6338	1.919532	0.4391719	0.455188	0.544812	1.696408
18534	-1034.136	-1246.196	212.0599	2.101159	0.4100681	0.401788	0.598212	1.277796
18540	-1026.788	-1238.265	211.4778	2.17932	0.9865362	0.592574	0.407426	1.035264
18546	-1017.814	-1229.368	211.5541	2.17932	0.6722801	0.53684	0.46316	1.288384
18552	-1005.621	-1216.782	211.1602	1.898351	0.3964399	0.577564	0.422436	2.087527
18558	-1006.75	-1217.809	211.0594	1.913841	0.4421167	0.386639	0.613361	2.087527
18564	-1023.555	-1234.459	210.9035	1.859442	0.3594948	0.469785	0.530215	2.326543
18570	-1018.538	-1229.616	211.0779	1.872329	0.5705911	0.337875	0.662125	1.962636
18576	-1007.62	-1218.584	210.9642	1.541382	0.474427	0.452985	0.547015	2.352789
18582	-997.94	-1208.673	210.7332	1.66253	0.3953617	0.456487	0.543513	2.512672
18588	-1015.663	-1226.315	210.6524	1.59533	0.737565	0.559621	0.440379	2.272773
18594	-1013.784	-1224.354	210.5706	1.699493	0.7571104	0.442171	0.557829	2.242845
18600	-1013.404	-1222.771	209.3672	1.52491	0.618512	0.357599	0.642401	3.201209
18606	-1030.792	-1239.952	209.1599	1.334154	0.9577474	0.491622	0.508378	3.194976
18612	-1030.045	-1240.751	210.7064	1.584926	0.4211069	0.46598	0.53402	2.547282
18618	-1029.467	-1239.576	210.1086	1.620961	0.5324149	0.46598	0.53402	2.775716
18624	-1027.203	-1238.029	210.826	1.544306	0.555476	0.369151	0.630849	2.355266
18630	-1019.904	-1231.009	211.1047	1.531261	0.8211094	0.478924	0.521076	1.952425
18636	-1027.479	-1237.928	210.4496	1.640232	0.3440661	0.561455	0.438545	2.765783
18642	-1031.317	-1242.383	211.0655	1.521717	0.642571	0.324781	0.675219	2.134037
18648	-1031.255	-1242.37	211.1149	1.547662	0.3151138	0.606975	0.393025	2.45069
18654	-1040.323	-1251.949	211.6257	1.92412	0.6712882	0.606975	0.393025	1.434624
18660	-1026.299	-1237.187	210.888	1.73527	0.5091178	0.518886	0.481114	2.240475
18666	-1029.801	-1240.803	211.0017	1.663696	0.601765	0.553018	0.446982	2.120727
18672	-1037.692	-1249.163	211.4716	1.931016	0.3305141	0.534326	0.465674	1.949056
18678	-1018.912	-1230.011	211.099	1.803836	0.6167222	0.384585	0.615415	1.949056
18684	-1031.958	-1243.03	211.072	1.836467	0.6167222	0.440528	0.559472	1.945241
18690	-1017.138	-1227.786	210.6484	1.975926	0.4758704	0.356028	0.643972	2.275509
18696	-1009.1	-1221.114	212.0139	1.983531	0.3820389	0.580041	0.419959	1.450052
18702	-1033.556	-1244.887	211.3313	2.100356	0.3227956	0.401988	0.598012	1.94094
18708	-1014.374	-1225.784	211.4092	2.056058	0.508291	0.627605	0.372395	1.674638
18714	-1009.955	-1220.239	210.2838	1.816602	0.5989247	0.704223	0.295777	2.484402
18720	-1015.785	-1226.829	211.0438	1.822957	0.4718156	0.704223	0.295777	2.123078
18726	-1013.267	-1223.344	210.0773	1.633931	0.568119	0.372045	0.627955	2.753239
18732	-1018.902	-1230.209	211.3067	1.683496	0.568119	0.491514	0.508486	1.938275
18738	-1013.285	-1224.499	211.2141	1.911335	0.6009439	0.36347	0.63653	1.812883
18744	-1017.631	-1229.274	211.6428	1.933124	0.4750876	0.36347	0.63653	1.635158
18750	-1003.77	-1214.916	211.1457	2.045094	0.6655703	0.327035	0.672965	1.704015
18756	-1018.018	-1229.29	211.2725	1.873652	0.5645117	0.304412	0.695588	1.835845
18762	-1019.947	-1231.454	211.5072	2.102816	0.519537	0.798909	0.201091	1.556544
18768	-1005.238	-1216.527	211.2895	1.954521	0.5609899	0.553328	0.446672	1.77184
18774	-1033.783	-1244.647	210.8641	1.97389	0.8777141	0.389949	0.610051	1.77049
18780	-1028.342	-1239.856	211.514	1.97389	0.4983329	0.389949	0.610051	1.670143
18786	-1023.627	-1235.63	212.0031	1.994216	0.3700075	0.330895	0.669105	1.468494
18792	-1020.607	-1231.323	210.7157	1.994216	0.8711844	0.629552	0.370448	1.863848
18798	-1004.723	-1216.042	211.3182	1.723048	0.4914799	0.432597	0.567403	1.985708
18804	-1020.232	-1231.806	211.5737	1.723048	0.7590245	0.37891	0.62109	1.540544
18810	-1014.625	-1226.326	211.7005	2.102208	0.8705685	0.500162	0.499838	1.012856
18816	-1013.22	-1225.152	211.9318	2.260256	0.5013117	0.500162	0.499838	1.112418
18822	-1003.222	-1214.84	211.6189	2.015405	0.6221497	0.453013	0.546987	1.421725
18828	-1013.483	-1225.042	211.559	1.757786	0.7370911	0.420653	0.579347	1.545775
18834	-1028.986	-1240.325	211.3392	1.745377	0.9402496	0.643737	0.356263	1.545775
18840	-1030.775	-1242.466	211.6908	1.716534	0.8659455	0.638688	0.361312	1.360718
18846	-1033.155	-1243.824	210.669	1.716054	1.338692	0.469183	0.530817	1.786032
18852	-1013.207	-1223.946	210.7388	1.716054	1.215737	0.308909	0.691091	1.808458
18858	-1014.394	-1225.25	210.8556	1.641834	0.6184235	0.317495	0.682505	2.214319
18864	-1051.41	-1262.158	210.7479	1.777089	0.2630813	0.45828	0.54172	2.613824
18870	-1043.42	-1252.837	209.4168	1.410226	0.4121158	0.386829	0.613171	3.437703
18876	-1030.793	-1240.886	210.0936	1.476904	0.2726264	0.347739	0.652261	3.176667
18882	-1028.074	-1238.113	210.0383	1.310034	0.3721326	0.4483	0.5517	3.176667
18888	-1023.415	-1234.955	211.5406	1.45081	0.3090123	0.590141	0.409859	2.250578
18894	-1022.103	-1233.456	211.3524	1.757048	0.2601069	0.271161	0.728839	2.250578
18900	-1025.847	-1236.862	211.0149	1.661171	0.4946826	0.271161	0.728839	2.2218
18906	-1014.239	-1225.502	211.2626	1.708276	0.4805923	0.366904	0.633096	2.044742
18912	-1022.184	-1233.545	211.3604	1.726089	0.4055566	0.573719	0.426281	2.057611
18918	-1021.091	-1232.204	211.1129	1.601263	0.4055566	0.481656	0.518344	2.299288
18924	-1006.45	-1218.333	211.8826	1.751525	0.3547374	0.366062	0.633938	1.754914
18930	-1006.584	-1218.31	211.7254	2.084891	0.4306069	0.43732	0.56268	1.521251
18936	-999.4972	-1210.818	211.3213	1.749171	0.4071885	0.547839	0.452161	2.066125
18942	-1006.417	-1216.836	210.4188	1.604637	0.6305102	0.387304	0.612696	2.504324
18948	-1018.432	-1229.289	210.857	1.85324	0.7032507	0.485125	0.514875	1.999272
18954	-997.7287	-1209.858	212.1297	1.807428	0.3855118	0.533045	0.466955	1.490504
18960	-995.1415	-1206.215	211.0738	1.609677	0.3712557	0.388116	0.611884	2.361738
18966	-1000.907	-1210.259	209.3526	1.527976	0.4281794	0.38905	0.61095	3.388824
18972	-1014.161	-1224.341	210.1798	1.732255	0.4546526	0.494857	0.505143	2.743627
18978	-1014.273	-1225.456	211.1836	1.853764	0.5005549	0.476741	0.523259	1.978258
18984	-1005.02	-1216.264	211.2444	1.759839	0.5005549	0.476741	0.523259	2.000377
18990	-1011.592	-1222.979	211.3868	2.035657	0.5005549	0.431034	0.568966	1.714013
18996	-1019.98	-1230.97	210.9903	1.929015	0.571547	0.487842	0.512158	1.982384
19002	-1005.811	-1217.436	211.6243	1.88373	0.6093894	0.487842	0.512158	1.531012
19008	-1008.338	-1219.942	211.6034	1.88373	0.687833	0.403887	0.596113	1.465687
19014	-1006.097	-1216.973	210.8751	1.799758	0.4615518	0.593106	0.406894	2.258964
19020	-1009.239	-1218.577	209.3385	1.52189	0.6406895	0.278828	0.721172	3.201571
19026	-1000.78	-1211.184	210.4044	1.752216	0.856118	0.41894	0.58106	2.241064
19032	-997.887	-1207.573	209.6861	1.670265	0.6533774	0.451349	0.548651	2.894387
19038	-1012.199	-1222.156	209.9567	1.52432	0.7773954	0.453819	0.546181	2.721796
19044	-1014.518	-1224.105	209.5874	1.407301	0.7987139	0.605959	0.394041	3.001076
19050	-1036.637	-1247.638	211.0012	1.517563	0.5296405	0.763375	0.236625	2.286367
19056	-1030.8	-1241.484	210.6838	1.55764	0.5768333	0.413628	0.586372	2.416334
19062	-1024.894	-1235.525	210.6315	1.585915	0.5444652	0.539051	0.460949	2.46248
19068	-1020.233	-1231.115	210.8815	1.621303	0.7568965	0.348994	0.651006	2.091766
19074	-1022.479	-1232.179	209.7001	1.613294	0.599953	0.49843	0.50157	2.965699
19080	-1028.853	-1240.292	211.4388	2.077014	0.4426804	0.472701	0.527299	1.718456
19086	-1017.639	-1228.836	211.1963	2.146743	0.7536608	0.379707	0.620293	1.510977
19092	-1012.811	-1224.343	211.5315	2.187347	0.9124224	0.379707	0.620293	1.049996
19098	-1016.56	-1228.154	211.594	2.2122	0.9623524	0.486135	0.513865	0.9067554
19104	-1031.177	-1242.921	211.7442	2.156582	0.8899221	0.576625	0.423375	0.8866584
19110	-1035.177	-1246.987	211.8099	2.156582	0.8872513	0.298591	0.701409	0.8100634
19116	-1032.945	-1244.528	211.5835	1.877541	1.063009	0.544072	0.455928	1.147007
19122	-1018.884	-1230.325	211.4408	1.693544	0.9221439	0.471165	0.528835	1.523012
19128	-1017.849	-1229.332	211.4826	1.955813	0.8379644	0.499895	0.500105	1.361129
19134	-1029.677	-1241.373	211.6962	1.91146	0.7546993	0.535827	0.464173	1.304587
19140	-1030.35	-1241.079	210.7292	2.317635	1.699655	0.404254	0.595746	1.064997
19146	-1022.279	-1233.087	210.8075	2.380031	1.706778	0.361364	0.638636	0.918038
19152	-1022.74	-1233.528	210.7885	2.380031	1.706778	0.330948	0.669052	0.9386387
19158	-1027.276	-1238.301	211.0253	2.380031	1.652693	0.424696	0.575304	0.6694668
19164	-1026.8	-1238.23	211.4301	2.380031	1.141765	0.524941	0.475059	0.6579427
19170	-1026.416	-1237.404	210.9873	2.301216	1.680183	0.434153	0.565847	0.8198482
19176	-1021.574	-1233.074	211.4998	2.301216	1.041537	0.51426	0.48574	0.8188023
19182	-1032.597	-1244.205	211.6073	2.585534	0.8086064	0.392405	0.607595	0.51145
19188	-1028.48	-1240.087	211.6073	2.585534	0.8086064	0.609913	0.390087	0.51145
19194	-1023.833	-1235.168	211.3358	2.811934	0.7787457	0.58496	0.41504	0.324924
19200	-1008.308	-1219.219	210.9108	2.857108	1.207908	0.474176	0.525824	0.3962059
19206	-999.7546	-1210.616	210.8613	2.857108	1.265978	0.387331	0.612669	0.3962059
19212	-1010.681	-1221.699	211.0173	2.857108	1.074361	0.487294	0.512706	0.3722578
19218	-1006.195	-1217.342	211.1477	2.746698	1.074361	0.487294	0.512706	0.4075448
19224	-1014.895	-1226.048	211.1533	2.746698	1.074361	0.41059	0.58941	0.4211449
19230	-997.078	-1208.067	210.9887	2.769013	1.246914	0.502175	0.497825	0.4702795
19236	-1005.543	-1216.699	211.1562	2.601439	1.232894	0.458755	0.541245	0.421311
19242	-1021.304	-1232.474	211.17	2.601439	1.232894	0.520932	0.479068	0.4944886
19248	-1018.173	-1229.515	211.342	2.628241	0.9983464	0.376425	0.623575	0.4117949
19254	-1029.652	-1241.059	211.4063	2.557101	1.022628	0.515251	0.484749	0.5150582
19260	-1021.01	-1232.079	211.0689	2.557101	1.387016	0.37885	0.62115	0.6061168
19266	-1008.476	-1219.817	211.3417	2.557101	1.078629	0.683097	0.316903	0.5783504
19272	-1015.471	-1226.851	211.38	2.525135	1.078629	0.528435	0.471565	0.5506194
19278	-1010.471	-1221.817	211.3464	2.563389	1.073652	0.46959	0.53041	0.5506194
19284	-1006.199	-1217.55	211.3509	2.563389	1.073652	0.582946	0.417054	0.4877474
19290	-1011.12	-1222.358	211.2381	2.563389	1.196358	0.431328	0.568672	0.5283155
19296	-1003.282	-1214.472	211.1895	2.611976	1.196358	0.463715	0.536285	0.5283155
19302	-1008.406	-1219.461	211.0557	2.709989	1.21637	0.488912	0.511088	0.4067677
19308	-1015.429	-1226.945	211.5166	2.619203	0.8492344	0.431876	0.568124	0.4307351
19314	-1017.156	-1228.27	211.114	2.641587	1.248191	0.454356	0.545644	0.4628707
19320	-1013.173	-1224.434	211.2614	2.681015	1.041587	0.550261	0.449739	0.4628707
19326	-1020.861	-1231.7	210.8389	2.824755	1.363416	0.500976	0.499024	0.4822846
19332	-1022.441	-1233.004	210.5625	2.685393	1.859605	0.579979	0.420021	0.7109885
19338	-1002.075	-1212.978	210.9034	2.603188	1.533823	0.579979	0.420021	0.6304206
19344	-997.4256	-1208.337	210.911	2.59765	1.533823	0.459347	0.540653	0.6254395
19350	-1014.303	-1225.403	211.1002	2.59765	1.290994	0.414625	0.585375	0.6198751
19356	-1003.908	-1215.031	211.1224	2.765112	1.102535	0.565785	0.434215	0.4979823
19362	-1005.691	-1217.002	211.3115	2.482435	1.136515	0.507001	0.492999	0.6979475
19368	-1015.246	-1226.498	211.2519	2.482435	1.237852	0.526608	0.473392	0.6393669
19374	-1017.981	-1229.197	211.2159	2.355481	1.164935	0.410679	0.589321	0.9512724
19380	-1009.163	-1221.187	212.0243	2.129429	0.7639463	0.410679	0.589321	0.7473211
19386	-1022.697	-1234.11	211.413	2.091477	1.088478	0.563504	0.436496	1.085794
19392	-1007.536	-1219.057	211.5212	2.091477	0.9777115	0.525425	0.474575	1.085794
19398	-1022.801	-1233.68	210.8795	2.153269	1.687382	0.372506	0.627494	1.085794
19404	-1022.563	-1234.364	211.8008	1.858515	0.9133818	0.57953	0.42047	1.104606
19410	-1004.364	-1215.669	211.3049	2.132149	1.178803	0.353996	0.646004	1.072007
19416	-1020.49	-1232.303	211.813	1.954	0.9128227	0.522756	0.477244	1.002604
19422	-1022.725	-1234.071	211.346	2.122698	1.235107	0.474963	0.525037	0.9940307
19428	-1010.558	-1221.919	211.3604	2.139234	1.099663	0.608063	0.391937	1.080587
19434	-1031.145	-1242.051	210.9061	2.163798	1.640905	0.532866	0.467134	1.080587
19440	-1034.736	-1245.545	210.8091	2.252726	1.609129	0.712888	0.287112	1.108217
19446	-1030.768	-1241.468	210.6999	1.922405	1.609129	0.561136	0.438864	1.468817
19452	-1027.851	-1238.453	210.6029	1.81086	1.546723	0.634165	0.365835	1.654658
19458	-1019.968	-1231.335	211.3675	1.841988	0.9347536	0.504787	0.495213	1.456429
19464	-1017.488	-1229.137	211.6489	1.694854	0.702064	0.493861	0.506139	1.558865
19470	-1024.198	-1235.485	211.2871	1.991604	1.076961	0.488013	0.511987	1.290484
19476	-1030.858	-1242.302	211.4442	1.902259	0.8703081	0.454901	0.545099	1.404622
19482	-1035.111	-1246.503	211.3925	1.759671	0.8655622	0.474191	0.525809	1.555416
19488	-1026.514	-1237.478	210.9638	1.804826	1.264748	0.613113	0.386887	1.555416
19494	-1021.284	-1232.584	211.3005	1.750798	0.9597091	0.516549	0.483451	1.555416
19500	-1034.722	-1245.203	210.4818	1.914627	1.00139	0.633036	0.366964	1.983137
19506	-1006.035	-1217.115	211.0804	1.597029	0.7552018	0.592085	0.407915	1.977351
19512	-1012.645	-1223.437	210.7921	1.758303	0.7963023	0.449792	0.550208	2.028903
19518	-1013.377	-1224.866	211.4896	1.97589	1.081705	0.563382	0.436618	1.1272
19524	-1023.789	-1234.974	211.1854	2.004155	1.405953	0.6479	0.3521	1.1272
19530	-1026.442	-1237.975	211.533	2.272511	0.9851354	0.484511	0.515489	0.8812071
19536	-1014.508	-1225.972	211.4641	2.227054	1.097838	0.42499	0.57501	0.8868897
19542	-1010.932	-1222.497	211.5641	2.17682	0.8330557	0.253472	0.746528	1.111229
19548	-1005.826	-1217.687	211.8618	2.027152	0.7694133	0.525071	0.474929	1.043117
19554	-999.592	-1211.319	211.7266	1.946328	0.8310613	0.597384	0.402616	1.173713
19560	-1016.854	-1228.346	211.4918	1.970871	1.029907	0.564038	0.435962	1.173642
19566	-1007.656	-1219.184	211.5273	1.970871	1.029907	0.461116	0.538884	1.142432
19572	-1026.736	-1238.346	211.6093	1.970871	0.9149271	0.536828	0.463172	1.173654
19578	-1026.412	-1237.692	211.2804	2.139416	1.074466	0.507149	0.492851	1.173654
19584	-1028.735	-1240.182	211.4477	2.026352	1.018286	0.366885	0.633115	1.173654
19590	-1024.992	-1236.733	211.7417	2.068464	0.8153671	0.250852	0.749148	1.066124
19596	-1012.447	-1224.775	212.3287	1.99296	0.5299782	0.544048	0.455952	0.9404979
19602	-1011.493	-1222.94	211.4467	1.890182	0.9968111	0.559689	0.440311	1.306574
19608	-1025.086	-1236.812	211.7266	1.994503	0.430591	0.458556	0.541444	1.587033
19614	-1017.4	-1228.687	211.2875	1.643574	0.3511234	0.668373	0.331627	2.230052
19620	-1023.033	-1234.919	211.8858	1.426695	0.3511234	0.506352	0.493648	1.979795
19626	-1014.933	-1225.679	210.7468	1.489707	0.6512197	0.51878	0.48122	2.352074
19632	-1011.075	-1222.24	211.1653	1.632639	0.6512197	0.51878	0.48122	1.987011
19638	-1002.769	-1213.868	211.0987	1.624879	0.7825487	0.538965	0.461035	1.923954
19644	-1004.486	-1215.996	211.5105	1.78236	0.4765918	0.360321	0.639679	1.832278
19650	-1014.612	-1225.664	211.0528	2.01025	1.265629	0.542504	0.457496	1.329215
19656	-1004.209	-1215.913	211.704	2.114116	0.9209483	0.443711	0.556289	0.9410245
19662	-1017.367	-1228.446	211.0791	1.898874	1.26907	0.357682	0.642318	1.39424
19668	-1021.553	-1232.662	211.1092	1.929757	1.138956	0.437545	0.562455	1.434534
19674	-1011.7	-1223.435	211.7356	1.929757	0.8641501	0.365886	0.634114	1.147495
19680	-1017.319	-1229.194	211.8752	2.069078	0.8825604	0.509539	0.490461	0.844716
19686	-1013.169	-1224.599	211.4298	2.302848	1.083207	0.409927	0.590073	0.8543385
19692	-1024.831	-1236.169	211.338	2.347349	1.083207	0.212332	0.787668	0.9089178
19698	-1004.5	-1215.81	211.3095	2.526271	1.157967	0.406947	0.593053	0.5246356
19704	-1006.027	-1217.608	211.5804	2.526271	0.8691996	0.360582	0.639418	0.5991387
19710	-1009.764	-1221.349	211.5849	2.526271	0.8691996	0.636938	0.363062	0.5844263
19716	-1020.946	-1232.02	211.074	2.23725	1.243216	0.636938	0.363062	1.136105
19722	-1004.935	-1216.027	211.0918	2.253332	1.243216	0.553495	0.446505	1.105476
19728	-1009.472	-1221.16	211.6879	2.186703	0.7272494	0.511479	0.488521	1.105476
19734	-1012.741	-1224.407	211.666	2.035998	0.8732568	0.35189	0.64811	1.105476
19740	-999.557	-1211.045	211.4881	2.240948	0.9680165	0.380015	0.619985	0.9826244
19746	-1004.773	-1216.22	211.447	2.22845	0.9680165	0.677432	0.322568	1.035747
19752	-994.8909	-1206.288	211.397	2.157954	1.073393	0.592391	0.407609	1.05176
19758	-1000.385	-1211.88	211.4947	2.321927	0.9968401	0.308816	0.691184	0.8542419
19764	-1009.799	-1221.155	211.3552	2.321927	1.143474	0.51239	0.48761	0.8542419
19770	-993.8395	-1205.4	211.5602	2.101366	0.824944	0.524986	0.475014	1.189735
19776	-1007.261	-1218.351	211.0908	2.21911	1.233119	0.354903	0.645097	1.144872
19782	-1013.886	-1225.402	211.5156	2.21911	1.089545	0.46077	0.53923	0.8445536
19788	-1008.081	-1219.87	211.789	2.21911	0.8554316	0.489529	0.510471	0.8016575
19794	-1022.687	-1234.729	212.0424	2.205712	0.6593814	0.378284	0.621716	0.8039456
19800	-998.447	-1210.28	211.8329	2.175956	0.7252237	0.353656	0.646344	0.9787831
19806	-1000.037	-1211.692	211.6548	2.179526	0.9560906	0.567419	0.432581	0.8822898
19812	-1005.841	-1217.487	211.6451	2.210289	0.9490393	0.473613	0.526387	0.866122
19818	-1009.209	-1220.759	211.5497	2.210289	0.9490393	0.402671	0.597329	0.970998
19824	-1012.273	-1223.675	211.4016	2.210289	0.7218657	0.374144	0.625856	1.334309
19830	-1012.015	-1224.069	212.0548	2.220267	0.263027	0.612427	0.387573	1.441206
19836	-1006.412	-1217.949	211.5368	2.168488	0.564278	0.324472	0.675528	1.432365
19842	-1009.894	-1221.634	211.7402	2.109126	0.4757533	0.422869	0.577131	1.43132
19848	-1019.244	-1231.251	212.007	2.109126	0.4561513	0.462588	0.537412	1.24528
19854	-1008.377	-1220.179	211.8018	2.04783	0.6261214	0.524356	0.475644	1.244782
19860	-1009.949	-1221.721	211.7716	2.031164	0.6119206	0.474216	0.525784	1.300014
19866	-1012.688	-1223.767	211.0792	1.972056	0.6119206	0.474216	0.525784	1.852976
19872	-1017.624	-1229.156	211.5322	1.976028	0.625032	0.334274	0.665726	1.514273
19878	-1017.416	-1229.258	211.8417	2.132156	0.4883511	0.487825	0.512175	1.31657
19884	-1019.794	-1231.202	211.4078	2.05807	0.6579782	0.487825	0.512175	1.511771
19890	-1031.013	-1242.361	211.3471	2.034805	0.6902807	0.584189	0.415811	1.542099
19896	-1023.226	-1235.36	212.1337	2.135201	0.3183298	0.3874	0.6126	1.343234
19902	-1027.846	-1239.314	211.4672	2.192132	0.4918596	0.436444	0.563556	1.553712
19908	-1016.123	-1227.765	211.6414	2.013897	0.4942609	0.664138	0.335862	1.553712
19914	-1033.252	-1244.398	211.1461	1.993081	0.9129048	0.624921	0.375079	1.526737
19920	-1033.063	-1244.88	211.8163	2.251956	0.3974701	0.377969	0.622031	1.371769
19926	-1030.68	-1242.249	211.5685	2.304604	0.5861304	0.749339	0.250661	1.2732
19932	-1018.382	-1229.718	211.3365	2.034386	0.8612576	0.667275	0.332725	1.393436
19938	-1028.336	-1239.426	211.0905	1.801398	0.6431906	0.530545	0.469455	1.931362
19944	-1009.286	-1220.213	210.9278	1.697929	0.5859154	0.493614	0.506386	2.161733
19950	-1021.43	-1231.756	210.3258	1.549542	0.5859154	0.591052	0.408948	2.63616
19956	-1025.646	-1235.874	210.2284	1.451874	0.7038784	0.672673	0.327327	2.655862
19962	-1013.151	-1222.175	209.0236	1.536657	0.6636962	0.548756	0.451244	3.360013
19968	-1023.8	-1232.826	209.0259	1.534377	0.6636962	0.230202	0.769798	3.360013
19974	-1022.612	-1232.691	210.0793	1.588863	0.8564559	0.608604	0.391396	2.549574
19980	-1023.319	-1234.489	211.1698	1.735964	0.7660462	0.658594	0.341406	1.813208
19986	-1024.783	-1235.925	211.1414	1.840172	0.7056833	0.479733	0.520267	1.813208
19992	-1008.912	-1219.773	210.8606	1.641224	0.4816641	0.529823	0.470177	2.347336
19998	-1017.124	-1227.766	210.6424	1.641224	0.5604604	0.681801	0.318199	2.405296
20004	-1011.444	-1222.645	211.2015	1.685516	0.8109308	0.482985	0.517015	1.789131
20010	-1012.732	-1224.18	211.4481	1.812354	0.4851997	0.400267	0.599733	1.84448
20016	-1030.22	-1241.297	211.0768	1.805425	0.9531013	0.305542	0.694458	1.682682
20022	-1022.254	-1233.785	211.5305	1.709942	0.4279484	0.423967	0.576033	1.92676
20028	-1035.331	-1246.868	211.5366	1.742191	0.4074855	0.64907	0.35093	1.92676
20034	-1024.339	-1236.114	211.7757	1.742191	0.6581297	0.3745	0.6255	1.472468
20040	-1010.569	-1222.234	211.6655	1.670349	0.6448208	0.579515	0.420485	1.620565
20046	-1016.868	-1228.059	211.1911	1.833061	0.9638951	0.337371	0.662629	1.572165
20052	-1008.678	-1219.732	211.0535	1.899985	1.034512	0.450304	0.549696	1.572165
20058	-1012.269	-1223.981	211.7113	1.866266	0.5265124	0.504076	0.495924	1.572165
20064	-1027.182	-1237.592	210.4099	1.820789	0.8687798	0.480604	0.519396	2.184049
20070	-1028.318	-1238.982	210.6646	1.785582	0.8723948	0.450243	0.549757	2.037623
20076	-1022.602	-1233.758	211.1556	1.828699	0.7659254	0.591461	0.408539	1.758787
20082	-1008.661	-1219.574	210.9132	1.782256	0.8993705	0.62496	0.37504	1.852611
20088	-1024.831	-1235.886	211.0547	1.841246	0.9005881	0.377435	0.622565	1.712353
20094	-1023.453	-1234.691	211.2372	2.04214	0.5941495	0.462674	0.537326	1.712353
20100	-1019.894	-1231.589	211.6954	2.036716	0.6615854	0.555165	0.444835	1.301188
20106	-1034.733	-1246.285	211.5516	2.11788	0.7171431	0.306769	0.693231	1.292641
20112	-1028.176	-1239.761	211.5853	1.886267	0.6242935	0.653389	0.346611	1.54228
20118	-1014.141	-1226.194	212.0525	1.861283	0.3626798	0.562575	0.437425	1.54228
20124	-1017.861	-1229.323	211.4621	1.792519	0.6695475	0.537599	0.462401	1.654762
20130	-1019.41	-1230.777	211.3669	1.641004	0.6597214	0.537599	0.462401	1.837018
20136	-1013.395	-1223.955	210.5604	1.427836	0.9134173	0.453838	0.546162	2.308711
20142	-1013.391	-1223.987	210.5965	1.415368	0.613843	0.688095	0.311905	2.526299
20148	-1010.923	-1221.274	210.3509	1.546227	0.613843	0.559804	0.440196	2.597558
20154	-1027.589	-1238.355	210.7662	1.573714	0.9070721	0.502487	0.497513	2.08541
20160	-1021.879	-1230.943	209.0635	1.252437	0.4120572	0.440984	0.559016	3.734781
20166	-1017.229	-1227.191	209.9623	1.421948	0.6272256	0.440984	0.559016	2.899479
20172	-1017.473	-1228.604	211.1313	1.666742	0.3566506	0.422484	0.577516	2.307925
20178	-1010.081	-1221.838	211.7566	1.865624	0.5656596	0.47468	0.52532	1.493931
20184	-1024.524	-1235.771	211.2466	1.952315	1.065474	0.393973	0.606027	1.363204
20190	-1012.458	-1223.945	211.4869	2.039787	0.7602387	0.576379	0.423621	1.363923
20196	-998.977	-1210.716	211.7394	1.926727	0.6223125	0.529177	0.470823	1.396837
20202	-1010.016	-1221.973	211.9578	1.896288	0.6223125	0.53777	0.46223	1.245607
20208	-1017.858	-1229.706	211.848	1.942097	0.7336799	0.308409	0.691591	1.173572
20214	-1014.887	-1226.655	211.7684	1.983085	0.8498177	0.484009	0.515991	1.084014
20220	-1028.632	-1240.575	211.9429	2.162141	0.6809441	0.417927	0.582073	0.9382177
20226	-1025.858	-1237.434	211.5755	2.162141	1.001635	0.471024	0.528976	0.9382177
20232	-1036.281	-1248.116	211.835	1.820508	0.7328874	0.457804	0.542196	1.287809
20238	-1027.925	-1239.41	211.4847	1.804321	0.8468764	0.571041	0.428959	1.468782
20244	-1038.223	-1249.459	211.2351	2.268141	1.263645	0.588944	0.411056	0.9329924
20250	-1035.198	-1246.394	211.196	1.969401	0.9247731	0.588944	0.411056	1.497697
20256	-1038.036	-1249.867	211.8312	1.870589	0.6747909	0.570419	0.429581	1.311341
20262	-1012.526	-1224.084	211.558	1.945323	0.8679988	0.594209	0.405791	1.281666
20268	-1009.253	-1221.097	211.8436	2.139985	0.8271154	0.311092	0.688908	0.8722403
20274	-1012.955	-1224.784	211.8294	2.139985	0.8020092	0.553453	0.446547	0.9213675
20280	-997.3905	-1209.089	211.6987	2.141659	0.9045939	0.443939	0.556061	0.9359829
20286	-1008.826	-1220.268	211.4413	2.141659	1.062512	0.522486	0.477514	1.034827
20292	-1009.99	-1221.991	212.0017	2.223546	0.4127537	0.57728	0.42272	1.220098
20298	-995.873	-1207.789	211.9158	1.949299	0.6006825	0.534422	0.465578	1.262179
20304	-1002.846	-1214.113	211.2669	2.125997	1.190124	0.358877	0.641123	1.103639
20310	-993.4577	-1205.211	211.7536	2.046792	0.8116058	0.649064	0.350936	1.0794
20316	-996.0092	-1207.272	211.2624	2.046792	1.186711	0.50703	0.49297	1.180789
20322	-993.089	-1204.871	211.7822	1.980819	0.7309647	0.554784	0.445216	1.199918
20328	-1006.774	-1218.422	211.6471	1.753039	0.672652	0.430175	0.569825	1.545854
20334	-1003.835	-1215.613	211.7785	1.959958	0.5335896	0.589955	0.410045	1.443435
20340	-1009.314	-1221.294	211.98	1.997393	0.5881326	0.589955	0.410045	1.182736
20346	-1022.177	-1233.766	211.589	2.375124	0.8269718	0.747135	0.252865	0.8948598
20352	-1019.448	-1231.762	212.3142	2.056393	0.4465095	0.44279	0.55721	1.03331
20358	-1011.51	-1223.255	211.7446	2.086971	0.7108758	0.460164	0.539836	1.162644
20364	-1017.01	-1228.737	211.7273	2.202566	0.5147361	0.371118	0.628882	1.316908
20370	-1008.335	-1219.97	211.6346	2.126779	0.6046362	0.410397	0.589603	1.341778
20376	-1006.005	-1217.816	211.8101	2.221939	0.4642952	0.564418	0.435582	1.30276
20382	-1000.935	-1212.825	211.8907	2.145383	0.4642952	0.446169	0.553831	1.299517
20388	-1004.871	-1216.395	211.5249	2.060939	0.7173806	0.375947	0.624053	1.359586
20394	-1008.476	-1219.685	211.2096	2.021067	0.7994201	0.49799	0.50201	1.553449
20400	-1013.091	-1224.673	211.5815	2.0048	0.6282241	0.37203	0.62797	1.45198
20406	-1018.181	-1229.108	210.9267	1.821728	0.7268637	0.276572	0.723428	1.953424
20412	-1001.228	-1212.687	211.4596	2.051033	0.7268637	0.365365	0.634635	1.408964
20418	-1010.447	-1222.206	211.7588	1.995593	0.5520265	0.38401	0.61599	1.408964
20424	-1009.287	-1219.909	210.6223	1.816621	0.5431057	0.358963	0.641037	2.323795
20430	-1024.111	-1235.053	210.9425	1.676343	0.4301738	0.39916	0.60084	2.330708
20436	-1021.724	-1232.56	210.8363	1.729667	0.5328789	0.561082	0.438918	2.252796
20442	-1014.973	-1225.808	210.8347	1.862605	0.4931164	0.431845	0.568155	2.209786
20448	-1031.343	-1242.508	211.1653	1.500349	0.3670986	0.357757	0.642243	2.378409
20454	-1030.947	-1241.043	210.0961	1.570667	0.7489377	0.527751	0.472249	2.628956
20460	-1022.031	-1232.497	210.4661	1.618511	0.6453601	0.38894	0.61106	2.453074
20466	-1034.355	-1243.864	209.5092	1.458349	0.3812256	0.530838	0.469162	3.390499
20472	-1028.391	-1238.24	209.8489	1.559429	0.6373313	0.519063	0.480937	2.876404
20478	-1034.955	-1245.261	210.3067	1.573843	0.4756544	0.326441	0.673559	2.740539
20484	-1029.634	-1239.876	210.2418	1.638799	0.4756544	0.306549	0.693451	2.740539
20490	-1025.434	-1234.893	209.4589	1.463302	0.363971	0.518034	0.481966	3.437482
20496	-1035.62	-1246.175	210.5553	1.463302	0.506326	0.640615	0.359385	2.624107
20502	-1011.232	-1221.891	210.6592	1.567939	0.4078855	0.550869	0.449131	2.602518
20508	-1018.479	-1228.636	210.1573	1.567939	0.580203	0.592168	0.407832	2.733585
20514	-1011.927	-1223.137	211.2099	1.71316	0.4321332	0.562358	0.437642	2.132297
20520	-1006.312	-1216.759	210.4467	1.839673	0.5755399	0.485907	0.514093	2.38915
20526	-1013.898	-1224.669	210.7702	1.868649	0.4705018	0.607016	0.392984	2.272127
20532	-1006.082	-1216.792	210.7094	1.847619	0.5196332	0.520071	0.479929	2.272127
20538	-1027.823	-1238.892	211.0692	1.757991	0.2888514	0.55556	0.44444	2.385346
20544	-1037.052	-1248.285	211.2334	1.930203	0.496146	0.55556	0.44444	1.898076
20550	-1022.598	-1234.065	211.4679	1.911994	0.3348012	0.433368	0.566632	1.958051
20556	-1018.511	-1229.457	210.9463	1.911994	0.3348012	0.520808	0.479192	2.299122
20562	-1017.204	-1229.231	212.0264	2.194821	0.5593263	0.444007	0.555993	0.9970419
20568	-1013.76	-1225.247	211.4875	2.398951	0.756085	0.363863	0.636137	1.061042
20574	-1017.707	-1229.73	212.0232	2.171495	0.5383802	0.575257	0.424743	1.054568
20580	-1009.867	-1221.44	211.573	1.868287	0.4606206	0.343834	0.656166	1.748474
20586	-1027.716	-1239.642	211.9257	1.8775	0.306551	0.343834	0.656166	1.710272
20592	-1031.6	-1242.984	211.384	1.832841	0.6210428	0.246359	0.753641	1.729089
20598	-1034.924	-1245.97	211.0462	1.809959	0.2350415	0.246359	0.753641	2.453293
20604	-1018.146	-1230.091	211.9455	1.851856	0.3661468	0.433837	0.566163	1.622223
20610	-1023.795	-1234.443	210.648	1.738776	0.9278554	0.365537	0.634463	2.039893
20616	-1026.481	-1237.586	211.1043	1.889867	0.9585101	0.335939	0.664061	1.598111
20622	-1021.711	-1232.409	210.6982	1.889867	1.238064	0.443367	0.556633	1.701956
20628	-1017.687	-1229.104	211.4163	1.979882	0.7662387	0.416424	0.583576	1.459278
20634	-1018.468	-1230.195	211.7264	2.059779	0.5465743	0.508251	0.491749	1.390806
20640	-1002.252	-1214.242	211.9903	2.068911	0.5907118	0.357749	0.642251	1.106696
20646	-1029.519	-1241.729	212.2102	2.109124	0.4769195	0.413925	0.586075	1.031539
20652	-1040.334	-1251.688	211.354	1.878357	1.057969	0.382736	0.617264	1.342435
20658	-1017.549	-1228.822	211.273	1.895979	1.142211	0.338722	0.661278	1.33039
20664	-1027.567	-1239.667	212.1006	1.880829	0.4546919	0.458066	0.541934	1.356859
20670	-1019.235	-1231.339	212.1039	1.862238	0.4546919	0.573893	0.426107	1.368871
20676	-1022.375	-1234.017	211.6424	1.95583	0.8215383	0.57698	0.42302	1.246732
20682	-1022.013	-1233.847	211.8335	1.641322	0.5687324	0.608488	0.391512	1.59941
20688	-1020.979	-1231.877	210.8979	1.559589	0.867538	0.567115	0.432885	2.03632
20694	-1015.978	-1227.039	211.0604	1.800771	0.867538	0.502094	0.497906	1.762231
20700	-1020.677	-1232.428	211.751	1.991352	0.8912408	0.605988	0.394012	1.049375
20706	-1021.045	-1231.775	210.7302	1.695335	0.5422289	0.283869	0.716131	2.333219
20712	-1004.451	-1215.643	211.1915	1.640503	0.9674211	0.446037	0.553963	1.707846
20718	-1022.016	-1232.712	210.6963	1.698596	1.648856	0.446037	0.553963	1.616841
20724	-1011.72	-1223.859	212.1389	1.775115	0.618577	0.44131	0.55869	1.19936
20730	-1004.403	-1216.055	211.652	1.954236	0.8220045	0.352105	0.647895	1.239627
20736	-1012.125	-1223.732	211.6071	1.910643	0.8220045	0.620142	0.379858	1.312355
20742	-1016.562	-1228.258	211.6954	1.910643	0.8726103	0.411396	0.588604	1.191141
20748	-1020.614	-1232.275	211.6613	1.910643	0.8726103	0.338148	0.661852	1.22025
20754	-1023.649	-1235.126	211.4765	1.918703	0.8172495	0.354855	0.645145	1.413554
20760	-1028.234	-1239.659	211.4249	1.878052	0.9196981	0.405269	0.594731	1.396756
20766	-1015.068	-1226.581	211.5127	2.088651	0.9196981	0.643827	0.356173	1.150588
20772	-1043.05	-1254.972	211.9216	2.115691	0.5041021	0.345355	0.654645	1.242995
20778	-1031.771	-1243.465	211.6939	2.210652	0.4342945	0.281165	0.718835	1.445029
20784	-1031.993	-1244.246	212.2529	2.210652	0.2433258	0.55204	0.44796	1.333757
20790	-1014.513	-1226.243	211.7302	2.044364	0.3686456	0.528629	0.471371	1.634986
20796	-1017.743	-1228.793	211.0501	2.153134	0.4530667	0.501652	0.498348	1.921259
20802	-1026.548	-1237.313	210.7649	1.550542	0.4887051	0.37795	0.62205	2.457509
20808	-1014.784	-1225.043	210.2586	1.766025	0.7760779	0.385055	0.614945	2.384662
20814	-1011.645	-1222.783	211.1383	1.8412	0.6675449	0.385055	0.614945	1.849198
20820	-1025.008	-1237.048	212.0394	2.036574	0.6543835	0.610475	0.389525	1.005001
20826	-1029.212	-1240.82	211.6078	2.108638	0.9122611	0.352523	0.647477	1.052442
20832	-1019.562	-1230.44	210.878	2.090867	1.344148	0.342246	0.657754	1.353189
20838	-1027.805	-1239.534	211.7289	1.998981	0.6257832	0.462701	0.537299	1.344398
20844	-1024.823	-1233.48	208.6573	1.549137	0.4977058	0.483269	0.516731	3.710549
20850	-1029.239	-1239.273	210.0346	1.668915	0.537342	0.430733	0.569267	2.786854
20856	-1025.159	-1236.007	210.8477	1.676466	0.6980726	0.430733	0.569267	2.126497
20862	-1030.452	-1240.144	209.6925	1.898802	0.6841456	0.366857	0.633143	2.726315
20868	-1024.494	-1233.347	208.853	1.485723	0.8476004	0.534913	0.465087	3.356809
20874	-1033.309	-1244.431	211.1223	2.024103	1.174295	0.412141	0.587859	1.325487
20880	-1026.952	-1238.025	211.0723	1.892386	0.8763997	0.576366	0.423634	1.682338
20886	-1018.273	-1229.744	211.4716	2.062883	0.7803842	0.387802	0.612198	1.338308
20892	-1006.749	-1218.378	211.629	2.014734	0.8578543	0.567037	0.432963	1.172682
20898	-1033.187	-1244.828	211.6409	2.158199	0.7259801	0.567037	0.432963	1.174172
20904	-1017.501	-1229.201	211.7009	2.169665	0.9104243	0.302195	0.697805	0.8958207
20910	-998.7567	-1210.696	211.9395	2.121804	0.5044543	0.601547	0.398453	1.22236
20916	-1000.9	-1213.353	212.4536	2.222869	0.3936056	0.515775	0.484225	0.8046738
20922	-1008.561	-1220.77	212.2089	2.187514	0.3936056	0.557806	0.442194	1.101861
20928	-1016.024	-1226.873	210.8497	2.187514	1.745854	0.382784	0.617216	1.045174
20934	-1003.534	-1215.162	211.6276	2.263297	1.049605	0.603636	0.396364	0.6687405
20940	-1028.299	-1239.95	211.6511	2.48021	0.86068	0.407495	0.592505	0.5341612
20946	-1025.982	-1238.014	212.0325	2.523066	0.5269573	0.54052	0.45948	0.4064666
20952	-1020.656	-1232.079	211.4236	2.479815	1.081342	0.570855	0.429145	0.5455418
20958	-1013.487	-1225.07	211.5834	2.394314	0.9968131	0.570855	0.429145	0.580582
20964	-1016.343	-1227.69	211.3468	2.35375	1.212905	0.648086	0.351914	0.7401519
20970	-1000.682	-1211.722	211.0402	2.435902	1.560364	0.471016	0.528984	0.6562214
20976	-1009.521	-1220.91	211.3888	2.471819	1.039569	0.521686	0.478314	0.7379771
20982	-1000.589	-1211.61	211.0212	2.471819	1.427773	0.534977	0.465023	0.7882406
20988	-1005.2	-1217.297	212.0973	2.191788	0.5711163	0.45516	0.54484	0.9066276
20994	-999.5669	-1210.809	211.2421	2.276545	1.18075	0.45516	0.54484	0.9911967
21000	-1017.401	-1228.78	211.3791	1.882143	1.029956	0.489395	0.510605	1.341001
21006	-1019.743	-1231.315	211.5714	1.996329	0.8917199	0.48111	0.51889	1.20595
21012	-1017.559	-1229.018	211.4588	1.999219	0.9130443	0.285518	0.714482	1.278538
21018	-1012.41	-1223.773	211.3631	1.899315	0.9130443	0.449363	0.550637	1.433569
21024	-1025.979	-1237.438	211.4583	1.899315	0.7977284	0.467199	0.532801	1.459901
21030	-1037.048	-1248.492	211.4441	2.041631	0.9724825	0.491276	0.508724	1.203273
21036	-1010.421	-1222.146	211.7242	2.029743	0.8524518	0.436288	0.563712	1.078953
21042	-1004.056	-1215.637	211.5804	2.029743	0.9874409	0.523759	0.476241	1.078953
21048	-1012.536	-1224.029	211.4935	2.116613	0.9874409	0.608947	0.391053	1.078953
21054	-1008.127	-1219.635	211.5071	2.123575	1.019203	0.465047	0.534953	1.029272
21060	-997.906	-1209.519	211.6133	2.138795	1.082157	0.465047	0.534953	0.8316225
21066	-1017.748	-1228.823	211.0748	2.138795	1.395207	0.344885	0.655115	1.112993
21072	-1022.245	-1233.513	211.2682	2.233829	1.209107	0.602829	0.397171	0.9828377
21078	-1029.708	-1240.532	210.8235	2.233829	1.727809	0.444649	0.555351	1.037199
21084	-1022.85	-1234.421	211.5702	2.264232	0.9596309	0.322424	0.677576	0.8778956
21090	-1017.549	-1228.908	211.3595	2.074524	0.9476092	0.522892	0.477108	1.268294
21096	-1023.417	-1235.139	211.722	2.074524	0.8200983	0.549535	0.450465	1.073747
21102	-1033.865	-1245.4	211.5354	2.074524	0.6606404	0.609067	0.390933	1.399306
21108	-1028.448	-1239.815	211.3671	2.024876	0.6106207	0.456793	0.543207	1.614782
21114	-1025.149	-1235.782	210.6334	1.77913	0.6106207	0.455306	0.544694	2.276131
21120	-1019.39	-1230.828	211.4382	1.852902	0.5321819	0.49178	0.50822	1.770281
21126	-1027.711	-1238.211	210.4999	1.741831	0.3859109	0.777256	0.222744	2.61984
21132	-1036.549	-1246.838	210.289	1.850495	1.065389	0.639611	0.360389	2.11182
21138	-1019.322	-1230.682	211.3602	1.780168	0.5669998	0.447245	0.552755	1.837246
21144	-999.3628	-1210.493	211.1301	1.780168	0.5463089	0.523045	0.476955	2.014105
21150	-1011.181	-1222.306	211.125	1.890404	0.5465006	0.415971	0.584029	1.943572
21156	-1011.178	-1221.995	210.8176	1.494564	0.2786395	0.352536	0.647464	2.721021
21162	-1010.834	-1221.836	211.0017	1.834575	0.4332432	0.32966	0.67034	2.187474
21168	-1009.883	-1220.742	210.8591	1.796317	0.4055741	0.621779	0.378221	2.33674
21174	-1019.807	-1230.987	211.1804	1.960042	0.4969291	0.243196	0.756804	1.912922
21180	-1023.437	-1234.389	210.9521	1.83145	0.3333809	0.684173	0.315827	2.348702
21186	-1019.953	-1230.699	210.7462	1.875634	0.4743593	0.415041	0.584959	2.278723
21192	-1016.957	-1227.926	210.9685	1.733714	0.4402159	0.415041	0.584959	2.265708
21198	-1021.192	-1231.9	210.7085	2.017144	0.4402159	0.617514	0.382486	2.250681
21204	-1034.169	-1245.544	211.3752	2.00676	0.4412909	0.58097	0.41903	1.813587
21210	-1016.225	-1226.646	210.4212	2.018813	0.4781277	0.577027	0.422973	2.390366
21216	-1015.668	-1226.333	210.6645	1.738715	0.4223191	0.3819	0.6181	2.476011
21222	-1024.106	-1234.816	210.7102	1.742617	0.3643733	0.713125	0.286875	2.515659
21228	-1026.604	-1237.897	211.293	2.063371	0.4401856	0.285792	0.714208	1.832596
21234	-1026.422	-1238.087	211.6644	1.971487	0.320799	0.654073	0.345927	1.80466
21240	-1016.679	-1227.52	210.8413	1.847942	0.4644153	0.512398	0.487602	2.246526
21246	-1010.358	-1220.946	210.5885	1.809644	0.5209175	0.512398	0.487602	2.372032
21252	-1009.774	-1220.594	210.8199	1.717045	0.5209175	0.441206	0.558794	2.283647
21258	-1015.7	-1226.536	210.836	1.923038	0.7058388	0.507509	0.492491	1.9644
21264	-1026.296	-1237.166	210.8697	1.901928	0.4702062	0.462297	0.537703	2.186845
21270	-1032.493	-1243.096	210.6029	2.046452	0.7589931	0.391161	0.608839	1.993026
21276	-1008.524	-1220.064	211.5398	2.088863	0.4963481	0.457705	0.542295	1.570709
21282	-1007.994	-1219.145	211.1514	2.024393	0.8263486	0.535522	0.464478	1.570709
21288	-1035.305	-1246.584	211.2787	2.082432	0.7868859	0.461459	0.538541	1.467023
21294	-1025.637	-1237.156	211.5196	2.135072	0.7868859	0.475925	0.524075	1.233579
21300	-1029.854	-1241.535	211.6815	2.044348	0.3718115	0.406125	0.593875	1.665343
21306	-1010.891	-1222.239	211.3484	1.911349	0.3912577	0.520667	0.479333	1.960672
21312	-1013.556	-1225.262	211.7052	1.818603	0.398397	0.733628	0.266372	1.770715
21318	-1011.237	-1222.578	211.3405	1.942832	0.310858	0.501427	0.498573	2.057753
21324	-1014.819	-1225.965	211.1461	1.679389	0.2677472	0.501427	0.498573	2.419003
21330	-1020.793	-1230.689	209.8965	1.562525	0.5523456	0.501427	0.498573	2.920932
21336	-1016.85	-1226.772	209.9222	1.495818	0.4439859	0.597259	0.402741	3.05369
21342	-1020.236	-1230.725	210.4897	1.510815	0.4861135	0.609535	0.390465	2.656045
21348	-1015.347	-1226.163	210.8158	1.79205	0.479947	0.393385	0.606615	2.2816
21354	-1004.363	-1215.153	210.7902	1.640703	0.5763847	0.43723	0.56277	2.296494
21360	-1019.705	-1230.227	210.5221	1.780902	0.5157653	0.319288	0.680712	2.437321
21366	-1017.087	-1228.258	211.171	1.744568	0.6382046	0.39691	0.60309	1.920041
21372	-1005.732	-1216.781	211.0487	1.72921	0.5000131	0.508327	0.491673	2.150077
21378	-1015.456	-1226.531	211.0747	1.79191	0.5000131	0.363718	0.636282	2.091997
21384	-1026.931	-1238.012	211.0812	1.654424	0.5837661	0.593936	0.406064	2.091997
21390	-1024.097	-1235.409	211.3119	1.609722	0.5743433	0.462094	0.537906	1.977967
21396	-1005.51	-1216.662	211.1521	1.701585	0.314927	0.403996	0.596004	2.330081
21402	-1019.079	-1230.013	210.934	1.678381	0.5783162	0.411804	0.588196	2.177761
21408	-1024.239	-1234.861	210.6225	1.614924	0.4529294	0.411804	0.588196	2.544836
21414	-1016.064	-1226.747	210.6829	1.863897	0.4019884	0.333376	0.666624	2.40985
21420	-1009.841	-1220.909	211.0681	1.718519	0.4957756	0.401961	0.598039	2.148979
21426	-1004.387	-1216	211.6131	1.871881	0.4282382	0.593176	0.406824	1.758589
21432	-1010.918	-1222.376	211.4582	2.084586	0.488423	0.461363	0.538637	1.642681
21438	-1015.307	-1226.868	211.561	1.896344	0.488423	0.378738	0.621262	1.703602
21444	-1008.365	-1219.826	211.4609	1.946411	0.4510417	0.461706	0.538294	1.783948
21450	-1020.249	-1231.349	211.0996	1.897213	0.7267193	0.47068	0.52932	1.783948
21456	-1020.038	-1230.549	210.5115	1.80402	1.389182	0.333651	0.666349	1.806545
21462	-1016.726	-1226.695	209.9684	1.598225	1.389182	0.404241	0.595759	2.302223
21468	-1019.233	-1230.01	210.7777	1.72035	0.9830571	0.375433	0.624567	1.927252
21474	-1019.894	-1232.007	212.1133	1.935614	0.4720969	0.559739	0.440261	1.278017
21480	-1016.481	-1228.445	211.9641	1.872945	0.6332194	0.489169	0.510831	1.246955
21486	-1018.394	-1230.319	211.925	2.015319	0.5701551	0.361499	0.638501	1.237194
21492	-1003.25	-1214.901	211.6506	1.79028	0.4778684	0.413813	0.586187	1.727869
21498	-1015.408	-1227.145	211.7368	1.94231	0.4522901	0.413813	0.586187	1.589116
21504	-1012.174	-1222.892	210.718	1.94231	0.9156842	0.464961	0.535039	1.864674
21510	-1025.47	-1235.3	209.8299	1.786637	1.025602	0.567543	0.432457	2.471106
21516	-1018.162	-1228.646	210.4831	1.765721	0.5160023	0.44992	0.55008	2.471106
21522	-1017.012	-1227.545	210.5335	1.532653	0.6047665	0.561419	0.438581	2.500534
21528	-1004.492	-1214.613	210.1208	1.511319	0.4543924	0.598545	0.401455	2.9139
21534	-1019.476	-1229.15	209.6732	1.509978	0.4349019	0.528266	0.471734	3.203216
21540	-1025.405	-1235.651	210.2459	1.535006	0.60073	0.499305	0.500695	2.68094
21546	-1023.208	-1234.179	210.9708	1.929472	0.4380708	0.451684	0.548316	2.140131
21552	-1021.926	-1233.176	211.2496	1.802348	0.4380708	0.514795	0.485205	2.040466
21558	-1012.133	-1223.464	211.3306	1.721275	0.4380708	0.429961	0.570039	2.040466
21564	-996.3458	-1207.469	211.1234	1.868288	0.4721788	0.614729	0.385271	2.040466
21570	-998.8781	-1209.984	211.1056	1.868288	0.7328263	0.528794	0.471206	1.794547
21576	-1002.737	-1213.309	210.5715	1.697356	0.7328263	0.494175	0.505825	2.263026
21582	-1022.921	-1233.469	210.5472	1.663376	0.4978089	0.559142	0.440858	2.513693
21588	-1020.487	-1231.001	210.5135	1.863538	0.4978089	0.632956	0.367044	2.409182
21594	-1032.83	-1243.987	211.1578	1.810124	0.4802688	0.576586	0.423414	2.047028
21600	-1019.847	-1230.075	210.2279	1.74609	0.7098136	0.554886	0.445114	2.468601
21606	-1018.5	-1229.281	210.7808	1.792981	0.6494814	0.693065	0.306935	2.136554
21612	-1015.183	-1225.61	210.4267	1.90406	0.8676819	0.338437	0.661563	2.119658
21618	-1013.292	-1224.254	210.9627	1.7711	0.5421673	0.537545	0.462455	2.134659
21624	-1016.982	-1227.975	210.9931	1.691153	0.4029935	0.374577	0.625423	2.321477
21630	-1023.022	-1233.59	210.568	1.578279	0.6679473	0.541323	0.458677	2.394856
21636	-1010.457	-1220.334	209.8766	1.615557	0.5809045	0.540412	0.459588	2.874802
21642	-1019.499	-1227.91	208.4105	1.422602	0.9743858	0.307812	0.692188	3.572771
21648	-1012.001	-1221.675	209.6734	1.61085	0.5895882	0.633214	0.366786	2.992357
21654	-1013.366	-1223.6	210.2342	1.583582	0.6452455	0.306204	0.693796	2.619337
21660	-1021.526	-1231.543	210.0173	1.741416	0.7821837	0.467054	0.532946	2.546867
21666	-1006.617	-1217.572	210.9551	1.5022	0.4707439	0.618774	0.381226	2.387426
21672	-1009.141	-1219.303	210.1626	1.5022	0.4707439	0.485122	0.514878	2.876937
21678	-1017.208	-1226.285	209.0769	1.361232	0.5065619	0.47965	0.52035	3.567747
21684	-1024.149	-1233.102	208.9533	1.262074	0.5065619	0.4265	0.5735	3.696908
21690	-1025.941	-1234.165	208.2236	1.433205	0.5333112	0.459162	0.540838	3.99324
21696	-1025.031	-1234.885	209.8546	1.432612	0.4245538	0.474113	0.525887	3.152757
21702	-1036.002	-1247.936	211.9337	2.353583	0.6840299	0.402235	0.597765	0.6950249
21708	-1023.121	-1234.66	211.5385	2.113869	1.114302	0.53274	0.46726	0.9134046
21714	-1020.88	-1232.495	211.6157	2.022762	1.052563	0.460279	0.539721	0.9893613
21720	-1033.206	-1244.954	211.7475	1.612509	0.3307075	0.467113	0.532887	1.977306
21726	-1017.774	-1228.999	211.225	1.882274	0.4602644	0.495879	0.504121	1.977306
21732	-1011.737	-1223.701	211.9637	2.006928	0.2959139	0.444159	0.555841	1.608134
21738	-1011.104	-1221.55	210.4456	1.610405	0.5610644	0.336162	0.663838	2.547352
21744	-1030.811	-1240.354	209.5437	1.485763	0.8052375	0.443457	0.556543	2.975571
21750	-1029.995	-1241.217	211.2216	1.611764	0.404791	0.559924	0.440076	2.223725
21756	-1038.982	-1250.114	211.1327	1.66712	0.8820093	0.549368	0.450632	1.793735
21762	-1023.012	-1233.828	210.8168	1.633297	0.4600095	0.447436	0.552564	2.403762
21768	-1020.236	-1230.79	210.554	1.819418	0.5052621	0.51489	0.48511	2.403762
21774	-1009.987	-1221.125	211.1379	1.831894	0.5595288	0.403722	0.596278	1.960713
21780	-1020.625	-1231.74	211.1151	2.000765	0.9388849	0.405857	0.594143	1.523583
21786	-1040.967	-1252.307	211.3396	2.081779	1.059763	0.332551	0.667449	1.18442
21792	-1037.241	-1248.961	211.72	2.148236	0.5703191	0.377192	0.622808	1.296556
21798	-1026.839	-1238.435	211.5964	2.075002	0.3136278	0.368853	0.631147	1.791193
21804	-1043.395	-1255.075	211.6802	1.894081	0.7425834	0.525661	0.474339	1.343512
21810	-1018.084	-1229.903	211.8186	1.762796	0.3811142	0.472894	0.527106	1.754174
21816	-1011.143	-1222.623	211.4805	1.887659	0.5990429	0.577836	0.422164	1.644017
21822	-1012.646	-1224.234	211.5872	1.965619	0.5575865	0.55835	0.44165	1.554712
21828	-1027.508	-1239.482	211.9744	1.667861	0.5012919	0.664837	0.335163	1.554712
21834	-1034.419	-1245.535	211.1153	2.363621	1.37068	0.525384	0.474616	0.8623429
21840	-1029.035	-1240.716	211.6812	2.355719	0.8779473	0.30479	0.69521	0.7233799
21846	-1008.333	-1220.54	212.207	2.278461	0.5349848	0.351876	0.648124	0.7233799
21852	-1025.234	-1237.017	211.7827	2.401088	0.5742718	0.250796	0.749204	1.011801
21858	-1025.708	-1237.863	212.1553	2.314129	0.3963647	0.635899	0.364101	1.027964
21864	-1038.346	-1250.314	211.9676	2.080065	0.7074193	0.408954	0.591046	0.9622294
21870	-1026.047	-1237.69	211.6435	2.398154	0.8859664	0.392383	0.607617	0.7006098
21876	-1021.104	-1232.49	211.386	2.745971	0.8459706	0.476836	0.523164	0.4108786
21882	-1042.829	-1254.271	211.4422	2.689786	0.8459706	0.294786	0.705214	0.4108786
21888	-1017.859	-1229.227	211.3681	2.74705	0.8535199	0.438868	0.561132	0.3936502
21894	-1011.78	-1223.23	211.4504	2.690583	0.8535199	0.560323	0.439677	0.4832387
21900	-1009.104	-1220.494	211.39	2.707045	0.8829072	0.490004	0.509996	0.4268866
21906	-1022.172	-1233.441	211.2689	2.828145	0.8829072	0.384095	0.615905	0.4268866
21912	-1023.701	-1234.397	210.6962	2.830333	1.532365	0.451671	0.548329	0.4320943
21918	-1019.962	-1231.346	211.3841	2.757966	0.8443159	0.427229	0.572771	0.432883
21924	-1021.314	-1232.824	211.5107	2.776674	0.7129176	0.458221	0.541779	0.4002349
21930	-1029.043	-1240.558	211.5151	2.776674	0.7129176	0.478134	0.521866	0.4096494
21936	-1030.251	-1240.963	210.7114	2.792807	1.570468	0.552081	0.447919	0.4504245
21942	-1029.229	-1240.701	211.4718	2.775575	0.7589272	0.330592	0.669408	0.4504245
21948	-1038.943	-1249.748	210.8051	2.810154	1.394287	0.488008	0.511992	0.396629
21954	-1029.118	-1240.236	211.1176	2.88372	0.9001529	0.383031	0.616969	0.3178241
21960	-1030.107	-1241.194	211.0865	2.908837	0.919157	0.474719	0.525281	0.3311142
21966	-1035.261	-1246.056	210.7955	3.037279	1.042263	0.474719	0.525281	0.2991877
21972	-1036.46	-1246.779	210.3195	3.037279	1.646434	0.408399	0.591601	0.3085258
21978	-1022.149	-1232.977	210.8276	2.979663	1.081614	0.467291	0.532709	0.3085258
21984	-1021.811	-1232.155	210.3442	2.979663	1.734696	0.260623	0.739377	0.3318221
21990	-1025.026	-1235.641	210.6147	2.878438	1.570923	0.413751	0.586249	0.4157838
21996	-1025.411	-1236.04	210.6285	2.878438	1.551591	0.537241	0.462759	0.415829
22002	-1026.409	-1237.203	210.7944	2.843791	1.344688	0.346469	0.653531	0.3701913
22008	-1028.355	-1239.226	210.8713	2.974778	1.0896	0.317382	0.682618	0.3537656
22014	-1018.05	-1229.076	211.0255	2.846382	1.008028	0.4952	0.5048	0.3033244
22020	-1031.899	-1242.398	210.4986	2.998144	1.416349	0.40862	0.59138	0.2888899
22026	-1026.291	-1237.078	210.7877	2.998144	1.081817	0.368726	0.631274	0.2925851
22032	-1028.797	-1239.55	210.753	3.021795	1.09365	0.270591	0.729409	0.2925851
22038	-1035.254	-1246.009	210.7556	3.021795	1.09365	0.439846	0.560154	0.2944446
22044	-1031.622	-1242.139	210.5168	3.001726	1.40915	0.601712	0.398288	0.30059
22050	-1046.369	-1257.04	210.6703	3.001726	1.197058	0.576914	0.423086	0.2861945
22056	-1042.872	-1253.53	210.658	2.950831	1.236819	0.428593	0.571407	0.2682053
22062	-1021.584	-1232.09	210.506	2.950831	1.570574	0.34699	0.65301	0.3549033
22068	-1017.801	-1228.812	211.0111	2.950831	0.979836	0.344346	0.655654	0.3650476
22074	-1009.041	-1219.433	210.392	2.950831	1.783732	0.543245	0.456755	0.400481
22080	-1014.053	-1225.009	210.9565	2.800135	1.211586	0.543245	0.456755	0.3820962
22086	-1010.629	-1221.608	210.9792	2.777436	1.211586	0.49896	0.50104	0.3820962
22092	-1011.469	-1222.592	211.1223	2.777436	1.044306	0.578304	0.421696	0.3674321
22098	-1020.656	-1231.607	210.9515	2.777436	1.232426	0.497799	0.502201	0.3674321
22104	-1022.792	-1233.482	210.6892	2.864371	1.45422	0.311206	0.688794	0.3705596
22110	-1027.616	-1238.833	211.2169	2.745818	0.9921847	0.589462	0.410538	0.3849912
22116	-1031.483	-1242.85	211.367	2.601662	0.9863138	0.516741	0.483259	0.3849912
22122	-1023.785	-1235.071	211.2858	2.601662	1.101305	0.562417	0.437583	0.4761333
22128	-1010.272	-1221.469	211.196	2.702077	1.071137	0.406045	0.593955	0.4090433
22134	-1011.709	-1222.889	211.1795	2.836778	0.9220708	0.617202	0.382798	0.3577271
22140	-1017.666	-1228.881	211.2156	2.905537	0.8042766	0.61151	0.38849	0.328501
22146	-1039.985	-1251.168	211.1824	2.672201	1.136208	0.595614	0.404386	0.4696541
22152	-1023.848	-1235.211	211.3635	2.672201	0.9488194	0.349142	0.650858	0.463622
22158	-1017.173	-1228.607	211.4335	2.596064	0.9488194	0.25457	0.74543	0.4361809
22164	-1026.044	-1237.312	211.2674	2.513509	1.218985	0.415636	0.584364	0.4654845
22170	-1029.225	-1240.519	211.2942	2.731232	0.9589827	0.553226	0.446774	0.4654845
22176	-1012.275	-1223.58	211.3044	2.698972	0.9817173	0.337383	0.662617	0.4742559
22182	-1003.693	-1215.032	211.3386	2.698972	0.9437638	0.399327	0.600673	0.4462352
22188	-1002.326	-1213.655	211.3286	2.569009	1.090991	0.454439	0.545561	0.5185608
22194	-1010.411	-1222.019	211.6073	2.569009	0.8100173	0.482592	0.517408	0.5921653
22200	-1007.183	-1218.886	211.7032	2.44615	0.7752026	0.601603	0.398397	0.7330286
22206	-1014.045	-1225.826	211.7807	2.44615	0.7752026	0.539139	0.460861	0.556693
22212	-1011.5	-1223.283	211.783	2.44615	0.7240724	0.536065	0.463935	0.705914
22218	-1010.342	-1221.657	211.315	2.440874	1.248261	0.591263	0.408737	0.5364084
22224	-1004.232	-1215.409	211.1773	2.664344	1.152686	0.591263	0.408737	0.4969636
22230	-1001.474	-1212.847	211.3728	2.632998	0.9806113	0.602746	0.397254	0.4969636
22236	-1008.109	-1219.322	211.2138	2.815078	0.9416405	0.643501	0.356499	0.4130644
22242	-1023.038	-1234.47	211.4315	2.643088	0.91367	0.492312	0.507688	0.4784096
22248	-1021.491	-1232.775	211.2839	2.643088	1.059619	0.31025	0.68975	0.4784096
22254	-1008.688	-1220.078	211.3895	2.526589	1.059619	0.391529	0.608471	0.5810021
22260	-1014.547	-1225.852	211.3046	2.612654	1.059619	0.616604	0.383396	0.5769115
22266	-1020.074	-1231.649	211.5752	2.612654	0.8125399	0.219555	0.780445	0.4824158
22272	-1009.818	-1221.502	211.6842	2.539381	0.7829082	0.286406	0.713594	0.502753
22278	-1022.371	-1233.749	211.3776	2.576546	1.0325	0.286406	0.713594	0.502753
22284	-1013.353	-1224.812	211.4592	2.590338	0.9372648	0.418468	0.581532	0.5233667
22290	-1019.643	-1230.698	211.0546	2.590338	1.386709	0.316018	0.683982	0.5233667
22296	-1033.551	-1244.968	211.4172	2.622447	0.9245446	0.436302	0.563698	0.3976773
22302	-1023.43	-1235.189	211.7593	2.389752	0.8417287	0.353934	0.646066	0.555984
22308	-1037.747	-1249.218	211.4711	2.389752	0.8417287	0.38484	0.61516	0.9871183
22314	-1015.922	-1227.037	211.1154	2.389752	1.440186	0.386674	0.613326	0.7577186
22320	-1014.728	-1226.115	211.3873	2.223914	1.256108	0.470567	0.529433	0.8139568
22326	-1018.721	-1230.554	211.8334	2.223914	0.751847	0.460488	0.539512	0.8907177
22332	-1022.552	-1233.74	211.1878	2.399129	1.411478	0.413335	0.586665	0.6547739
22338	-1012.972	-1224.082	211.1098	2.414113	1.411478	0.476623	0.523377	0.7623905
22344	-1024.999	-1235.604	210.6051	2.280586	1.885762	0.47872	0.52128	1.104038
22350	-1027.639	-1238.662	211.0224	2.081735	1.529334	0.503103	0.496897	1.121114
22356	-1028.697	-1240.541	211.8442	1.82698	0.8422549	0.353881	0.646119	1.16409
22362	-1031.462	-1242.864	211.4022	2.12033	1.099172	0.611522	0.388478	1.059539
22368	-1047.537	-1258.629	211.0916	2.152429	1.430688	0.611522	0.388478	1.059539
22374	-1025.213	-1236.868	211.6542	2.152429	0.9610567	0.457139	0.542861	0.9078167
22380	-1017.144	-1228.939	211.7954	2.098147	0.9082948	0.457139	0.542861	0.8719043
22386	-1017.303	-1229.299	211.9953	2.1436	0.6998477	0.457139	0.542861	0.872695
22392	-1019.713	-1231.816	212.1031	2.1436	0.6232676	0.370017	0.629983	0.8679838
22398	-1022.521	-1234.333	211.8114	2.334779	0.793565	0.429135	0.570865	0.7020303
22404	-1018.586	-1230.375	211.7886	2.294642	0.793565	0.424128	0.575872	0.7968339
22410	-1004.349	-1216.047	211.6981	2.187209	0.8262602	0.538455	0.461545	0.9802442
22416	-1014.595	-1226.136	211.541	2.187209	1.04278	0.515484	0.484516	0.9042123
22422	-1005.623	-1217.101	211.4784	2.332214	1.04278	0.462724	0.537276	0.8047741
22428	-997.995	-1209.3	211.3051	2.311967	1.257472	0.629464	0.370536	0.8047741
22434	-1004.647	-1215.888	211.2404	2.215657	1.257472	0.493162	0.506838	0.987619
22440	-1001.763	-1213.033	211.27	2.253848	0.9752633	0.426976	0.573024	1.167866
22446	-1015.193	-1226.7	211.5073	1.934606	0.8549839	0.589177	0.410823	1.343077
22452	-1027.635	-1238.9	211.265	2.038597	0.7895434	0.325236	0.674764	1.50797
22458	-1030.905	-1241.401	210.4959	1.753528	0.5428208	0.411276	0.588724	2.443994
22464	-1054.892	-1266.451	211.559	2.264217	0.7473612	0.460227	0.539773	1.129184
22470	-1049.864	-1261.502	211.638	2.372832	0.7091605	0.461995	0.538005	0.9975469
22476	-1036.422	-1247.932	211.5101	2.419191	0.5610013	0.470851	0.529149	1.257962
22482	-1032.35	-1243.7	211.3499	2.215341	0.600077	0.441453	0.558547	1.498298
22488	-1033.15	-1244.873	211.7224	2.064365	0.4609242	0.441453	0.558547	1.498298
22494	-1012.191	-1224.063	211.872	2.064764	0.4259869	0.429562	0.570438	1.432066
22500	-1023.592	-1235.223	211.6305	2.389285	0.9546404	0.434277	0.565723	0.5837069
22506	-1030.496	-1242.425	211.9288	2.389285	0.6899782	0.495739	0.504261	0.6126489
22512	-1043.594	-1255.708	212.1142	2.121652	0.4218846	0.641981	0.358019	1.19641
22518	-1041.753	-1253.531	211.7789	2.279724	0.4280174	0.503365	0.496635	1.333692
22524	-1021.551	-1233.272	211.721	2.072621	0.501934	0.403063	0.596937	1.440269
22530	-1024.975	-1236.636	211.6618	2.072621	0.5304316	0.538671	0.461329	1.450284
22536	-1026.85	-1238.184	211.3341	2.003192	0.6693486	0.470888	0.529112	1.595249
22542	-1032.182	-1243.91	211.7275	1.983762	0.4883487	0.470888	0.529112	1.519549
22548	-1032.947	-1244.71	211.7628	1.948427	0.4883487	0.427074	0.572926	1.519549
22554	-1017.404	-1228.936	211.5325	2.218852	0.5738908	0.338991	0.661009	1.385437
22560	-1025.33	-1237.116	211.7862	2.073963	0.6100205	0.511798	0.488202	1.25511
22566	-1036.516	-1247.66	211.1444	2.054182	0.8182685	0.51433	0.48567	1.560802
22572	-1012.683	-1223.78	211.0974	1.967361	1.065261	0.562283	0.437717	1.467132
22578	-1013.864	-1225.75	211.8854	2.013126	0.4895822	0.598178	0.401822	1.374823
22584	-1020.625	-1232.673	212.0479	1.881656	0.5487741	0.472398	0.527602	1.273294
22590	-1020.902	-1232.596	211.6945	1.881656	0.7217783	0.512989	0.487011	1.362791
22596	-1018.028	-1229.842	211.8135	1.881656	0.3931329	0.662754	0.337246	1.656965
22602	-1033.962	-1246.103	212.1412	1.881656	0.5227472	0.345847	0.654153	1.22973
22608	-1025.139	-1236.425	211.2859	1.881656	0.9458064	0.49703	0.50297	1.479416
22614	-1031.031	-1242.72	211.6887	1.770873	0.5686098	0.514638	0.485362	1.610591
22620	-1027.284	-1238.089	210.8051	1.65946	0.8263965	0.351489	0.648511	2.062443
22626	-1030.34	-1241.266	210.9252	1.640693	0.5716261	0.334432	0.665568	2.214344
22632	-1014.135	-1225.955	211.82	2.27567	0.7388511	0.430625	0.569375	0.8649035
22638	-1024.169	-1236.483	212.314	2.190897	0.5161029	0.528759	0.471241	0.7403128
22644	-1041.93	-1252.9	210.9704	1.632598	0.3974878	0.36606	0.63394	2.379862
22650	-1025.701	-1237.32	211.6193	2.194839	1.086732	0.244173	0.755827	0.7401998
22656	-1021.453	-1232.886	211.4326	2.194839	1.086732	0.503683	0.496317	0.9674183
22662	-1025.836	-1237.41	211.5735	2.26214	0.9486986	0.506911	0.493089	0.8895398
22668	-1029.921	-1241.118	211.1971	1.944282	1.027769	0.393284	0.606716	1.436353
22674	-1026.064	-1237.801	211.7373	1.728251	0.5246329	0.490624	0.509376	1.655506
22680	-1022.726	-1233.692	210.966	1.61889	0.8422832	0.440432	0.559568	1.970354
22686	-1008.202	-1218.613	210.4108	1.556453	0.8352502	0.420937	0.579063	2.377003
22692	-1015.273	-1225.802	210.5289	1.59296	0.7054451	0.468068	0.531932	2.378963
22698	-1020.73	-1232.5	211.7696	1.675321	0.517886	0.628793	0.371207	1.67803
22704	-1032.304	-1242.946	210.6419	1.487989	0.4582058	0.697736	0.302264	2.605812
22710	-1031.692	-1241.795	210.1035	1.487989	0.6604345	0.641617	0.358383	2.745654
22716	-1038.165	-1247.765	209.5999	1.502067	0.9218907	0.401642	0.598358	2.853202
22722	-1047.777	-1259.305	211.5279	1.664165	1.044871	0.562193	0.437807	1.384149
22728	-1042.662	-1252.986	210.3243	1.74367	0.8783801	0.441094	0.558906	2.282042
22734	-1018.51	-1229.839	211.3293	1.660615	0.8783801	0.298756	0.701244	1.66284
22740	-1022.685	-1234.004	211.3186	1.726951	0.7323174	0.463446	0.536554	1.745014
22746	-1018.082	-1229.725	211.6432	1.596675	0.5894243	0.542403	0.457597	1.745014
22752	-1021.903	-1233.477	211.5742	1.534958	0.7639858	0.619895	0.380105	1.672348
22758	-1024.079	-1235.137	211.058	1.72995	0.6546209	0.440077	0.559923	1.99061
22764	-1020.876	-1232.144	211.2687	1.834768	1.11269	0.390541	0.609459	1.403297
22770	-1012.397	-1223.988	211.5911	1.834768	0.6992128	0.577773	0.422227	1.500632
22776	-1012.918	-1224.143	211.2252	1.692312	0.9174567	0.390929	0.609071	1.68425
22782	-1018.374	-1229.814	211.4401	1.673936	0.9174567	0.588087	0.411913	1.54181
22788	-1016	-1226.544	210.5441	1.565403	1.046295	0.516725	0.483275	2.143424
22794	-1021.523	-1232.325	210.8022	1.637204	0.6979651	0.403516	0.596484	2.181805
22800	-1024.448	-1235.171	210.7231	1.743904	0.9027955	0.403516	0.596484	2.004384
22806	-1023.288	-1234.785	211.4971	2.071113	1.010384	0.477402	0.522598	1.096466
22812	-1016.384	-1228.034	211.6499	1.934073	0.8409782	0.389413	0.610587	1.24004
22818	-1019.184	-1230.544	211.3606	1.865626	0.60872	0.445783	0.554217	1.734841
22824	-1025.811	-1236.668	210.8563	1.891141	0.5534703	0.613628	0.386372	2.114238
22830	-1010.234	-1220.926	210.6919	1.707318	0.9840121	0.523594	0.476406	1.992945
22836	-1019.817	-1230.683	210.866	1.716613	0.8148861	0.450189	0.549811	1.992945
22842	-1020.982	-1232.191	211.2089	1.774469	0.5957939	0.679508	0.320492	1.915108
22848	-1014.703	-1225.921	211.2179	1.913021	0.4796669	0.502974	0.497026	1.938912
22854	-1018.581	-1228.153	209.5717	1.407609	0.6650145	0.56531	0.43469	3.111134
22860	-1013.303	-1223.663	210.3601	1.587967	0.3654283	0.528472	0.471528	2.824946
22866	-1014.915	-1225.641	210.7264	1.5457	0.7490344	0.532307	0.467693	2.247925
22872	-1031.082	-1241.525	210.4425	1.654836	0.8977274	0.481201	0.518799	2.249664
22878	-1035.717	-1246.257	210.54	1.654836	0.9945682	0.604639	0.395361	2.120965
22884	-1034.709	-1245.764	211.0555	1.818683	0.7602597	0.336544	0.663456	1.83979
22890	-1019.225	-1229.227	210.0015	1.661231	0.684266	0.483434	0.516566	2.68242
22896	-1031.59	-1242.783	211.1926	1.661231	0.5369234	0.503975	0.496025	2.061231
22902	-1035.546	-1246.556	211.0102	1.959771	1.020428	0.401431	0.598569	1.570231
22908	-1026.356	-1236.737	210.3808	1.775767	1.08222	0.527848	0.472152	2.090164
22914	-1028.954	-1238.773	209.8185	1.668876	0.9588939	0.731089	0.268911	2.593418
22920	-1027.726	-1238.123	210.3974	1.668876	1.215975	0.38271	0.61729	2.070239
22926	-1021.057	-1231.882	210.8241	1.734406	0.921851	0.453742	0.546258	1.929312
22932	-1022.495	-1233.147	210.6522	1.882672	1.267758	0.535619	0.464381	1.721812
22938	-1013.602	-1224.372	210.7702	1.799066	1.104601	0.370052	0.629948	1.798107
22944	-1004.321	-1214.718	210.3965	1.809414	0.5282798	0.370052	0.629948	2.485654
22950	-1001.912	-1212.817	210.9054	1.809414	0.5555195	0.392197	0.607803	2.133557
22956	-1009.059	-1220.561	211.5022	2.160788	0.4427532	0.51091	0.48909	1.613254
22962	-1015.052	-1226.907	211.8554	2.111658	0.454111	0.471397	0.528603	1.368979
22968	-1020.043	-1231.437	211.3936	2.072105	0.6336559	0.479469	0.520531	1.536826
22974	-1009.65	-1221.243	211.5936	2.293756	0.6336559	0.546837	0.453163	1.203999
22980	-1022.44	-1233.931	211.491	2.505454	0.568857	0.537453	0.462547	1.191111
22986	-1023.866	-1235.802	211.9361	2.492741	0.4048116	0.681781	0.318219	1.0514
22992	-1008.244	-1220.072	211.8273	2.290527	0.3664047	0.563363	0.436637	1.381331
22998	-1020.376	-1231.942	211.5663	2.189925	0.4930053	0.604057	0.395943	1.48001
23004	-1032.188	-1243.687	211.4993	2.189925	0.7321555	0.576555	0.423445	1.260796
23010	-1046.038	-1257.752	211.7145	2.282505	0.6395517	0.666763	0.333237	1.099743
23016	-1038.882	-1250.874	211.9924	2.172199	0.6395517	0.503149	0.496851	0.9346444
23022	-1040.222	-1251.985	211.7629	2.512782	0.7396769	0.466786	0.533214	0.4804962
23028	-1019.577	-1231.346	211.7686	2.536617	0.7100296	0.406261	0.593739	0.5697903
23034	-1029.229	-1240.558	211.3296	2.387073	1.297959	0.259295	0.740705	0.5124963
23040	-1033.398	-1244.408	211.0095	2.445875	1.581807	0.408259	0.591741	0.6674426
23046	-1030.376	-1241.388	211.0115	2.502322	1.558441	0.623041	0.376959	0.5470912
23052	-1023.41	-1234.417	211.0074	2.645922	1.375097	0.59391	0.40609	0.5304047
23058	-1015.779	-1226.956	211.1772	2.553374	1.279311	0.456276	0.543724	0.5304047
23064	-1020.712	-1231.879	211.167	2.553374	1.25863	0.739451	0.260549	0.6309302
23070	-1025.397	-1236.419	211.0227	2.726201	1.249449	0.267736	0.732264	0.5679403
23076	-1021.739	-1232.832	211.0938	2.663611	1.248405	0.414986	0.585014	0.5210238
23082	-1004.439	-1216.017	211.5781	2.676425	0.7404421	0.485353	0.514647	0.4043179
23088	-1011.519	-1222.992	211.4735	2.60082	0.9147348	0.52709	0.47291	0.5075786
23094	-1018.027	-1229.357	211.3299	2.703285	0.9536517	0.498382	0.501618	0.4876929
23100	-1028.494	-1238.957	210.4625	1.52762	0.5456034	0.440428	0.559572	2.602962
23106	-1018.075	-1228.848	210.7726	1.555172	0.4976148	0.334768	0.665232	2.440467
23112	-1041.007	-1252.372	211.3657	1.5389	0.601424	0.416053	0.583947	1.962663
23118	-1041.472	-1251.86	210.388	1.646536	0.7934125	0.488721	0.511279	2.365228
23124	-1030.832	-1241.206	210.3736	1.392071	0.7849396	0.567915	0.432085	2.540459
23130	-1021.377	-1231.524	210.1478	1.638001	0.8006274	0.382789	0.617211	2.516283
23136	-1038.315	-1248.752	210.4375	1.585215	0.5477004	0.331529	0.668471	2.580794
23142	-1031.372	-1241.303	209.9309	1.654316	0.6988468	0.463102	0.536898	2.718246
23148	-1009.508	-1220.201	210.6927	1.437879	0.6313124	0.464214	0.535786	2.436478
23154	-1025.613	-1235.784	210.1702	1.458191	0.6313124	0.362327	0.637673	2.747653
23160	-1037.952	-1246.204	208.2518	1.413359	0.6516749	0.400328	0.599672	3.888837
23166	-1026.347	-1237.142	210.7949	1.55612	0.7220594	0.59463	0.40537	2.218919
23172	-1029.077	-1239.873	210.7959	1.768878	0.8174534	0.59463	0.40537	2.002856
23178	-1021.488	-1232.428	210.9401	1.808987	0.4696042	0.519922	0.480078	2.202131
23184	-1028.645	-1239.769	211.1242	1.842237	0.9692981	0.351914	0.648086	1.610211
23190	-1029.063	-1240.367	211.3037	1.634725	0.7669824	0.452434	0.547566	1.789834
23196	-1023.011	-1234.871	211.8598	1.855126	0.5328091	0.501218	0.498782	1.462245
23202	-1033.777	-1245.467	211.6892	1.750358	0.6216405	0.556137	0.443863	1.568608
23208	-1031.764	-1242.737	210.9728	1.630995	0.8653346	0.354975	0.645025	1.940273
23214	-1014.568	-1225.661	211.093	1.66379	0.8653346	0.480023	0.519977	1.836171
23220	-1003.304	-1214.208	210.904	1.886063	0.5931859	0.528246	0.471754	2.046958
23226	-1021.495	-1233.421	211.9261	1.851165	0.4887727	0.416151	0.583849	1.469423
23232	-1035.586	-1247.654	212.0677	1.678833	0.4901978	0.50091	0.49909	1.490848
23238	-1034.153	-1245.989	211.8369	1.868376	0.7690485	0.420859	0.579141	1.208974
23244	-1023.248	-1235.014	211.766	1.94416	0.7650016	0.346588	0.653412	1.208974
23250	-1032.149	-1243.93	211.7815	1.899273	0.8216951	0.466269	0.533731	1.176336
23256	-1007.457	-1219.154	211.697	1.92721	0.9729685	0.594502	0.405498	1.079517
23262	-1010.087	-1221.928	211.8416	1.992394	0.7970822	0.33398	0.66602	1.063884
23268	-1009.793	-1221.381	211.5876	1.957291	0.7970822	0.343476	0.656524	1.313994
23274	-1013.435	-1224.433	210.9981	1.94879	1.052601	0.516342	0.483658	1.564141
23280	-1000.077	-1211.435	211.3582	1.94879	1.050513	0.414689	0.585311	1.288001
23286	-994.4429	-1206.096	211.6531	1.852641	0.8276624	0.463607	0.536393	1.316819
23292	-999.2927	-1210.679	211.3866	1.881423	1.168725	0.618064	0.381936	1.229576
23298	-1013.966	-1225.179	211.2131	1.745618	0.7665597	0.57029	0.42971	1.776101
23304	-1020.197	-1231.598	211.4005	1.79978	0.7665597	0.240581	0.759419	1.604456
23310	-1003.695	-1215.284	211.589	1.70862	0.3921553	0.659124	0.340876	1.933966
23316	-1007.078	-1218.68	211.6019	1.70862	0.3856163	0.62612	0.37388	1.933966
23322	-1022.092	-1233.361	211.269	1.674679	0.3958943	0.639006	0.360994	2.16334
23328	-1024.685	-1235.495	210.8099	1.674623	0.4576739	0.493828	0.506172	2.38462
23334	-1020.949	-1230.378	209.429	1.567541	1.00362	0.387964	0.612036	2.866125
23340	-1014.803	-1226.305	211.5023	1.963467	0.5659914	0.265441	0.734559	1.608996
23346	-1021.827	-1233.021	211.1942	1.963467	0.6565103	0.478545	0.521455	1.736006
23352	-1007.579	-1219.036	211.4573	1.896016	0.4264177	0.500656	0.499344	1.851968
23358	-1036.216	-1247.472	211.2559	1.877045	0.5373813	0.399745	0.600255	1.873586
23364	-1039.132	-1248.47	209.338	1.511569	0.6951391	0.338469	0.661531	3.164465
23370	-1048.778	-1258.508	209.7304	1.54014	0.4680342	0.338469	0.661531	3.116393
23376	-1047.444	-1258.733	211.289	1.712225	0.4130503	0.426566	0.573434	2.104355
23382	-1043.676	-1254.33	210.6535	1.675902	0.5288589	0.630569	0.369431	2.407463
23388	-1051.118	-1261.789	210.6716	1.703913	0.5590343	0.499382	0.500618	2.348499
23394	-1044.23	-1254.343	210.113	1.945812	0.7952161	0.35747	0.64253	2.348499
23400	-1042.583	-1252.805	210.222	1.873311	1.02978	0.508555	0.491445	2.16313
23406	-1040.47	-1251.862	211.3919	1.880688	0.6925365	0.298444	0.701556	1.619877
23412	-1033.969	-1244.611	210.6424	1.734826	0.5816233	0.662994	0.337006	2.325733
23418	-1027.365	-1236.763	209.3973	1.744876	1.206936	0.343583	0.656417	2.661925
23424	-1018.865	-1229.088	210.2232	1.782943	1.17496	0.492225	0.507775	2.13322
23430	-1016.787	-1226.758	209.971	1.868161	0.9089482	0.455668	0.544332	2.406351
23436	-1012.851	-1222.659	209.8078	1.749807	0.669714	0.437978	0.562022	2.758685
23442	-1013.635	-1223.447	209.8119	1.887776	0.669714	0.371843	0.628157	2.671612
23448	-1011.776	-1221.936	210.16	1.961251	0.7463083	0.588665	0.411335	2.346517
23454	-1012.928	-1223.384	210.4561	1.962596	0.5332675	0.650475	0.349525	2.346517
23460	-1028.803	-1240.158	211.3547	1.773554	0.567832	0.42689	0.57311	1.844695
23466	-1027.481	-1238.829	211.3474	1.751199	0.567832	0.613923	0.386077	1.86499
23472	-1033.211	-1243.973	210.7624	1.830571	0.6350663	0.40824	0.59176	2.137066
23478	-1030.16	-1241.66	211.5	2.059753	0.3429278	0.249867	0.750133	1.823886
23484	-1007.187	-1218.817	211.6293	2.167714	0.4697641	0.2248	0.7752	1.479009
23490	-1023.828	-1235.669	211.8412	1.979182	0.4067967	0.390288	0.609712	1.546803
23496	-1040.601	-1251.017	210.4154	1.946511	0.9665842	0.369352	0.630648	2.029641
23502	-1031.593	-1241.955	210.3616	2.002603	0.7660048	0.427	0.573	2.174984
23508	-1035.165	-1246.679	211.5144	2.002603	0.4295609	0.493477	0.506523	1.734406
23514	-1028.274	-1239.419	211.1451	2.168579	0.7638816	0.493477	0.506523	1.523555
23520	-1017.919	-1229.353	211.434	1.946577	0.5133419	0.531481	0.468519	1.728731
23526	-1032.605	-1244.476	211.8715	1.830657	0.5743178	0.434766	0.565234	1.423168
23532	-1026.797	-1238.299	211.5019	1.543481	0.5771624	0.361354	0.638646	1.891702
23538	-1039.814	-1251.458	211.6443	1.756491	0.6814915	0.502942	0.497058	1.536652
23544	-1040.834	-1252.604	211.7699	1.785343	0.4497928	0.415166	0.584834	1.681548
23550	-1038.026	-1249.717	211.6902	1.865008	0.4497928	0.409265	0.590735	1.681548
23556	-1030.916	-1241.538	210.6217	1.979472	0.3070515	0.383226	0.616774	2.50063
23562	-1019.126	-1230.836	211.7103	2.095787	0.4430094	0.31474	0.68526	1.507618
23568	-1035.13	-1247.061	211.9313	2.19797	0.5947137	0.477427	0.522573	1.035441
23574	-1032.523	-1244.536	212.0125	2.150815	0.5718091	0.53649	0.46351	1.035441
23580	-1028.289	-1240.061	211.7729	2.130677	0.5468876	0.293299	0.706701	1.296964
23586	-1031.562	-1243.254	211.6913	1.852596	0.7362459	0.538157	0.461843	1.373817
23592	-1040.556	-1252.538	211.9818	2.121249	0.6932748	0.589963	0.410037	0.9228497
23598	-1028.767	-1240.601	211.8333	2.110527	0.6064856	0.579058	0.420942	1.188578
23604	-1018.903	-1230.46	211.5565	2.121923	0.7414205	0.537162	0.462838	1.260089
23610	-1032.142	-1243.942	211.7999	2.192789	0.7414205	0.454494	0.545506	0.9744042
23616	-1028.281	-1239.865	211.5833	2.303299	0.8617691	0.462327	0.537673	0.9367523
23622	-1039.702	-1251.208	211.5058	2.128973	0.5582614	0.440777	0.559223	1.492912
23628	-1037.842	-1249.237	211.3953	1.85143	0.5582614	0.488465	0.511535	1.772904
23634	-1019.767	-1230.845	211.0787	1.684387	0.5552664	0.661404	0.338596	2.102186
23640	-1014.5	-1225.51	211.0108	1.733827	0.7292877	0.661404	0.338596	1.953938
23646	-1013.447	-1224.64	211.1923	1.791238	0.5331771	0.356636	0.643364	1.978986
23652	-1021.116	-1231.9	210.7838	1.596282	0.4628292	0.367726	0.632274	2.444776
23658	-1029.959	-1240.374	210.4146	1.784505	0.7025499	0.606636	0.393364	2.332349
23664	-1041.584	-1252.765	211.1813	1.908004	0.8685437	0.712602	0.287398	1.599016
23670	-1039.826	-1251.868	212.042	2.35193	0.5957891	0.33568	0.66432	0.7221577
23676	-1041.509	-1253.295	211.7867	2.487211	0.6878018	0.649311	0.350689	0.70967
23682	-1009.795	-1221.028	211.2332	1.93055	0.5272508	0.405167	0.594833	1.863504
23688	-1007.235	-1218.633	211.398	1.810857	0.5097867	0.377221	0.622779	1.851894
23694	-1013.127	-1224.479	211.3517	2.771365	0.8273339	0.550045	0.449955	0.3602401
23700	-1018.97	-1230.458	211.4874	2.789599	0.7369081	0.550045	0.449955	0.5391597
23706	-1021.74	-1233.745	212.0046	2.344293	0.5979719	0.30594	0.69406	0.7845435
23712	-1038.243	-1249.925	211.682	2.421832	0.6791976	0.519638	0.480362	0.9419962
23718	-1029.067	-1240.776	211.709	2.376566	0.6830717	0.519171	0.480829	0.9558419
23724	-1017.357	-1229.285	211.9273	2.376566	0.5916186	0.298789	0.701211	0.8542735
23730	-1019.613	-1231.326	211.7129	2.321497	0.5222623	0.367062	0.632938	1.22061
23736	-1033.358	-1244.801	211.443	2.002301	0.5465918	0.485284	0.514716	1.645207
23742	-1029.53	-1240.537	211.0066	1.920842	0.6577961	0.360834	0.639166	1.893772
23748	-1022.418	-1233.565	211.1468	1.823195	0.3860736	0.490328	0.509672	2.158728
23754	-994.4314	-1205.578	211.1467	2.14732	0.5459389	0.57878	0.42122	1.75315
23760	-1011.836	-1223.262	211.4262	1.853116	0.6888233	0.539357	0.460643	1.618539
23766	-1026.832	-1238.313	211.4805	1.853116	0.6545131	0.581079	0.418921	1.612501
23772	-1024.298	-1235.573	211.2747	1.842145	0.6545131	0.640764	0.359236	1.766532
23778	-1035.468	-1246.944	211.4764	1.791275	0.5015095	0.41487	0.58513	1.820854
23784	-1030.44	-1239.859	209.4189	1.690852	0.891859	0.469921	0.530079	2.868099
23790	-1012.267	-1222.694	210.4271	1.639476	0.4077321	0.524384	0.475616	2.701617
23796	-1022.977	-1233.106	210.1295	1.622152	0.5977009	0.358241	0.641759	2.701617
23802	-1026.458	-1237.596	211.1384	1.622152	0.4351523	0.544434	0.455566	2.234147
23808	-1023.252	-1234.109	210.8572	1.663639	0.5384566	0.400755	0.599245	2.276108
23814	-1028.019	-1238.28	210.2614	1.690206	0.6136745	0.578775	0.421225	2.563945
23820	-1045.442	-1256.41	210.9677	1.65281	0.4156303	0.470404	0.529596	2.346788
23826	-1033.083	-1244.557	211.4734	1.824216	0.4151893	0.412273	0.587727	1.904149
23832	-1025.286	-1236.332	211.0467	1.73858	0.4151893	0.310106	0.689894	2.241969
23838	-1024.376	-1235.367	210.9904	1.795258	0.4122864	0.317928	0.682072	2.245249
23844	-1022.993	-1233.707	210.7147	1.754678	0.3793692	0.561049	0.438951	2.486329
23850	-1016.299	-1227.742	211.4425	1.754678	0.5473073	0.464385	0.535615	1.818896
23856	-1003.133	-1214.543	211.4094	1.922544	0.5055774	0.459004	0.540996	1.771687
23862	-1018.986	-1230.707	211.721	1.883669	0.5380769	0.435208	0.564792	1.538721
23868	-1025.804	-1237.374	211.5698	1.855582	0.9067879	0.382077	0.617923	1.310609
23874	-1018.715	-1230.6	211.8849	1.970454	0.7081429	0.332737	0.667263	1.144775
23880	-1016.234	-1227.916	211.6826	1.963411	0.8206901	0.571802	0.428198	1.207291
23886	-1004.387	-1216.318	211.9312	1.829918	0.6288992	0.475235	0.524765	1.31424
23892	-1011.84	-1223.611	211.7708	1.731597	0.7142728	0.451787	0.548213	1.42776
23898	-1019.154	-1229.898	210.744	1.591376	0.7216788	0.556231	0.443769	2.229321
23904	-1021.002	-1232.315	211.3135	1.591376	0.5624024	0.347294	0.652706	2.001247
23910	-1024.96	-1236.298	211.338	1.736097	0.4906188	0.500695	0.499305	1.964709
23916	-1019.773	-1231.214	211.4406	1.793804	0.5784114	0.500695	0.499305	1.760286
23922	-1030.085	-1241.658	211.5737	1.807733	0.3839947	0.71808	0.28192	1.888074
23928	-1014.507	-1226.374	211.8678	1.964299	0.4286669	0.535717	0.464283	1.507641
23934	-1015.936	-1227.809	211.8728	1.694543	0.3087139	0.612681	0.387319	1.870458
23940	-1010.962	-1221.314	210.3521	1.680368	0.5699606	0.451721	0.548279	2.553563
23946	-1018.412	-1229.293	210.8814	1.797012	0.4104089	0.414858	0.585142	2.316196
23952	-1005.867	-1217.254	211.3863	1.913307	0.3477613	0.414858	0.585142	1.993143
23958	-1009.522	-1220.407	210.8855	1.691845	0.5191518	0.41161	0.58839	2.259573
23964	-1016.571	-1227.32	210.7487	1.684118	0.5125081	0.571675	0.428325	2.358662
23970	-1014.041	-1224.298	210.2571	1.682575	0.4179141	0.460584	0.539416	2.76755
23976	-1014.997	-1225.151	210.1537	1.790949	0.4152153	0.448965	0.551035	2.76755
23982	-1024.271	-1234.701	210.4308	1.790949	0.6557487	0.450446	0.549554	2.357482
23988	-1030.01	-1240.177	210.1676	1.790949	0.6423448	0.693075	0.306925	2.534536
23994	-1016.29	-1227.786	211.4963	1.790949	0.406213	0.514091	0.485909	1.922645
24000	-1011.373	-1222.652	211.2791	1.701834	0.5898261	0.498083	0.501917	1.922645
24006	-1006.82	-1218.827	212.0069	2.095225	0.3780565	0.427512	0.572488	1.375153
24012	-1011.924	-1223.689	211.7649	2.016969	0.5256297	0.420047	0.579953	1.419721
24018	-1017.898	-1229.827	211.9292	1.951391	0.2905947	0.322267	0.677733	1.68182
24024	-1014.892	-1225.797	210.9046	2.010233	0.3734069	0.611998	0.388002	2.210874
24030	-1023.136	-1234.556	211.4201	2.061643	0.2554924	0.548951	0.451049	2.015073
24036	-1004.144	-1215.676	211.5319	2.061643	0.3977467	0.434394	0.565606	1.722752
24042	-1012.446	-1223.644	211.1983	1.755675	0.2814002	0.554206	0.445794	2.316215
24048	-1011.996	-1222.684	210.6871	1.755675	0.7716417	0.478743	0.521257	2.119326
24054	-1009.547	-1220.756	211.2088	1.881545	0.44023	0.579062	0.420938	2.012387
24060	-1008.621	-1220.361	211.7397	2.107072	0.4144845	0.482618	0.517382	1.516399
24066	-1016.794	-1227.887	211.0931	2.007372	0.4144845	0.515097	0.484903	2.037155
24072	-1019.676	-1231.235	211.5591	2.098693	0.3853021	0.363617	0.636383	1.694551
24078	-1037.62	-1248.435	210.8152	1.624867	0.611163	0.535001	0.464999	2.257946
24084	-1027.95	-1240.026	212.0758	2.025322	0.3067931	0.589749	0.410251	1.493114
24090	-1024.914	-1236.633	211.7189	2.025322	0.3683689	0.519297	0.480703	1.657173
24096	-1027.539	-1237.866	210.3263	1.566753	0.4383695	0.451569	0.548431	2.772983
24102	-1030.723	-1240.815	210.092	1.713161	0.4887967	0.404843	0.595157	2.772983
24108	-1018.002	-1229.883	211.881	1.933302	0.6111022	0.607865	0.392135	1.291629
24114	-1015.642	-1227.278	211.6352	2.127176	0.4806853	0.502663	0.497337	1.49099
24120	-1006.328	-1217.658	211.3296	1.870265	0.6256241	0.586492	0.413508	1.736479
24126	-1020.589	-1231.899	211.3107	2.026424	1.215349	0.573876	0.426124	1.134263
24132	-1043.388	-1254.781	211.3926	2.057065	0.4453483	0.332101	0.667899	1.761552
24138	-1024.911	-1236.23	211.3187	2.057065	0.5339909	0.360447	0.639553	1.70887
24144	-1026.669	-1238.198	211.5289	1.711011	0.720116	0.323665	0.676335	1.617739
24150	-1023.215	-1233.272	210.0579	1.379624	0.7216128	0.612783	0.387217	2.790544
24156	-1041.905	-1252.216	210.3112	1.453926	0.7936772	0.589414	0.410586	2.534335
24162	-1032.74	-1241.619	208.8792	1.562334	0.5623605	0.525016	0.474984	3.514478
24168	-1015.218	-1224.261	209.0438	1.397817	0.5623605	0.386402	0.613598	3.514478
24174	-1030.541	-1239.776	209.2353	1.616086	0.8366932	0.537837	0.462163	3.060448
24180	-1020.841	-1231.177	210.3352	1.682318	0.4435375	0.354612	0.645388	2.691099
24186	-1026.492	-1237.111	210.6199	1.954779	0.6555874	0.425166	0.574834	2.130511
24192	-1025.241	-1236.457	211.2169	2.270426	0.5754726	0.703703	0.296297	1.582915
24198	-1032.238	-1243.343	211.1046	1.89857	0.4463168	0.369523	0.630477	2.062848
24204	-1041.94	-1252.755	210.8148	1.622835	0.3808045	0.594796	0.405204	2.504386
24210	-1024.875	-1235.661	210.7867	1.53932	0.5316751	0.478615	0.521385	2.406785
24216	-1031.132	-1241.552	210.4195	1.52193	0.4404657	0.377235	0.622765	2.74112
24222	-1031.409	-1243.429	212.0207	2.294244	0.557703	0.342161	0.657839	0.9004946
24228	-1019.389	-1231.614	212.2252	2.214455	0.4010161	0.616896	0.383104	1.048015
24234	-1028.07	-1240.376	212.3065	2.096749	0.3710708	0.40455	0.59545	1.136172
24240	-1004.341	-1216.27	211.9292	2.06054	0.494142	0.53404	0.46596	1.295857
24246	-1010.873	-1222.704	211.8318	1.873404	0.4087278	0.429329	0.570671	1.628173
24252	-1014.321	-1225.754	211.4324	1.87957	0.492878	0.532866	0.467134	1.800109
24258	-1011.141	-1221.895	210.7537	1.970683	0.8157881	0.532866	0.467134	1.896866
24264	-1005.734	-1216.621	210.8869	1.960476	0.6368849	0.442288	0.557712	1.96719
24270	-1012.069	-1223.377	211.3079	1.93996	0.4864378	0.365339	0.634661	1.851732
24276	-1006.197	-1217.419	211.2221	1.972637	0.5186398	0.589741	0.410259	1.851732
24282	-990.6697	-1202.616	211.9464	2.063039	0.5333046	0.454174	0.545826	1.226843
24288	-998.1727	-1210.049	211.8761	2.022012	0.4757338	0.516375	0.483625	1.393512
24294	-1002.04	-1213.192	211.1516	1.886896	0.4903266	0.535906	0.464094	1.988835
24300	-1017.011	-1228.095	211.0837	1.85305	0.545804	0.47438	0.52562	1.996976
24306	-1021.731	-1233.418	211.6875	1.689641	0.5975572	0.47438	0.52562	1.639148
24312	-1017.802	-1229.282	211.4805	1.87787	0.4527458	0.472276	0.527724	1.815722
24318	-1003.912	-1215.156	211.2439	1.843043	0.4527458	0.416748	0.583252	1.999724
24324	-1003.718	-1214.267	210.5486	1.843043	0.4895994	0.355487	0.644513	2.408618
24330	-1007.673	-1218.389	210.7161	1.659719	0.6813645	0.303236	0.696764	2.237029
24336	-1016.31	-1227.041	210.7313	1.707602	0.6349654	0.518551	0.481449	2.237029
24342	-1013.878	-1224.709	210.8302	1.769418	0.6160642	0.606896	0.393104	2.150224
24348	-995.7551	-1206.506	210.7505	1.803378	0.6345575	0.678051	0.321949	2.16301
24354	-1003.64	-1214.546	210.9062	1.915285	0.4626523	0.503395	0.496605	2.16301
24360	-998.8698	-1209.86	210.9902	1.915285	0.6291113	0.503395	0.496605	1.935423
24366	-1001.345	-1212.15	210.8059	1.937701	0.7668234	0.503395	0.496605	1.923279
24372	-1007.35	-1218.816	211.4661	1.982912	0.7292654	0.497285	0.502715	1.453992
24378	-1003.15	-1215.082	211.9323	1.857516	0.48497	0.583458	0.416542	1.464751
24384	-1001.921	-1213.584	211.6628	1.979511	0.6128183	0.382397	0.617603	1.425751
24390	-1006.235	-1217.521	211.2857	1.918949	1.236282	0.565275	0.434725	1.233417
24396	-1008.061	-1219.736	211.6751	1.993952	0.7750898	0.58302	0.41698	1.233417
24402	-1007.517	-1219.316	211.7988	1.972856	0.6935208	0.546852	0.453148	1.233417
24408	-997.5937	-1209.079	211.4848	1.984361	0.741397	0.546852	0.453148	1.426891
24414	-1003.629	-1215.028	211.399	1.891664	0.8948712	0.419382	0.580618	1.426891
24420	-999.2646	-1210.73	211.4655	1.795885	0.7799753	0.530529	0.469471	1.547868
24426	-1004.663	-1215.79	211.1267	1.779267	0.7204266	0.344017	0.655983	1.852126
24432	-998.0881	-1209.375	211.2867	1.848714	0.9493038	0.506123	0.493877	1.500877
24438	-1013.5	-1224.963	211.4634	1.710077	0.9132322	0.321169	0.678831	1.500877
24444	-1014.045	-1225.705	211.6597	1.943967	0.5294579	0.419003	0.580997	1.549564
24450	-1013.901	-1225.52	211.6195	1.891702	0.5294579	0.419003	0.580997	1.617115
24456	-1021.827	-1233.51	211.6833	1.728054	0.5182599	0.254645	0.745355	1.701416
24462	-1038.799	-1250.463	211.6644	1.869599	0.5182599	0.247056	0.752944	1.613573
24468	-1022.854	-1234.138	211.2848	1.939105	0.6266867	0.420055	0.579945	1.718531
24474	-1019.315	-1230.157	210.8418	1.674367	0.555827	0.615	0.385	2.261813
24480	-1015.819	-1226.759	210.9404	1.725138	0.4643712	0.350411	0.649589	2.261813
24486	-1002.339	-1213.674	211.3351	1.767242	0.4573257	0.3462	0.6538	1.984038
24492	-1013.966	-1224.618	210.6519	1.787694	0.5436259	0.633129	0.366871	2.322853
24498	-1008.609	-1219.112	210.5029	1.497711	0.4538684	0.340069	0.659931	2.690192
24504	-998.7106	-1209.121	210.4108	1.580945	0.5758796	0.471707	0.528293	2.573321
24510	-998.3809	-1209.913	211.5326	1.819407	0.4606204	0.474726	0.525274	1.81061
24516	-1013.486	-1224.26	210.7737	1.482571	0.5799973	0.692547	0.307453	2.403938
24522	-1003.921	-1213.358	209.4369	1.55489	0.5799973	0.641314	0.358686	3.175386
24528	-1006.681	-1216.169	209.4879	1.573998	0.5342009	0.499774	0.500226	3.175386
24534	-1009.752	-1219.622	209.8696	1.456155	0.5657411	0.499774	0.500226	2.988817
24540	-1018.169	-1226.99	208.821	1.487316	0.3545099	0.499774	0.500226	3.805045
24546	-1020.394	-1229.497	209.1028	1.440489	0.8395295	0.501507	0.498493	3.241654
24552	-1026.426	-1236.405	209.9786	1.518801	0.4876747	0.574754	0.425246	2.960528
24558	-1028.595	-1238.133	209.5384	1.556376	0.5042074	0.663004	0.336996	3.184553
24564	-1017.638	-1226.425	208.7866	1.458381	0.988101	0.574348	0.425652	3.323746
24570	-1006.069	-1217.59	211.5209	1.871041	0.4345599	0.483138	0.516862	1.8151
24576	-1017.477	-1228.853	211.3764	2.011932	0.552446	0.577772	0.422228	1.679493
24582	-1010.726	-1221.966	211.2405	1.936015	0.7024709	0.387413	0.612587	1.679493
24588	-1027.745	-1239.504	211.7588	1.99667	0.3479097	0.387413	0.612587	1.679493
24594	-1004.259	-1216.111	211.8525	1.805831	0.3754436	0.402191	0.597809	1.708075
24600	-1005.148	-1215.731	210.5829	1.641637	1.07025	0.359738	0.640262	2.052839
24606	-1017.23	-1228.07	210.8403	1.641637	0.5628723	0.627773	0.372227	2.276876
24612	-1005.047	-1215.955	210.9079	1.802134	0.5801021	0.601558	0.398442	2.112371
24618	-996.4542	-1208.182	211.7274	1.968622	0.5801021	0.592182	0.407818	1.421203
24624	-1013.115	-1225.045	211.9298	1.872777	0.6671452	0.566623	0.433377	1.236829
24630	-1016.179	-1227.928	211.7486	2.028022	0.6520726	0.268613	0.731387	1.275414
24636	-1015.299	-1227.048	211.7486	2.028022	0.6520726	0.548917	0.451083	1.275414
24642	-1015.826	-1227.531	211.705	2.028022	0.6520726	0.567699	0.432301	1.310928
24648	-1011.141	-1222.639	211.4978	2.133471	0.8246862	0.352253	0.647747	1.215844
24654	-1002.699	-1213.748	211.0493	2.041979	1.242133	0.307834	0.692166	1.322469
24660	-1008.069	-1219.356	211.2868	1.953689	0.8611391	0.539723	0.460277	1.493348
24666	-1002.472	-1213.924	211.4518	1.946459	0.616669	0.427327	0.572673	1.603894
24672	-1010.322	-1221.625	211.3028	1.76205	0.9304677	0.427327	0.572673	1.567853
24678	-1017.341	-1228.981	211.6399	1.753688	0.6554618	0.541336	0.458664	1.567853
24684	-1007.296	-1218.678	211.3817	1.848158	0.8623416	0.572679	0.427321	1.500278
24690	-997.9054	-1209.787	211.8817	1.972306	0.816878	0.510363	0.489637	1.02234
24696	-1010.394	-1222.57	212.1763	1.874414	0.4199578	0.598991	0.401009	1.351875
24702	-1006.5	-1217.794	211.294	2.011757	0.6526726	0.504681	0.495319	1.634475
24708	-1016.544	-1227.18	210.636	2.053116	1.433902	0.568965	0.431035	1.5143
24714	-1002.927	-1213.964	211.0371	1.979771	0.4700144	0.60558	0.39442	2.026244
24720	-997.4786	-1208.546	211.0672	1.975167	0.6234151	0.35354	0.64646	1.847864
24726	-1006.431	-1218.022	211.5907	2.063111	0.9413575	0.363781	0.636219	1.082426
24732	-1020.515	-1232.177	211.6628	2.119887	1.031882	0.697298	0.302702	0.8533227
24738	-1000.406	-1212.238	211.8324	2.140749	0.8547743	0.495495	0.504505	0.8471398
24744	-1007.932	-1219.59	211.6578	2.160234	1.001225	0.351395	0.648605	0.8471398
24750	-1005.941	-1217.601	211.6598	2.136384	1.001225	0.522278	0.477722	0.87326
24756	-1008.87	-1220.552	211.6813	2.075132	0.6837202	0.406352	0.593648	1.256909
24762	-1016.662	-1227.63	210.968	2.176894	1.561957	0.617499	0.382501	1.06191
24768	-1020.364	-1231.343	210.9793	2.1886	1.554689	0.383021	0.616979	1.044927
24774	-1011.608	-1222.831	211.2233	2.358367	1.333184	0.609329	0.390671	0.7679213
24780	-1014.006	-1225.196	211.1904	2.358367	1.374567	0.366732	0.633268	0.7679213
24786	-1018.201	-1229.668	211.4673	2.234458	1.145256	0.266252	0.733748	0.8217268
24792	-1015.459	-1226.93	211.4712	2.234458	1.145256	0.407497	0.592503	0.8166485
24798	-1026.817	-1238.031	211.2145	2.386733	1.224302	0.267446	0.732554	0.8599147
24804	-1005.96	-1217.701	211.7413	2.177072	0.7984587	0.390752	0.609248	0.9795716
24810	-1014.483	-1226.552	212.0689	2.107922	0.5323136	0.595319	0.404681	1.080358
24816	-1033.402	-1244.983	211.5815	2.046241	0.9686713	0.620166	0.379834	1.080358
24822	-1034.463	-1245.866	211.4035	2.046241	0.9227783	0.559902	0.440098	1.276849
24828	-1044.655	-1256.415	211.7593	2.046241	0.7981166	0.352684	0.647316	1.089297
24834	-1032.732	-1244.084	211.3519	2.071674	1.173035	0.443267	0.556733	1.089297
24840	-1019.807	-1231.333	211.5264	1.892885	0.7939995	0.505239	0.494761	1.415992
24846	-1017.708	-1229.097	211.3898	1.839883	0.7939995	0.473197	0.526803	1.558839
24852	-1034.398	-1245.487	211.089	1.857604	0.540854	0.473074	0.526926	1.995551
24858	-1032.692	-1243.946	211.2538	1.834526	0.6435409	0.555947	0.444053	1.796789
24864	-1028.674	-1240.343	211.6685	1.790827	0.3207217	0.555947	0.444053	1.925369
24870	-1026.088	-1237.274	211.1859	1.733353	0.4848386	0.496297	0.503703	2.074067
24876	-1011.836	-1222.493	210.6565	1.733353	0.4320043	0.466954	0.533046	2.473165
24882	-1009.917	-1221.414	211.4978	1.925697	0.6503402	0.48751	0.51249	1.550961
24888	-1013.22	-1224.954	211.734	2.001098	0.4450741	0.48751	0.51249	1.557496
24894	-1016.802	-1228.339	211.5369	2.051444	0.224803	0.471619	0.528381	1.998866
24900	-1021.478	-1232.814	211.3358	1.596663	0.4838176	0.525965	0.474035	2.066521
24906	-1016.532	-1227.441	210.9091	1.539633	0.3184597	0.26147	0.73853	2.579464
24912	-1001.907	-1212.487	210.5803	1.662475	0.6890355	0.521526	0.478474	2.315744
24918	-1000.525	-1210.913	210.3877	1.715141	0.8014857	0.441805	0.558195	2.315744
24924	-1024.091	-1235.025	210.9338	1.526723	0.6341124	0.642459	0.357541	2.22389
24930	-1014.193	-1224.861	210.6682	1.708732	0.602105	0.551156	0.448844	2.306755
24936	-1012.042	-1223.815	211.7732	1.928617	0.602105	0.413312	0.586688	1.391606
24942	-1008.298	-1219.784	211.4868	2.03593	0.8489615	0.540335	0.459665	1.28328
24948	-1015.391	-1226.878	211.4868	2.157128	0.8955226	0.557419	0.442581	1.135828
24954	-1032.635	-1244.237	211.6019	2.089232	0.8405699	0.584173	0.415827	1.148185
24960	-1017.34	-1228.903	211.5629	2.039916	0.8405699	0.28404	0.71596	1.224596
24966	-1017.07	-1228.825	211.7547	2.077739	0.6085258	0.362334	0.637666	1.279796
24972	-1013.751	-1224.96	211.2091	2.077739	0.820022	0.624242	0.375758	1.493704
24978	-1021.686	-1233.256	211.5704	1.69124	0.3502079	0.596051	0.403949	2.015009
24984	-1021.163	-1232.628	211.4647	1.789954	0.3535318	0.461078	0.538922	2.015009
24990	-1010.767	-1221.34	210.5728	1.724933	0.4236441	0.44552	0.55448	2.540361
24996	-1019.151	-1230.21	211.0596	1.852618	0.3863879	0.48928	0.51072	2.195861
25002	-1019.161	-1230.782	211.6207	1.99682	0.4481669	0.432742	0.567258	1.639047
25008	-1029.217	-1240.814	211.5971	1.836713	0.6987028	0.674341	0.325659	1.495191
25014	-1030.609	-1242.902	212.2926	2.018208	0.489862	0.503001	0.496999	1.01841
25020	-1014.818	-1226.64	211.8228	2.08462	0.7637065	0.338034	0.661966	1.032048
25026	-1032.559	-1244.753	212.1944	2.080072	0.611894	0.507452	0.492548	0.8541958
25032	-1022.735	-1234.244	211.5098	2.080072	0.8303605	0.518635	0.481365	1.245229
25038	-1019.792	-1232.205	212.413	2.19755	0.3944307	0.209226	0.790774	0.8837295
25044	-1014.862	-1226.616	211.7539	2.19755	0.8466045	0.353749	0.646251	0.8837295
25050	-1017.322	-1228.924	211.602	2.228876	1.015756	0.355074	0.644926	0.8128764
25056	-1011.817	-1223.408	211.5912	2.083658	0.8771964	0.496405	0.503595	1.12611
25062	-1035.429	-1247.207	211.7786	1.850829	0.3930879	0.356906	0.643094	1.703829
25068	-1034.719	-1246.023	211.3033	1.759908	0.3706517	0.435273	0.564727	2.118038
25074	-1036.793	-1246.979	210.186	1.759908	0.267835	0.496254	0.503746	2.95953
25080	-1024.681	-1234.372	209.6911	1.720498	0.4824293	0.441257	0.558743	3.017389
25086	-1009.957	-1220.252	210.2953	1.843164	0.4824293	0.423182	0.576818	2.574577
25092	-1017.612	-1228.193	210.5815	1.843164	0.4743769	0.597533	0.402467	2.404084
25098	-1018.848	-1229.817	210.9693	1.841428	0.4199682	0.397685	0.602315	2.219809
25104	-1016.435	-1227.457	211.0223	1.801662	0.3530291	0.518081	0.481919	2.296212
25110	-1038.311	-1250.23	211.9193	1.839742	0.789581	0.365558	0.634442	1.140662
25116	-1027.82	-1239.095	211.2746	1.94007	1.279325	0.367895	0.632105	1.194114
25122	-1014.731	-1226.301	211.5697	2.157673	0.7651566	0.468224	0.531776	1.194114
25128	-1017.012	-1228.558	211.546	1.669837	0.8427384	0.468224	0.531776	1.527264
25134	-1031.287	-1241.889	210.6019	1.753642	0.6349643	0.459329	0.540671	2.290553
25140	-1022.269	-1232.824	210.5541	1.587897	0.5299427	0.590301	0.409699	2.523905
25146	-1026.677	-1237.487	210.81	1.663765	0.3990326	0.430065	0.569935	2.459408
25152	-1016.155	-1227.406	211.2515	1.625576	0.4167283	0.536132	0.463868	2.180802
25158	-1012.493	-1223.938	211.4453	1.830113	0.5964667	0.58449	0.41551	1.712713
25164	-1015.529	-1226.745	211.216	1.947196	0.6753596	0.401907	0.598093	1.714215
25170	-1025.233	-1235.575	210.3425	1.830674	0.9062868	0.301579	0.698421	2.194758
25176	-1022.77	-1233.211	210.4406	1.732636	0.9062868	0.596525	0.403475	2.194758
25182	-1025.069	-1236.034	210.9649	1.732636	0.888546	0.476519	0.523481	1.859264
25188	-1018.934	-1230.171	211.2371	1.598682	0.497945	0.445975	0.554025	2.114505
25194	-1031.116	-1241.782	210.6656	1.60845	0.6981866	0.391805	0.608195	2.288116
25200	-1019.053	-1229.01	209.9569	1.818701	0.7221129	0.391872	0.608128	2.582471
25206	-1007.465	-1218.233	210.7679	1.929169	0.8588359	0.450727	0.549273	1.882017
25212	-1015.245	-1226.178	210.9336	1.877285	0.7447223	0.574536	0.425464	1.896153
25218	-1022.608	-1232.87	210.2612	1.672976	0.6741689	0.36488	0.63512	2.522745
25224	-1030.5	-1241.19	210.6897	1.756665	0.3619859	0.283561	0.716439	2.522745
25230	-1027.435	-1238.272	210.8377	1.756665	0.5647341	0.349102	0.650898	2.20264
25236	-1023.007	-1234.073	211.0659	1.756665	0.5817613	0.383129	0.616871	2.0366
25242	-1030.415	-1240.104	209.6897	1.577608	0.4561318	0.31987	0.68013	3.130674
25248	-1022.413	-1233.457	211.0434	1.775705	0.5734108	0.424697	0.575303	2.047114
25254	-1009.583	-1220.53	210.9471	1.622653	0.5120368	0.350627	0.649373	2.271837
25260	-1011.243	-1221.979	210.7357	1.678513	0.5120368	0.50514	0.49486	2.370939
25266	-1022.405	-1232.937	210.5318	1.563918	0.5120368	0.457902	0.542098	2.570589
25272	-1022.682	-1233.275	210.5935	1.563918	0.4751031	0.382675	0.617325	2.570589
25278	-1025.8	-1236.375	210.5756	1.672221	0.7296581	0.589161	0.410839	2.279098
25284	-1030.856	-1241.711	210.8545	1.602687	0.3310742	0.401047	0.598953	2.556875
25290	-1039.451	-1251.212	211.7602	1.719357	0.439053	0.475697	0.524303	1.748551
25296	-1041.707	-1253.182	211.4745	1.546355	0.4888988	0.63224	0.36776	2.002197
25302	-1026.546	-1236.784	210.2382	1.333316	0.3244463	0.557513	0.442487	3.103907
25308	-1032.027	-1242.658	210.6315	1.431519	0.5052918	0.661824	0.338176	2.597739
25314	-1027.629	-1238.566	210.9369	1.554489	0.5083131	0.413285	0.586715	2.32579
25320	-1040.51	-1250.507	209.997	1.554489	0.4670296	0.565001	0.434999	2.949168
25326	-1020.195	-1230.921	210.7264	1.554489	0.5445129	0.468178	0.531822	2.422531
25332	-1016.964	-1227.471	210.5066	1.533793	0.4333715	0.468178	0.531822	2.688406
25338	-1020.273	-1231.096	210.8231	1.55505	0.497676	0.623587	0.376413	2.408624
25344	-1022.939	-1233.993	211.0548	1.452648	0.4239014	0.452267	0.547733	2.408624
25350	-1034.424	-1244.085	209.6613	1.475482	0.5302275	0.303697	0.696303	3.134688
25356	-1032.847	-1243.642	210.7954	1.45049	0.4412369	0.564708	0.435292	2.552555
25362	-1029.35	-1241.169	211.8188	2.039329	0.4747692	0.507393	0.492607	1.425833
25368	-1018.775	-1230.085	211.3107	1.917689	0.3726157	0.383075	0.616925	2.006387
25374	-1013.904	-1223.91	210.0061	1.368207	0.6176951	0.469599	0.530401	2.913668
25380	-1009.91	-1221.202	211.2924	1.712648	0.4905141	0.429284	0.570716	2.010959
25386	-1016.425	-1227.823	211.3985	1.717469	0.4273651	0.605691	0.394309	2.010959
25392	-1010.574	-1222.155	211.5812	1.741156	0.5118655	0.289682	0.710318	1.771176
25398	-999.5748	-1211.288	211.7131	1.903712	0.403129	0.572921	0.427079	1.699009
25404	-1015.087	-1225.917	210.8307	1.766771	0.5965112	0.47013	0.52987	2.17001
25410	-1017.19	-1228.422	211.232	1.724661	0.6628205	0.545138	0.454862	1.869175
25416	-1014.487	-1224.869	210.3822	1.825047	0.7414338	0.383316	0.616684	2.295582
25422	-1015.954	-1227.224	211.2701	1.825047	0.4551412	0.676381	0.323619	1.991401
25428	-1013.537	-1224.611	211.074	1.85921	0.5535154	0.487924	0.512076	1.991401
25434	-1028.362	-1238.525	210.1631	1.722248	0.6773408	0.475997	0.524003	2.550511
25440	-1024.526	-1235.405	210.879	1.757423	0.2961505	0.461743	0.538257	2.494444
25446	-1022.943	-1233.835	210.8922	1.827258	0.5124777	0.389199	0.610801	2.174761
25452	-1024.343	-1235.519	211.1758	1.75238	0.3948422	0.404941	0.595059	2.174761
25458	-1021.703	-1233.024	211.3203	1.788527	0.3948422	0.570497	0.429503	2.05647
25464	-1026.206	-1235.948	209.742	1.687012	1.204864	0.306832	0.693168	2.485024
25470	-1016.131	-1227.011	210.8795	1.724879	0.3614277	0.584632	0.415368	2.424427
25476	-1026.724	-1237.693	210.9691	1.81114	0.4455948	0.487237	0.512763	2.209255
25482	-1029.733	-1240.549	210.8163	1.820082	0.4989057	0.523941	0.476059	2.242849
25488	-1018.833	-1229.838	211.0047	1.666271	0.5321849	0.523941	0.476059	2.185745
25494	-1015.3	-1227.125	211.825	2.048474	0.6234497	0.286033	0.713967	1.227964
25500	-1020.993	-1233.246	212.2528	2.048474	0.5253988	0.644887	0.355113	0.9695393
25506	-1006.704	-1218.836	212.1317	1.906266	0.5968218	0.34957	0.65043	1.117906
25512	-1005.019	-1217.279	212.26	1.906266	0.4566633	0.39156	0.60844	1.202156
25518	-1034.835	-1246.556	211.7207	1.971474	0.8134799	0.670853	0.329147	1.174715
25524	-1041.147	-1252.828	211.6807	2.100752	0.9007787	0.676038	0.323962	1.001085
25530	-1039.102	-1250.743	211.6403	1.776991	0.4768094	0.409495	0.590505	1.745677
25536	-1034.054	-1245.473	211.4186	1.766508	0.8043675	0.475082	0.524918	1.582576
25542	-1034.599	-1246.675	212.0769	1.973163	0.5281648	0.24475	0.75525	1.199268
25548	-1026.665	-1237.874	211.2087	1.88956	0.8376465	0.638105	0.361895	1.617718
25554	-1024.682	-1234.763	210.0808	1.743251	0.6543176	0.470169	0.529831	2.60781
25560	-1025.1	-1234.894	209.7937	1.943956	0.6791814	0.622179	0.377821	2.640427
25566	-1036.342	-1247.472	211.1309	1.857182	0.6606443	0.620362	0.379638	1.849749
25572	-1038.779	-1250.272	211.4925	1.994061	0.781677	0.487133	0.512867	1.375047
25578	-1035.493	-1245.294	209.8015	1.873287	0.7310015	0.373672	0.626328	2.637827
25584	-1026.214	-1237.101	210.8872	1.73977	0.5225079	0.616313	0.383687	2.224156
25590	-1024.333	-1234.7	210.3671	1.469592	0.4770772	0.491991	0.508009	2.765873
25596	-1031.055	-1241.979	210.9245	1.740777	0.3512857	0.580223	0.419777	2.399381
25602	-1029.373	-1240.29	210.9169	1.853608	0.4731587	0.504737	0.495263	2.184275
25608	-1023.826	-1234.838	211.0121	2.084953	0.7703876	0.339083	0.660917	1.675401
25614	-1027.436	-1239.191	211.7542	1.8188	0.4530478	0.415898	0.584102	1.664759
25620	-1030.987	-1241.395	210.4086	1.978659	0.6405532	0.566106	0.433894	2.265276
25626	-1016.525	-1227.84	211.3146	1.952855	0.2966777	0.420617	0.579383	2.089789
25632	-1022.736	-1234.015	211.2784	1.702374	0.4292132	0.521373	0.478627	2.098036
25638	-1033.959	-1243.894	209.9353	1.657436	0.9079469	0.450045	0.549955	2.561293
25644	-1036.847	-1248.734	211.8874	1.748362	0.4146657	0.46243	0.53757	1.669958
25650	-1026.383	-1237.185	210.8022	1.763828	1.316569	0.470618	0.529382	1.671284
25656	-1019.561	-1231.053	211.4918	1.763828	0.651779	0.591006	0.408994	1.671284
25662	-1020.637	-1231.796	211.1589	1.81174	0.5529053	0.300351	0.699649	1.967001
25668	-1034.757	-1245.931	211.1747	2.285933	0.7421577	0.517096	0.482904	1.432724
25674	-1027.53	-1238.934	211.4039	2.046901	0.8647443	0.563542	0.436458	1.327194
25680	-1019.653	-1231.102	211.4484	1.997285	0.6715836	0.539199	0.460801	1.513148
25686	-1032.702	-1243.927	211.2249	1.989797	0.7030437	0.294506	0.705494	1.651677
25692	-1020.017	-1231.163	211.1456	2.14494	1.225059	0.462625	0.537375	1.168087
25698	-1025.314	-1236.476	211.1627	2.083175	1.225059	0.647001	0.352999	1.206659
25704	-1030.719	-1241.601	210.8823	2.083175	1.254162	0.387882	0.612118	1.413656
25710	-1033.085	-1244.287	211.2019	1.87361	0.8304625	0.271394	0.728606	1.64005
25716	-1037.601	-1248.718	211.1171	1.966222	1.041422	0.492841	0.507159	1.470446
25722	-1007.736	-1219.12	211.3835	1.966222	1.121952	0.44043	0.55957	1.195975
25728	-1003.002	-1214.096	211.0938	2.090731	1.170202	0.379138	0.620862	1.297597
25734	-1005.424	-1216.621	211.1972	1.968376	1.274847	0.376927	0.623073	1.238966
25740	-1012.894	-1224.432	211.5379	2.004638	0.8913825	0.309502	0.690498	1.227691
25746	-1010.332	-1221.589	211.2578	2.061504	1.210161	0.584227	0.415773	1.154042
25752	-1003.691	-1215.217	211.5267	2.062896	0.7646918	0.283655	0.716345	1.309324
25758	-1014.739	-1225.737	210.9987	1.998137	1.246519	0.300766	0.699234	1.394282
25764	-1015.327	-1226.384	211.0576	1.884426	1.312616	0.345454	0.654546	1.394282
25770	-1016.297	-1228.015	211.7176	2.157897	0.8584418	0.546545	0.453455	0.9525365
25776	-1020.548	-1232.081	211.5337	2.341469	0.9336543	0.34887	0.65113	0.8617579
25782	-1035.745	-1247.286	211.5403	2.341469	1.039214	0.472213	0.527787	0.7040933
25788	-1013.316	-1225.391	212.0746	2.341469	0.5880905	0.470645	0.529355	0.7040933
25794	-1010.398	-1222.03	211.6317	2.251713	0.9777258	0.264591	0.735409	0.7937829
25800	-1007.968	-1219.518	211.5501	2.351726	1.009081	0.484697	0.515303	0.7201399
25806	-999.9364	-1211.311	211.3742	2.412746	1.106294	0.555758	0.444242	0.7538097
25812	-1008.728	-1219.775	211.0464	2.572281	1.421949	0.546603	0.453397	0.5076212
25818	-1005.513	-1216.46	210.9476	2.667332	1.421949	0.396936	0.603064	0.5449264
25824	-1010.202	-1221.219	211.017	2.718487	1.266234	0.396936	0.603064	0.4402273
25830	-1006.887	-1217.944	211.0569	2.678609	1.266234	0.396936	0.603064	0.4402273
25836	-1010.755	-1221.807	211.0519	2.727241	1.214868	0.593803	0.406197	0.4402273
25842	-1024.111	-1235.323	211.2116	2.727241	1.044485	0.455454	0.544546	0.4584563
25848	-1008.087	-1219.46	211.3735	2.474518	1.132892	0.729289	0.270711	0.5798038
25854	-1031.687	-1243.045	211.3583	2.474518	1.132892	0.380518	0.619482	0.6248397
25860	-1038.817	-1250.27	211.4524	2.400502	1.132892	0.419683	0.580317	0.5601037
25866	-1021.338	-1233.57	212.2316	2.282228	0.5439938	0.454058	0.545942	0.644165
25872	-1013.109	-1225.54	212.4302	2.31778	0.4151274	0.499675	0.500325	0.609252
25878	-1024.249	-1236.105	211.8565	2.396069	0.7295775	0.532367	0.467633	0.6476408
25884	-1017.824	-1229.314	211.4904	2.396069	1.064795	0.478471	0.521529	0.6476408
25890	-1019.351	-1230.929	211.578	2.29921	0.9755349	0.297776	0.702224	0.8050196
25896	-1022.776	-1233.918	211.1421	2.196345	1.198612	0.39194	0.60806	1.146025
25902	-1011.159	-1222.543	211.3844	2.324691	1.181606	0.558142	0.441858	0.7680814
25908	-1003.638	-1215.245	211.6068	2.249352	0.9088667	0.476565	0.523435	0.9137249
25914	-1008.553	-1219.467	210.9147	2.480143	1.514241	0.538326	0.461674	0.8323291
25920	-1015.485	-1226.41	210.9252	2.62466	1.514241	0.538326	0.461674	0.4988735
25926	-1014.312	-1225.985	211.6725	2.521818	0.7962827	0.417878	0.582122	0.5860975
25932	-1031.88	-1242.942	211.0622	2.464082	1.462743	0.413584	0.586416	0.6966289
25938	-1023.368	-1235.142	211.7741	2.271639	0.8890175	0.413584	0.586416	0.6873487
25944	-1025.682	-1236.975	211.2933	2.326757	1.342116	0.398856	0.601144	0.695844
25950	-1016.108	-1227.755	211.6471	2.529852	0.8195555	0.529616	0.470384	0.5421592
25956	-1030.186	-1241.739	211.5531	2.44914	0.9812977	0.433088	0.566912	0.4628022
25962	-1022.86	-1234.263	211.4028	2.680557	0.9037047	0.269178	0.730822	0.4628022
25968	-1026.926	-1238.012	211.086	2.680557	1.236982	0.248706	0.751294	0.4742361
25974	-1050.902	-1261.98	211.0787	2.680557	1.241547	0.465931	0.534069	0.4522849
25980	-1039.934	-1250.729	210.7944	2.768146	1.486651	0.335303	0.664697	0.5641205
25986	-1021.677	-1232.345	210.6679	2.581634	1.919582	0.402641	0.597359	0.6361294
25992	-1029.926	-1240.416	210.4904	2.581634	1.998228	0.59546	0.40454	0.841094
25998	-1022.426	-1233.832	211.406	2.290356	1.181797	0.47852	0.52148	0.7857393
26004	-1031.42	-1242.131	210.7117	2.404692	1.922436	0.599394	0.400606	0.8420874
26010	-1028.312	-1238.996	210.6841	2.393121	1.922436	0.569848	0.430152	0.8885482
26016	-1011.84	-1223.015	211.1753	2.407155	1.346076	0.487069	0.512931	0.7515832
26022	-1011.292	-1222.941	211.6496	2.337961	0.9065836	0.487069	0.512931	0.7515832
26028	-1012.195	-1223.726	211.5305	2.174434	0.9062486	0.543278	0.456722	1.069405
26034	-1016.496	-1227.672	211.1759	2.226854	1.221386	0.543278	0.456722	1.069405
26040	-1002.923	-1214.438	211.5142	2.226854	0.9016794	0.555954	0.444046	1.039824
26046	-1008.25	-1219.86	211.6099	2.280759	0.86178	0.312093	0.687907	0.9324238
26052	-1002.325	-1213.956	211.6312	2.280759	0.7598242	0.415154	0.584846	1.032237
26058	-996.3066	-1207.404	211.0975	2.166584	1.238476	0.445628	0.554372	1.181088
26064	-1016.721	-1227.947	211.2261	2.214953	1.20765	0.297896	0.702104	1.044356
26070	-1017.129	-1228.899	211.77	2.168082	0.7888794	0.508263	0.491737	0.9710037
26076	-1019.847	-1231.536	211.6891	2.168082	0.7409155	0.385269	0.614731	1.105652
26082	-1016.148	-1227.688	211.5394	2.275126	0.7409155	0.315335	0.684665	1.144063
26088	-1008.435	-1220.228	211.7937	2.275126	0.8031962	0.482392	0.517608	0.8007774
26094	-1004.583	-1215.513	210.9302	2.382001	1.478357	0.482392	0.517608	0.9562155
26100	-1007.809	-1218.366	210.5569	2.214988	1.721866	0.503428	0.496572	1.291495
26106	-1017.043	-1228.269	211.2262	2.001024	1.012725	0.424712	0.575288	1.381317
26112	-1002.171	-1213.671	211.5	2.078063	1.012725	0.4278	0.5722	1.085277
26118	-1013.357	-1224.394	211.0377	2.185169	1.325428	0.484223	0.515777	1.154158
26124	-1010.111	-1221.596	211.4854	2.202344	1.00897	0.519213	0.480787	0.9826158
26130	-1000.166	-1211.403	211.2371	1.986009	1.1268	0.519213	0.480787	1.29802
26136	-1006.273	-1217.268	210.9942	1.934013	1.143495	0.652643	0.347357	1.515205
26142	-1000.746	-1211.594	210.8482	1.786581	0.9568146	0.534505	0.465495	1.85255
26148	-1006.246	-1217.518	211.2718	1.786581	0.8857531	0.647366	0.352634	1.607667
26154	-1009.179	-1220.157	210.978	1.786581	0.7149272	0.42508	0.57492	1.952798
26160	-1012.915	-1224.337	211.4218	1.67583	0.7082951	0.434909	0.565091	1.729971
26166	-1010.561	-1219.548	208.9866	1.539387	1.168303	0.467477	0.532523	3.055971
26172	-1019.193	-1229.577	210.3839	1.672454	0.468711	0.541559	0.458441	2.639909
26178	-1006.697	-1218.1	211.4025	1.694275	0.6796788	0.443149	0.556851	1.75683
26184	-1011.416	-1222.631	211.2156	1.840001	0.6334941	0.492738	0.507262	1.829077
26190	-1012.002	-1222.754	210.7521	1.719144	0.6689857	0.597579	0.402421	2.186031
26196	-997.9323	-1208.658	210.7254	1.67266	0.4735173	0.471677	0.528323	2.421807
26202	-1010.507	-1221.131	210.6239	1.751718	0.4866923	0.335029	0.664971	2.421807
26208	-1011.786	-1222.283	210.4972	1.653008	0.4179481	0.595908	0.404092	2.638335
26214	-1011.349	-1222.112	210.7629	1.551213	0.3993621	0.520955	0.479045	2.558687
26220	-1014.008	-1224.297	210.2897	1.603423	0.3098382	0.582541	0.417459	2.930839
26226	-1009.579	-1219.579	209.9999	1.585125	0.3051401	0.361731	0.638269	3.121863
26232	-1034.634	-1244.88	210.2463	1.694115	0.3253181	0.462983	0.537017	2.881277
26238	-1023.213	-1234.702	211.4885	1.869843	0.4051342	0.642288	0.357712	1.875795
26244	-1005.757	-1217.011	211.2548	1.781956	0.4185443	0.412861	0.587139	2.074238
26250	-1017.221	-1228.152	210.9313	1.757908	0.5809748	0.52834	0.47166	2.125111
26256	-1008.687	-1219.269	210.5819	1.620102	0.5809748	0.616041	0.383959	2.437232
26262	-1017.019	-1227.411	210.3928	1.569812	0.7645453	0.572676	0.427324	2.432625
26268	-1020.968	-1230.138	209.1703	1.518294	0.8579213	0.42291	0.57709	3.143177
26274	-1009.052	-1219.255	210.2029	1.578595	0.6163354	0.399589	0.600411	2.666762
26280	-996.1629	-1207.065	210.9018	1.543033	0.5471341	0.556205	0.443795	2.316005
26286	-1014.047	-1224.499	210.4524	1.644546	0.7021639	0.539923	0.460077	2.397425
26292	-1012.693	-1222.849	210.1554	1.574709	0.7590974	0.297836	0.702164	2.581995
26298	-1008.311	-1220.089	211.7776	1.799401	0.5762739	0.3832	0.6168	1.515789
26304	-1001.442	-1212.896	211.4537	1.926859	0.696782	0.350173	0.649827	1.53674
26310	-998.0817	-1209.054	210.9726	1.719972	0.6180944	0.33822	0.66178	2.087483
26316	-1006.664	-1217.705	211.0409	1.901085	0.5838756	0.613993	0.386007	1.954826
26322	-1008.258	-1219.967	211.7088	2.161836	0.626778	0.288708	0.711292	1.226352
26328	-1018.599	-1230.228	211.6287	2.029945	0.790807	0.288708	0.711292	1.226352
26334	-1007.655	-1219.336	211.6809	2.029945	0.790807	0.516878	0.483122	1.181645
26340	-995.1845	-1206.797	211.6126	2.180812	1.021613	0.442429	0.557571	0.8524683
26346	-1002.943	-1214.638	211.695	2.279024	0.8501147	0.54444	0.45556	0.8524683
26352	-998.79	-1210.595	211.8049	2.301266	0.8420088	0.510299	0.489701	0.6721949
26358	-1000.05	-1211.502	211.4515	2.447663	1.032807	0.373618	0.626382	0.6841652
26364	-1004.322	-1215.566	211.2441	2.480099	1.234667	0.417682	0.582318	0.6669449
26370	-1008.448	-1220.081	211.6333	2.485309	0.8688712	0.364172	0.635828	0.5555186
26376	-999.0447	-1211.201	212.1567	2.312105	0.5438247	0.417878	0.582122	0.727854
26382	-1010.689	-1222.61	211.9212	2.186707	0.8054375	0.566174	0.433826	0.7414832
26388	-1010.504	-1222.365	211.8611	2.103054	0.7807621	0.543169	0.456831	0.954036
26394	-1015.597	-1227.511	211.9136	2.038264	0.7675495	0.648587	0.351413	0.9832125
26400	-1019.009	-1230.859	211.8505	2.038264	0.8564995	0.570443	0.429557	0.9407981
26406	-1030.113	-1241.469	211.3562	2.17793	0.9473724	0.465164	0.534836	1.183922
26412	-1024.953	-1236.643	211.6898	2.147266	0.6496825	0.549476	0.450524	1.227813
26418	-1010.492	-1222.441	211.9486	2.304178	0.5635161	0.574533	0.425467	0.9582218
26424	-1007.9	-1219.977	212.0768	2.043904	0.5746737	0.246152	0.753848	1.071831
26430	-1004.437	-1216.358	211.9211	2.025033	0.5481219	0.617653	0.382347	1.260417
26436	-1001.927	-1213.286	211.3593	1.707291	0.6041306	0.617653	0.382347	1.850149
26442	-997.9514	-1209.521	211.5699	1.841001	0.6041306	0.447666	0.552334	1.607818
26448	-1011.475	-1223.1	211.6257	1.86465	0.3723972	0.481692	0.518308	1.829479
26454	-1007.748	-1219.401	211.6528	1.837776	0.4569435	0.430381	0.569619	1.718405
26460	-1010.395	-1221.566	211.1707	1.730399	0.4434807	0.607775	0.392225	2.133193
26466	-1015.631	-1226.227	210.5958	1.621239	0.9544258	0.507783	0.492217	2.133193
26472	-1014.388	-1225.576	211.1884	1.621239	0.4731937	0.649473	0.350527	2.158817
26478	-997.9658	-1207.12	209.1545	1.570027	0.7337858	0.311176	0.688824	3.209243
26484	-1004.663	-1214.91	210.2467	1.706252	0.4170379	0.456352	0.543648	2.760416
26490	-1011.581	-1221.815	210.2332	1.938356	0.424377	0.496438	0.503562	2.617733
26496	-1019.491	-1230.915	211.4248	1.663906	0.5574108	0.55837	0.44163	1.882569
26502	-1015.049	-1226.204	211.155	1.864636	0.5574108	0.531323	0.468677	1.929379
26508	-1012.429	-1223.953	211.5242	1.941409	0.3489864	0.518606	0.481394	1.879512
26514	-1017.372	-1228.7	211.3286	1.956376	0.690798	0.547524	0.452476	1.61258
26520	-1034.316	-1245.991	211.6752	2.157279	0.3083375	0.342129	0.657871	1.686629
26526	-1027.567	-1239.625	212.0578	2.095534	0.3083375	0.390362	0.609638	1.450891
26532	-1012.031	-1223.835	211.8034	2.208013	0.7099532	0.476214	0.523786	0.9958792
26538	-1013.689	-1225.541	211.8519	2.178151	0.7099532	0.446625	0.553375	0.9769938
26544	-1024.758	-1236.364	211.6062	2.154964	0.8488768	0.43536	0.56464	1.076033
26550	-1028.393	-1240.426	212.0327	2.117636	0.5522801	0.36979	0.63021	1.076033
26556	-1039.472	-1250.728	211.2563	2.617549	1.034494	0.594285	0.405715	0.724888
26562	-1037.459	-1249.293	211.8347	2.172981	0.8976857	0.436736	0.563264	0.7356113
26568	-1031.788	-1243.626	211.8378	2.149849	0.8174501	0.514524	0.485476	0.8805582
26574	-1028.929	-1240.03	211.101	2.819401	1.065899	0.517505	0.482495	0.5289945
26580	-1030.33	-1242.125	211.7948	2.149849	0.7991057	0.44039	0.55961	0.9515951
26586	-1040.719	-1251.926	211.2064	1.961432	0.5027155	0.43566	0.56434	1.887799
26592	-1019.304	-1230.466	211.1617	1.955528	1.056195	0.629127	0.370873	1.433686
26598	-1034.442	-1245.376	210.934	1.955528	0.6196139	0.348936	0.651064	1.955226
26604	-1015.975	-1227.619	211.6442	1.878482	0.5884845	0.453972	0.546028	1.542671
26610	-1010.915	-1222.27	211.3557	1.962383	0.7227342	0.402796	0.597204	1.558242
26616	-1012.915	-1224.371	211.4559	2.208369	0.7884497	0.367993	0.632007	1.223952
26622	-1022.353	-1233.978	211.6248	2.183244	0.6744667	0.473472	0.526528	1.223952
26628	-1025.503	-1237.558	212.0541	2.162915	0.4951008	0.705514	0.294486	1.099077
26634	-1035.49	-1246.95	211.4596	1.498575	0.4608741	0.357403	0.642597	2.075535
26640	-1030.173	-1241.604	211.4313	1.785901	0.5476529	0.517953	0.482047	1.804703
26646	-1029.661	-1241.148	211.4872	1.88701	0.5141798	0.528066	0.471934	1.732282
26652	-1029.943	-1241.189	211.2461	1.923771	0.3028707	0.41243	0.58757	2.144262
26658	-1037.763	-1248.448	210.6841	1.67871	0.5653755	0.561763	0.438237	2.350394
26664	-1027.746	-1238.684	210.9381	1.576238	0.4134034	0.623489	0.376511	2.41662
26670	-1038.08	-1248.81	210.7302	1.57618	0.7690074	0.434413	0.565587	2.210061
26676	-1030.348	-1240.426	210.0776	1.57618	0.9274558	0.437462	0.562538	2.510339
26682	-1037.312	-1247.828	210.5162	1.624867	0.5443514	0.349503	0.650497	2.510339
26688	-1025.445	-1235.34	209.8953	1.539282	0.5443514	0.581334	0.418666	2.943133
26694	-1022.178	-1231.778	209.6006	1.449104	0.5443514	0.47921	0.52079	3.173215
26700	-1032.212	-1240.534	208.3223	1.442374	0.8264097	0.362544	0.637456	3.705353
26706	-1020.943	-1230.153	209.2102	1.499703	0.9468731	0.608134	0.391866	3.073259
26712	-1014.1	-1224.227	210.1278	1.472143	1.055444	0.448475	0.551525	2.463353
26718	-1016.333	-1227.097	210.7637	1.523999	1.055444	0.510292	0.489708	2.02032
26724	-1011.369	-1222.754	211.385	1.747792	0.8085575	0.570741	0.429259	1.617078
26730	-1019.72	-1230.734	211.0139	2.02539	1.480717	0.353112	0.646888	1.209179
26736	-1033.63	-1245.61	211.98	2.067283	0.8024847	0.422112	0.577888	0.8297951
26742	-1037.643	-1249.343	211.7002	2.328176	0.8024847	0.431467	0.568533	0.8530589
26748	-1019.713	-1230.978	211.2647	2.299873	1.300894	0.394112	0.605888	0.826002
26754	-1020.274	-1231.782	211.5079	2.155605	0.9349889	0.512329	0.487671	1.079575
26760	-1011.205	-1222.076	210.8705	2.155605	1.575227	0.452171	0.547829	1.161377
26766	-1022.303	-1233.581	211.2773	2.148849	1.199052	0.49128	0.50872	1.065618
26772	-1029.114	-1240.489	211.3756	2.289911	1.010325	0.486206	0.513794	1.003627
26778	-1025.786	-1237.258	211.4713	2.249842	1.218676	0.419261	0.580739	0.6981203
26784	-1036.499	-1247.781	211.2821	2.449145	1.262651	0.379294	0.620706	0.5917177
26790	-1018.059	-1229.502	211.4432	2.449145	1.095766	0.564152	0.435848	0.5270779
26796	-1018.083	-1229.407	211.3247	2.528601	1.125854	0.481482	0.518518	0.5838371
26802	-1013.337	-1224.959	211.6215	2.528601	0.8447507	0.477051	0.522949	0.5262871
26808	-1031.783	-1242.905	211.1224	2.528601	1.370866	0.421101	0.578899	0.5633095
26814	-1030.819	-1242.243	211.4241	2.512485	1.0374	0.492433	0.507567	0.5845163
26820	-1028.951	-1240.196	211.2451	2.512485	1.234068	0.440672	0.559328	0.5845163
26826	-1032.719	-1243.321	210.602	2.589375	2.020879	0.391688	0.608312	0.6315199
26832	-1027.322	-1239.041	211.7191	2.474547	0.7877127	0.411838	0.588162	0.61813
26838	-1019.145	-1230.76	211.615	2.474547	0.8848264	0.583052	0.416948	0.5988102
26844	-1019.733	-1231.456	211.7229	2.571279	0.7255252	0.514147	0.485853	0.5084511
26850	-1051.335	-1262.527	211.1917	1.86819	0.561424	0.469613	0.530387	1.897984
26856	-1058.851	-1270.042	211.1909	1.836965	0.582699	0.55399	0.44601	1.897984
26862	-1034.186	-1245.799	211.6121	2.586984	0.800539	0.591379	0.408621	0.459316
26868	-1028.975	-1240.558	211.583	2.616301	0.800539	0.455117	0.544883	0.4608286
26874	-1035.42	-1246.76	211.3403	2.39504	1.129837	0.510081	0.489919	0.796066
26880	-1032.746	-1243.036	210.2899	1.534332	0.5551252	0.5285	0.4715	2.696164
26886	-1022.35	-1232.713	210.363	1.586832	0.5185596	0.545744	0.454256	2.654312
26892	-1011.518	-1222.436	210.9186	1.730235	0.3434212	0.490368	0.509632	2.420251
26898	-1029.437	-1240.452	211.015	1.77079	0.7745661	0.452326	0.547674	1.888317
26904	-1025.205	-1235.313	210.1075	1.397571	0.3832715	0.533287	0.466713	3.070064
26910	-1038.934	-1249.767	210.8325	1.652263	0.6070165	0.393247	0.606753	2.233073
26916	-1031.57	-1241.778	210.2081	1.88556	0.4516187	0.484319	0.515681	2.635356
26922	-1030.207	-1237.961	207.7538	1.356397	0.5729003	0.412138	0.587862	4.269496
26928	-1022.617	-1232.607	209.9902	1.684493	0.5729003	0.569526	0.430474	2.771108
26934	-1036.799	-1247.942	211.143	1.735646	0.6516087	0.590002	0.409998	1.932509
26940	-1033.962	-1245.46	211.4975	1.735646	0.572093	0.595014	0.404986	1.767711
26946	-1029.808	-1240.663	210.8553	1.735646	0.6391357	0.481627	0.518373	2.134712
26952	-1022.618	-1234.152	211.5335	1.890208	0.4458077	0.370203	0.629797	1.779047
26958	-1021.023	-1232.271	211.2477	2.13727	0.6844636	0.384623	0.615377	1.545517
26964	-1025.595	-1236.929	211.3339	1.987346	0.4278951	0.438261	0.561739	1.872015
26970	-1042.067	-1254.151	212.0836	1.987346	0.5705186	0.295108	0.704892	1.123291
26976	-1005.412	-1217.191	211.7792	1.987346	0.7995386	0.439919	0.560081	1.123291
26982	-1019.334	-1231.397	212.063	2.191962	0.5383694	0.58617	0.41383	0.9957944
26988	-1005.716	-1217.67	211.9536	2.247959	0.4868349	0.470206	0.529794	1.125652
26994	-1009.102	-1221.196	212.0945	2.222053	0.3413	0.526114	0.473886	1.263752
27000	-1023.888	-1235.708	211.8201	2.282379	0.4488369	0.526114	0.473886	1.267444
27006	-1009.322	-1221.272	211.9496	1.957877	0.3313246	0.556404	0.443596	1.595709
27012	-1025.687	-1237.349	211.6614	2.127149	0.3313246	0.556404	0.443596	1.681259
27018	-1009	-1220.036	211.0357	1.989295	0.5987274	0.531206	0.468794	1.883932
27024	-1016.839	-1228.108	211.269	2.193704	0.6315708	0.404634	0.595366	1.541232
27030	-1017.726	-1229.403	211.6775	2.483238	0.3507915	0.311273	0.688727	1.373053
27036	-1023.413	-1235.732	212.3192	2.570785	0.2599701	0.51283	0.48717	0.9049874
27042	-1025.981	-1238.072	212.0913	2.444104	0.3677661	0.51283	0.48717	1.019093
27048	-1025.976	-1237.221	211.2452	2.489394	0.9844647	0.533738	0.466262	0.9596562
27054	-1013.44	-1224.971	211.531	2.489394	0.8737893	0.370135	0.629865	0.7559908
27060	-1014.963	-1226.524	211.5615	2.489394	0.8737893	0.528603	0.471397	0.7077613
27066	-1001.055	-1212.787	211.7325	2.489394	0.6827955	0.379872	0.620128	0.797043
27072	-1012.041	-1223.744	211.7032	2.262963	0.8309519	0.442258	0.557742	0.8873025
27078	-1022.724	-1234.698	211.9741	2.192344	0.5366658	0.546057	0.453943	1.083632
27084	-1015.99	-1227.971	211.9816	2.192344	0.7116378	0.546057	0.453943	0.8106532
27090	-1012.258	-1224.159	211.9001	2.325777	0.6753542	0.516884	0.483116	0.8048816
27096	-1022.329	-1234.369	212.0397	2.325777	0.5133219	0.563266	0.436734	0.922068
27102	-1017.012	-1228.804	211.7915	2.325777	0.6331194	0.454822	0.545178	0.9931055
27108	-1018.41	-1229.973	211.5635	2.545178	0.8498066	0.580046	0.419954	0.6487186
27114	-1015.844	-1227.234	211.3898	2.699488	0.8860327	0.580046	0.419954	0.5952988
27120	-1001.174	-1212.717	211.5431	2.53926	0.8702361	0.293665	0.706335	0.6560847
27126	-1007.757	-1219.662	211.9056	2.195849	0.7421603	0.354051	0.645949	0.8530727
27132	-1026.54	-1237.772	211.2322	2.356533	1.256818	0.404613	0.595387	0.8415367
27138	-1025.9	-1237.684	211.7838	2.319469	0.7883153	0.490794	0.509206	0.7779184
27144	-1030.464	-1242.304	211.8396	2.45689	0.6578922	0.455361	0.544639	0.7379197
27150	-1035.839	-1247.324	211.4848	2.224775	1.031678	0.632651	0.367349	0.9365051
27156	-1023.007	-1234.334	211.3264	2.330278	1.063669	0.358136	0.641864	0.9596909
27162	-1011.212	-1222.985	211.773	2.250252	0.8071905	0.623429	0.376571	0.8526101
27168	-1013.054	-1224.868	211.8136	2.362267	0.7970591	0.468341	0.531659	0.6346635
27174	-1014.177	-1225.546	211.3693	2.557192	1.043106	0.466199	0.533801	0.5992579
27180	-1021.476	-1233.369	211.8923	2.485114	0.6574652	0.466199	0.533801	0.5581662
27186	-1018.543	-1230.412	211.8687	2.289079	0.748296	0.433278	0.566722	0.7696797
27192	-1020.024	-1231.671	211.6473	2.229558	1.004468	0.621287	0.378713	0.7653242
27198	-1031.139	-1242.88	211.7409	2.244188	0.838611	0.487598	0.512402	0.8547921
27204	-1033.645	-1244.879	211.2339	1.839269	0.523693	0.467933	0.532067	1.928902
27210	-1018.281	-1229.518	211.2372	1.839269	0.6108343	0.368252	0.631748	1.836753
27216	-999.8614	-1211.363	211.5015	1.809083	0.4045631	0.475215	0.524785	1.909049
27222	-1013.695	-1225.036	211.3415	1.697258	0.7044745	0.698732	0.301268	1.774636
27228	-1009.067	-1220.663	211.5959	1.869171	0.6275829	0.590842	0.409158	1.543619
27234	-1028.831	-1240.189	211.3583	1.827486	0.6543515	0.637002	0.362998	1.718283
27240	-1006.746	-1217.96	211.2134	1.821849	0.5250791	0.550093	0.449907	1.952928
27246	-1014.101	-1224.848	210.7479	1.616075	0.5240618	0.61814	0.38186	2.390446
27252	-1013.129	-1224.591	211.4615	1.703469	0.5240618	0.522392	0.477608	1.866146
27258	-1000.942	-1212.299	211.357	1.605834	0.5240618	0.478445	0.521555	2.002446
27264	-1013.877	-1225.063	211.1863	1.589246	0.5240618	0.581149	0.418851	2.126049
27270	-1024.575	-1236.096	211.5208	1.81755	0.543091	0.201676	0.798324	1.725185
27276	-1035.104	-1246.616	211.5122	1.805383	0.6621006	0.279346	0.720654	1.616619
27282	-1022.358	-1233.509	211.1507	1.805383	0.876443	0.424064	0.575936	1.68843
27288	-1015.307	-1227.296	211.9882	1.966053	0.4573833	0.570306	0.429694	1.374556
27294	-1007.203	-1218.503	211.2998	2.132119	0.735935	0.570306	0.429694	1.460601
27300	-1013.4	-1224.639	211.2391	2.029647	1.228576	0.535008	0.464992	1.184346
27306	-1012.58	-1224.21	211.6298	1.929008	0.6155799	0.287973	0.712027	1.486367
27312	-1026.703	-1238.618	211.9147	1.896944	0.5634762	0.509659	0.490341	1.350327
27318	-1030.366	-1241.527	211.1601	1.762706	0.3963822	0.581699	0.418301	2.1763
27324	-1032.895	-1244.18	211.2853	1.762706	0.5827396	0.488992	0.511008	1.884283
27330	-1019.421	-1229.132	209.7114	1.673948	0.4075865	0.493272	0.506728	3.113313
27336	-1009.263	-1219.26	209.9961	1.502742	0.3755277	0.352471	0.647529	3.083009
27342	-1020.51	-1230.256	209.746	1.574441	0.471551	0.53562	0.46438	3.083009
27348	-1023.606	-1233.23	209.6244	1.577658	0.9472343	0.585646	0.414354	2.776133
27354	-1023.289	-1233.919	210.6306	1.555501	0.6924701	0.403595	0.596405	2.348935
27360	-1032.868	-1240.858	207.9896	1.338356	0.5791389	0.362601	0.637399	4.140651
27366	-1030.108	-1239.162	209.0541	1.329522	0.4162134	0.582418	0.417582	3.691147
27372	-1015.28	-1225.475	210.1944	1.65368	0.498574	0.444944	0.555056	2.736778
27378	-1019.459	-1230.279	210.8203	1.585214	0.6769441	0.426709	0.573291	2.221682
27384	-1007.487	-1219.033	211.5462	1.897567	0.8867524	0.503225	0.496775	1.313309
27390	-1010.7	-1222.374	211.6744	1.897567	0.7362441	0.513006	0.486994	1.351611
27396	-1005.584	-1216.993	211.4088	1.897567	0.5912184	0.417566	0.582434	1.696247
27402	-1008.491	-1219.303	210.812	1.764406	0.6583772	0.365457	0.634543	2.126947
27408	-1008.441	-1219.171	210.7302	1.756319	0.5676796	0.438836	0.561164	2.269272
27414	-1020.626	-1231.39	210.7636	1.694999	0.6620275	0.457055	0.542945	2.200328
27420	-1012.939	-1223.706	210.7675	1.946865	0.8932155	0.521335	0.478665	1.844265
27426	-1026.046	-1236.972	210.9254	1.946865	0.6669432	0.408012	0.591988	1.922732
27432	-1020.167	-1231.198	211.0302	1.903643	0.8211254	0.460562	0.539438	1.74821
27438	-1010.418	-1221.771	211.3531	1.899687	0.9270972	0.429073	0.570927	1.429506
27444	-1018.242	-1229.925	211.6833	1.975092	0.9785732	0.497288	0.502712	1.041847
27450	-1014.383	-1225.755	211.3715	2.060984	0.9597166	0.321215	0.678785	1.259181
27456	-1012.634	-1223.507	210.8736	1.912869	1.06543	0.321215	0.678785	1.671381
27462	-1027.855	-1239.161	211.3059	1.901845	0.5887032	0.369969	0.630031	1.768177
27468	-1015.588	-1226.415	210.8269	1.961279	1.450427	0.337239	0.662761	1.429813
27474	-1007.476	-1219.063	211.5866	1.92495	1.011074	0.355957	0.644043	1.14699
27480	-1014.441	-1226.318	211.8771	2.289141	0.7726946	0.311302	0.688698	0.7104511
27486	-1016.301	-1228.175	211.8742	2.231568	0.7532532	0.302837	0.697163	0.8308571
27492	-1006.626	-1218.517	211.8914	2.231568	0.7394165	0.311256	0.688744	0.8308571
27498	-996.7525	-1208.635	211.8827	2.008878	0.7394165	0.558216	0.441784	1.075648
27504	-1005.807	-1216.952	211.1452	2.052647	0.7394165	0.503757	0.496243	1.63051
27510	-1003.015	-1214.785	211.77	1.930633	0.4870286	0.540561	0.459439	1.529114
27516	-1008.874	-1220.332	211.4578	1.980099	1.070167	0.348433	0.651567	1.161377
27522	-1000.923	-1212.049	211.1261	1.980099	1.448471	0.440605	0.559395	1.172282
27528	-1018.162	-1229.8	211.6382	1.985913	0.806705	0.363993	0.636007	1.23958
27534	-1024.718	-1235.882	211.1634	1.963585	0.833314	0.454003	0.545997	1.600446
27540	-1004.465	-1215.382	210.9166	1.587913	0.6185553	0.481674	0.518326	2.209674
27546	-1024.167	-1234.871	210.7033	1.698648	0.6185553	0.372717	0.627283	2.275652
27552	-1025.563	-1235.836	210.2722	1.642527	0.6047282	0.372717	0.627283	2.594794
27558	-1022.593	-1233.222	210.6296	1.569508	0.4295869	0.439852	0.560148	2.594794
27564	-1028.18	-1238.65	210.4697	1.65501	0.8557507	0.51971	0.48029	2.261807
27570	-1036.732	-1247.627	210.8949	1.634378	0.681059	0.418332	0.581668	2.137788
27576	-1031.905	-1242.687	210.7823	1.519789	0.5809799	0.396209	0.603791	2.374078
27582	-1023.123	-1233.708	210.5845	1.513923	0.4966191	0.508937	0.491063	2.584663
27588	-1019.609	-1230.341	210.7328	1.47013	0.4966191	0.368187	0.631813	2.519686
27594	-1025.735	-1235.531	209.7968	1.590993	0.5611561	0.449933	0.550067	2.955692
27600	-1019.333	-1229.573	210.24	1.510908	0.356175	0.458568	0.541432	2.955692
27606	-1023.249	-1233.591	210.3426	1.499684	0.5751101	0.414297	0.585703	2.666444
27612	-1013.809	-1223.292	209.4829	1.478213	0.548969	0.548233	0.451767	3.221448
27618	-1029.562	-1240.812	211.2492	1.899349	0.4875585	0.542	0.458	1.917996
27624	-1022.27	-1233.897	211.6267	1.91645	0.3868621	0.51189	0.48811	1.77291
27630	-1015.232	-1226.526	211.2939	1.806218	0.493678	0.542946	0.457054	1.943802
27636	-1013.206	-1224.457	211.2516	1.910724	0.5428137	0.348745	0.651255	1.84767
27642	-1027.93	-1238.935	211.0057	1.84773	0.6474834	0.615913	0.384087	1.95332
27648	-1019.585	-1230.352	210.7668	1.862532	0.8256303	0.345628	0.654372	1.95332
27654	-1014.549	-1226.463	211.9144	1.947035	0.5857475	0.320312	0.679688	1.283266
27660	-1020.557	-1232.079	211.5221	1.824112	0.748636	0.306203	0.693797	1.513255
27666	-1009.613	-1220.697	211.0841	1.754567	0.7433415	0.584323	0.415677	1.878419
27672	-1014.65	-1225.518	210.8682	1.819756	0.869472	0.206714	0.793286	1.880107
27678	-1012.141	-1223.528	211.3864	1.97463	0.9321108	0.486701	0.513299	1.340598
27684	-1024.721	-1236.118	211.3968	1.981311	0.7650934	0.559229	0.440771	1.474091
27690	-1028.846	-1239.738	210.8919	1.849071	0.56686	0.527741	0.472259	2.105105
27696	-1029.878	-1241.044	211.1659	1.849071	0.7374764	0.545461	0.454539	1.76189
27702	-1020.517	-1231.546	211.0293	1.843901	0.669458	0.483111	0.516889	1.919785
27708	-1020.392	-1231.543	211.151	1.815613	0.4708066	0.38505	0.61495	2.058637
27714	-1021.765	-1232.479	210.7138	1.677392	0.6260562	0.461771	0.538229	2.275713
27720	-1026.533	-1237.507	210.9741	1.755667	0.4167764	0.387065	0.612935	2.275713
27726	-1039.666	-1250.47	210.8046	1.755667	0.4174427	0.567684	0.432316	2.382842
27732	-1026.38	-1236.603	210.2234	1.707634	0.9757747	0.40446	0.59554	2.303656
27738	-1012.582	-1222.907	210.3251	1.580054	0.6648007	0.405271	0.594729	2.548616
27744	-1014.801	-1225.644	210.8434	1.821185	0.6388431	0.706634	0.293366	2.086748
27750	-1016.655	-1227.555	210.8998	1.849228	0.5917896	0.460417	0.539583	2.075379
27756	-1018.608	-1230.138	211.5299	1.830159	0.5041975	0.545535	0.454465	1.753592
27762	-1017.889	-1228.965	211.0767	1.99888	0.5041975	0.426027	0.573973	1.948563
27768	-1027.87	-1239.127	211.2561	1.819486	0.5041975	0.480826	0.519174	1.948563
27774	-1015.913	-1227	211.0879	2.128607	1.048249	0.480826	0.519174	1.362374
27780	-1009.045	-1220.366	211.3206	2.091939	0.929709	0.481215	0.518785	1.301204
27786	-1006.659	-1218.428	211.7689	2.091974	0.7814057	0.379441	0.620559	1.056086
27792	-1020.147	-1231.691	211.5443	1.991921	0.7814057	0.54698	0.45302	1.335942
27798	-1027.329	-1238.736	211.4074	2.226127	1.048229	0.529556	0.470444	0.9985626
27804	-1009.912	-1221.379	211.4672	2.151535	1.077099	0.51961	0.48039	0.9856514
27810	-1020.761	-1232.227	211.4655	2.151535	1.146129	0.423644	0.576356	0.9203519
27816	-1028.668	-1240.293	211.6243	2.157095	1.001195	0.491836	0.508164	0.890356
27822	-1034.048	-1244.89	210.8419	2.275925	1.550844	0.494882	0.505118	1.094538
27828	-1017.137	-1228.225	211.0879	2.311825	1.421956	0.494373	0.505627	0.9076337
27834	-1021.553	-1233.279	211.7263	2.289766	0.8194203	0.494373	0.505627	0.8440214
27840	-1008.912	-1220.333	211.421	2.430369	1.064868	0.600392	0.399608	0.7137347
27846	-1024.25	-1235.494	211.2442	2.430369	1.18373	0.421543	0.578457	0.8124924
27852	-1030.059	-1241.92	211.8611	2.270041	0.744339	0.413329	0.586671	0.8124924
27858	-1028.343	-1239.747	211.4037	2.244693	1.025095	0.320299	0.679701	1.00622
27864	-1018.078	-1229.93	211.852	2.138784	0.8736463	0.396063	0.603937	0.7978144
27870	-1019.156	-1230.594	211.4376	2.26526	1.181446	0.583052	0.416948	0.7771362
27876	-1020.996	-1232.425	211.4296	2.248063	1.1882	0.423695	0.576305	0.803273
27882	-1045.303	-1256.211	210.9071	2.495489	1.656761	0.388353	0.611647	0.6693473
27888	-1023.197	-1234.436	211.2392	2.412153	1.281412	0.530624	0.469376	0.7264261
27894	-1001.709	-1213.065	211.3566	2.294703	1.281412	0.438769	0.561231	0.7264261
27900	-1020.903	-1232.068	211.1652	2.294703	1.37472	0.438769	0.561231	0.8808712
27906	-1014.537	-1225.665	211.1283	2.331605	1.37472	0.356235	0.643765	0.8808712
27912	-1016.815	-1227.856	211.0406	2.392624	1.495569	0.573119	0.426881	0.8004861
27918	-1013.911	-1224.889	210.9779	2.392624	1.495569	0.520613	0.479387	0.8780963
27924	-1030.109	-1241.474	211.3657	2.271045	1.213777	0.338784	0.661216	0.8274009
27930	-1014.373	-1225.714	211.3405	2.271045	1.213777	0.570888	0.429112	0.8584396
27936	-1016.491	-1227.861	211.3703	2.128559	1.213777	0.5593	0.4407	0.9819857
27942	-1020.323	-1231.86	211.5377	2.006031	1.044629	0.488423	0.511577	1.088172
27948	-1042.14	-1253.073	210.9334	2.179126	1.394733	0.45943	0.54057	1.202346
27954	-1026.119	-1237.584	211.4646	1.986904	0.8357855	0.411442	0.588558	1.352699
27960	-1022.256	-1233.636	211.38	1.986904	0.8232097	0.41125	0.58875	1.430005
27966	-1015.53	-1227.084	211.5532	1.838888	0.8016575	0.41125	0.58875	1.430005
27972	-1024.045	-1235.249	211.2039	1.893974	1.184544	0.596704	0.403296	1.356897
27978	-1033.695	-1244.731	211.0355	1.944342	0.9231972	0.531384	0.468616	1.635236
27984	-1016.898	-1228.44	211.5425	1.875286	0.4369962	0.502214	0.497786	1.794164
27990	-1038.623	-1248.667	210.044	1.568042	0.6903421	0.514064	0.485936	2.70862
27996	-1017.292	-1227.854	210.5628	1.752193	0.4547795	0.43833	0.56167	2.494428
28002	-1012.265	-1222.946	210.6807	1.693525	0.5171401	0.591057	0.408943	2.391025
28008	-1034.364	-1244.964	210.6	1.653592	0.5957	0.389261	0.610739	2.391025
28014	-1040.229	-1251.275	211.0467	1.655722	0.6007492	0.602336	0.397664	2.097435
28020	-1017.626	-1228.982	211.3551	1.90822	0.5834953	0.312221	0.687779	1.734725
28026	-1017.683	-1229.472	211.7888	2.079982	0.4926668	0.312221	0.687779	1.3941
28032	-1015.894	-1227.738	211.8434	2.09493	0.267221	0.541404	0.458596	1.681322
28038	-1030.436	-1242.194	211.7581	2.036753	0.4896934	0.541404	0.458596	1.454899
28044	-1020.637	-1232.172	211.5349	1.710277	0.5855114	0.369818	0.630182	1.74534
28050	-1022.312	-1233.959	211.6464	1.921219	0.6457921	0.352941	0.647059	1.447565
28056	-1026.513	-1238.254	211.7407	1.89971	0.6457921	0.494495	0.505505	1.391322
28062	-1019.743	-1230.79	211.047	1.684643	0.6386805	0.502367	0.497633	2.042634
28068	-1015.423	-1226.739	211.3161	1.67559	0.4183887	0.515089	0.484911	2.103998
28074	-1021.648	-1232.543	210.8947	2.113158	0.5544214	0.651396	0.348604	1.940421
28080	-1010.286	-1221.699	211.4129	1.799802	0.4320274	0.291629	0.708371	1.940421
28086	-1025.96	-1236.138	210.178	1.755327	0.6760348	0.564701	0.435299	2.52169
28092	-1016.641	-1227.421	210.7799	1.859283	0.8447904	0.394386	0.605614	1.93194
28098	-1017.334	-1227.631	210.2977	1.829386	0.7623405	0.431165	0.568835	2.330274
28104	-1033.186	-1243.598	210.4113	1.971628	1.323909	0.531387	0.468613	1.795754
28110	-1017.767	-1229.157	211.3897	2.109908	0.9090473	0.314831	0.685169	1.247697
28116	-1015.997	-1227.876	211.879	2.008936	0.6415802	0.345614	0.654386	1.194029
28122	-1001.296	-1212.749	211.4529	2.125087	0.7170066	0.556422	0.443578	1.366118
28128	-1008.312	-1219.896	211.5835	2.079235	0.7170066	0.534624	0.465376	1.298301
28134	-1011.181	-1222.561	211.3803	2.079235	0.8892935	0.435445	0.564555	1.298301
28140	-1016.794	-1228.451	211.6565	1.965759	0.6231841	0.533058	0.466942	1.429827
28146	-1013.981	-1225.509	211.5279	1.919459	0.7559281	0.417383	0.582617	1.429827
28152	-1018.502	-1229.527	211.025	1.914489	0.6210574	0.310519	0.689481	1.92018
28158	-1024.214	-1234.919	210.7053	1.595529	0.9080555	0.416875	0.583125	2.11041
28164	-1030.96	-1240.256	209.2957	1.595529	0.6020127	0.392338	0.607662	3.215815
28170	-1018.778	-1229.691	210.9128	1.693091	0.5070152	0.493676	0.506324	2.253876
28176	-1030.866	-1241.974	211.1078	1.676169	0.5550621	0.478128	0.521872	2.088707
28182	-1026.305	-1237.951	211.6464	2.045472	0.4133405	0.531856	0.468144	1.631493
28188	-1020.867	-1232.322	211.4554	1.835531	0.459223	0.522473	0.477527	1.854276
28194	-1050.373	-1261.379	211.0056	1.995183	0.444021	0.522473	0.477527	2.06717
28200	-1044.453	-1255.804	211.3506	2.042653	0.4458286	0.531078	0.468922	1.800179
28206	-1030.484	-1241.208	210.7235	1.881858	0.6018183	0.383155	0.616845	2.159872
28212	-1026.006	-1237.647	211.6413	1.995755	0.3893927	0.380858	0.619142	1.703548
28218	-1021.92	-1233.311	211.3904	1.90416	0.6154798	0.689674	0.310326	1.67968
28224	-1003.527	-1215.107	211.58	2.003654	0.406556	0.428189	0.571811	1.717785
28230	-1008.252	-1220.364	212.1123	2.064225	0.4909447	0.584119	0.415881	1.141874
28236	-1029.632	-1241.775	212.1433	2.252831	0.462775	0.476959	0.523041	0.9793924
28242	-1028.34	-1239.964	211.6233	2.252831	0.5082048	0.474164	0.525836	1.368176
28248	-1035.121	-1247.243	212.1217	2.077415	0.4237883	0.588511	0.411489	1.224695
28254	-1037.479	-1248.478	210.9986	1.648168	0.3664372	0.433869	0.566131	2.391218
28260	-1009.394	-1220.817	211.4226	1.876102	0.5029146	0.212791	0.787209	1.797786
28266	-1017.254	-1228.878	211.6235	2.064861	0.4907944	0.681356	0.318644	1.533515
28272	-1019.813	-1231.34	211.5273	1.834995	0.506567	0.40829	0.59171	1.749364
28278	-1017.942	-1228.964	211.0222	1.730273	0.4577629	0.446999	0.553001	2.213288
28284	-1031.831	-1242.89	211.0588	1.730273	0.3645827	0.630833	0.369167	2.303209
28290	-1020.022	-1230.547	210.5255	1.774298	0.4962214	0.39087	0.60913	2.459475
28296	-1016.179	-1227.533	211.3536	1.973004	0.6555741	0.440987	0.559013	1.616561
28302	-1026.608	-1237.732	211.1247	1.727827	0.6047861	0.428649	0.571351	1.994209
28308	-1034.024	-1245.43	211.4059	1.792181	0.4504288	0.400901	0.599099	1.927955
28314	-1030.188	-1242.155	211.9668	1.816159	0.4504288	0.582741	0.417259	1.514984
28320	-1028.264	-1239.565	211.3019	1.665572	0.4097639	0.230382	0.769618	2.130519
28326	-1027.016	-1237.631	210.6155	1.696446	0.4715305	0.299932	0.700068	2.478062
28332	-1036.798	-1247.782	210.9842	1.793168	0.6287227	0.386226	0.613774	2.021528
28338	-1035.473	-1246.533	211.0602	1.784832	0.4036605	0.491931	0.508069	2.217579
28344	-1029.249	-1240.679	211.4305	2.08184	0.4313796	0.669382	0.330618	1.735396
28350	-1022.614	-1234.117	211.5024	1.963976	0.5497301	0.561855	0.438145	1.626588
28356	-1026.963	-1238.173	211.2102	1.963976	0.8337548	0.571745	0.428255	1.5656
28362	-1022.777	-1234.051	211.2735	2.266201	0.4700927	0.441044	0.558956	1.667255
28368	-1029.061	-1240.558	211.4972	2.147499	0.8758812	0.343251	0.656749	1.154283
28374	-1015.374	-1227.155	211.7806	2.077897	0.958232	0.473926	0.526074	0.8511046
28380	-1029.501	-1241.467	211.9661	2.077897	0.7361799	0.568723	0.431277	0.9271896
28386	-1023.797	-1235.616	211.8191	2.10736	0.8874796	0.396831	0.603169	0.8597118
28392	-1030.951	-1242.623	211.6726	2.10736	0.8113186	0.436712	0.563288	1.098582
28398	-1021.418	-1232.685	211.2669	2.168832	1.148159	0.650507	0.349493	1.098582
28404	-1035.168	-1246.413	211.245	2.168832	1.242225	0.274221	0.725779	1.041953
28410	-1030.098	-1241.403	211.3048	2.087707	0.729377	0.233624	0.766376	1.496638
28416	-1022.325	-1234.069	211.7444	2.086326	0.5139964	0.444988	0.555012	1.396426
28422	-1020.027	-1231.629	211.6012	2.120855	0.794754	0.420543	0.579457	1.167793
28428	-1026.238	-1237.957	211.719	2.155872	0.6858566	0.456892	0.543108	1.153193
28434	-1044.202	-1256.114	211.9119	1.836349	0.4180361	0.525169	0.474831	1.584164
28440	-1044.13	-1256.442	212.3121	1.950538	0.3856684	0.595044	0.404956	1.232613
28446	-1040.974	-1252.914	211.9397	1.848389	0.3740522	0.622944	0.377056	1.617271
28452	-1026.223	-1236.859	210.6355	1.812576	0.4986819	0.461484	0.538516	2.36336
28458	-1010.813	-1221.119	210.3058	1.646678	0.4639489	0.426272	0.573728	2.708908
28464	-1010.12	-1220.812	210.6926	1.873148	0.5258606	0.550707	0.449293	2.260115
28470	-998.3057	-1210.207	211.9014	2.177966	0.3092399	0.457339	0.542661	1.505277
28476	-1007.466	-1219.685	212.219	2.035635	0.3181099	0.707547	0.292453	1.355019
28482	-1005.373	-1217.485	212.1116	2.070734	0.4000267	0.521812	0.478188	1.276087
28488	-1001.803	-1212.85	211.0466	2.111812	0.571507	0.506523	0.493477	1.820164
28494	-1007.518	-1218.602	211.0841	2.160531	0.4201369	0.465274	0.534726	1.933712
28500	-1018.474	-1229.957	211.4826	1.946959	0.4999821	0.418462	0.581538	1.70967
28506	-1028.648	-1240.033	211.3849	1.988028	0.4999821	0.24261	0.75739	1.749476
28512	-1018.656	-1230.086	211.4303	2.07334	0.6663828	0.49588	0.50412	1.47479
28518	-1012.83	-1224.729	211.8989	2.387729	0.4627174	0.616248	0.383752	1.085768
28524	-1002.672	-1214.339	211.6665	2.34063	0.4627174	0.500038	0.499962	1.325099
28530	-1014.917	-1226.229	211.3117	2.248152	0.4451368	0.377077	0.622923	1.684178
28536	-1021.289	-1233.103	211.8147	2.087538	0.7890468	0.439713	0.560287	1.00706
28542	-1015.344	-1227	211.656	2.087538	0.8645538	0.508756	0.491244	1.076026
28548	-1022.08	-1233.5	211.4207	2.087538	1.158571	0.390141	0.609859	1.021047
28554	-1021.561	-1232.778	211.2171	2.087538	1.155472	0.337689	0.662311	1.208519
28560	-1015.585	-1226.627	211.0411	1.929072	0.8017624	0.393933	0.606067	1.738593
28566	-1006.07	-1217.527	211.4574	1.965702	0.9428704	0.393933	0.606067	1.28135
28572	-1009.263	-1220.553	211.2902	1.937569	0.6017063	0.393933	0.606067	1.740884
28578	-1021.512	-1232.611	211.0993	1.817181	0.8453899	0.393933	0.606067	1.740884
28584	-1024.474	-1236.03	211.5558	1.95575	0.8225779	0.536843	0.463157	1.316804
28590	-1018.936	-1230.136	211.2005	1.903401	0.9938522	0.541084	0.458916	1.490349
28596	-1022.517	-1234.299	211.7814	1.841028	0.5889319	0.594037	0.405963	1.467521
28602	-1031.252	-1242.349	211.0968	1.90906	1.199901	0.473214	0.526786	1.418331
28608	-1035.796	-1247.554	211.7586	1.977866	0.9193849	0.658464	0.341536	1.025862
28614	-1004.858	-1216.541	211.6834	2.069914	0.9193849	0.622524	0.377476	1.009248
28620	-1008.292	-1219.853	211.5605	2.119551	0.9193849	0.53686	0.46314	1.079598
28626	-1020.33	-1231.413	211.0833	2.421621	1.321475	0.589942	0.410058	0.8780013
28632	-1021.953	-1232.947	210.9943	2.390216	1.423414	0.407774	0.592226	0.9231952
28638	-1012.638	-1224.044	211.4061	2.390216	1.029575	0.73916	0.26084	0.8394067
28644	-1030.26	-1241.348	211.0885	2.519588	1.058673	0.496835	0.503165	1.013869
28650	-1037.874	-1249.474	211.6	2.57976	0.8176156	0.406173	0.593827	0.5384028
28656	-1025.951	-1237.53	211.5792	2.353225	0.8654504	0.480434	0.519566	0.8813051
28662	-1028.329	-1239.91	211.5814	2.353225	0.9452576	0.480434	0.519566	0.7691249
28668	-1026.101	-1237.578	211.4773	2.480595	0.919303	0.480434	0.519566	0.7749306
28674	-1034.641	-1245.556	210.9149	2.417582	1.471597	0.529721	0.470279	0.9401127
28680	-1034.611	-1246.115	211.5042	2.188696	1.062805	0.599774	0.400226	0.9219339
28686	-1027.044	-1238.046	211.0026	2.393952	1.462788	0.334334	0.665666	0.876141
28692	-1019.824	-1231.211	211.3872	2.672687	0.9064826	0.334334	0.665666	0.6159806
28698	-1025.638	-1237.007	211.3684	2.687472	0.9216529	0.407676	0.592324	0.4287652
28704	-1003.732	-1214.954	211.2221	2.687472	1.072056	0.602876	0.397124	0.5593733
28710	-1018.124	-1229.453	211.3296	2.727556	0.9247573	0.65972	0.34028	0.4446899
28716	-1018.49	-1230.015	211.5249	2.569119	0.8904456	0.444991	0.555009	0.4446899
28722	-1022.721	-1234.022	211.3013	2.664173	1.014682	0.328277	0.671723	0.5578312
28728	-1014.062	-1225.496	211.4336	2.664173	0.8770525	0.415951	0.584049	0.5995772
28734	-1008.027	-1219.5	211.4738	2.623954	0.8770525	0.461777	0.538223	0.5995772
28740	-1018.656	-1229.536	210.8805	2.623954	1.570054	0.501595	0.498405	0.5534072
28746	-1021.762	-1233.469	211.707	2.58485	0.7267293	0.389725	0.610275	0.5212751
28752	-1013.554	-1225.07	211.5156	2.58485	0.8905059	0.524734	0.475266	0.5070191
28758	-1007.829	-1219.357	211.5286	2.515887	0.9351859	0.493703	0.506297	0.5668575
28764	-1015.158	-1227.287	212.1284	2.42792	0.5339274	0.535641	0.464359	0.5668575
28770	-1020.873	-1231.962	211.0888	2.646713	1.273834	0.400737	0.599263	0.5275211
28776	-1024.171	-1235.091	210.9202	2.867955	1.182875	0.597354	0.402646	0.3932224
28782	-1018.793	-1230.241	211.4475	2.867955	0.6268094	0.64489	0.35511	0.3001251
28788	-1013.746	-1224.801	211.0549	2.871382	1.01615	0.398923	0.601077	0.3659567
28794	-1027.406	-1238.926	211.5195	2.859712	0.5953384	0.376041	0.623959	0.31496
28800	-1013.974	-1225.058	211.0836	2.859712	0.9517614	0.445529	0.554471	0.31496
28806	-1027.887	-1239.327	211.4401	2.859712	0.7170459	0.319124	0.680876	0.4502109
28812	-1021.306	-1232.838	211.5316	2.716239	0.7538142	0.513198	0.486802	0.4293167
28818	-1015.073	-1226.846	211.7728	2.631794	0.6348376	0.476563	0.523437	0.4317034
28824	-1022.597	-1234.31	211.7128	2.549646	0.7505943	0.476563	0.523437	0.4844105
28830	-1007.786	-1219.55	211.7636	2.549646	0.7106562	0.514547	0.485453	0.5019917
28836	-1012.192	-1223.771	211.5788	2.612386	0.810225	0.370899	0.629101	0.5019917
28842	-1000.115	-1211.712	211.5971	2.593364	0.810225	0.520404	0.479596	0.5200232
28848	-1018.847	-1230.429	211.5828	2.607919	0.810225	0.445562	0.554438	0.4852413
28854	-1034.14	-1245.477	211.3375	2.630257	1.015627	0.445562	0.554438	0.4621056
28860	-1020.8	-1231.932	211.1324	2.630257	1.239245	0.459791	0.540209	0.4601056
28866	-1022.536	-1233.772	211.2363	2.626965	1.124251	0.480337	0.519663	0.5474465
28872	-1025.465	-1236.452	210.9873	2.678358	1.361174	0.480337	0.519663	0.5135943
28878	-1039.42	-1251.049	211.6285	2.741133	0.667808	0.521893	0.478107	0.5032498
28884	-1032.404	-1243.542	211.138	2.84094	0.9815988	0.561376	0.438624	0.3946394
28890	-1037.812	-1248.897	211.0853	2.852588	1.04417	0.371641	0.628359	0.4517628
28896	-1032.797	-1244.09	211.2937	2.852588	0.8484792	0.556998	0.443002	0.5225266
28902	-1026.436	-1237.03	210.5946	2.942822	1.488354	0.458223	0.541777	0.3848478
28908	-1028.262	-1239.135	210.8728	2.758123	1.383746	0.560982	0.439018	0.5991787
28914	-1029.186	-1240.235	211.0491	2.612504	1.344854	0.623945	0.376055	0.5991787
28920	-1030.328	-1242.298	211.9697	2.278615	0.7321432	0.331153	0.668847	0.6500043
28926	-1036.105	-1247.881	211.7761	2.169418	0.7503341	0.543202	0.456798	1.010796
28932	-1033.743	-1245.259	211.5164	2.169418	0.9829314	0.610478	0.389522	1.010796
28938	-1032.7	-1244.093	211.3923	2.169418	1.111298	0.209282	0.790718	1.010796
28944	-1020.335	-1231.782	211.4469	2.158058	0.6284965	0.237688	0.762312	1.437381
28950	-1014.4	-1225.885	211.4847	1.987704	0.7395407	0.341489	0.658511	1.426217
28956	-1009.582	-1221.286	211.7046	2.001513	0.717704	0.409719	0.590281	1.262016
28962	-1010.548	-1221.751	211.2025	1.99433	0.8919144	0.522376	0.477624	1.50064
28968	-1002.825	-1214.587	211.7621	1.855548	0.5687359	0.403308	0.596692	1.493832
28974	-997.2114	-1208.629	211.4178	1.767088	0.5687359	0.432862	0.567138	1.804725
28980	-1012.259	-1223.337	211.0774	1.684791	0.690259	0.435103	0.564897	1.975892
28986	-1013.36	-1223.591	210.2308	1.684791	0.6358096	0.292704	0.707296	2.566856
28992	-1006.03	-1216.772	210.7418	1.680595	0.5124438	0.315218	0.684782	2.365315
28998	-1008.018	-1218.827	210.8093	1.819545	0.391846	0.388272	0.611728	2.370412
29004	-1012.119	-1223.18	211.0608	1.862326	0.3504992	0.411259	0.588741	2.236038
29010	-997.4113	-1208.733	211.3213	1.958652	0.553439	0.601693	0.398307	1.754856
29016	-1000.584	-1211.242	210.658	1.817012	0.3812188	0.592216	0.407784	2.480538
29022	-1019.069	-1230.27	211.2017	1.809153	0.7001333	0.517529	0.482471	1.79793
29028	-1024.987	-1235.995	211.0078	1.906578	0.7771898	0.613103	0.386897	1.79793
29034	-1026.765	-1238.316	211.5511	1.809955	0.4659443	0.516977	0.483023	1.79793
29040	-1020.822	-1232.886	212.0635	2.192284	0.3586878	0.41328	0.58672	1.283592
29046	-1037.755	-1249.681	211.9258	2.2524	0.3590861	0.359626	0.640374	1.345554
29052	-1031.308	-1243.23	211.9216	2.095403	0.343373	0.459098	0.540902	1.495541
29058	-1023.355	-1234.834	211.4794	1.963757	0.343373	0.474433	0.525567	1.902897
29064	-1010.668	-1222.448	211.7797	1.977616	0.5553548	0.541897	0.458103	1.402714
29070	-1014.923	-1226.626	211.7028	2.185604	0.2941457	0.374728	0.625272	1.670295
29076	-1015.79	-1226.835	211.0452	1.846804	0.4797098	0.452253	0.547747	2.097711
29082	-1011.549	-1221.978	210.4291	2.102614	0.9557711	0.495939	0.504061	1.923412
29088	-1026.948	-1237.294	210.3457	1.818898	0.4690757	0.400789	0.599211	2.572573
29094	-1020.886	-1231.733	210.8466	1.802346	0.6403711	0.487643	0.512357	2.095604
29100	-1028.413	-1240.361	211.9474	1.856649	0.4623913	0.650718	0.349282	1.483325
29106	-1036.618	-1248.134	211.516	1.793406	0.5621127	0.306779	0.693221	1.724864
29112	-1036.838	-1248.527	211.6891	2.007373	0.5257829	0.438693	0.561307	1.484702
29118	-1023.447	-1235.055	211.6088	2.18502	0.540468	0.497968	0.502032	1.392311
29124	-1024.667	-1236.873	212.2054	2.154522	0.2873834	0.465027	0.534973	1.327805
29130	-1028.752	-1240.117	211.3645	1.889255	0.5476778	0.663155	0.336845	1.779345
29136	-1027.857	-1238.512	210.6554	1.918535	0.5476778	0.64269	0.35731	2.232749
29142	-1023.419	-1233.951	210.5328	1.631664	0.3706811	0.476305	0.523695	2.686215
29148	-1032.561	-1242.537	209.976	1.619357	0.5313038	0.480612	0.519388	2.858405
29154	-1013.486	-1224.314	210.8275	1.570555	0.3651431	0.334588	0.665412	2.548822
29160	-1025.084	-1235.765	210.6816	1.736932	0.5736701	0.55885	0.44115	2.30697
29166	-1010.987	-1221.788	210.8012	1.736932	0.4936543	0.336612	0.663388	2.311388
29172	-1038.876	-1250.228	211.3513	1.926784	0.4936543	0.364828	0.635172	1.822638
29178	-1028.637	-1239.696	211.059	1.76435	0.4710091	0.395758	0.604242	2.152342
29184	-1028.475	-1239.608	211.1335	1.644451	0.3018235	0.476332	0.523668	2.397159
29190	-1022.915	-1234.487	211.5714	1.639085	0.7541017	0.536199	0.463801	1.608135
29196	-1028.494	-1240.108	211.614	1.771341	0.6216816	0.653948	0.346052	1.608135
29202	-1003.463	-1215.24	211.7762	1.788697	0.4686737	0.409807	0.590193	1.651023
29208	-1026.816	-1238.561	211.745	1.938936	0.4032435	0.409807	0.590193	1.651023
29214	-1023.725	-1235.89	212.1658	1.958358	0.2948225	0.407308	0.592692	1.496762
29220	-1021.39	-1233.539	212.1488	2.210223	0.3237188	0.598401	0.401599	1.260348
29226	-1021.416	-1233.346	211.9302	2.223318	0.2752812	0.608429	0.391571	1.509968
29232	-1020.752	-1232.532	211.7795	2.18687	0.5725713	0.608429	0.391571	1.212062
29238	-1009.185	-1221.158	211.9732	2.060715	0.4798848	0.335761	0.664239	1.27935
29244	-1009.252	-1220.812	211.5606	1.946059	0.6969268	0.443481	0.556519	1.441665
29250	-1004.038	-1215.39	211.3526	1.923119	0.5086815	0.500439	0.499561	1.807138
29256	-1009.305	-1221.325	212.0192	1.923119	0.5157538	0.362885	0.637115	1.305532
29262	-1017.231	-1228.755	211.5241	1.931995	0.5201144	0.401965	0.598035	1.667484
29268	-1001.555	-1213.378	211.8233	1.872664	0.5807913	0.426956	0.573044	1.42047
29274	-1013.652	-1224.679	211.0268	1.888338	0.5807913	0.402908	0.597092	1.975874
29280	-1034.782	-1246.421	211.6396	1.724464	0.4335433	0.331557	0.668443	1.835572
29286	-1016.437	-1227.218	210.781	1.642604	0.4335433	0.456972	0.543028	2.450213
29292	-1022.101	-1232.86	210.7583	1.697548	0.3085474	0.461335	0.538665	2.588971
29298	-1027.172	-1237.85	210.6778	1.598105	0.3023151	0.563854	0.436146	2.708731
29304	-1031.581	-1241.652	210.0716	1.629372	0.5571313	0.388942	0.611058	2.769687
29310	-1022.279	-1233.488	211.2087	2.021902	0.7004756	0.619204	0.380796	1.642664
29316	-1029.515	-1241.412	211.8972	2.070555	0.560852	0.493589	0.506411	1.225935
29322	-1023.942	-1235.93	211.9879	2.070555	0.3603339	0.53708	0.46292	1.437011
29328	-1015.495	-1226.849	211.354	2.026314	0.4822448	0.53708	0.46292	1.765104
29334	-1031.281	-1241.975	210.6938	1.652313	0.3732808	0.606424	0.393576	2.570808
29340	-1022.268	-1230.924	208.6557	1.457129	0.3610329	0.515353	0.484647	3.90955
29346	-1019.854	-1228.925	209.0706	1.509775	0.8718247	0.485943	0.514057	3.198256
29352	-1017.563	-1226.695	209.1314	1.516774	0.8121792	0.456475	0.543525	3.198256
29358	-1019.952	-1230.588	210.6355	1.574157	0.5020663	0.334508	0.665492	2.509831
29364	-1021.919	-1233.62	211.7008	1.951898	0.3921914	0.468718	0.531282	1.688593
29370	-1028.782	-1240.477	211.6958	1.914975	0.3921914	0.441291	0.558709	1.718219
29376	-1032.143	-1243.95	211.8069	1.739486	0.6833465	0.512678	0.487322	1.424902
29382	-1036.331	-1246.865	210.5342	1.818687	0.766794	0.405218	0.594782	2.181691
29388	-1039.273	-1250.157	210.8849	1.758984	0.7309965	0.337011	0.662989	2.019824
29394	-1031.014	-1242.301	211.2868	1.906273	0.399353	0.534218	0.465782	1.994708
29400	-1024.034	-1235.248	211.2134	2.048828	0.4217561	0.464892	0.535108	1.919771
29406	-1010.334	-1221.802	211.4681	1.949196	0.3437945	0.378016	0.621984	1.919771
29412	-1011.342	-1222.465	211.1226	2.094502	0.3345297	0.496646	0.503354	2.066712
29418	-1020.288	-1231.91	211.6215	1.90539	0.3345297	0.540869	0.459131	1.858789
29424	-1008.159	-1219.994	211.8351	1.90539	0.5252418	0.552984	0.447016	1.451996
29430	-1007.96	-1219.026	211.0666	1.929974	0.7850393	0.616402	0.383598	1.734
29436	-1013.262	-1224.555	211.2928	1.788452	0.6464135	0.361916	0.638084	1.79893
29442	-1012.72	-1223.448	210.7283	1.645129	0.5955484	0.361916	0.638084	2.315105
29448	-1011.195	-1222.337	211.1421	1.872963	0.7995939	0.459276	0.540724	1.708803
29454	-1021.01	-1232.226	211.2164	1.944727	0.5296091	0.499912	0.500088	1.86274
29460	-1029.995	-1240.871	210.8759	1.836798	0.601202	0.326543	0.673457	2.09027
29466	-1021.74	-1232.355	210.6152	1.763601	0.71791	0.408397	0.591603	2.20437
29472	-1022.103	-1232.359	210.2562	1.682628	0.6682365	0.61522	0.38478	2.524776
29478	-1038.469	-1248.196	209.7278	1.63709	0.4539182	0.481703	0.518297	3.074816
29484	-1017.636	-1227.639	210.0022	1.473252	0.7520816	0.481703	0.518297	2.744115
29490	-1026.048	-1236.545	210.4977	1.504724	0.7063912	0.735828	0.264172	2.453521
29496	-1026.45	-1235.942	209.4927	1.503322	0.4833222	0.670794	0.329206	3.263607
29502	-1013.132	-1222.079	208.9469	1.47416	0.554763	0.300236	0.699764	3.533191
29508	-1019.78	-1230.402	210.6228	1.541204	0.5884248	0.58971	0.41029	2.454188
29514	-1017.481	-1228.052	210.5706	1.681917	0.6182994	0.490157	0.509843	2.371098
29520	-1019.885	-1230.49	210.6045	1.488558	0.4305114	0.372887	0.627113	2.6592
29526	-1025.587	-1235.857	210.2706	1.790988	0.5916943	0.342622	0.657378	2.515286
29532	-1025.792	-1237.336	211.5439	1.617872	0.6116108	0.612111	0.387889	1.777044
29538	-1023.95	-1235.339	211.3889	1.703742	0.4485415	0.508593	0.491407	2.000934
29544	-1031.625	-1243.41	211.7855	1.932588	0.4756916	0.43736	0.56264	1.530469
29550	-1006.486	-1217.854	211.3673	2.028773	0.3506721	0.565408	0.434592	1.924309
29556	-1015.67	-1227.409	211.7395	1.988755	0.3330208	0.664423	0.335577	1.721381
29562	-1011.223	-1222.729	211.5067	1.982218	0.4554777	0.476031	0.523969	1.721381
29568	-1004.525	-1215.991	211.4652	2.01277	0.4442612	0.560093	0.439907	1.743117
29574	-1020.42	-1231.909	211.4888	2.01277	0.4312081	0.439894	0.560106	1.743117
29580	-1018.055	-1229.422	211.3669	2.062384	0.4626006	0.291478	0.708522	1.754484
29586	-1025.195	-1236.816	211.6211	1.945283	0.5373998	0.57222	0.42778	1.56778
29592	-1017.445	-1228.531	211.0858	1.878042	0.5984124	0.409591	0.590409	1.925699
29598	-1022.157	-1233.834	211.6767	1.857588	0.4013715	0.377456	0.622544	1.759411
29604	-1011.348	-1223.3	211.9523	1.969718	0.3780035	0.362486	0.637514	1.513076
29610	-1020.549	-1232.48	211.9314	2.125528	0.3145026	0.44302	0.55698	1.513076
29616	-1023.664	-1235.442	211.778	2.125528	0.387293	0.371224	0.628776	1.513076
29622	-1017.915	-1230.433	212.5183	2.278966	0.2107912	0.412606	0.587394	1.128499
29628	-1015.958	-1228.198	212.2401	2.150182	0.3261088	0.546252	0.453748	1.229761
29634	-1016.658	-1227.364	210.7051	1.736944	0.8199063	0.439409	0.560591	2.082245
29640	-1030.119	-1242.13	212.0113	2.08108	0.3555717	0.415713	0.584287	1.418559
29646	-1020.928	-1232.492	211.5638	1.918019	0.3515869	0.46577	0.53423	1.864704
29652	-1013.149	-1224.378	211.2291	1.918019	0.3133148	0.547808	0.452192	2.143492
29658	-1032.944	-1244.123	211.1789	1.800277	0.5190783	0.395709	0.604291	1.996943
29664	-1025.827	-1237.011	211.1841	1.71978	0.5672732	0.538985	0.461015	1.996943
29670	-1035.308	-1245.672	210.3639	1.722726	0.4409186	0.364203	0.635797	2.651485
29676	-1026.48	-1237.446	210.9661	1.604813	0.466747	0.530092	0.469908	2.319694
29682	-1036.783	-1247.126	210.3426	1.604813	0.3637358	0.530092	0.469908	2.827441
29688	-1032.997	-1243.469	210.4713	1.565732	0.3637358	0.377561	0.622439	2.772872
29694	-1028.366	-1238.461	210.095	1.565732	0.3301833	0.483954	0.516046	3.043122
29700	-1044.623	-1254.39	209.7666	1.600217	0.3301833	0.570207	0.429793	3.218018
29706	-1041.01	-1252.946	211.9363	1.85263	0.2445329	0.58061	0.41939	1.826731
29712	-1049.017	-1260.125	211.1079	1.979241	0.5282224	0.270534	0.729466	1.914573
29718	-1026.808	-1237.626	210.8186	1.857589	0.6476507	0.574714	0.425286	2.071086
29724	-1016.643	-1227.632	210.9891	1.700808	0.6476507	0.443233	0.556767	2.06205
29730	-1024.306	-1235.565	211.2593	1.87994	0.6345322	0.389255	0.610745	1.770108
29736	-1034.794	-1245.665	210.8707	1.833307	0.8039572	0.335583	0.664417	1.920048
29742	-1012.269	-1222.621	210.3521	1.840176	0.4223902	0.49882	0.50118	2.607205
29748	-1018.818	-1229.111	210.2926	1.596112	0.6399908	0.477007	0.522993	2.579925
29754	-1020.95	-1231.244	210.2945	1.813634	0.495396	0.298795	0.701205	2.579925
29760	-1017.884	-1228.117	210.2332	1.733118	0.495396	0.666514	0.333486	2.6675
29766	-1022.511	-1232.227	209.7153	1.483285	0.495396	0.547833	0.452167	3.131536
29772	-1042.761	-1253.278	210.517	1.426512	0.4123922	0.524258	0.475742	2.771489
29778	-1042.249	-1250.165	207.9157	1.508855	0.8080003	0.524258	0.475742	3.913429
29784	-1035.212	-1245.941	210.729	1.672613	0.4557859	0.369887	0.630113	2.438984
29790	-1040.586	-1250.739	210.1533	1.742127	0.4042691	0.263348	0.736652	2.810207
29796	-1021.341	-1231.305	209.964	1.539646	0.4624546	0.26862	0.73138	2.982727
29802	-1028.647	-1238.338	209.6917	1.551741	0.4904303	0.310364	0.689636	3.109803
29808	-1026.54	-1234.778	208.2385	1.570353	0.988525	0.569384	0.430616	3.578557
29814	-1031.52	-1241.443	209.9231	1.570353	0.3852621	0.44986	0.55014	3.074652
29820	-1034.187	-1242.83	208.6432	1.40864	0.4692513	0.459049	0.540951	3.82745
29826	-1041.038	-1248.64	207.6023	1.092548	0.7481796	0.443511	0.556489	4.369407
29832	-1045.231	-1250.976	205.7458	1.203282	0.3800295	0.763772	0.236228	5.656867
29838	-1029.89	-1237.758	207.8684	1.280917	0.9991315	0.621766	0.378234	3.95269
29844	-1026.103	-1234.556	208.453	1.342902	0.3919442	0.536747	0.463253	4.055264
29850	-1020.819	-1228.479	207.6596	1.073689	0.6265827	0.592435	0.407565	4.438304
29856	-1017.377	-1226.387	209.01	1.161881	0.5002983	0.517202	0.482798	3.728018
29862	-1019.477	-1227.687	208.2101	1.301209	0.4338825	0.420677	0.579323	4.172184
29868	-1010.401	-1219.998	209.5966	1.403198	0.6366051	0.541393	0.458607	3.122168
29874	-1006.804	-1216.549	209.7447	1.426057	0.3237968	0.530743	0.469257	3.342
29880	-1013.574	-1224.362	210.7875	1.481921	0.4855378	0.3699	0.6301	2.489723
29886	-1001.8	-1212.736	210.9361	1.612821	0.4937708	0.368946	0.631054	2.304413
29892	-1002.525	-1214.032	211.5067	1.747799	0.4814687	0.403777	0.596223	1.852943
29898	-1008.122	-1219.716	211.5937	2.022609	0.5809822	0.407967	0.592033	1.481038
29904	-1018.284	-1229.604	211.3204	1.777609	0.798224	0.355525	0.644475	1.650857
29910	-1005.995	-1217.278	211.2831	1.898064	0.5145297	0.575859	0.424141	1.865577
29916	-1016.791	-1228.463	211.6719	1.767673	0.8082158	0.525019	0.474981	1.387245
29922	-1019.271	-1231.032	211.7611	1.910825	0.597276	0.606077	0.393923	1.420307
29928	-1026.255	-1237.743	211.4877	1.860012	0.6603597	0.346919	0.653081	1.596507
29934	-1017.517	-1228.707	211.1904	1.843	0.6230058	0.52838	0.47162	1.854388
29940	-1017.371	-1228.745	211.3737	1.741972	0.4155956	0.418119	0.581881	2.025681
29946	-1025.558	-1236.944	211.3863	1.641817	0.4477953	0.497018	0.502982	2.044649
29952	-1019.48	-1230.398	210.9186	1.713571	0.5757412	0.526736	0.473264	2.167417
29958	-1014.393	-1225.902	211.5085	1.676954	0.7267754	0.612576	0.387424	1.65085
29964	-1003.553	-1215.038	211.4848	2.137225	0.7841829	0.519474	0.480526	1.263545
29970	-1006.764	-1218.186	211.4226	1.890995	0.3339724	0.571776	0.428224	2.003574
29976	-1013.485	-1224.254	210.7685	1.971871	0.5973604	0.488661	0.511339	2.075744
29982	-1014.209	-1225.654	211.4447	1.97963	0.4001793	0.511654	0.488346	1.837167
29988	-1002.127	-1213.756	211.6294	2.001183	0.5725605	0.387687	0.612313	1.479722
29994	-996.805	-1208.093	211.2876	1.993951	0.5502863	0.44215	0.55785	1.757185
30000	-1012.938	-1224.849	211.9112	2.002571	0.5502863	0.626271	0.373729	1.284305
30006	-1017.18	-1228.513	211.3329	2.002571	0.6058119	0.36176	0.63824	1.660382
30012	-1017.546	-1229.143	211.5966	1.980405	0.5003509	0.271228	0.728772	1.603587
30018	-1027.457	-1238.921	211.464	1.847059	0.4325421	0.463625	0.536375	1.873108
30024	-1029.842	-1241.4	211.5581	1.837295	0.3993548	0.563067	0.436933	1.858104
30030	-1038.961	-1248.436	209.4747	1.356554	0.5219217	0.354437	0.645563	3.323244
30036	-1022.18	-1231.418	209.2376	1.22348	0.5219217	0.523568	0.476432	3.539901
30042	-1019.538	-1228.255	208.7172	1.331196	0.4656717	0.523568	0.476432	3.83298
30048	-1023.076	-1232.163	209.0873	1.204397	0.5152357	0.382354	0.617646	3.644583
30054	-1039.46	-1249.941	210.4813	1.3587	0.3487005	0.592752	0.407248	2.91144
30060	-1039.733	-1248.861	209.1279	1.435452	0.4395684	0.563422	0.436578	3.561928
30066	-1039.64	-1249.474	209.8343	1.333022	0.6598441	0.549979	0.450021	3.002938
30072	-1038.213	-1248.415	210.2023	1.430681	0.4558413	0.427426	0.572574	2.911834
30078	-1045.316	-1256.044	210.7277	1.591058	0.4550603	0.427426	0.572574	2.491777
30084	-1049.398	-1259.081	209.6825	1.661408	0.6169835	0.47677	0.52323	2.932574
30090	-1028.621	-1238.408	209.787	1.602951	0.5220605	0.444204	0.555796	2.991177
30096	-1038.47	-1249.896	211.4259	1.824564	0.5475399	0.359575	0.640425	1.781785
30102	-1021.121	-1233.096	211.9753	1.929312	0.2524115	0.452841	0.547159	1.731906
30108	-1025.084	-1236.856	211.7721	1.946066	0.4816446	0.422161	0.577839	1.522832
30114	-1013.609	-1224.707	211.0984	2.010337	0.4830778	0.422161	0.577839	1.949994
30120	-1017.938	-1229.819	211.8809	2.022624	0.3009546	0.57097	0.42903	1.648025
30126	-1015.404	-1227.012	211.6085	2.103724	0.4736519	0.556935	0.443065	1.53742
30132	-1009.302	-1220.917	211.6153	2.152729	0.5302426	0.417972	0.582028	1.424733
30138	-1009.79	-1221.718	211.9274	2.303585	0.2860234	0.417972	0.582028	1.431492
30144	-999.4159	-1211.393	211.9772	2.298052	0.4135914	0.533574	0.466426	1.175766
30150	-1024.727	-1236.986	212.259	2.21433	0.3557331	0.406701	0.593299	1.101337
30156	-1021.094	-1233.141	212.0468	2.339587	0.4739126	0.558103	0.441897	0.9696109
30162	-1022.895	-1234.709	211.8141	2.572274	0.4739126	0.558103	0.441897	0.9696109
30168	-1002.252	-1213.922	211.6697	2.490792	0.6188614	0.553105	0.446895	0.9696109
30174	-1003.094	-1215.018	211.9234	2.391591	0.5992579	0.336525	0.663475	0.8267836
30180	-1018.944	-1230.71	211.766	2.219669	0.8644816	0.654445	0.345555	0.8178704
30186	-1002.041	-1213.61	211.5694	2.267638	0.9347364	0.599571	0.400429	0.9044928
30192	-1026.576	-1238.789	212.2123	2.147777	0.555421	0.416478	0.583522	0.8520303
30198	-1016.94	-1228.503	211.5632	2.33869	0.9357436	0.536645	0.463355	0.8263566
30204	-1019.679	-1231.283	211.6045	2.193843	0.9143953	0.356541	0.643459	0.9690912
30210	-1011.985	-1223.536	211.5511	1.960222	0.7568274	0.608069	0.391931	1.379279
30216	-1015.99	-1227.726	211.7355	1.960222	0.7582635	0.252978	0.747022	1.228198
30222	-1016.03	-1227.832	211.8022	1.900795	0.4785364	0.527626	0.472374	1.53805
30228	-1016.245	-1227.588	211.3429	1.739824	0.9520055	0.659533	0.340467	1.53805
30234	-1027.289	-1238.069	210.7803	1.741393	0.9520055	0.628235	0.371765	1.932833
30240	-1023.69	-1234.407	210.7171	1.432957	0.6729872	0.454306	0.545694	2.388145
30246	-1018.872	-1228.765	209.8927	1.653109	0.5167082	0.606633	0.393367	2.902479
30252	-1012.021	-1222.937	210.9164	1.873897	0.3786139	0.467663	0.532337	2.284238
30258	-1008.136	-1219.741	211.6046	1.805043	0.5098717	0.376729	0.623271	1.712213
30264	-1003.747	-1214.793	211.0459	1.795294	0.4670253	0.375005	0.624995	2.145174
30270	-1007.576	-1218.687	211.1116	1.685383	0.4130112	0.337655	0.662345	2.237064
30276	-1007.001	-1218.081	211.0802	1.735964	0.4784779	0.243752	0.756248	2.148698
30282	-1000.073	-1211.16	211.0872	1.820587	0.4151258	0.362615	0.637385	2.162818
30288	-1004.847	-1216.626	211.7789	1.828489	0.5222484	0.581394	0.418606	1.555263
30294	-1007.737	-1219.364	211.6274	1.864786	0.3307905	0.468846	0.531154	1.888044
30300	-1017.231	-1228.894	211.6629	1.589898	0.6411641	0.395583	0.604417	1.683697
30306	-1013.368	-1224.617	211.2484	1.698949	0.4690606	0.44994	0.55006	2.073329
30312	-1020.498	-1231.571	211.0729	1.577483	0.6640327	0.415785	0.584215	2.073329
30318	-1026	-1236.468	210.4683	1.608544	0.6640327	0.356632	0.643368	2.441928
30324	-1024.086	-1235.293	211.2069	1.608544	0.4917854	0.627122	0.372878	2.134461
30330	-1036.707	-1248	211.2925	1.978361	0.3392054	0.481691	0.518309	2.024442
30336	-1032.211	-1243.054	210.8437	1.978361	0.7141008	0.31969	0.68031	1.914757
30342	-1012.187	-1223.653	211.4662	1.821305	0.5052905	0.466019	0.533981	1.802865
30348	-1016.266	-1227.672	211.406	2.176155	0.6678347	0.488854	0.511146	1.413286
30354	-1021.256	-1232.198	210.9416	2.056259	0.8048905	0.540596	0.459404	1.71651
30360	-1027.449	-1238.429	210.9797	2.004504	0.5568967	0.433554	0.566446	1.953787
30366	-1018.863	-1229.646	210.7838	1.875424	0.5512101	0.433554	0.566446	2.174064
30372	-1016.665	-1227.382	210.7163	1.881193	0.6658864	0.507353	0.492647	2.106458
30378	-1017.823	-1228.316	210.4932	1.817021	1.178012	0.511806	0.488194	1.929734
30384	-995.4848	-1206.187	210.7027	1.91264	1.195075	0.463532	0.536468	1.7089
30390	-1003.4	-1214.878	211.478	1.980809	0.9386714	0.366239	0.633761	1.255493
30396	-1019.301	-1230.822	211.5214	1.863628	0.9241929	0.366239	0.633761	1.328088
30402	-1027.003	-1237.622	210.619	1.949831	1.14912	0.310685	0.689315	1.770094
30408	-1016.599	-1228.047	211.4482	2.198023	0.7182041	0.339182	0.660818	1.310474
30414	-1018.114	-1229.864	211.7509	2.046842	0.842333	0.512094	0.487906	1.048473
30420	-1021.845	-1233.085	211.24	2.169033	0.9291011	0.38003	0.61997	1.304596
30426	-1006.789	-1217.796	211.0071	2.125055	1.220175	0.391076	0.608924	1.304596
30432	-1000.551	-1211.866	211.3152	1.99983	1.009022	0.489714	0.510286	1.314436
30438	-1008.993	-1220.56	211.5669	2.182542	0.8238052	0.552012	0.447988	1.113136
30444	-1016.029	-1227.819	211.7904	2.166922	0.6330652	0.447171	0.552829	1.14377
30450	-1019.474	-1231.385	211.9109	2.102398	0.6227684	0.251681	0.748319	1.106425
30456	-1011.076	-1222.494	211.4185	2.005382	0.8226329	0.488093	0.511907	1.386354
30462	-1016.58	-1227.887	211.307	1.941133	0.4890619	0.28452	0.71548	1.848516
30468	-1009.831	-1221.598	211.7671	1.921624	0.5549139	0.40782	0.59218	1.455982
30474	-1009.583	-1221.19	211.607	1.924419	0.6642008	0.255952	0.744048	1.455982
30480	-1005.842	-1217.696	211.8536	1.973459	0.6543818	0.404724	0.595276	1.230835
30486	-1018.353	-1229.497	211.1443	1.973459	0.498346	0.512913	0.487087	1.926675
30492	-1025.585	-1237.633	212.0479	2.078303	0.498346	0.50813	0.49187	1.175335
30498	-1029.586	-1241.271	211.6849	2.041249	0.6247178	0.524819	0.475181	1.346993
30504	-1038.178	-1247.774	209.5957	1.691234	1.19537	0.726868	0.273132	2.578663
30510	-1037.317	-1248.304	210.9877	1.749245	0.4236546	0.356173	0.643827	2.262889
30516	-1019.919	-1230.441	210.5218	1.749245	0.6406022	0.317909	0.682091	2.339441
30522	-1018.895	-1229.856	210.961	1.75499	0.9156827	0.317909	0.682091	1.826489
30528	-1019.928	-1230.926	210.9976	1.873558	0.6513946	0.527802	0.472198	1.937741
30534	-1020.34	-1232.099	211.7588	1.854388	0.6513946	0.479726	0.520274	1.406511
30540	-1026.443	-1237.125	210.6822	1.69015	0.691701	0.58092	0.41908	2.230487
30546	-1019.38	-1230.515	211.1347	1.646995	0.4267176	0.491356	0.508644	2.230487
30552	-1031.057	-1241.879	210.8216	1.873974	0.4751807	0.599357	0.400643	2.230487
30558	-1014.427	-1225.476	211.0492	1.646345	0.4751807	0.5157	0.4843	2.230487
30564	-1013.063	-1224.038	210.9743	1.705732	0.4672869	0.474384	0.525616	2.249202
30570	-1031.657	-1243.227	211.5701	1.779997	0.4879459	0.616917	0.383083	1.779386
30576	-1024.864	-1236.26	211.396	1.754778	0.3491193	0.456387	0.543613	2.089827
30582	-1032.817	-1243.835	211.0183	1.803873	0.6597901	0.651026	0.348974	1.962954
30588	-1020.678	-1232.046	211.3689	1.853181	0.5073622	0.362896	0.637104	1.845568
30594	-1026.616	-1237.543	210.9268	1.632473	0.5073622	0.462702	0.537298	2.283415
30600	-1030.69	-1242.361	211.6706	1.823186	0.5073622	0.581333	0.418667	1.655282
30606	-1017.68	-1228.834	211.1547	1.823186	0.5918417	0.490292	0.509708	1.922711
30612	-1012.73	-1223.374	210.6436	1.707366	0.4657121	0.588341	0.411659	2.459904
30618	-1017.168	-1228.15	210.9822	1.702055	0.577372	0.558433	0.441567	2.131903
30624	-1014.29	-1225.854	211.5637	1.968982	0.4344571	0.351329	0.648671	1.717107
30630	-1030.752	-1242.133	211.3811	1.854588	0.9133997	0.396059	0.603941	1.453687
30636	-1033.466	-1245.575	212.1094	2.099596	0.2781853	0.508389	0.491611	1.462857
30642	-1027.687	-1239.546	211.8592	2.009635	0.6532105	0.41271	0.58729	1.196639
30648	-1029.219	-1240.726	211.5069	1.946379	0.8188049	0.346223	0.653777	1.366777
30654	-1034.071	-1245.318	211.2467	2.215774	0.7407618	0.675117	0.324883	1.432697
30660	-1021.747	-1232.418	210.6714	1.828215	0.8232029	0.552866	0.447134	2.041697
30666	-1021.251	-1232.079	210.8276	1.745084	0.8124956	0.331121	0.668879	2.001418
30672	-1005.614	-1216.447	210.833	1.780116	0.5767457	0.473302	0.526698	2.178808
30678	-1019.622	-1230.895	211.2736	1.762825	0.6241632	0.511504	0.488496	1.851218
30684	-1024.57	-1235.54	210.9699	1.762825	0.7040834	0.528194	0.471806	1.983569
30690	-1024.591	-1236.002	211.4112	1.718354	0.3910067	0.315888	0.684112	2.047698
30696	-1023.105	-1233.432	210.3267	1.888217	0.9648373	0.575603	0.424397	2.127604
30702	-1026.134	-1236.815	210.6806	1.857244	1.207434	0.293814	0.706186	1.755808
30708	-1022.951	-1234.371	211.4197	1.849246	0.56406	0.511985	0.488015	1.751206
30714	-1024.442	-1235.507	211.0652	1.866111	0.5328445	0.631969	0.368031	2.014138
30720	-1017.465	-1228.276	210.8113	1.755711	0.6667194	0.282582	0.717418	2.125671
30726	-1013.845	-1225.113	211.268	1.711415	0.4376284	0.400134	0.599866	2.088811
30732	-1005.996	-1217.899	211.9038	1.985025	0.3683854	0.400134	0.599866	1.55213
30738	-1018.585	-1230.118	211.5326	1.913889	0.6326538	0.515087	0.484913	1.55213
30744	-1033.958	-1245.392	211.4344	1.92991	0.5093239	0.403726	0.596274	1.744741
30750	-1021	-1231.829	210.8294	1.733405	0.4806612	0.429541	0.570459	2.309612
30756	-1016.444	-1227.351	210.9071	1.924478	0.7865205	0.452861	0.547139	1.847218
30762	-1021.898	-1233.11	211.2125	1.826386	0.7865205	0.518405	0.481595	1.702934
30768	-1017.052	-1228.757	211.7045	1.986383	0.4594832	0.575372	0.424628	1.571243
30774	-1006.187	-1217.186	210.9992	1.986383	0.6336439	0.341808	0.658192	1.876851
30780	-1003.916	-1215.595	211.6792	1.855986	0.4080022	0.391655	0.608345	1.749913
30786	-1000.752	-1212.618	211.8668	1.99934	0.4125769	0.598303	0.401697	1.504581
30792	-1013.42	-1225.114	211.6939	1.916924	0.4125769	0.233008	0.766992	1.690486
30798	-1005.731	-1216.725	210.9932	1.938984	0.6162225	0.488986	0.511014	1.929724
30804	-1014.004	-1225.433	211.4293	2.082017	0.6660455	0.440297	0.559703	1.46932
30810	-1018.484	-1230.078	211.5939	2.187929	0.6675125	0.440297	0.559703	1.253806
30816	-1024.773	-1236.492	211.7191	2.126905	0.7545675	0.399471	0.600529	1.100413
30822	-1022.451	-1233.606	211.1551	2.229639	0.9567037	0.573558	0.426442	1.300852
30828	-1033.863	-1245.072	211.209	2.199323	1.336527	0.365473	0.634527	0.970065
30834	-1027.628	-1239.414	211.7851	2.19102	0.7599983	0.318849	0.681151	0.9677709
30840	-1024.292	-1235.889	211.5971	2.298013	0.8820576	0.654742	0.345258	0.9027703
30846	-1022.978	-1234.193	211.2144	2.170036	1.037989	0.43913	0.56087	1.233817
30852	-1011.314	-1222.137	210.823	1.49007	0.8740713	0.407977	0.592023	2.126601
30858	-1026.002	-1236.835	210.8324	1.562043	0.6891389	0.42591	0.57409	2.218381
30864	-1026.25	-1237.453	211.2024	1.7958	0.3283182	0.353525	0.646475	2.218381
30870	-1019.877	-1230.78	210.9034	2.006912	0.5496913	0.422643	0.577357	2.010622
30876	-1013.917	-1224.959	211.0422	2.052201	0.5433239	0.452304	0.547696	1.893485
30882	-1032.858	-1244.421	211.5637	1.923965	0.4053007	0.452304	0.547696	1.78664
30888	-1026.942	-1238.649	211.7067	1.923965	0.6314167	0.586556	0.413444	1.414471
30894	-1022.456	-1233.732	211.2751	2.053927	0.8258409	0.495388	0.504612	1.456685
30900	-1019.669	-1231.894	212.2253	2.056047	0.5272453	0.45275	0.54725	0.9868724
30906	-1010.062	-1221.631	211.5689	2.104802	0.9992613	0.657214	0.342786	1.006482
30912	-1010.461	-1222.259	211.7981	2.131161	0.7906005	0.648728	0.351272	0.9780145
30918	-1011.566	-1223.172	211.6063	2.392754	0.8713566	0.522149	0.477851	0.7899413
30924	-1021.198	-1233.046	211.8487	2.392754	0.6720123	0.483274	0.516726	0.7899413
30930	-1015.337	-1227.15	211.8127	2.356298	0.7064334	0.559825	0.440175	0.8255883
30936	-1025.822	-1237.196	211.3737	2.356298	1.051035	0.336057	0.663943	0.8932593
30942	-1021.719	-1233.431	211.7125	2.386496	0.7623364	0.479596	0.520404	0.8253441
30948	-1025.827	-1237.216	211.3883	2.386496	0.9787771	0.63376	0.36624	0.9229436
30954	-1013.832	-1224.864	211.0317	2.161505	1.481576	0.446923	0.553077	1.071369
30960	-1012.738	-1224.464	211.7263	2.421939	0.8256381	0.221693	0.778307	0.6203893
30966	-1026.208	-1237.198	210.9896	2.696662	1.332683	0.33961	0.66039	0.5362418
30972	-1028.122	-1239.473	211.3516	2.627975	1.005732	0.609336	0.390664	0.5232032
30978	-1042.193	-1253.543	211.3501	2.627975	1.005732	0.64762	0.35238	0.4656983
30984	-1034.095	-1245.413	211.3184	2.627975	1.034175	0.390208	0.609792	0.4463892
30990	-1019.822	-1230.947	211.1243	2.7022	1.168497	0.534143	0.465857	0.4770896
30996	-1003.575	-1214.792	211.2168	2.744408	1.010736	0.532761	0.467239	0.4198508
31002	-1018.383	-1229.607	211.2244	2.74286	1.017187	0.458639	0.541361	0.5318145
31008	-1013.919	-1224.603	210.6841	2.780528	1.629791	0.555894	0.444106	0.4597522
31014	-1012.232	-1223.703	211.4714	2.685484	0.8248419	0.484147	0.515853	0.5990173
31020	-1026.094	-1237.678	211.5837	2.301012	0.9813339	0.422468	0.577532	0.7869445
31026	-1030.207	-1241.545	211.3378	2.418875	1.196601	0.617713	0.382287	0.6675022
31032	-1018.609	-1229.857	211.2477	2.442692	1.196601	0.606996	0.393004	0.7759425
31038	-1012.616	-1224.42	211.8033	2.442692	0.6609341	0.275357	0.724643	0.8039428
31044	-992.9013	-1204.601	211.6999	2.442692	0.728378	0.517886	0.482114	0.8235123
31050	-1010.848	-1222.284	211.4361	2.381864	1.012247	0.46843	0.53157	0.83371
31056	-1004.813	-1216.155	211.3417	2.421138	1.186253	0.592776	0.407224	0.6732507
31062	-1018.965	-1230.482	211.5168	2.567211	0.8808616	0.588755	0.411245	0.6257534
31068	-1027.474	-1239.05	211.576	2.408953	0.9744849	0.380763	0.619237	0.6257534
31074	-1009.119	-1220.721	211.6016	2.408953	0.9332872	0.541178	0.458822	0.6636447
31080	-1021.494	-1233.253	211.7588	2.401432	0.7990466	0.503364	0.496636	0.6636447
31086	-1005.701	-1217.032	211.331	2.51132	1.103625	0.474157	0.525843	0.6636447
31092	-996.8038	-1208.438	211.6341	2.51132	0.8438244	0.571602	0.428398	0.5620399
31098	-1001.316	-1212.935	211.6191	2.418787	0.9328183	0.393391	0.606609	0.5990568
31104	-1007.823	-1218.967	211.1443	2.367747	1.419285	0.398444	0.601556	0.7707282
31110	-1002.421	-1213.73	211.3085	2.303058	1.030068	0.363917	0.636083	1.037469
31116	-1003.949	-1215.268	211.3192	2.303058	1.154906	0.380796	0.619204	0.9058567
31122	-1006.375	-1217.85	211.4752	2.35382	1.076417	0.588711	0.411289	0.7321586
31128	-1006.412	-1218.031	211.6191	2.524113	0.8193428	0.52015	0.47985	0.6495089
31134	-1000.619	-1212.304	211.6843	2.505944	0.7998854	0.546072	0.453928	0.5852666
31140	-1008.213	-1219.947	211.7342	2.505944	0.7584582	0.544315	0.455685	0.5852666
31146	-1002.02	-1213.817	211.7973	2.469587	0.7287168	0.646893	0.353107	0.6161183
31152	-1005.993	-1217.621	211.6275	2.469587	0.8706869	0.413029	0.586971	0.6211481
31158	-1018.976	-1230.402	211.4255	2.460918	1.094471	0.471221	0.528779	0.5682292
31164	-1010.879	-1222.315	211.4367	2.504115	1.010696	0.488394	0.511606	0.6438216
31170	-1014.26	-1225.833	211.5732	2.504115	0.8799205	0.415146	0.584854	0.6438216
31176	-1020.238	-1231.83	211.5911	2.331643	0.9522469	0.551602	0.448398	0.7755812
31182	-1014.266	-1226.131	211.8652	2.205992	0.8169809	0.452091	0.547909	0.7755812
31188	-1015.466	-1227.013	211.5468	2.257643	0.9858797	0.297108	0.702892	0.881624
31194	-1018.94	-1230.782	211.8427	2.257643	0.792853	0.497224	0.502776	0.7744484
31200	-1012.681	-1224.663	211.9815	2.257643	0.7068898	0.422246	0.577754	0.7259524
31206	-1004.025	-1215.73	211.7054	2.044526	0.830687	0.585289	0.414711	1.105487
31212	-1004.877	-1216.429	211.5515	2.050934	0.9226095	0.430663	0.569337	1.146922
31218	-1007.601	-1218.905	211.3047	1.990119	0.9247466	0.485562	0.514438	1.398883
31224	-1012.034	-1223.173	211.1392	2.055385	1.02293	0.262998	0.737002	1.398883
31230	-1012.046	-1223.292	211.2456	1.833267	0.894444	0.432913	0.567087	1.585869
31236	-1026.671	-1238.309	211.6382	1.796231	0.8164476	0.272558	0.727442	1.383692
31242	-1001.608	-1213.409	211.8004	2.069452	0.8164476	0.41406	0.58594	1.00722
31248	-1004.192	-1215.927	211.735	2.100854	0.8164476	0.53928	0.46072	1.040406
31254	-1007.82	-1219.58	211.7594	2.185627	0.9364673	0.514912	0.485088	0.7673021
31260	-1012.093	-1222.849	210.7552	2.408075	1.916367	0.443312	0.556688	0.7861042
31266	-1016.635	-1227.691	211.0561	2.408075	1.489503	0.6313	0.3687	0.7636595
31272	-1011.695	-1222.795	211.1002	2.354148	1.464446	0.370574	0.629426	0.8030842
31278	-994.9877	-1206.68	211.6923	2.302214	0.8318805	0.431198	0.568802	0.8526672
31284	-1009.926	-1221.162	211.2355	2.254514	1.256589	0.705671	0.294329	0.9533491
31290	-1005.53	-1217.188	211.6579	2.163877	1.008378	0.439164	0.560836	0.8337214
31296	-991.3286	-1203.028	211.6998	2.106305	0.8402261	0.577751	0.422249	1.042727
31302	-1002.558	-1213.653	211.0952	2.170928	1.463535	0.636795	0.363205	1.014249
31308	-999.6542	-1211.034	211.3795	2.135782	1.158532	0.466509	0.533491	1.014249
31314	-1019.758	-1231.606	211.8482	2.352355	0.6355202	0.512615	0.487385	0.9013467
31320	-1013.168	-1224.845	211.6775	2.033026	0.7396068	0.668432	0.331568	1.23521
31326	-1001.511	-1212.886	211.3758	1.990858	1.118155	0.527989	0.472011	1.184422
31332	-1009.118	-1220.931	211.8133	2.041388	0.6813212	0.476176	0.523824	1.176152
31338	-1008.364	-1219.856	211.4923	2.11296	1.131394	0.476176	0.523824	0.9473836
31344	-1005.055	-1216.779	211.7242	2.122811	0.9177905	0.439073	0.560927	0.9133421
31350	-1005.682	-1217.27	211.5874	2.106278	0.9177905	0.365518	0.634482	1.068361
31356	-1018.221	-1230.139	211.9179	2.152812	0.552686	0.454141	0.545859	1.147823
31362	-1021.886	-1233.744	211.8583	1.865555	0.8733839	0.454141	0.545859	1.085276
31368	-1007.254	-1219.531	212.2771	1.773077	0.460208	0.56814	0.43186	1.293853
31374	-1018.67	-1229.883	211.2126	1.773077	0.7936032	0.527241	0.472759	1.734495
31380	-1009.956	-1220.901	210.9458	1.774488	0.7936032	0.433778	0.566222	1.91731
31386	-1007.995	-1219.16	211.165	1.730448	0.407673	0.433778	0.566222	2.179977
31392	-1019.542	-1231.101	211.5589	1.810569	0.7907872	0.386605	0.613395	1.457145
31398	-1017.292	-1228.636	211.3441	1.845674	0.6174501	0.386605	0.613395	1.751689
31404	-1032.166	-1242.744	210.5779	1.630689	0.7330982	0.487062	0.512938	2.301415
31410	-1021.699	-1231.746	210.0469	1.565245	0.7330982	0.508728	0.491272	2.674819
31416	-1014.762	-1225.722	210.9593	1.717949	0.4856465	0.514701	0.485299	2.23082
31422	-1020.072	-1230.762	210.6901	1.639854	0.5561045	0.545221	0.454779	2.380252
31428	-1017.844	-1228.254	210.4104	1.621024	0.8601349	0.553039	0.446961	2.318381
31434	-1031.243	-1241.863	210.6201	1.663255	1.004491	0.390668	0.609332	2.05623
31440	-1022.78	-1234.328	211.5478	1.663532	0.5968522	0.396342	0.603658	1.757388
31446	-1024.328	-1235.429	211.1008	1.758903	0.6230567	0.396342	0.603658	1.971939
31452	-1017.509	-1228.847	211.3374	1.738015	0.8622738	0.315874	0.684126	1.614153
31458	-1027.878	-1238.876	210.9982	1.776704	0.6468509	0.534468	0.465532	2.006389
31464	-1042.76	-1254.19	211.4296	1.743355	0.4007213	0.374321	0.625679	2.006389
31470	-1031.257	-1241.177	209.9203	1.596376	1.099528	0.670541	0.329459	2.489375
31476	-1027.83	-1238.073	210.2433	1.719879	0.6772422	0.441388	0.558612	2.502073
31482	-1009.804	-1220.992	211.1877	1.568412	0.5340459	0.394586	0.605414	2.128381
31488	-1016.634	-1226.691	210.0567	1.670715	0.5908633	0.591024	0.408976	2.722563
31494	-1027.475	-1238.319	210.844	1.589961	0.5201174	0.563737	0.436263	2.350125
31500	-1022.827	-1234.604	211.7771	1.694717	0.5291653	0.583813	0.416187	1.64585
31506	-1026.479	-1237.615	211.1363	1.6895	0.5552506	0.331394	0.668606	2.06095
31512	-1024.838	-1236.052	211.2134	1.652784	0.9268202	0.497256	0.502744	1.713532
31518	-1032.668	-1242.455	209.7872	1.407045	0.7330908	0.5405	0.4595	2.929182
31524	-1007.817	-1216.148	208.3312	1.38193	0.5574967	0.487163	0.512837	3.939521
31530	-1027.028	-1235.365	208.3368	1.556388	0.4483572	0.551712	0.448288	3.939521
31536	-1012.449	-1221.767	209.3185	1.654294	0.6611302	0.618713	0.381287	3.118148
31542	-1018.111	-1227.561	209.4493	1.585769	0.4399694	0.486763	0.513237	3.28532
31548	-1023.203	-1232.273	209.0705	1.491584	0.4985182	0.594101	0.405899	3.503285
31554	-1016.385	-1225.67	209.285	1.491584	0.3802847	0.405368	0.594632	3.503285
31560	-1022.001	-1231.812	209.8115	1.531426	0.42542	0.460991	0.539009	3.118671
31566	-1011.662	-1221.716	210.0535	1.624693	0.5067357	0.306602	0.693398	2.832157
31572	-1012.044	-1222.153	210.1087	1.635787	0.6206466	0.515829	0.484171	2.685724
31578	-1024.978	-1235.73	210.7528	1.718886	0.6358346	0.567166	0.432834	2.215099
31584	-1027.315	-1238.627	211.3121	1.718886	0.4517413	0.599559	0.400441	2.038083
31590	-1015.352	-1226.72	211.3675	1.976295	0.6088819	0.433848	0.566152	1.651308
31596	-1012.468	-1223.455	210.9863	2.015222	0.882438	0.405602	0.594398	1.651308
31602	-1007.776	-1219.318	211.5428	1.767938	0.5804986	0.513656	0.486344	1.704429
31608	-1020.666	-1232.35	211.6844	2.138873	0.4941716	0.341619	0.658381	1.427361
31614	-1026.573	-1238.305	211.7327	1.932811	0.5898418	0.553084	0.446916	1.433568
31620	-1032.558	-1243.989	211.4313	2.05327	0.5592632	0.542344	0.457656	1.602777
31626	-1025.486	-1236.94	211.4534	2.170559	0.7445874	0.56324	0.43676	1.301512
31632	-1036.233	-1247.945	211.712	2.156242	0.7445874	0.421527	0.578473	1.091332
31638	-1040.237	-1251.824	211.5872	2.105532	0.5171114	0.421527	0.578473	1.498005
31644	-1040.782	-1251.861	211.0799	2.189554	0.6326744	0.427687	0.572313	1.680271
31650	-1033.309	-1244.395	211.0865	2.038538	0.6964957	0.507894	0.492106	1.721461
31656	-1003.928	-1215.69	211.7619	2.07676	0.4172794	0.494441	0.505559	1.518498
31662	-1009.147	-1220.78	211.633	2.154651	0.4451265	0.595713	0.404287	1.518498
31668	-1006.235	-1217.738	211.5024	2.057488	0.4451265	0.595713	0.404287	1.684187
31674	-1016.257	-1227.696	211.4392	2.024531	0.4395568	0.585334	0.414666	1.758992
31680	-1025.087	-1236.594	211.5064	2.024531	0.4496835	0.459011	0.540989	1.698937
31686	-1012.03	-1223.614	211.5836	1.849238	0.4282369	0.2492	0.7508	1.794869
31692	-1020.729	-1231.21	210.4815	1.457257	0.3510461	0.523497	0.476503	2.848689
31698	-1018.576	-1229.646	211.0695	1.644405	0.5109882	0.395639	0.604361	2.179959
31704	-1021.887	-1232.836	210.9495	1.82634	0.4155223	0.477922	0.522078	2.24766
31710	-1018.777	-1229.537	210.7595	1.812556	0.5155338	0.477922	0.522078	2.266666
31716	-1015.069	-1226.25	211.1807	1.838449	0.5483723	0.575972	0.424028	1.939085
31722	-1011.356	-1222.61	211.254	1.677731	0.4991288	0.454463	0.545537	2.050039
31728	-1022.096	-1231.699	209.6028	1.504507	0.5574605	0.415676	0.584324	3.12696
31734	-1021.139	-1231.232	210.093	1.504507	0.6396533	0.514664	0.485336	2.759412
31740	-1030.663	-1241.841	211.1781	1.538028	0.4656671	0.594599	0.405401	2.227786
31746	-1027.039	-1238.749	211.7104	1.752478	0.5749991	0.473128	0.526872	1.601244
31752	-1031.818	-1242.54	210.7225	1.815959	0.2942337	0.524599	0.475401	2.558306
31758	-1023.414	-1233.225	209.8112	1.712494	0.476938	0.484443	0.515557	2.955651
31764	-1010.711	-1221.403	210.6918	1.700825	0.5215465	0.433935	0.566065	2.374885
31770	-1016.561	-1225.858	209.2965	1.429137	0.584315	0.382866	0.617134	3.328842
31776	-1025.167	-1234.622	209.4556	1.33814	0.481698	0.397867	0.602133	3.384328
31782	-1028.556	-1238.594	210.0381	1.464783	0.4287996	0.5114	0.4886	3.019348
31788	-1029.553	-1240.2	210.647	1.692469	0.4549317	0.391144	0.608856	2.478942
31794	-1027.24	-1237.752	210.5117	1.351541	0.4549317	0.453185	0.546815	2.773138
31800	-1029.292	-1239.75	210.4577	1.351541	0.5403246	0.503486	0.496514	2.719439
31806	-1016.741	-1225.921	209.1801	1.273766	0.5403246	0.529113	0.470887	3.527148
31812	-1018.457	-1228.083	209.626	1.318147	0.5403246	0.493501	0.506499	3.239483
31818	-1005.325	-1214.936	209.6115	1.679466	0.6611608	0.52255	0.47745	2.927489
31824	-1027.41	-1238.158	210.7477	1.54133	0.2414488	0.622706	0.377294	2.793127
31830	-1016.681	-1227.685	211.0041	1.790226	0.4001619	0.484532	0.515468	2.254555
31836	-1010.581	-1221.421	210.8399	1.672695	0.8697182	0.641399	0.358601	1.998107
31842	-1018.846	-1230.044	211.198	1.74711	0.6553042	0.641399	0.358601	1.884031
31848	-1023.679	-1234.501	210.8217	1.574925	0.5497143	0.608095	0.391905	2.344196
31854	-1028.225	-1239.972	211.7468	1.850332	0.4435474	0.361558	0.638442	1.659602
31860	-1023.951	-1234.398	210.4477	1.52018	0.9776599	0.548546	0.451454	2.278872
31866	-1018.127	-1226.93	208.803	1.465743	0.9336156	0.527749	0.472251	3.342816
31872	-1009.973	-1218.03	208.0572	1.323727	0.9408508	0.558324	0.441676	3.854097
31878	-1023.099	-1234.229	211.1299	1.686725	0.6985306	0.366379	0.633621	1.932018
31884	-1019.891	-1231.005	211.1136	1.832443	0.4384558	0.561756	0.438244	2.109717
31890	-1013.096	-1223.458	210.3628	1.815568	1.028515	0.56318	0.43682	2.109717
31896	-1038.255	-1249.915	211.6596	1.626511	0.5667752	0.439316	0.560684	1.736287
31902	-1034.296	-1245.397	211.1009	1.747614	0.5667752	0.650149	0.349851	2.034305
31908	-1035.605	-1246.274	210.6686	1.712112	0.4040982	0.438246	0.561754	2.511574
31914	-1010.108	-1221.106	210.998	1.774161	0.4738492	0.435481	0.564519	2.182422
31920	-1002.501	-1212.822	210.3212	1.77351	0.7758872	0.435481	0.564519	2.340366
31926	-1006.134	-1217.283	211.1492	1.738973	0.5434841	0.316568	0.683432	2.031717
31932	-1003.993	-1215.473	211.48	1.627698	0.4715784	0.66632	0.33368	1.963818
31938	-1019.472	-1230.614	211.1414	1.853872	0.4878796	0.82912	0.17088	2.020396
31944	-997.4837	-1208.98	211.4962	1.719303	0.3735182	0.478395	0.521605	2.013742
31950	-1010.692	-1222.07	211.378	1.572483	0.4021804	0.478395	0.521605	2.151032
31956	-1004.692	-1216.173	211.4812	1.760201	0.2932204	0.392517	0.607483	2.11227
31962	-1003.97	-1215.288	211.3177	1.760201	0.4852117	0.472809	0.527191	1.968268
31968	-1016.946	-1227.932	210.9866	1.785508	0.6254676	0.472809	0.527191	2.028048
31974	-1028.173	-1239.507	211.3341	1.748601	0.4314732	0.584112	0.415888	2.028048
31980	-1023.624	-1234.341	210.7166	1.748601	0.6934866	0.390674	0.609326	2.168834
31986	-1025.501	-1236.613	211.1119	1.885496	0.450566	0.502968	0.497032	2.061689
31992	-1026.543	-1238.632	212.0896	1.885496	0.2659679	0.606909	0.393091	1.657336
31998	-1030.074	-1240.66	210.5867	1.724033	0.5360738	0.64658	0.35342	2.412053
32004	-1017.531	-1229.451	211.9198	1.774332	0.2861932	0.474295	0.525705	1.819744
32010	-1015.928	-1227.037	211.1086	1.83095	0.4639878	0.588212	0.411788	2.084222
32016	-1013.704	-1225.165	211.461	1.682056	0.5613272	0.42569	0.57431	1.841317
32022	-1009.897	-1221.72	211.8231	1.758925	0.294372	0.519089	0.480911	1.883158
32028	-1013.694	-1224.793	211.0987	1.923003	0.6017936	0.519516	0.480484	1.883158
32034	-1009.557	-1220.901	211.3437	1.718175	0.4424132	0.343999	0.656001	2.028638
32040	-1024.036	-1235.244	211.2076	1.679368	0.5418407	0.442855	0.557145	2.034246
32046	-1035.748	-1246.733	210.9858	1.679368	0.5817759	0.345622	0.654378	2.140065
32052	-1038.27	-1248.473	210.2029	1.63269	1.127102	0.484181	0.515819	2.271418
32058	-1023.194	-1234.367	211.1733	1.641639	0.5923192	0.31854	0.68146	2.031326
32064	-1025.797	-1237.142	211.345	1.840832	0.930823	0.291785	0.708215	1.477483
32070	-1027.753	-1238.829	211.0764	2.015525	1.412849	0.352866	0.647134	1.20792
32076	-1028.255	-1239.602	211.3474	1.940652	1.053505	0.409695	0.590305	1.30102
32082	-1031.4	-1242.839	211.4386	1.872821	1.053505	0.495735	0.504265	1.281962
32088	-1017.472	-1229.582	212.1101	2.011129	0.4931906	0.432992	0.567008	1.187026
32094	-1029.789	-1241.664	211.8752	2.000461	0.7253595	0.28177	0.71823	1.106679
32100	-1028.317	-1239.97	211.653	2.263306	0.8453361	0.593052	0.406948	0.9246332
32106	-1040.126	-1251.759	211.6335	2.06565	0.9156781	0.29812	0.70188	1.065334
32112	-1026.553	-1238.325	211.7715	2.144716	0.9087269	0.317977	0.682023	0.8442475
32118	-1025.614	-1237.375	211.7611	2.144716	0.9252939	0.393307	0.606693	0.835284
32124	-1026.691	-1238.605	211.914	2.280659	0.7122129	0.436627	0.563373	0.7817785
32130	-1030.717	-1242.752	212.0352	2.265774	0.6540111	0.442808	0.557192	0.7392352
32136	-1030.033	-1241.861	211.828	2.258788	0.8634556	0.557998	0.442002	0.6626533
32142	-1028.377	-1240.135	211.7584	2.273466	0.8634556	0.341382	0.658618	0.7559149
32148	-1016.594	-1228.146	211.5512	2.144834	1.102089	0.692103	0.307897	0.8767412
32154	-1006.129	-1217.567	211.4376	2.139814	1.057818	0.357264	0.642736	1.044459
32160	-1013.495	-1224.775	211.2804	2.194012	1.223307	0.384591	0.615409	0.9984146
32166	-1005.714	-1217.474	211.76	2.194012	0.9243297	0.44295	0.55705	0.7728836
32172	-1009.014	-1220.8	211.7856	2.058806	0.9434037	0.44295	0.55705	0.8857837
32178	-1011.043	-1222.88	211.8375	2.058806	0.772771	0.574668	0.425332	1.032113
32184	-1016.075	-1227.96	211.8849	2.051515	0.7129182	0.214393	0.785607	1.065074
32190	-1014.41	-1226.199	211.7887	1.664026	0.6515293	0.445423	0.554577	1.528121
32196	-1026.488	-1238.254	211.7662	1.809398	0.5624177	0.292549	0.707451	1.532414
32202	-1004.486	-1216.301	211.8146	1.816473	0.6957753	0.274052	0.725948	1.345818
32208	-1003.485	-1215.223	211.7382	2.010238	0.8355934	0.380641	0.619359	1.101696
32214	-1012.266	-1224.099	211.8323	2.168044	0.7697525	0.389525	0.610475	0.9296802
32220	-1029.509	-1241.41	211.9007	2.492081	0.64902	0.466873	0.533127	0.4658951
32226	-1017.833	-1229.123	211.2901	2.492081	1.195121	0.30841	0.69159	0.6121915
32232	-1023.4	-1234.967	211.5671	2.499366	0.9017394	0.507652	0.492348	0.6121915
32238	-1021.663	-1233.339	211.6757	2.499366	0.8227788	0.463555	0.536445	0.5280389
32244	-1024.161	-1235.837	211.6757	2.499366	0.8227788	0.475183	0.524817	0.5280389
32250	-1012.94	-1224.32	211.3804	2.395227	1.200211	0.278228	0.721772	0.6177396
32256	-1005.667	-1217.09	211.4237	2.255059	1.200211	0.516256	0.483744	0.7876888
32262	-1003.05	-1214.942	211.8915	2.151137	0.7464025	0.516256	0.483744	0.9147173
32268	-1019.71	-1231.218	211.508	2.359626	0.9573431	0.538435	0.461565	0.8410627
32274	-1003.161	-1214.766	211.6055	2.347657	0.9150259	0.530808	0.469192	0.7877495
32280	-1018.313	-1230.042	211.7291	2.220116	0.9149821	0.602296	0.397704	0.7932473
32286	-1016.549	-1228.238	211.6889	2.293645	0.9149821	0.382123	0.617877	0.7455297
32292	-1024.928	-1236.451	211.5226	2.583638	0.8399071	0.58655	0.41345	0.6766056
32298	-1001.688	-1212.986	211.2978	2.53524	1.092171	0.563978	0.436022	0.7009748
32304	-1014.414	-1226.117	211.7031	2.53524	0.7680503	0.57212	0.42788	0.5404828
32310	-1010.601	-1222.229	211.6288	2.616113	0.7633715	0.405342	0.594658	0.46667
32316	-1015.439	-1226.707	211.2681	2.616113	1.106094	0.49052	0.50948	0.4990807
32322	-1011.593	-1223.053	211.4596	2.365967	1.106094	0.456948	0.543052	0.6912948
32328	-998.7687	-1210.595	211.8267	2.100382	0.7865127	0.638368	0.361632	0.9851916
32334	-1005.532	-1217.174	211.6411	2.08462	0.8834814	0.493585	0.506415	1.073125
32340	-1008.087	-1219.958	211.8714	2.08462	0.8379421	0.640889	0.359111	0.8898155
32346	-1000.471	-1212.25	211.7792	2.08462	0.8305007	0.437909	0.562091	0.9970405
32352	-1010.393	-1222.457	212.0639	1.955427	0.5834258	0.437909	0.562091	1.152107
32358	-1033.471	-1245.095	211.6247	2.101931	0.9188112	0.437909	0.562091	1.035924
32364	-1027.984	-1239.689	211.705	1.939297	0.6730102	0.371776	0.628224	1.359223
32370	-1015.858	-1227.555	211.6968	1.939297	0.6791313	0.572464	0.427536	1.359223
32376	-1023.55	-1235.33	211.78	1.799679	0.4548798	0.532111	0.467889	1.657705
32382	-1016.745	-1228.548	211.8038	1.844238	0.7556004	0.600521	0.399479	1.270715
32388	-1016.317	-1227.713	211.3961	1.726941	0.5797169	0.600521	0.399479	1.836029
32394	-1012.507	-1224.705	212.1979	2.052275	0.360356	0.672639	0.327361	1.285359
32400	-1009.209	-1220.794	211.5852	2.173075	0.7213752	0.398386	0.601614	1.214311
32406	-1001.648	-1212.966	211.318	2.245096	1.032258	0.398421	0.601579	1.081308
32412	-1011.3	-1222.631	211.3307	2.228517	1.120171	0.243411	0.756589	1.005159
32418	-1017.513	-1229.493	211.9794	2.274066	0.5361176	0.56633	0.43367	1.000763
32424	-1026.421	-1238.727	212.3064	2.133307	0.5361176	0.579069	0.420931	0.7883577
32430	-1029.674	-1242	212.3263	2.100396	0.5361176	0.453972	0.546028	0.8059271
32436	-1021.931	-1233.027	211.0955	2.34033	1.45135	0.58405	0.41595	0.8392782
32442	-1016.284	-1228.192	211.908	2.34033	0.6820619	0.4761	0.5239	0.7614945
32448	-1018.041	-1230.245	212.2038	2.276197	0.5701636	0.465722	0.534278	0.6293966
32454	-999.4956	-1211.309	211.8132	2.276197	0.8745996	0.403201	0.596799	0.6293966
32460	-1006.28	-1218.067	211.7871	2.302262	0.8745996	0.556989	0.443011	0.6293966
32466	-1008.014	-1219.764	211.7492	2.04362	0.911643	0.538874	0.461126	0.9778234
32472	-1026.004	-1237.14	211.1367	2.031235	1.00978	0.549185	0.450815	1.429591
32478	-1021.739	-1233.356	211.6169	2.098112	0.5076443	0.575642	0.424358	1.492816
32484	-1027.382	-1239.197	211.8146	2.240415	0.3800605	0.609319	0.390681	1.408798
32490	-1020.571	-1232.749	212.1776	2.240415	0.4328486	0.494172	0.505828	1.011084
32496	-1023.079	-1234.001	210.9223	2.003141	0.4960142	0.612685	0.387315	2.057624
32502	-1025.548	-1236.966	211.4173	1.719632	0.3796657	0.400939	0.599061	2.057624
32508	-1023.081	-1234.205	211.1236	1.656306	0.5911394	0.386279	0.613721	2.055636
32514	-1011.495	-1222.79	211.2958	1.702759	0.455109	0.565931	0.434069	2.055636
32520	-1018.865	-1228.948	210.0829	1.642485	0.3288102	0.36167	0.63833	3.006202
32526	-1029.732	-1240.831	211.0991	1.681491	0.4651814	0.459717	0.540283	2.186706
32532	-1011.253	-1222.839	211.586	1.868198	0.4651814	0.504071	0.495929	1.733882
32538	-1024.581	-1236.065	211.4844	1.753732	0.3117533	0.534146	0.465854	2.08619
32544	-1026.793	-1236.346	209.5537	1.601843	0.4999778	0.406531	0.593469	3.152655
32550	-1021.35	-1231.514	210.1648	1.52108	0.5437872	0.372931	0.627069	2.791483
32556	-1022.28	-1232.366	210.0858	1.600059	0.5437872	0.351507	0.648493	2.791483
32562	-1023.017	-1233.403	210.3862	1.600059	0.4828558	0.510211	0.489789	2.668163
32568	-1033.697	-1244.971	211.2736	1.943736	0.3742895	0.424645	0.575355	2.011516
32574	-1029.664	-1240.507	210.8429	1.815076	0.6030516	0.463532	0.536468	2.124361
32580	-1013.91	-1224.97	211.0596	1.908921	0.4600023	0.586997	0.413003	2.069728
32586	-1010.568	-1221.33	210.7621	1.681618	0.4260673	0.320804	0.679196	2.44625
32592	-1001.658	-1212.991	211.3338	1.798302	0.4083146	0.409079	0.590921	2.023887
32598	-1002.857	-1214.528	211.671	1.734737	0.4511235	0.446381	0.553619	1.784967
32604	-1021.129	-1232.934	211.8045	1.749558	0.3727174	0.512685	0.487315	1.784967
32610	-1026.632	-1238.635	212.003	1.644014	0.3239658	0.512685	0.487315	1.792064
32616	-1017.338	-1228.601	211.2623	1.728834	0.4615835	0.614034	0.385966	2.052983
32622	-1013.23	-1224.37	211.14	1.924978	0.5133516	0.523794	0.476206	1.945611
32628	-1015.25	-1226.829	211.5795	1.87486	0.2950251	0.400977	0.599023	1.968377
32634	-1039.927	-1251.014	211.0871	1.707151	0.4983092	0.470592	0.529408	2.141254
32640	-1016	-1227.863	211.8631	1.780072	0.3633196	0.488906	0.511094	1.736107
32646	-1032.212	-1243.822	211.6096	1.99263	0.5300083	0.483525	0.516475	1.549962
32652	-1018.977	-1230.701	211.7243	2.068045	0.5300083	0.414981	0.585019	1.406285
32658	-1011.789	-1224.046	212.2567	1.993461	0.3862441	0.414981	0.585019	1.242105
32664	-1020.216	-1232.162	211.946	1.982484	0.3519733	0.453761	0.546239	1.547857
32670	-1010.264	-1222.453	212.1888	1.823397	0.3238066	0.453761	0.546239	1.530847
32676	-1009.412	-1220.39	210.9779	2.004841	0.6274254	0.561105	0.438895	1.884702
32682	-998.8868	-1209.484	210.5976	1.671707	0.4419747	0.626257	0.373743	2.537192
32688	-1023.195	-1234.779	211.5838	1.520819	0.5953306	0.513539	0.486461	1.832863
32694	-1017.472	-1229.18	211.7075	1.617293	0.5104726	0.459594	0.540406	1.771048
32700	-1015.256	-1226.227	210.9703	1.578995	0.3169662	0.540728	0.459272	2.518991
32706	-1016.247	-1226.605	210.358	1.578272	0.2398119	0.451712	0.548288	3.008872
32712	-1019.636	-1230.075	210.4392	1.678402	0.6458153	0.451712	0.548288	2.431958
32718	-1013.514	-1224.387	210.8731	1.714931	0.3635937	0.295672	0.704328	2.431958
32724	-1005.106	-1216.505	211.3991	1.802938	0.402909	0.511534	0.488466	1.984195
32730	-1031.456	-1242.823	211.3667	2.559849	1.054125	0.289627	0.710373	0.5599276
32736	-1035.831	-1247.324	211.4926	2.465607	0.9827891	0.477177	0.522823	0.6662517
32742	-1038.469	-1250.368	211.8985	2.305258	0.7617502	0.68578	0.31422	0.6662517
32748	-1030.779	-1242.196	211.4174	2.31121	1.147629	0.676304	0.323696	0.7832259
32754	-1011.815	-1223.164	211.3488	2.31121	1.205655	0.501141	0.498859	0.806533
32760	-1034.713	-1243.439	208.7258	1.383097	0.7014763	0.581225	0.418775	3.59436
32766	-1036.806	-1246.256	209.4499	1.49627	0.6648765	0.33954	0.66046	3.130996
32772	-1036.751	-1247.464	210.713	2.060127	0.437829	0.627123	0.372877	2.222921
32778	-1021.799	-1233.152	211.3536	2.189644	0.9066182	0.440935	0.559065	1.213149
32784	-1021.1	-1232.39	211.2895	2.119586	0.8547951	0.385268	0.614732	1.369225
32790	-1017.635	-1228.48	210.8456	1.781572	0.4910898	0.454932	0.545068	2.257153
32796	-1047.939	-1258.716	210.7772	1.673723	0.604509	0.502486	0.497514	2.257153
32802	-1037.909	-1248.564	210.6553	1.724066	0.4715471	0.456053	0.543947	2.435688
32808	-1032.206	-1242.511	210.3053	1.580928	0.7451324	0.344616	0.655384	2.495579
32814	-1013.836	-1225.009	211.1729	1.919524	0.6200074	0.661964	0.338036	1.816775
32820	-1009.936	-1221.756	211.8197	1.979173	0.3944559	0.566183	0.433817	1.580023
32826	-1019.81	-1231.216	211.4066	2.063801	0.4812887	0.369003	0.630997	1.70288
32832	-1000.442	-1211.922	211.4804	2.026631	0.3497734	0.310686	0.689314	1.850098
32838	-1010.22	-1221.695	211.4752	1.806759	0.4745471	0.472682	0.527318	1.842196
32844	-1009.865	-1221.221	211.3566	1.961164	0.4217023	0.271636	0.728364	1.882211
32850	-1004.235	-1215.679	211.4441	1.966565	0.4631763	0.537739	0.462261	1.766753
32856	-1006.803	-1218.125	211.3225	1.929268	0.6241853	0.461702	0.538298	1.701342
32862	-1002.972	-1214.372	211.4008	2.094642	0.5643873	0.532844	0.467156	1.589182
32868	-1002.823	-1214.301	211.4786	2.012976	0.4450966	0.646112	0.353888	1.732501
32874	-1015.176	-1226.73	211.5536	2.061365	0.379781	0.534398	0.465602	1.732501
32880	-1013.988	-1225.339	211.3512	2.006795	0.379781	0.424281	0.575719	1.909685
32886	-1009.122	-1221.295	212.1732	1.945261	0.2787876	0.371054	0.628946	1.529736
32892	-1009.388	-1221.34	211.9522	2.147328	0.4169425	0.375272	0.624728	1.317375
32898	-1008.811	-1219.808	210.9971	1.715155	0.5058049	0.379411	0.620589	2.186521
32904	-1028.611	-1239.4	210.7887	1.874437	0.4001453	0.445077	0.554923	2.338421
32910	-1034.383	-1243.486	209.1039	1.561661	0.5606117	0.52519	0.47481	3.385051
32916	-1016.232	-1226.708	210.4761	1.580031	0.5606117	0.436439	0.563561	2.547661
32922	-1014.58	-1225.721	211.1413	1.876452	0.5686597	0.442305	0.557695	1.919108
32928	-1022.996	-1233.059	210.0633	1.650727	0.7601408	0.442305	0.557695	2.591167
32934	-1031.224	-1240.935	209.7111	1.857952	1.201954	0.405373	0.594627	2.39851
32940	-1020.366	-1229.878	209.512	1.592203	1.213549	0.525497	0.474503	2.681762
32946	-1010.446	-1219.854	209.4078	1.634514	0.7847454	0.547172	0.452828	2.982439
32952	-1015.826	-1226.136	210.3096	1.875259	0.9872237	0.584807	0.415193	2.132345
32958	-1007.216	-1218.847	211.6308	1.780159	0.5716388	0.328007	0.671993	1.642406
32964	-1020.894	-1231.423	210.5295	1.736371	0.5092916	0.521287	0.478713	2.467245
32970	-1008.416	-1219.572	211.1563	1.654434	0.5591881	0.426061	0.573939	2.06693
32976	-1010.652	-1221.52	210.8676	1.602923	0.587956	0.413599	0.586401	2.260094
32982	-1030.363	-1240.079	209.7159	1.465334	0.5416891	0.413599	0.586401	3.097405
32988	-1024.968	-1234.649	209.6809	1.662757	0.5649493	0.369874	0.630126	2.978764
32994	-1025.497	-1236.673	211.1754	1.825001	0.6243675	0.369874	0.630126	1.875612
33000	-1028.081	-1238.769	210.6878	1.434196	0.6466936	0.576709	0.423291	2.428384
33006	-1025.351	-1236.073	210.7218	1.837342	0.5048059	0.647642	0.352358	2.286151
33012	-1023.562	-1234.491	210.9292	1.719849	0.4521184	0.530611	0.469389	2.286151
33018	-1020.005	-1231.333	211.3275	1.912529	0.4802853	0.210084	0.789916	1.86419
33024	-1021.494	-1232.715	211.2213	1.960076	0.3648306	0.422977	0.577023	2.048089
33030	-1028.725	-1240.295	211.5703	1.878492	0.4382765	0.548823	0.451177	1.771012
33036	-1026.274	-1238.024	211.7503	2.08788	0.4382765	0.400604	0.599396	1.489952
33042	-1026.834	-1238.286	211.452	1.976934	0.3274823	0.642369	0.357631	1.935817
33048	-1021.527	-1233.072	211.5453	1.931976	0.3059816	0.261087	0.738913	1.935817
33054	-1006.548	-1216.635	210.0867	1.881264	1.128094	0.414431	0.585569	2.185503
33060	-1009.439	-1220.704	211.2642	1.88186	0.4880181	0.414431	0.585569	1.919173
33066	-1013.793	-1225.289	211.4955	1.920416	0.9373354	0.410294	0.589706	1.291901
33072	-1008.035	-1218.933	210.8986	1.920416	1.286726	0.528835	0.471165	1.504352
33078	-1005.118	-1216.586	211.4687	1.921469	0.7452038	0.582795	0.417205	1.483467
33084	-1016.301	-1227.871	211.5692	1.946221	0.5578051	0.380902	0.619098	1.581873
33090	-1014.422	-1225.53	211.108	1.861888	0.5535852	0.596841	0.403159	1.966785
33096	-1020.684	-1232.161	211.4772	2.113884	0.5287965	0.415473	0.584527	1.559589
33102	-1016.486	-1228.147	211.6608	1.977993	0.4793981	0.480059	0.519941	1.584194
33108	-1020.925	-1232.289	211.3638	2.117326	0.7036878	0.503952	0.496048	1.454456
33114	-1021.748	-1232.992	211.2441	1.881642	0.6602791	0.483493	0.516507	1.754826
33120	-1020.082	-1230.792	210.71	1.782817	0.8124681	0.486634	0.513366	2.054472
33126	-1013.669	-1223.921	210.2522	1.782817	0.6345597	0.486634	0.513366	2.493552
33132	-1023.361	-1233.805	210.4447	1.654755	0.5421579	0.483979	0.516021	2.538422
33138	-1031.463	-1242.276	210.8134	1.640043	0.510472	0.424687	0.575313	2.347647
33144	-1028.911	-1239.665	210.754	1.798784	0.6784796	0.386274	0.613726	2.124688
33150	-1011.916	-1223.085	211.169	1.870906	0.581143	0.627981	0.372019	1.891397
33156	-1006.679	-1217.941	211.2616	1.909457	0.6432764	0.644806	0.355194	1.739402
33162	-1004.954	-1216.214	211.26	1.957531	0.6015279	0.491704	0.508296	1.748268
33168	-1012.825	-1223.969	211.1439	2.003189	0.3651074	0.522397	0.477603	2.070363
33174	-1022.399	-1234.016	211.6163	2.003189	0.6070544	0.522397	0.477603	1.449649
33180	-1010.956	-1222.84	211.8843	2.003189	0.42869	0.463738	0.536262	1.465878
33186	-1021.621	-1232.877	211.2555	1.797666	0.5045706	0.550212	0.449788	1.963235
33192	-1035.693	-1247.026	211.3337	1.827476	0.7790479	0.454947	0.545053	1.621864
33198	-1049.26	-1260.353	211.0933	1.593598	0.40873	0.482013	0.517987	2.312832
33204	-1034.283	-1246.205	211.9223	2.102775	0.4786209	0.791453	0.208547	1.288346
33210	-1023.644	-1235.22	211.5754	2.04982	0.4253959	0.501362	0.498638	1.663173
33216	-1026.104	-1237.188	211.0842	1.895082	0.4817176	0.449485	0.550515	2.037877
33222	-1024.033	-1234.569	210.5352	1.788637	0.8732601	0.29809	0.70191	2.120161
33228	-1028.837	-1239.635	210.7974	1.967765	0.5287587	0.438325	0.561675	2.12796
33234	-1021.907	-1233.285	211.3785	1.919477	0.6105314	0.438325	0.561675	1.68234
33240	-1037.301	-1248.566	211.2655	1.990626	0.7098514	0.5057	0.4943	1.615523
33246	-1033.057	-1244.75	211.6926	1.928833	0.5567689	0.520533	0.479467	1.504649
33252	-1050.747	-1262.124	211.377	2.210666	0.5809232	0.446198	0.553802	1.502628
33258	-1029.179	-1240.934	211.7555	2.119725	0.8206875	0.446198	0.553802	0.9969321
33264	-1021.682	-1233.648	211.9659	2.05641	0.7546248	0.458869	0.541131	0.9258622
33270	-1012.788	-1224.856	212.0682	2.056966	0.6744609	0.412718	0.587282	0.9258622
33276	-1021.528	-1232.677	211.1492	1.912923	1.129047	0.412718	0.587282	1.423704
33282	-1017.801	-1229.362	211.5616	2.143678	0.6291543	0.387331	0.612669	1.358557
33288	-1032.248	-1243.912	211.6634	2.001887	0.8450689	0.270182	0.729818	1.166502
33294	-1028.938	-1240.883	211.9456	2.006957	0.6644472	0.545266	0.454734	1.109198
33300	-1024.802	-1236.344	211.5414	1.971203	0.516094	0.47772	0.52228	1.631558
33306	-1006.489	-1218.306	211.8176	2.068887	0.4003114	0.599374	0.400626	1.506852
33312	-1014.636	-1226.384	211.7476	2.253007	0.5500407	0.500772	0.499228	1.212209
33318	-1032.956	-1245.171	212.2144	2.072684	0.3126819	0.295373	0.704627	1.338888
33324	-1013.158	-1224.784	211.6252	2.148604	0.805334	0.570666	0.429334	1.110589
33330	-1014.235	-1225.928	211.6925	2.288279	0.7089222	0.533486	0.466514	1.027559
33336	-1010.497	-1222.189	211.6929	2.315445	0.9083965	0.529952	0.470048	0.7159632
33342	-1023.34	-1235.38	212.0404	2.269943	0.6578069	0.413584	0.586416	0.7159632
33348	-1026.03	-1237.866	211.8357	2.307297	0.7679088	0.397139	0.602861	0.7561321
33354	-1032.858	-1245.16	212.3018	2.320039	0.422824	0.416785	0.583215	0.8035032
33360	-1031.848	-1243.357	211.5094	2.030028	0.8258453	0.586284	0.413716	1.291174
33366	-1021.397	-1232.997	211.6005	2.078909	0.7107987	0.428695	0.571305	1.291174
33372	-1032.991	-1243.401	210.4101	1.469849	0.5194476	0.678715	0.321285	2.696403
33378	-1031.132	-1241.806	210.6738	1.66112	0.4017627	0.428005	0.571995	2.542889
33384	-1019.212	-1229.815	210.6027	1.68658	0.6869254	0.445839	0.554161	2.287812
33390	-1002.936	-1213.879	210.9431	1.519875	0.7164207	0.482605	0.517395	2.151023
33396	-1002.035	-1212.318	210.2825	1.589968	0.614831	0.434137	0.565863	2.611981
33402	-1006.862	-1217.249	210.3869	1.485517	0.614831	0.495038	0.504962	2.611981
33408	-1014.197	-1224.447	210.2498	1.697257	0.7296454	0.398058	0.601942	2.469608
33414	-1010.173	-1221.329	211.1564	1.646494	0.4256596	0.409525	0.590475	2.218025
33420	-1005.828	-1216.913	211.0847	1.646494	0.3609258	0.350918	0.649082	2.344893
33426	-1006.495	-1217.258	210.7634	1.672236	0.5639614	0.52742	0.47258	2.305408
33432	-1012.783	-1223.329	210.5452	1.527505	0.7454208	0.649025	0.350975	2.378013
33438	-1020.29	-1231.447	211.1567	1.51517	0.2565449	0.36361	0.63639	2.533039
33444	-1009.818	-1221.337	211.5191	1.66245	0.642599	0.365356	0.634644	1.732686
33450	-1015.663	-1226.649	210.9864	1.857816	0.7731077	0.380795	0.619205	1.849616
33456	-1027.185	-1238.081	210.896	1.93737	0.7821051	0.584607	0.415393	1.849616
33462	-1023.76	-1235.279	211.5192	1.90976	0.8270777	0.443001	0.556999	1.378379
33468	-1027.384	-1238.762	211.3787	1.772894	0.6874305	0.58933	0.41067	1.711084
33474	-1045.32	-1256.79	211.4705	1.911138	0.5282861	0.514888	0.485112	1.711084
33480	-1042.199	-1253.181	210.9813	1.729882	0.6267253	0.666018	0.333982	2.067206
33486	-1011.279	-1223.22	211.9413	1.816004	0.3793553	0.21223	0.78777	1.631882
33492	-1030.656	-1241.935	211.2789	1.802977	0.699776	0.226889	0.773111	1.748809
33498	-1006.426	-1217.715	211.2888	1.821741	0.699776	0.485163	0.514837	1.728671
33504	-1009.138	-1220.92	211.7824	1.821741	0.5566109	0.550781	0.449219	1.517783
33510	-1002.439	-1213.077	210.6378	1.835269	0.8672913	0.524952	0.475048	2.026174
33516	-1023.282	-1233.994	210.712	1.835269	0.5272498	0.603209	0.396791	2.270542
33522	-1019.298	-1231.34	212.0413	1.919748	0.2810651	0.459265	0.540735	1.640649
33528	-1022.122	-1233.834	211.7121	2.089925	0.3515411	0.459265	0.540735	1.640649
33534	-1017.842	-1229.578	211.7362	2.07634	0.7389414	0.348556	0.651444	1.148025
33540	-1038.94	-1250.9	211.9601	2.386865	0.5445079	0.590161	0.409839	0.8873035
33546	-1016.411	-1228.224	211.8128	2.232458	0.5288967	0.483669	0.516331	1.202331
33552	-1014.314	-1226.195	211.8817	2.071748	0.5830489	0.415805	0.584195	1.209721
33558	-1016.558	-1228.138	211.5806	2.109341	0.7345806	0.47083	0.52917	1.257647
33564	-1023.969	-1235.513	211.5442	2.103862	0.6542007	0.602162	0.397838	1.376278
33570	-1034.286	-1245.701	211.4156	2.245559	0.6431644	0.41908	0.58092	1.377951
33576	-1024.405	-1236.094	211.6888	1.942919	0.5174553	0.362352	0.637648	1.542992
33582	-1020.235	-1231.543	211.3081	2.066209	0.6951139	0.623217	0.376783	1.542992
33588	-1004.306	-1215.691	211.3843	2.066209	0.6951139	0.497389	0.502611	1.486129
33594	-1010.86	-1222.123	211.2624	1.995183	0.3836902	0.493059	0.506941	1.972055
33600	-1002.92	-1213.885	210.9649	2.053461	0.6976534	0.493059	0.506941	1.794964
33606	-1007.791	-1219.482	211.6911	1.993925	0.5064437	0.554263	0.445737	1.51672
33612	-1021.268	-1233.186	211.9178	1.993925	0.6729567	0.419115	0.580885	1.135721
33618	-1014.816	-1226.274	211.4577	2.41214	0.9783636	0.527746	0.472254	0.8108624
33624	-1014.303	-1225.903	211.5994	2.587072	0.8123133	0.362509	0.637491	0.534837
33630	-1006.63	-1218.128	211.4981	2.537274	0.8959775	0.435071	0.564929	0.6924637
33636	-1007.926	-1219.157	211.2305	2.588148	1.166347	0.489761	0.510239	0.5771981
33642	-1018.71	-1229.968	211.2584	2.486737	1.210361	0.497605	0.502395	0.6667795
33648	-1018.953	-1230.101	211.1482	2.489417	1.344866	0.497605	0.502395	0.6580776
33654	-1019.668	-1230.941	211.273	2.532774	1.135989	0.278482	0.721518	0.6771638
33660	-1028.9	-1240.918	212.0178	2.315227	0.6571943	0.384299	0.615701	0.6771638
33666	-1031.311	-1243.153	211.842	2.408117	0.7235277	0.501013	0.498987	0.6687624
33672	-1020.975	-1232.818	211.8432	2.282041	0.784418	0.303325	0.696675	0.7529008
33678	-1021.873	-1232.857	210.9833	2.282041	1.549209	0.69799	0.30201	0.9511574
33684	-1020.33	-1231.144	210.8139	2.282041	1.719785	0.383892	0.616108	1.004584
33690	-1011.913	-1223.188	211.2747	2.27275	1.19649	0.529574	0.470426	0.9470861
33696	-1029.037	-1241.053	212.0165	2.204105	0.6880946	0.529574	0.470426	0.7892686
33702	-1013.369	-1225.282	211.9131	2.246537	0.7354989	0.499327	0.500673	0.7892686
33708	-1011.413	-1222.957	211.5444	2.286684	1.027869	0.581404	0.418596	0.7968431
33714	-1025.661	-1237.581	211.9201	2.261883	0.7543785	0.48749	0.51251	0.7214019
33720	-1019.293	-1231.107	211.8136	2.279018	0.8114624	0.48749	0.51251	0.7538367
33726	-1043.734	-1255.624	211.8909	2.12662	0.8114624	0.457831	0.542169	0.8534536
33732	-1023.923	-1235.673	211.7503	1.956695	0.8651196	0.582151	0.417849	1.109164
33738	-1017.623	-1229.457	211.8338	1.694375	0.6272621	0.4968	0.5032	1.496918
33744	-1021.633	-1233.03	211.3962	1.859743	0.9100376	0.410939	0.589061	1.440969
33750	-1014.929	-1226.353	211.4248	1.967805	0.8092303	0.536079	0.463921	1.422783
33756	-998.7793	-1210.114	211.3344	1.897037	0.9557785	0.398245	0.601755	1.422783
33762	-1016.566	-1228.197	211.6316	1.88114	0.9557785	0.398245	0.601755	1.19489
33768	-992.9153	-1204.707	211.7922	2.159322	0.8342941	0.543377	0.456623	0.8995695
33774	-1002.261	-1213.858	211.5974	2.238796	0.9196802	0.582573	0.417427	0.9229206
33780	-993.3673	-1205.052	211.685	2.250239	0.941103	0.590512	0.409488	0.7743241
33786	-1002.961	-1214.99	212.0299	2.416656	0.5953656	0.461273	0.538727	0.6194633
33792	-1016.378	-1227.722	211.3443	2.522229	1.098567	0.399567	0.600433	0.6194633
33798	-1018.259	-1229.643	211.3842	2.482355	1.098567	0.399567	0.600433	0.6194633
33804	-1019.307	-1230.619	211.3119	2.561681	1.098567	0.531627	0.468373	0.599758
33810	-1017.869	-1229.133	211.2633	2.857314	0.8649243	0.629797	0.370203	0.4388094
33816	-1016.492	-1227.482	210.9892	2.774347	1.228774	0.475998	0.524002	0.4281119
33822	-1025.772	-1237.151	211.379	2.774347	0.8330526	0.275486	0.724514	0.4281119
33828	-1019.909	-1231.71	211.8008	2.416801	0.7659213	0.410709	0.589291	0.624094
33834	-1019.523	-1231.401	211.8775	2.304611	0.8142748	0.418559	0.581441	0.5479298
33840	-1008.147	-1219.506	211.3586	2.439633	1.110502	0.472052	0.527948	0.7304611
33846	-1019.88	-1231.476	211.5961	2.190094	0.9621863	0.559451	0.440549	0.9289302
33852	-1016.148	-1227.758	211.6106	2.108163	0.9758207	0.430899	0.569101	0.984976
33858	-1015.011	-1226.623	211.6117	2.191054	0.9758207	0.45932	0.54068	0.8952379
33864	-1002.245	-1213.597	211.3522	2.191054	1.220527	0.547236	0.452764	0.9292978
33870	-1026.464	-1238.346	211.8825	2.188682	0.7010197	0.365209	0.634791	0.9461619
33876	-1027.108	-1238.716	211.6076	2.127088	0.90607	0.63785	0.36215	1.041321
33882	-1027.667	-1239.192	211.5251	2.127088	1.159415	0.578696	0.421304	0.8668446
33888	-1024.937	-1237.189	212.2521	2.076405	0.5714938	0.426719	0.573281	0.860569
33894	-1014.638	-1226.157	211.5188	2.165872	1.12935	0.426719	0.573281	0.860569
33900	-1026.546	-1238.152	211.6056	2.229447	0.9918122	0.476243	0.523757	0.8378819
33906	-1016.665	-1228.005	211.3402	2.121606	1.304262	0.476243	0.523757	0.9413814
33912	-1030.915	-1242.353	211.4379	2.137452	1.053286	0.39729	0.60271	1.050603
33918	-1021.552	-1233.352	211.8005	2.090686	0.8027041	0.548434	0.451566	1.001977
33924	-1016.609	-1228.295	211.6857	2.193065	0.3338006	0.569184	0.430816	1.612673
33930	-1026.916	-1237.786	210.8698	2.017815	0.5204393	0.363	0.637	2.056215
33936	-1034.152	-1245.884	211.7321	1.967444	0.3939624	0.683295	0.316705	1.652646
33942	-1029.259	-1240.275	211.0161	2.161393	1.358349	0.346451	0.653549	1.170797
33948	-1031.988	-1242.545	210.5569	2.009103	1.219867	0.517493	0.482507	1.728503
33954	-1023.294	-1234.34	211.0468	2.09557	1.219867	0.438457	0.561543	1.296576
33960	-1010.673	-1222.037	211.3634	2.056026	0.8491061	0.322186	0.677814	1.366134
33966	-1006.273	-1218.294	212.0203	2.024031	0.390162	0.462572	0.537428	1.401556
33972	-1019.304	-1231.41	212.1062	1.971394	0.74176	0.513258	0.486742	0.8817903
33978	-1013.47	-1225.442	211.9715	2.186975	0.74176	0.470782	0.529218	0.7800896
33984	-1019.38	-1231.072	211.692	2.167944	0.793503	0.455818	0.544182	1.043159
33990	-1032.006	-1243.711	211.7049	1.942053	0.7033711	0.299484	0.700516	1.325209
33996	-1017.781	-1230.025	212.2443	1.942053	0.3997174	0.397621	0.602379	1.273303
34002	-1019.801	-1231.093	211.2912	1.942053	0.4125744	0.659832	0.340168	1.950914
34008	-1030.732	-1240.929	210.1973	1.803523	0.9079969	0.634334	0.365666	2.304367
34014	-1031.447	-1241.636	210.1888	1.856115	0.9066974	0.422351	0.577649	2.277108
34020	-1033.743	-1244.887	211.1441	1.805881	0.5588479	0.422351	0.577649	1.974743
34026	-1019.756	-1230.595	210.839	1.794444	0.5588479	0.467887	0.532113	2.183143
34032	-1030.391	-1241.67	211.2786	1.786039	0.7762149	0.394962	0.605038	1.693439
34038	-1026.804	-1237.214	210.4096	1.925217	1.353888	0.44425	0.55575	1.81243
34044	-1019.279	-1230.679	211.4002	1.858122	0.669337	0.51239	0.48761	1.652329
34050	-1025.544	-1237.304	211.7606	1.74511	0.5084105	0.527188	0.472812	1.645531
34056	-1020.999	-1231.39	210.391	1.551397	0.7924731	0.527188	0.472812	2.424192
34062	-1025.149	-1236.741	211.5917	1.82147	0.4136463	0.485971	0.514029	1.827225
34068	-1029.164	-1240.862	211.6978	1.754883	0.392992	0.45628	0.54372	1.827225
34074	-1026.036	-1237.635	211.5983	1.683427	0.3926858	0.532	0.468	1.943976
34080	-1023.229	-1234.816	211.5869	1.765494	0.3926858	0.532	0.468	1.896212
34086	-1025.318	-1236.553	211.2357	1.693084	0.4620145	0.326357	0.673643	2.093572
34092	-1017.082	-1228.872	211.7907	1.718931	0.5530311	0.470169	0.529831	1.59149
34098	-1013.259	-1224.757	211.4978	1.796347	0.439108	0.669045	0.330955	1.876537
34104	-1022.78	-1234.84	212.0608	1.806811	0.6005573	0.424285	0.575715	1.260247
34110	-1017.094	-1228.072	210.9774	1.624694	0.7282592	0.530139	0.469861	2.049786
34116	-1012.811	-1224.167	211.3558	1.562396	0.309534	0.507	0.493	2.296756
34122	-1022.087	-1233.159	211.0724	1.45358	0.4527942	0.584649	0.415351	2.3638
34128	-1018.83	-1229.164	210.3342	1.557021	0.4527942	0.545321	0.454679	2.75837
34134	-1028.89	-1237.761	208.8703	1.376008	0.5951916	0.438926	0.561074	3.59958
34140	-1050.656	-1260.514	209.8573	1.305123	0.4896184	0.438926	0.561074	3.15881
34146	-1040.221	-1248.888	208.6667	1.323967	0.5455657	0.400214	0.599786	3.790666
34152	-1020.976	-1230.146	209.1697	1.438895	0.451831	0.526008	0.473992	3.522863
34158	-1041.81	-1252.09	210.2805	1.501518	0.451831	0.448712	0.551288	2.825885
34164	-1048.803	-1259.807	211.0032	1.995247	1.272621	0.679156	0.320844	1.37589
34170	-1046.374	-1257.611	211.2366	2.053509	0.8202881	0.440204	0.559796	1.490978
34176	-1021.433	-1233.168	211.7351	2.142926	0.5488421	0.623598	0.376402	1.315174
34182	-1031.86	-1243.285	211.4254	2.177781	0.5488421	0.527551	0.472449	1.527363
34188	-1030.261	-1241.664	211.403	2.031625	0.4274713	0.475065	0.524935	1.794574
34194	-1015.648	-1227.247	211.5994	2.004046	0.4710348	0.559719	0.440281	1.620322
34200	-1026.501	-1237.357	210.8554	1.804805	0.4046864	0.448793	0.551207	2.334755
34206	-1019.25	-1229.951	210.7013	1.75861	0.4179235	0.404786	0.595214	2.44559
34212	-1024.746	-1234.853	210.1071	1.717115	0.4179235	0.443754	0.556246	2.837806
34218	-1029.283	-1240.366	211.0828	1.556134	0.3711207	0.689592	0.310408	2.390158
34224	-1027.999	-1237.724	209.7251	1.454239	0.3729519	0.289029	0.710971	3.275689
34230	-1019.707	-1231.186	211.4793	1.773142	0.4932591	0.512576	0.487424	1.840724
34236	-1020.614	-1232.257	211.6429	1.860841	0.4932591	0.601919	0.398081	1.664854
34242	-1028.176	-1239.209	211.0327	1.695411	0.7179145	0.317656	0.682344	1.974733
34248	-1019.796	-1230.639	210.843	1.695411	0.577394	0.507501	0.492499	2.22649
34254	-1033.447	-1244.684	211.2371	1.82411	0.893713	0.499032	0.500968	1.599332
34260	-1029.981	-1241.071	211.0903	1.684196	0.6846314	0.499032	0.500968	1.972648
34266	-1025.581	-1236.56	210.9785	1.743941	0.5202181	0.423422	0.576578	2.164694
34272	-1028.413	-1239.357	210.9439	1.757801	0.4185503	0.295704	0.704296	2.291548
34278	-1029.221	-1238.952	209.7311	1.58472	0.5639945	0.346766	0.653234	2.996346
34284	-1024.817	-1235.727	210.9101	1.662811	0.3494208	0.589174	0.410826	2.460014
34290	-1013.277	-1223.724	210.4468	1.79445	0.6922386	0.589174	0.410826	2.314028
34296	-1021.372	-1232.724	211.3522	1.986581	0.5111732	0.589174	0.410826	1.760513
34302	-1015.477	-1227.332	211.8557	2.065713	0.4672654	0.437793	0.562207	1.386778
34308	-1023.073	-1234.975	211.902	2.065713	0.4813846	0.432292	0.567708	1.330922
34314	-1019.681	-1231.806	212.1246	2.035447	0.4813846	0.368227	0.631773	1.170573
34320	-1023.982	-1235.968	211.9865	2.076679	0.4813846	0.368227	0.631773	1.253113
34326	-1027.339	-1239.259	211.9199	2.003395	0.5616378	0.555371	0.444629	1.262106
34332	-1034.09	-1245.578	211.4878	1.931705	0.5306134	0.56751	0.43249	1.681581
34338	-1036.699	-1248.149	211.4497	1.931705	0.4560333	0.567461	0.432539	1.795808
34344	-1028.975	-1240.252	211.2772	1.931705	0.4683929	0.457127	0.542873	1.899305
34350	-1037.495	-1248.927	211.4321	1.956386	0.4115839	0.628695	0.371305	1.846819
34356	-1033.004	-1244.304	211.2996	1.919437	0.6192938	0.405198	0.594802	1.729331
34362	-1026.087	-1238.395	212.3073	1.966156	0.3268458	0.551554	0.448446	1.324494
34368	-1033.704	-1245.141	211.4368	2.126971	0.6399317	0.515138	0.484862	1.456646
34374	-1027.344	-1238.516	211.1713	2.02612	0.4646496	0.426512	0.573488	1.911446
34380	-1045.408	-1255.619	210.2114	1.799807	0.520749	0.588192	0.411808	2.614238
34386	-1044.544	-1254.759	210.2149	1.647991	0.5892191	0.367609	0.632391	2.640825
34392	-1036.201	-1246.963	210.7625	1.818674	0.5639583	0.3861	0.6139	2.211956
34398	-1036.29	-1246.996	210.7056	1.837553	0.4264095	0.535856	0.464144	2.383112
34404	-1019.508	-1230.143	210.6354	1.980669	1.203964	0.43658	0.56342	1.702895
34410	-1013.267	-1224.902	211.6344	1.889071	0.8049558	0.401812	0.598188	1.323747
34416	-1012.895	-1224.268	211.3735	1.906993	0.8633051	0.401812	0.598188	1.461274
34422	-1011.768	-1222.547	210.779	1.663374	0.8805223	0.445371	0.554629	2.036839
34428	-1014.211	-1224.759	210.5477	1.86176	1.015137	0.403309	0.596691	1.965254
34434	-991.3859	-1201.26	209.8736	1.694541	0.625928	0.486082	0.513918	2.789062
34440	-1007.857	-1218.126	210.2693	1.65664	0.6741993	0.444319	0.555681	2.527828
34446	-1007.665	-1218.471	210.8059	1.697664	0.8185318	0.463336	0.536664	2.042682
34452	-1021.87	-1233.361	211.4912	1.914281	0.6790379	0.463336	0.536664	1.535653
34458	-1020.406	-1230.803	210.3969	1.826539	0.5394121	0.30041	0.69959	2.463667
34464	-1026.902	-1238.306	211.4042	1.882942	0.5682478	0.510536	0.489464	1.733977
34470	-1018.223	-1230.072	211.8491	2.361257	0.4553091	0.374717	0.625283	1.166043
34476	-1024.93	-1237.086	212.156	2.365578	0.4768877	0.4031	0.5969	0.8087491
34482	-1022.987	-1235.104	212.1178	2.016284	0.5883933	0.433	0.567	1.039837
34488	-1015.559	-1227.2	211.6412	2.178626	0.760339	0.449689	0.550311	1.117765
34494	-1016.482	-1228.151	211.6688	2.153695	0.6441276	0.563668	0.436332	1.246442
34500	-1020.261	-1231.711	211.4503	1.923423	1.100751	0.227587	0.772413	1.192212
34506	-1010.964	-1222.063	211.0982	1.927958	1.065611	0.647597	0.352403	1.496012
34512	-1010.619	-1221.978	211.3594	2.085593	0.9764051	0.410713	0.589287	1.234459
34518	-1009.182	-1220.397	211.2146	1.834554	0.723722	0.408867	0.591133	1.750149
34524	-1025.45	-1236.655	211.2048	1.832603	0.8047245	0.51368	0.48632	1.68864
34530	-1028.865	-1240.408	211.5428	1.898501	0.5936048	0.421645	0.578355	1.596869
34536	-1033.966	-1245.37	211.4041	1.745533	0.4384621	0.579052	0.420948	1.974905
34542	-1023.643	-1235.724	212.0811	1.842619	0.4384621	0.321979	0.678021	1.424575
34548	-1031.986	-1243.207	211.2217	1.920989	0.9189128	0.473268	0.526732	1.519387
34554	-1026.603	-1237.819	211.2158	1.901705	0.7617603	0.371485	0.628515	1.668304
34560	-1031.534	-1243.472	211.9385	2.038823	0.7520359	0.314151	0.685849	0.9767134
34566	-1022.665	-1234.352	211.687	1.889233	0.7520359	0.579516	0.420484	1.332567
34572	-1020.085	-1231.971	211.8854	1.999636	0.7533584	0.588165	0.411835	1.065531
34578	-1016.504	-1228.276	211.7722	1.948038	0.7533584	0.386631	0.613369	1.21259
34584	-1021.005	-1232.096	211.0903	1.907614	0.4794134	0.401096	0.598904	2.028156
34590	-1010.745	-1222.083	211.3374	1.655303	0.4794134	0.401096	0.598904	2.031584
34596	-1003.64	-1214.83	211.1891	1.788955	0.7667951	0.485512	0.514488	1.762359
34602	-1016.202	-1226.767	210.5651	1.793316	0.6213691	0.485512	0.514488	2.300939
34608	-1024.196	-1235.032	210.8364	1.722156	0.6213691	0.511299	0.488701	2.172039
34614	-1019.701	-1231.294	211.5933	1.765978	0.3932156	0.437938	0.562062	1.890824
34620	-1005.379	-1216.549	211.1702	1.683845	0.6039115	0.336574	0.663426	1.994045
34626	-1015.125	-1226.184	211.0583	1.683845	0.6699472	0.402858	0.597142	2.007295
34632	-1028.494	-1239.167	210.6725	1.659557	0.6676059	0.402858	0.597142	2.276931
34638	-1010.316	-1221.707	211.3914	1.674004	0.5027086	0.456777	0.543223	1.957042
34644	-1010.521	-1221.997	211.4765	1.749985	0.5226983	0.529546	0.470454	1.8255
34650	-1012.417	-1224.209	211.7921	1.749985	0.3501156	0.601614	0.398386	1.8255
34656	-1027.836	-1238.853	211.017	1.926012	0.9663051	0.483395	0.516605	1.629402
34662	-1031.334	-1242.199	210.865	1.766385	0.6171334	0.531718	0.468282	2.12851
34668	-1034.063	-1243.748	209.685	1.745726	0.5229863	0.446353	0.553647	2.965761
34674	-1012.764	-1224.534	211.7699	1.850103	0.4822505	0.513422	0.486578	1.594352
34680	-1018.6	-1228.123	209.5229	1.712133	1.267098	0.436639	0.563361	2.572823
34686	-1015.827	-1227.315	211.4878	1.647047	0.448415	0.452467	0.547533	1.972827
34692	-1028.161	-1238.354	210.1932	1.577371	0.7144903	0.592867	0.407133	2.5916
34698	-1035.117	-1246.024	210.907	1.478319	0.6843535	0.46513	0.53487	2.228318
34704	-1032.333	-1243.524	211.1913	1.605288	0.8628859	0.466125	0.533875	1.810644
34710	-1038.629	-1249.871	211.2421	1.607522	0.819797	0.466125	0.533875	1.807854
34716	-1030.827	-1242.469	211.6415	1.734005	0.5277944	0.32602	0.67398	1.715981
34722	-1035.17	-1246.041	210.8704	1.64988	0.90074	0.533099	0.466901	1.970272
34728	-1037.663	-1249.458	211.7951	1.908098	0.5592775	0.350375	0.649625	1.439812
34734	-1028.248	-1239.041	210.7929	1.930654	0.6245444	0.350375	0.649625	2.061061
34740	-1028.873	-1240.068	211.1947	1.754652	0.4480875	0.428016	0.571984	2.09625
34746	-1023.786	-1234.701	210.9148	1.747927	0.6297946	0.350342	0.649658	2.09625
34752	-1015.665	-1225.833	210.1679	1.427954	0.6297946	0.434084	0.565916	2.76884
34758	-1018.61	-1228.221	209.6105	1.463169	0.5017388	0.623361	0.376639	3.199517
34764	-1023.903	-1234.151	210.2482	1.666425	0.6280265	0.380345	0.619655	2.574228
34770	-1029.726	-1240.82	211.094	1.834075	0.5343763	0.3864	0.6136	2.014674
34776	-1014.88	-1226.329	211.4484	1.897735	0.5122359	0.418489	0.581511	1.754183
34782	-1022.645	-1234.198	211.5525	2.054118	0.434291	0.392998	0.607002	1.664804
34788	-1013.885	-1225.661	211.7752	1.755033	0.4776011	0.463874	0.536126	1.664804
34794	-1026.109	-1237.35	211.2411	1.824762	0.3894878	0.684991	0.315009	2.091647
34800	-1024.847	-1235.926	211.0792	1.620414	0.6087922	0.31749	0.68251	2.091647
34806	-1014.829	-1224.976	210.1475	1.742477	0.3941994	0.601643	0.398357	2.825359
34812	-1018.896	-1230.019	211.1227	1.811908	0.5442741	0.419244	0.580756	2.000056
34818	-1015.981	-1227.199	211.2183	1.942979	0.5060771	0.653329	0.346671	1.888496
34824	-1013.574	-1225.159	211.5854	1.6791	0.4458023	0.480128	0.519872	1.888496
34830	-1023.138	-1234.276	211.138	1.816569	0.74605	0.492438	0.507562	1.796475
34836	-1027.626	-1238.277	210.6508	1.624964	0.74605	0.64239	0.35761	2.247946
34842	-1027.052	-1237.51	210.4576	1.592329	0.7706911	0.454555	0.545445	2.372804
34848	-1018.154	-1229.163	211.0092	1.927149	0.7823655	0.531133	0.468867	1.778362
34854	-1027.29	-1239.048	211.7579	1.856262	0.4959409	0.516513	0.483487	1.581836
34860	-1015.995	-1226.703	210.7087	1.808756	0.8732413	0.516513	0.483487	1.992266
34866	-1035.373	-1246.605	211.2323	1.997436	0.8679308	0.469502	0.530498	1.495733
34872	-1011.313	-1222.752	211.4388	1.82333	0.9459829	0.469502	0.530498	1.406965
34878	-1013.127	-1223.994	210.8666	1.632476	1.084033	0.55657	0.44343	1.859635
34884	-1025.051	-1236.413	211.3618	1.84284	0.6281346	0.466347	0.533653	1.730602
34890	-1006.591	-1218.171	211.58	1.954372	0.5813526	0.571181	0.428819	1.541818
34896	-1015.473	-1226.938	211.4647	1.914606	0.5648701	0.443094	0.556906	1.672401
34902	-1002.044	-1213.603	211.5594	1.968755	0.4451848	0.458797	0.541203	1.706605
34908	-1007.344	-1219.301	211.9576	2.125606	0.4451848	0.640769	0.359231	1.288632
34914	-1014.763	-1226.23	211.4668	1.897951	0.8819037	0.48697	0.51303	1.3804
34920	-1016.985	-1228.159	211.1741	1.897951	0.5799793	0.612143	0.387857	1.870661
34926	-1018.363	-1229.409	211.0456	1.890468	0.676576	0.646987	0.353013	1.870661
34932	-1022.188	-1233.446	211.258	1.941384	0.4483418	0.641009	0.358991	1.929537
34938	-1012.895	-1223.401	210.5064	1.866944	0.5336108	0.408675	0.591325	2.374921
34944	-1012.411	-1222.934	210.5227	1.619797	0.694493	0.299486	0.700514	2.374921
34950	-1021.757	-1233.099	211.3427	1.728619	0.6480743	0.523437	0.476563	1.80424
34956	-1034.682	-1246.242	211.5594	1.794344	0.468529	0.475888	0.524112	1.799869
34962	-1027.588	-1239.014	211.4256	2.068411	0.950686	0.51592	0.48408	1.215326
34968	-1033.168	-1244.732	211.5642	2.239767	0.730696	0.454365	0.545635	1.164691
34974	-1028.132	-1239.66	211.5278	1.977979	0.8323333	0.354021	0.645979	1.312447
34980	-1021.608	-1232.784	211.1762	1.842858	0.9942055	0.614059	0.385941	1.55332
34986	-1010.136	-1221.254	211.1176	2.045463	0.9890509	0.494228	0.505772	1.449191
34992	-1006.568	-1217.636	211.0685	2.094533	0.9890509	0.494228	0.505772	1.449191
34998	-999.6332	-1211.036	211.4026	2.045272	0.6858754	0.513461	0.486539	1.49723
35004	-1003.65	-1214.775	211.1254	2.073926	1.028935	0.452091	0.547909	1.390593
35010	-1012.144	-1223.327	211.1833	2.076971	0.5898418	0.412826	0.587174	1.730251
35016	-1006.079	-1217.638	211.5591	2.037055	0.6306024	0.310438	0.689562	1.441844
35022	-1000.838	-1212.648	211.81	2.118196	0.5613192	0.42768	0.57232	1.258448
35028	-1009.643	-1221.187	211.5443	1.953627	0.6535725	0.596863	0.403137	1.492255
35034	-1003.316	-1214.262	210.9457	1.706851	0.7073016	0.530694	0.469306	2.034106
35040	-1013.134	-1224.679	211.5456	2.011674	0.470386	0.530694	0.469306	1.654358
35046	-1005.998	-1217.352	211.3542	2.031948	0.5548621	0.649385	0.350615	1.67837
35052	-1014.253	-1226.207	211.9539	2.031948	0.2586709	0.489379	0.510621	1.662883
35058	-1025.453	-1237.102	211.649	2.031948	0.682917	0.544736	0.455264	1.319456
35064	-1025.072	-1237.071	211.9989	1.903133	0.571982	0.439838	0.560162	1.266741
35070	-1014.754	-1226.654	211.8993	2.01988	0.5611655	0.372578	0.627422	1.266097
35076	-1009.804	-1221.462	211.6577	1.941207	0.4733093	0.361419	0.638581	1.620751
35082	-1007.036	-1218.424	211.3879	1.498516	0.4647446	0.424736	0.575264	2.118225
35088	-1019.606	-1230.359	210.7526	1.464687	0.9764591	0.424736	0.575264	2.118225
35094	-1012.148	-1223.513	211.3646	1.607181	0.7436005	0.393563	0.606437	1.786667
35100	-1022.344	-1233.274	210.9299	1.741661	0.6337289	0.509879	0.490121	2.086844
35106	-1034.007	-1243.209	209.2023	1.582398	0.7691021	0.605223	0.394777	3.147682
35112	-1021.487	-1232.481	210.9937	1.724137	0.6706733	0.46622	0.53378	2.022791
35118	-1021.34	-1231.833	210.4925	1.628161	0.8971529	0.289936	0.710064	2.235024
35124	-1027.358	-1237.146	209.7885	1.645734	0.7185318	0.517427	0.482573	2.794957
35130	-1035.028	-1246.222	211.1932	1.820877	0.7185318	0.286039	0.713961	1.779182
35136	-1034.206	-1245.955	211.749	1.740746	0.6835933	0.406443	0.593557	1.467938
35142	-1033.963	-1245.413	211.4496	1.804439	0.9256172	0.608968	0.391032	1.429723
35148	-1024.743	-1235.857	211.1146	1.905844	0.9985679	0.694211	0.305789	1.549052
35154	-1016.466	-1228.186	211.7197	1.905844	0.8162032	0.685185	0.314815	1.229003
35160	-1016.681	-1228.297	211.6152	2.067335	0.8267934	0.3389	0.6611	1.169647
35166	-1026.164	-1238.045	211.8804	2.12463	0.5522332	0.282654	0.717346	1.205518
35172	-1014.783	-1226.441	211.658	1.894762	0.436775	0.676709	0.323291	1.699909
35178	-1010.733	-1222.74	212.007	2.080954	0.436775	0.325836	0.674164	1.297097
35184	-1010.448	-1222.404	211.9556	2.000817	0.436775	0.702596	0.297404	1.401614
35190	-1011.299	-1222.845	211.5461	2.000817	0.4124182	0.461002	0.538998	1.735836
35196	-1020.21	-1231.855	211.6445	1.922998	0.2436184	0.458837	0.541163	1.978599
35202	-1028.033	-1239.656	211.6234	2.187541	0.4435953	0.458837	0.541163	1.503144
35208	-1014.214	-1226.355	212.1413	2.297403	0.349344	0.458837	0.541163	1.144633
35214	-1009.127	-1220.918	211.7909	2.297403	0.3316628	0.472942	0.527058	1.460726
35220	-1010.401	-1222.099	211.6981	2.324151	0.3913657	0.368801	0.631199	1.416905
35226	-1008.601	-1220.077	211.4764	2.09356	0.4494797	0.438753	0.561247	1.671421
35232	-1023.942	-1235.823	211.8816	2.187498	0.4494797	0.310651	0.689349	1.293819
35238	-1027.765	-1239.264	211.4987	2.137508	0.6935487	0.405649	0.594351	1.344029
35244	-1024.848	-1236.454	211.6053	2.265931	0.6935487	0.58123	0.41877	1.147469
35250	-1025.743	-1237.582	211.8384	2.023064	0.7010965	0.281548	0.718452	1.147469
35256	-1022.442	-1234.272	211.8295	2.129263	0.605152	0.599866	0.400134	1.177374
35262	-1032.175	-1244.294	212.1182	2.305397	0.4413678	0.444103	0.555897	0.9900365
35268	-1023.177	-1234.815	211.6385	2.098419	0.58962	0.264292	0.735708	1.378425
35274	-1022.415	-1233.786	211.3706	2.098419	0.4995415	0.518191	0.481809	1.682207
35280	-1023.223	-1234.812	211.589	2.098419	0.415097	0.476519	0.523481	1.632354
35286	-1017.585	-1229.527	211.9415	2.074241	0.3881602	0.498688	0.501312	1.426777
35292	-1024.616	-1235.914	211.2983	2.070022	0.8908268	0.369036	0.630964	1.369896
35298	-1019.676	-1231.245	211.569	1.965036	0.4701388	0.369036	0.630964	1.671223
35304	-1019.946	-1231.195	211.249	1.743458	0.4831544	0.264591	0.735409	2.027537
35310	-1029.774	-1241.063	211.2882	1.871685	0.4831544	0.389977	0.610023	1.915349
35316	-1024.618	-1235.675	211.0565	1.871685	0.4420879	0.387055	0.612945	2.117172
35322	-1039.332	-1250.132	210.8004	1.562133	0.5754459	0.449956	0.550044	2.340938
35328	-1047.027	-1257.899	210.8718	1.939129	0.6456727	0.506937	0.493063	1.983428
35334	-1039.263	-1249.992	210.7292	1.939129	0.9030626	0.337248	0.662752	1.868458
35340	-1035.716	-1246.886	211.1702	1.64725	0.5920405	0.360372	0.639628	2.029902
35346	-1048.874	-1260.156	211.2824	1.83427	0.750641	0.402254	0.597746	1.67863
35352	-1037.739	-1249.483	211.7443	1.866616	0.5077663	0.488575	0.511425	1.569943
35358	-1031.51	-1242.848	211.3375	1.891941	0.8182452	0.547541	0.452459	1.538041
35364	-1017.881	-1228.891	211.0102	1.608385	0.7912042	0.40189	0.59811	1.987583
35370	-1033.295	-1244.433	211.1382	1.644753	0.7134605	0.41555	0.58445	1.941748
35376	-1019.464	-1230.02	210.5569	1.680373	0.7536713	0.420399	0.579601	2.266617
35382	-1030.966	-1241.423	210.4572	1.861976	0.6893401	0.36053	0.63947	2.266617
35388	-1024.959	-1236.419	211.4597	1.920174	0.7902818	0.339682	0.660318	1.449702
35394	-1041.301	-1253.31	212.0092	1.790625	0.5484728	0.51214	0.48786	1.377825
35400	-1028.548	-1240.134	211.5855	2.068652	0.451408	0.602992	0.397008	1.608392
35406	-1021.601	-1233.226	211.6251	1.942594	0.6818175	0.364173	0.635827	1.410036
35412	-1029.589	-1241.159	211.5698	1.919459	0.7026518	0.45624	0.54376	1.449314
35418	-1023.077	-1234.647	211.5698	1.919459	0.7026518	0.49518	0.50482	1.449314
35424	-1025.152	-1236.434	211.2821	1.919459	0.8902843	0.418723	0.581277	1.498437
35430	-1024.078	-1235.496	211.4183	2.043918	0.9514983	0.267376	0.732624	1.241489
35436	-1008.268	-1219.559	211.2909	2.03898	0.8536845	0.428512	0.571488	1.431769
35442	-1013.442	-1225.241	211.7992	1.99084	0.5915041	0.582838	0.417162	1.334181
35448	-1012.305	-1222.85	210.5444	1.856101	0.8059502	0.546882	0.453118	2.120205
35454	-1001.875	-1212.856	210.9806	1.890114	0.8059502	0.437481	0.562519	1.804467
35460	-1023.748	-1233.651	209.903	2.004198	2.043612	0.605423	0.394577	1.787126
35466	-1010.446	-1220.889	210.4428	1.795616	0.9616869	0.487477	0.512523	2.114329
35472	-1010.151	-1220.565	210.4132	1.820548	0.6424011	0.638517	0.361483	2.361567
35478	-1015.98	-1226.048	210.0675	1.940642	1.203263	0.441609	0.558391	2.11565
35484	-1021.02	-1229.741	208.7217	1.807217	1.37755	0.280462	0.719538	2.949526
35490	-1026.78	-1235.895	209.1145	1.708629	0.7840469	0.3643	0.6357	3.114096
35496	-1024.501	-1235.481	210.9806	1.397799	0.6914225	0.528771	0.471229	2.226767
35502	-1026.478	-1236.826	210.3473	1.397799	0.4146166	0.574797	0.425203	2.889458
35508	-1028.799	-1238.991	210.192	1.614585	0.8105704	0.478944	0.521056	2.496005
35514	-1017.265	-1227.721	210.4555	1.487994	0.7784755	0.421473	0.578527	2.434043
35520	-1005.035	-1213.635	208.5993	1.280763	0.7449656	0.656342	0.343658	3.694966
35526	-1012.642	-1220.67	208.0278	1.31139	0.9117402	0.374576	0.625424	3.895739
35532	-1012.305	-1221.93	209.6247	1.522082	0.6822096	0.674543	0.325457	2.997232
35538	-997.3375	-1208.714	211.3764	1.803653	0.6030407	0.566684	0.433316	1.772893
35544	-1005.019	-1216.392	211.3734	1.90842	0.6616881	0.566684	0.433316	1.642841
35550	-1022.701	-1234.699	211.9974	1.900276	0.5186461	0.600774	0.399226	1.33771
35556	-1006.027	-1217.866	211.8383	1.9852	0.4417987	0.475444	0.524556	1.496188
35562	-995.6845	-1207.552	211.8676	1.9852	0.4257033	0.470325	0.529675	1.496188
35568	-1003.791	-1215.731	211.9405	1.9852	0.3995031	0.522499	0.477501	1.478575
35574	-1020.226	-1231.776	211.5499	1.867459	0.3849167	0.424675	0.575325	1.862387
35580	-1021.381	-1232.39	211.0092	1.717608	0.7112312	0.405357	0.594643	1.981322
35586	-1017.22	-1227.285	210.0655	1.600467	0.9450822	0.352658	0.647342	2.491158
35592	-1015.855	-1225.592	209.7372	1.770854	0.9450822	0.398269	0.601731	2.589435
35598	-1015.018	-1225.826	210.8077	1.611657	0.5504198	0.645463	0.354537	2.328997
35604	-1024.055	-1234.773	210.7185	1.636978	0.5928593	0.409415	0.590585	2.328997
35610	-1012.455	-1222.518	210.0625	1.717376	0.4382641	0.44963	0.55037	2.841984
35616	-1011.851	-1222.699	210.8476	1.777018	0.5971972	0.566113	0.433887	2.151703
35622	-1018.439	-1229.615	211.1764	1.786157	0.4504454	0.350527	0.649473	2.084815
35628	-1018.155	-1229.568	211.4121	1.884299	0.6017309	0.464296	0.535704	1.692437
35634	-1014.352	-1224.83	210.4779	1.763791	0.5977571	0.411388	0.588612	2.396653
35640	-1017.998	-1229.11	211.1119	1.631904	0.6402902	0.411388	0.588612	2.033096
35646	-1034.279	-1245.648	211.3685	1.77482	0.5635462	0.453802	0.546198	1.838809
35652	-1029.476	-1240.678	211.2016	1.869956	0.6121685	0.450127	0.549873	1.838809
35658	-1020.375	-1231.806	211.4308	2.034947	0.5003297	0.355969	0.644031	1.683606
35664	-1013.997	-1225.63	211.6327	1.937148	0.5003297	0.51964	0.48036	1.608836
35670	-1013.7	-1224.348	210.6481	1.788055	0.5118119	0.438865	0.561135	2.357243
35676	-1009.157	-1220.506	211.3492	2.000945	0.5665327	0.374773	0.625227	1.691328
35682	-991.9088	-1203.428	211.519	2.001095	0.4095829	0.648982	0.351018	1.758378
35688	-996.0407	-1207.766	211.7251	2.1666	0.5611904	0.680754	0.319246	1.288664
35694	-1023.211	-1234.397	211.187	2.153001	0.4469745	0.441857	0.558143	1.835492
35700	-1014.532	-1225.652	211.1205	1.848838	0.4852476	0.273215	0.726785	2.040528
35706	-1029.114	-1240.932	211.8177	1.929932	0.3787214	0.740326	0.259674	1.639742
35712	-1018.461	-1229.974	211.5137	1.834425	0.6069778	0.7725	0.2275	1.650137
35718	-1044.936	-1256.254	211.3179	1.92478	0.4388297	0.357558	0.642442	1.91181
35724	-1031.378	-1242.237	210.859	1.92478	0.5490979	0.461313	0.538687	2.094862
35730	-1015.446	-1226.811	211.365	1.76654	0.5116351	0.687144	0.312856	1.902574
35736	-1015.716	-1226.387	210.6716	1.697087	0.5728693	0.449111	0.550889	2.339491
35742	-1023.035	-1233.879	210.8436	1.738625	0.5380455	0.395185	0.604815	2.237081
35748	-1031.183	-1241.892	210.7094	1.815788	0.5752477	0.638738	0.361262	2.237081
35754	-1020.748	-1231.849	211.1019	1.95219	0.5752477	0.507126	0.492874	1.887738
35760	-1014.888	-1226.223	211.3351	1.834755	0.4432283	0.388775	0.611225	1.955595
35766	-1023.122	-1233.46	210.339	1.547445	0.7802763	0.618717	0.381283	2.46854
35772	-1034.019	-1244.557	210.5383	1.675295	0.9818418	0.734282	0.265718	2.117064
35778	-1029.445	-1240.502	211.0565	1.858636	0.473265	0.639375	0.360625	2.089765
35784	-1030.265	-1241.366	211.1012	1.853689	0.4717263	0.649414	0.350586	2.065287
35790	-1023.391	-1234.483	211.0918	1.982092	0.3381486	0.466402	0.533598	2.155408
35796	-1030.126	-1242.012	211.8863	1.98808	0.4541722	0.756409	0.243591	1.44088
35802	-1013.707	-1225.527	211.8197	2.087911	0.4121493	0.561565	0.438435	1.473977
35808	-1022.192	-1233.149	210.957	1.905394	0.4121493	0.505283	0.494717	2.195929
35814	-1011.534	-1222.324	210.7901	1.787525	0.4911261	0.241078	0.758922	2.288843
35820	-1011.538	-1222.471	210.9332	1.66489	0.3053744	0.420303	0.579697	2.504957
35826	-1005.667	-1216.511	210.8439	1.767172	0.4606	0.420303	0.579697	2.300857
35832	-1002.325	-1213.437	211.1121	1.594255	0.4083586	0.389853	0.610147	2.300857
35838	-1019.754	-1229.166	209.4123	1.760146	0.3252289	0.593837	0.406163	3.33909
35844	-1014.479	-1226.225	211.7456	1.595	0.2404102	0.483721	0.516279	2.1342
35850	-1020.091	-1230.769	210.6785	1.710988	0.2312019	0.495729	0.504271	2.748766
35856	-1016.635	-1227.642	211.0075	1.710988	0.3346465	0.53737	0.46263	2.388204
35862	-1019.614	-1230.451	210.8366	1.794599	0.4782192	0.413326	0.586674	2.268503
35868	-1026.309	-1237.695	211.3864	1.867865	0.4755097	0.37253	0.62747	1.860019
35874	-1033.124	-1243.812	210.6882	1.878194	0.4434422	0.378065	0.621935	2.348736
35880	-1018.985	-1229.62	210.6345	1.878194	0.5843615	0.453551	0.546449	2.236384
35886	-1024.633	-1236.561	211.9277	1.982142	0.5137709	0.563878	0.436122	1.334278
35892	-1036.163	-1247.612	211.4492	2.192145	0.7409396	0.427971	0.572029	1.291057
35898	-1028.551	-1240.287	211.7364	1.94959	0.7058617	0.756956	0.243044	1.291057
35904	-1025.574	-1236.728	211.1537	1.961366	0.803034	0.445034	0.554966	1.634552
35910	-1021.005	-1231.158	210.1533	2.136162	2.143383	0.449024	0.550976	1.470128
35916	-1028.222	-1238.93	210.7077	2.068063	1.543152	0.449024	0.550976	1.386566
35922	-1014.289	-1225.591	211.3016	1.891883	1.096115	0.385752	0.614248	1.344642
35928	-1018.751	-1229.88	211.1289	1.922223	0.9724202	0.559089	0.440911	1.545869
35934	-1026.294	-1237.81	211.5161	2.221211	0.9856459	0.449619	0.550381	0.9555484
35940	-1016.075	-1226.73	210.6557	2.221211	1.924557	0.568049	0.431951	1.090387
35946	-1022.513	-1232.829	210.3161	2.221211	2.328391	0.418651	0.581349	1.191364
35952	-1018.951	-1230.629	211.6783	2.153797	1.018512	0.53999	0.46001	0.8076633
35958	-1027.128	-1238.839	211.7111	2.153797	1.018512	0.543012	0.456988	0.7625057
35964	-1020.533	-1232.164	211.6311	2.381752	0.9366631	0.424549	0.575451	0.6515091
35970	-1020.912	-1232.508	211.5958	2.48776	0.9025598	0.394048	0.605952	0.5458459
35976	-1026.116	-1237.631	211.5151	2.564682	0.9088991	0.217599	0.782401	0.4789013
35982	-1026.194	-1237.779	211.5853	2.514647	0.8906627	0.414514	0.585486	0.5150815
35988	-1016.336	-1227.902	211.5667	2.5335	0.8906627	0.630655	0.369345	0.4909575
35994	-1018.714	-1229.634	210.92	2.701139	1.412272	0.449901	0.550099	0.5522104
36000	-1023.773	-1234.695	210.9223	2.701139	1.412272	0.385161	0.614839	0.4634866
36006	-1024.541	-1235.595	211.0548	2.701139	1.247878	0.353817	0.646183	0.4634866
36012	-1012.6	-1223.657	211.0571	2.701139	1.246594	0.284369	0.715631	0.4721075
36018	-1024.293	-1235.73	211.4377	2.6356	0.9143186	0.40418	0.59582	0.4721075
36024	-1021.56	-1233.214	211.6545	2.567102	0.7832229	0.43947	0.56053	0.4721075
36030	-1009.409	-1220.982	211.5729	2.58171	0.8416472	0.583863	0.416137	0.5144522
36036	-1029.12	-1240.023	210.9033	2.729386	1.398078	0.789571	0.210429	0.4539628
36042	-1024.239	-1235.496	211.2567	2.675184	1.009025	0.381483	0.618517	0.3640288
36048	-1004.305	-1215.591	211.2854	2.624666	1.07839	0.533541	0.466459	0.5017019
36054	-1008.195	-1219.43	211.2356	2.624666	1.131599	0.34891	0.65109	0.485013
36060	-1003.509	-1215.065	211.5558	2.559097	0.8771595	0.449671	0.550329	0.5121598
36066	-1014.639	-1226.187	211.5482	2.551843	0.8909601	0.490266	0.509734	0.4948706
36072	-1023.579	-1235.367	211.7889	2.551843	0.6892219	0.407774	0.592226	0.5145787
36078	-1029.739	-1241.098	211.359	2.482459	1.150555	0.520963	0.479037	0.4679385
36084	-1026.442	-1237.65	211.2081	2.63382	1.150555	0.520963	0.479037	0.4714407
36090	-1025.505	-1236.783	211.2781	2.676895	1.027245	0.474198	0.525802	0.454957
36096	-1012.224	-1223.5	211.2757	2.581032	1.126309	0.435001	0.564999	0.5693596
36102	-1012.879	-1224.203	211.3244	2.49615	1.096399	0.521391	0.478609	0.715599
36108	-1024.666	-1235.86	211.1936	2.613286	1.178376	0.412186	0.587814	0.581334
36114	-1017.853	-1229.164	211.3104	2.501076	1.178376	0.475545	0.524455	0.562924
36120	-1015.604	-1227.232	211.6277	2.335766	0.9876618	0.556549	0.443451	0.6447679
36126	-1009.694	-1221.434	211.7399	2.287095	0.9261428	0.400201	0.599799	0.6447679
36132	-1016.427	-1228.41	211.9822	2.294666	0.7115902	0.546275	0.453725	0.6447679
36138	-1002.975	-1214.154	211.1797	2.562362	1.262359	0.31833	0.68167	0.5485849
36144	-997.0889	-1208.64	211.5513	2.428789	0.9975898	0.549421	0.450579	0.5683967
36150	-1006.934	-1218.339	211.4051	2.411866	1.159679	0.380038	0.619962	0.6023993
36156	-1012.819	-1224.217	211.3978	2.411866	1.159679	0.442373	0.557627	0.6222325
36162	-1002.462	-1213.99	211.5284	2.339734	1.098647	0.448676	0.551324	0.6150934
36168	-1004.621	-1216.144	211.5224	2.358852	1.053091	0.629768	0.370232	0.6809743
36174	-1013.157	-1224.6	211.4426	2.365952	1.130716	0.512455	0.487545	0.6809743
36180	-1005.293	-1216.787	211.4936	2.303307	1.130716	0.565055	0.434945	0.7020168
36186	-993.4869	-1205.013	211.5265	2.189718	1.112979	0.441514	0.558486	0.8404951
36192	-1009.877	-1221.672	211.7945	2.070436	0.8626956	0.497527	0.502473	0.9586256
36198	-1015.824	-1227.117	211.2923	2.134903	1.212846	0.473128	0.526872	1.053271
36204	-1015.86	-1227.117	211.2567	2.052919	1.290444	0.382292	0.617708	1.101871
36210	-1023.544	-1234.551	211.0064	2.047579	1.489815	0.422247	0.577753	1.190761
36216	-1017.542	-1228.669	211.1267	1.951381	1.323715	0.613348	0.386652	1.278348
36222	-1019.439	-1230.97	211.5312	1.771937	0.9733993	0.412956	0.587044	1.352609
36228	-1003.888	-1215.615	211.727	1.942678	0.8454989	0.611836	0.388164	1.162193
36234	-1016.781	-1228.198	211.4165	1.770511	0.9330891	0.328253	0.671747	1.474824
36240	-1013.203	-1224.854	211.6501	1.59792	0.6034952	0.591813	0.408187	1.724847
36246	-1018.189	-1229.323	211.1335	1.707132	0.8640381	0.606378	0.393622	1.779246
36252	-1019.752	-1230.836	211.0841	1.683468	1.151283	0.421662	0.578338	1.627905
36258	-1005.948	-1216.978	211.0301	1.676416	0.5761297	0.519217	0.480783	2.118509
36264	-1019.791	-1231.141	211.3496	1.788284	0.3152193	0.572222	0.427778	2.146677
36270	-1025.383	-1235.972	210.5888	1.719869	0.435003	0.461015	0.538985	2.520489
36276	-1020.184	-1230.809	210.6245	1.711348	0.7318413	0.313703	0.686297	2.22075
36282	-1015.157	-1227.024	211.8668	1.729739	0.6434237	0.555731	0.444269	1.427861
36288	-1005.743	-1217.336	211.5929	2.025702	0.5356368	0.493165	0.506835	1.531235
36294	-1017.491	-1229.148	211.6567	1.985494	0.5208428	0.35477	0.64523	1.531235
36300	-1016.652	-1227.836	211.1838	2.006362	0.5294208	0.583459	0.416541	1.843044
36306	-1022.129	-1232.768	210.6393	1.896579	1.029486	0.416447	0.583553	1.870253
36312	-1015.539	-1227.214	211.6752	2.107007	0.478567	0.416447	0.583553	1.478778
36318	-1014.728	-1226.192	211.4639	2.021314	0.6825937	0.631392	0.368608	1.47238
36324	-1030.38	-1241.796	211.4165	2.021314	0.5838729	0.494914	0.505086	1.609826
36330	-1026.121	-1237.535	211.4138	2.053684	0.5838729	0.421022	0.578978	1.588206
36336	-1017.504	-1229.25	211.7464	1.985463	0.4238787	0.41625	0.58375	1.588206
36342	-1026.863	-1238.016	211.1533	1.866591	0.6547911	0.493005	0.506995	1.833346
36348	-1011.895	-1222.91	211.0148	1.941202	0.4999132	0.340752	0.659248	2.033157
36354	-1007.214	-1218.034	210.8201	1.941202	0.4989871	0.4231	0.5769	2.161976
36360	-1012.883	-1223.815	210.9321	1.825986	0.5009506	0.624616	0.375384	2.161976
36366	-1014.652	-1225.803	211.1504	2.086677	0.4959717	0.315823	0.684177	1.84819
36372	-1016.658	-1227.899	211.2407	2.111576	0.5919153	0.462164	0.537836	1.662862
36378	-1019.892	-1230.962	211.0704	1.990805	0.4597242	0.408336	0.591664	2.008708
36384	-1006.548	-1217.887	211.3384	1.978702	0.4982324	0.408336	0.591664	1.790381
36390	-1015.296	-1226.033	210.7369	1.987139	0.8422376	0.464063	0.535937	1.876412
36396	-1019.457	-1230.817	211.3599	1.932835	0.4399661	0.676088	0.323912	1.876412
36402	-1033.978	-1245.417	211.4391	1.880731	0.4426601	0.286394	0.713606	1.85458
36408	-1026.179	-1236.971	210.7911	1.880731	0.6150409	0.364149	0.635851	2.103989
36414	-1026.617	-1237.871	211.2533	1.880731	0.3722476	0.50178	0.49822	2.069427
36420	-1031.078	-1242.268	211.1895	1.990816	0.376004	0.608444	0.391556	2.033808
36426	-1021.225	-1232.547	211.3221	1.764589	0.4245686	0.646977	0.353023	2.033808
36432	-1016.743	-1227.914	211.1714	1.764589	0.4246861	0.495045	0.504955	2.132827
36438	-1008.799	-1219.569	210.7705	1.64095	0.4787734	0.380833	0.619167	2.407722
36444	-1015.646	-1226.656	211.01	1.797417	0.4020235	0.467444	0.532556	2.243848
36450	-1004.112	-1215.101	210.9897	1.775628	0.4824285	0.493824	0.506176	2.177356
36456	-998.3292	-1209.473	211.1439	1.878148	0.3448755	0.408732	0.591268	2.179772
36462	-994.0479	-1205.168	211.1198	1.799629	0.3855849	0.452019	0.547981	2.192193
36468	-995.1609	-1206.426	211.2651	1.947773	0.2542922	0.515103	0.484897	2.193499
36474	-1007.86	-1218.774	210.9141	1.848629	0.3987217	0.515103	0.484897	2.276617
36480	-1011.897	-1223.292	211.3952	1.776849	0.3996702	0.597759	0.402241	2.008312
36486	-1020.587	-1231.829	211.2411	1.930961	0.3996702	0.376668	0.623332	2.008312
36492	-1033.814	-1244.848	211.0337	1.90688	0.3905809	0.609346	0.390654	2.172097
36498	-1034.842	-1246.349	211.5074	1.894896	0.3485064	0.598696	0.401304	1.923178
36504	-1027.294	-1238.168	210.8739	1.971778	0.7015204	0.545589	0.454411	1.909764
36510	-1035.971	-1247.147	211.1765	1.971778	1.045755	0.563852	0.436148	1.417534
36516	-1036.564	-1247.723	211.1593	2.005475	0.7612155	0.563852	0.436148	1.634888
36522	-1022.55	-1233.827	211.2768	1.788847	0.4565314	0.432782	0.567218	2.009452
36528	-1032.315	-1244.015	211.6995	1.984261	0.509275	0.212676	0.787324	1.514209
36534	-1019.478	-1231.275	211.7972	1.898443	0.5020665	0.525824	0.474176	1.514209
36540	-1006.81	-1218.317	211.5074	1.898443	0.7413664	0.610338	0.389662	1.475271
36546	-1015.245	-1226.702	211.4569	2.16966	0.9001638	0.610338	0.389662	1.146813
36552	-1018.37	-1229.404	211.0342	2.241874	1.454309	0.241103	0.758897	1.011259
36558	-1011.094	-1221.966	210.8715	2.362931	1.548649	0.479152	0.520848	0.9835796
36564	-1011.466	-1222.368	210.9015	2.362931	1.55905	0.585676	0.414324	0.9446651
36570	-1014.363	-1225.69	211.3267	2.444377	1.211857	0.332936	0.667064	0.6023026
36576	-1007.239	-1218.249	211.0105	2.552805	1.470974	0.261301	0.738699	0.6023026
36582	-1003.22	-1214.685	211.465	2.54999	0.9537046	0.311731	0.688269	0.6023026
36588	-1004.709	-1216.053	211.3439	2.54999	1.055808	0.53127	0.46873	0.6501801
36594	-997.0016	-1208.474	211.472	2.54999	0.9573864	0.412858	0.587142	0.5641482
36600	-1009.112	-1220.187	211.0759	2.549846	1.322243	0.468063	0.531937	0.7136324
36606	-1010.343	-1221.389	211.0462	2.579533	1.322243	0.412145	0.587855	0.7136324
36612	-1020.986	-1231.554	210.5681	2.592679	1.901954	0.407889	0.592111	0.8012633
36618	-1027.926	-1238.856	210.9299	2.655921	1.454048	0.584576	0.415424	0.5686717
36624	-1034.357	-1245.296	210.9381	2.655921	1.454048	0.568369	0.431631	0.4861917
36630	-1015.119	-1226.527	211.4077	2.655921	0.920321	0.450854	0.549146	0.4524664
36636	-1007.726	-1218.649	210.9231	2.705164	1.403402	0.663515	0.336485	0.4524664
36642	-1017.677	-1228.998	211.3205	2.584521	1.08378	0.47879	0.52121	0.4979951
36648	-1015.055	-1226.291	211.236	2.667903	1.08378	0.601622	0.398378	0.4761009
36654	-1016.884	-1228.446	211.562	2.58556	0.8471808	0.447244	0.552756	0.4761009
36660	-1012.633	-1224.004	211.3718	2.676526	0.9288061	0.419384	0.580616	0.4289433
36666	-1027.128	-1238.87	211.7423	2.51164	0.7543963	0.488622	0.511378	0.5478665
36672	-1020.146	-1231.154	211.008	2.587087	1.447175	0.511499	0.488501	0.5493246
36678	-1012.293	-1223.688	211.3951	2.588074	0.9978771	0.511499	0.488501	0.5529325
36684	-1019.025	-1230.416	211.391	2.588074	0.9978771	0.287836	0.712164	0.5715204
36690	-1017.619	-1229.033	211.4136	2.56544	0.9978771	0.499307	0.500693	0.5715204
36696	-1003.561	-1214.795	211.2337	2.445691	1.308346	0.499307	0.500693	0.6305479
36702	-1009.454	-1220.834	211.3806	2.447511	1.151667	0.470924	0.529076	0.5900695
36708	-1029.682	-1241.399	211.7175	2.438375	0.8375363	0.437245	0.562755	0.5450328
36714	-1017.177	-1228.734	211.5569	2.36773	0.9944718	0.510997	0.489003	0.7064209
36720	-1011.088	-1222.576	211.4882	2.36773	0.9989437	0.314589	0.685411	0.8019471
36726	-1003.37	-1214.311	210.9413	2.440096	1.650202	0.416228	0.583772	0.7154538
36732	-1016.539	-1228.001	211.4614	2.440096	1.031749	0.403893	0.596107	0.6816513
36738	-1012.03	-1223.221	211.1918	2.498607	1.216716	0.506155	0.493845	0.750556
36744	-1008.717	-1220.021	211.3044	2.358431	1.27859	0.57121	0.42879	0.7113337
36750	-1010.073	-1221.423	211.3497	2.358431	1.216293	0.543301	0.456699	0.7235418
36756	-1009.656	-1221.108	211.4516	2.210728	0.9043976	0.571288	0.428712	1.110618
36762	-1012.808	-1224.427	211.6186	2.195656	0.9571033	0.322519	0.677481	0.9038376
36768	-998.7619	-1210.491	211.729	2.105445	0.869002	0.376637	0.623363	0.982822
36774	-993.7868	-1205.466	211.679	2.019993	0.869002	0.471094	0.528906	1.112503
36780	-1003.324	-1214.487	211.1632	2.019993	1.190356	0.421112	0.578888	1.284141
36786	-1013.814	-1225.43	211.6161	1.962081	0.9400345	0.482306	0.517694	1.152069
36792	-1010.027	-1221.594	211.5671	2.088953	0.9400345	0.498589	0.501411	1.081626
36798	-1009.556	-1221.202	211.6461	2.228432	0.9400345	0.410438	0.589562	0.8546002
36804	-987.843	-1199.396	211.5527	2.24228	0.9707882	0.452413	0.547587	0.9097018
36810	-999.378	-1211.342	211.9636	2.160491	0.780887	0.600423	0.399577	0.7608565
36816	-1000.607	-1212.437	211.8303	2.252235	0.780887	0.423271	0.576729	0.8176343
36822	-1007.455	-1219.07	211.6147	2.252235	0.9318846	0.755378	0.244622	0.8737665
36828	-1009.191	-1220.602	211.4106	2.137467	1.036998	0.38083	0.61917	1.091007
36834	-1005.617	-1217.251	211.6335	2.185975	0.848677	0.358099	0.641901	1.020458
36840	-1015.366	-1227.199	211.8324	2.23423	0.7007778	0.358099	0.641901	0.9514061
36846	-1034.422	-1246.005	211.5829	2.222203	0.8866328	0.543306	0.456694	0.9928279
36852	-1027.992	-1239.499	211.5073	2.194412	0.8866328	0.518895	0.481105	1.092221
36858	-1030.894	-1242.963	212.0683	2.204246	0.6142523	0.528287	0.471713	0.8524473
36864	-1039.463	-1251.2	211.7376	2.273872	0.8073111	0.495859	0.504141	0.8664468
36870	-1027.024	-1238.829	211.8047	2.206783	0.8073111	0.494027	0.505973	0.8664468
36876	-1037.83	-1248.828	210.9982	1.993222	1.139654	0.484447	0.515553	1.470351
36882	-1011.773	-1223.141	211.3681	1.881293	0.7759972	0.402862	0.597138	1.56026
36888	-1011.57	-1222.362	210.7925	1.882076	0.7759972	0.369201	0.630799	1.962271
36894	-1006.937	-1218.202	211.2644	1.880812	0.9156493	0.581892	0.418108	1.520046
36900	-999.9667	-1211.669	211.7026	1.912106	0.665125	0.581892	0.418108	1.390845
36906	-991.8052	-1203.005	211.1994	1.833901	0.6471238	0.610052	0.389948	1.831346
36912	-1007.779	-1218.709	210.9306	1.720558	1.031315	0.631823	0.368177	1.789715
36918	-1002.585	-1214.084	211.4991	1.728284	0.507542	0.508386	0.491614	1.84174
36924	-1020.003	-1231.6	211.5966	1.921202	1.04598	0.488032	0.511968	1.110738
36930	-1005.352	-1216.924	211.5721	2.032376	0.959176	0.334912	0.665088	1.110738
36936	-1007.396	-1218.886	211.4899	2.175736	1.074252	0.454644	0.545356	0.9396323
36942	-1000.353	-1211.616	211.2629	2.210855	1.150199	0.422747	0.577253	1.061517
36948	-1006.841	-1218.65	211.8096	2.262731	0.7120362	0.471588	0.528412	0.9297843
36954	-1009.721	-1221.497	211.7761	2.269746	0.8471955	0.497802	0.502198	0.7622888
36960	-1017.541	-1229.058	211.5175	2.269746	1.047442	0.497802	0.502198	0.829002
36966	-1030.109	-1241.506	211.3972	2.328125	1.113153	0.506525	0.493475	0.829002
36972	-1020.347	-1231.322	210.9751	2.38753	1.562694	0.370697	0.629303	0.829002
36978	-1021.219	-1232.845	211.6255	2.38753	0.926294	0.3981	0.6019	0.6734358
36984	-1013.059	-1224.674	211.6148	2.401694	0.926294	0.514397	0.485603	0.6665614
36990	-1029.062	-1240.077	211.0147	2.433814	1.42371	0.422795	0.577205	0.8494793
36996	-1014.984	-1226.827	211.843	2.129391	0.8378776	0.415325	0.584675	0.8709224
37002	-1013.353	-1224.715	211.3615	2.182354	1.077573	0.35649	0.64351	1.058498
37008	-1017.923	-1229.184	211.2611	2.120567	1.449337	0.473743	0.526257	0.904637
37014	-1035.699	-1247.305	211.6054	1.964408	0.8823632	0.432867	0.567133	1.212961
37020	-1018.542	-1230.352	211.8105	2.147248	0.482118	0.404613	0.595387	1.337902
37026	-1016.251	-1228.044	211.7932	2.198935	0.723688	0.404613	0.595387	0.9975808
37032	-1032.646	-1244.341	211.6952	2.198935	0.723688	0.51913	0.48087	1.09164
37038	-1024.968	-1236.702	211.7346	2.198935	0.8609533	0.466703	0.533297	0.8857418
37044	-1023.633	-1235.118	211.4855	2.272752	1.009666	0.540388	0.459612	0.9070006
37050	-1035.982	-1247.506	211.5244	2.272752	0.9808206	0.354186	0.645814	0.8957229
37056	-1033.524	-1245.434	211.9101	2.306214	0.2673182	0.48914	0.51086	1.477693
37062	-1025.972	-1237.962	211.9895	2.159263	0.2951026	0.340048	0.659952	1.477693
37068	-1037.229	-1248.721	211.4926	2.038342	0.6287124	0.367806	0.632194	1.493376
37074	-1034.057	-1245.22	211.1636	1.739062	0.6287124	0.542262	0.457738	1.937724
37080	-1035.072	-1245.266	210.1936	1.575142	0.5891196	0.59419	0.40581	2.698812
37086	-1020.403	-1231.395	210.9922	1.666005	0.4929218	0.625565	0.374435	2.235204
37092	-1030.056	-1239.953	209.8966	1.616609	0.6200605	0.309489	0.690511	2.827505
37098	-1013.545	-1223.432	209.8876	1.528825	0.5089414	0.498617	0.501383	2.988039
37104	-1016.342	-1226.774	210.4326	1.773234	0.5089414	0.510104	0.489896	2.505205
37110	-1010.475	-1222.243	211.7683	1.773234	0.6826054	0.529575	0.470425	1.429386
37116	-1018.367	-1230.184	211.8177	1.853748	0.4951665	0.646591	0.353409	1.540657
37122	-1009.982	-1221.172	211.1899	1.810837	0.5572414	0.553921	0.446079	1.942277
37128	-995.7171	-1207.471	211.7534	1.909251	0.6154527	0.481683	0.518317	1.407126
37134	-1015.224	-1226.578	211.354	1.92729	0.9315813	0.512092	0.487908	1.403819
37140	-1014.182	-1225.701	211.5185	1.92729	0.9315813	0.520537	0.479463	1.272391
37146	-1009.487	-1221.021	211.5348	1.773893	0.4441218	0.518863	0.481137	1.860465
37152	-1011.731	-1223.504	211.7732	1.773893	0.7246192	0.314907	0.685093	1.382769
37158	-1021.114	-1232.838	211.7238	1.913507	0.5748986	0.511043	0.488957	1.472039
37164	-1012.322	-1224.601	212.2791	2.361229	0.4186068	0.494517	0.505483	0.7891668
37170	-1032.451	-1244.762	212.3105	2.067695	0.5185811	0.44763	0.55237	0.8985162
37176	-1021.175	-1232.426	211.2513	1.946964	1.000984	0.541946	0.458054	1.412895
37182	-1017.456	-1229.174	211.7176	1.89444	0.7912981	0.458068	0.541932	1.26478
37188	-1025.812	-1237.029	211.2169	1.89444	0.9396124	0.437896	0.562104	1.526451
37194	-1021.689	-1232.829	211.1403	1.637115	0.6474287	0.514153	0.485847	2.004175
37200	-1018.245	-1228.926	210.6807	1.614434	0.9309323	0.514153	0.485847	2.098121
37206	-1013.766	-1224.785	211.0193	1.687227	0.7067686	0.514153	0.485847	1.998714
37212	-1017.396	-1228.769	211.3732	1.649354	0.3102638	0.420151	0.579849	2.2287
37218	-1027.78	-1238.973	211.1925	1.61394	0.727112	0.489291	0.510709	1.914157
37224	-1035.82	-1247.079	211.2597	1.766811	0.6352175	0.561693	0.438307	1.847403
37230	-1019.104	-1230.719	211.6153	1.857409	0.5724895	0.561693	0.438307	1.596843
37236	-1020.502	-1232.32	211.8171	1.717849	0.5933589	0.621692	0.378308	1.528262
37242	-1022.651	-1234.041	211.3898	1.67019	0.5933589	0.338657	0.661343	1.86542
37248	-1015.7	-1227.285	211.5845	1.768925	0.6458636	0.557756	0.442244	1.606725
37254	-1020.283	-1230.892	210.6094	1.39192	0.5714965	0.423178	0.576822	2.571492
37260	-1027.952	-1239.024	211.0715	1.443674	0.7274352	0.630658	0.369342	2.107729
37266	-1017.515	-1229.092	211.5776	1.443674	0.402548	0.355311	0.644689	2.104277
37272	-1016.596	-1226.995	210.3984	1.468614	0.4384424	0.727805	0.272195	2.788822
37278	-1019.065	-1230.626	211.561	1.684957	0.9949735	0.576619	0.423381	1.380492
37284	-1012.64	-1224.448	211.8084	1.824111	0.5925901	0.511868	0.488132	1.455741
37290	-1024.919	-1236.461	211.5426	2.023647	1.218742	0.659525	0.340475	0.9057641
37296	-1033.284	-1245.771	212.4861	2.042646	0.427327	0.384694	0.615306	0.9057641
37302	-997.7798	-1209.622	211.8417	2.105111	0.8437756	0.410629	0.589371	0.8927093
37308	-1000.936	-1212.521	211.5857	2.101514	1.096685	0.428113	0.571887	0.8927093
37314	-1021.745	-1233.68	211.9354	2.012183	0.7622952	0.428113	0.571887	0.9940832
37320	-1036.067	-1247.739	211.6716	2.012183	0.9326048	0.522653	0.477347	1.062923
37326	-1027.605	-1239.361	211.756	2.150285	0.8228561	0.611851	0.388149	0.9626405
37332	-1033.198	-1243.887	210.6888	1.782254	0.7942026	0.268758	0.731242	2.082956
37338	-1011.676	-1223.289	211.6131	1.91538	0.7265787	0.50926	0.49074	1.395383
37344	-1028.11	-1238.9	210.7898	1.761904	0.3683657	0.552323	0.447677	2.448644
37350	-1018.639	-1229.629	210.9896	1.796522	0.4456299	0.349584	0.650416	2.205393
37356	-1018.389	-1229.958	211.5691	1.892211	0.4718659	0.476262	0.523738	1.720684
37362	-1023.302	-1234.775	211.4729	2.001359	0.4718659	0.559409	0.440591	1.711551
37368	-1014.345	-1225.839	211.4939	1.802113	0.5836119	0.512256	0.487744	1.711551
37374	-1014.572	-1226.071	211.499	1.843641	0.3872229	0.418	0.582	1.910123
37380	-1014.049	-1225.174	211.1248	1.781607	0.5576514	0.316368	0.683632	2.005056
37386	-1008.924	-1220.029	211.1049	1.962875	0.4272942	0.450139	0.549861	2.043022
37392	-1017.71	-1228.737	211.0262	1.934572	0.4124646	0.455454	0.544546	2.131541
37398	-1028.773	-1238.978	210.205	1.763272	0.5104514	0.455454	0.544546	2.651027
37404	-1031.533	-1242.377	210.8439	1.644274	0.5104514	0.445626	0.554374	2.325566
37410	-1034.773	-1246.36	211.5868	2.632584	0.7832911	0.438966	0.561034	0.4580109
37416	-1024.338	-1235.869	211.531	2.507721	0.946925	0.448287	0.551713	0.5304361
37422	-1022.489	-1233.923	211.4339	2.497445	1.037556	0.405006	0.594994	0.6008425
37428	-1022.256	-1233.385	211.1287	2.518969	1.361685	0.257566	0.742434	0.6008425
37434	-1017.254	-1228.579	211.325	2.3378	1.150324	0.427441	0.572559	0.8639868
37440	-1017.984	-1229.512	211.5284	2.498446	0.959232	0.493946	0.506054	0.4798273
37446	-1034.662	-1246.103	211.441	2.406895	1.110526	0.366475	0.633525	0.6378023
37452	-1030.337	-1241.766	211.4287	2.406895	1.123945	0.483503	0.516497	0.6378023
37458	-1027.562	-1238.633	211.0709	2.553324	1.399697	0.317082	0.682918	0.5802329
37464	-1040.259	-1252.075	211.8158	2.573659	0.6532386	0.383479	0.616521	0.4971163
37470	-1009.391	-1220.773	211.3811	2.627354	0.9752401	0.69754	0.30246	0.4633911
37476	-1020.142	-1231.489	211.3467	2.627153	1.00965	0.680486	0.319514	0.4633911
37482	-1012.663	-1223.673	211.0101	2.627153	1.379872	0.708315	0.291685	0.5888115
37488	-1014.217	-1225.009	210.7915	2.743862	1.522486	0.506656	0.493344	0.4376871
37494	-1025.953	-1237.229	211.2754	2.743862	0.909882	0.567615	0.432385	0.3458087
37500	-1008.492	-1219.861	211.3697	2.726572	0.8938721	0.567615	0.432385	0.4823125
37506	-1021.561	-1233.021	211.46	2.726572	0.7763732	0.415256	0.584744	0.3647642
37512	-1023.137	-1233.68	210.5425	1.68301	0.6802993	0.405744	0.594256	2.334122
37518	-1026.908	-1237.752	210.8448	1.756695	0.6677119	0.651431	0.348569	2.102207
37524	-1037.903	-1248.82	210.9178	1.921071	0.8013569	0.472233	0.527767	1.830121
37530	-1026.29	-1237.708	211.418	2.505549	1.063495	0.434951	0.565049	0.5197036
37536	-1030.299	-1241.575	211.2766	2.503392	1.219484	0.592278	0.407722	0.5393083
37542	-1027.178	-1238.37	211.1918	1.917248	0.503239	0.31837	0.68163	1.927043
37548	-1036.766	-1247.782	211.0159	1.929621	0.503239	0.4358	0.5642	2.036437
37554	-1029.851	-1241.128	211.2774	1.768932	0.4850519	0.425495	0.574505	1.989529
37560	-1045.31	-1256.291	210.981	1.702493	0.3702314	0.350841	0.649159	2.363037
37566	-1031.556	-1242.322	210.7656	1.711394	0.3702314	0.592647	0.407353	2.493073
37572	-1048.742	-1259.653	210.9109	2.486211	1.596858	0.44673	0.55327	0.7488876
37578	-1045.856	-1256.53	210.6743	2.486211	1.918046	0.480704	0.519296	0.7885071
37584	-1040.099	-1250.59	210.491	2.570087	1.982963	0.393228	0.606772	0.8652353
37590	-1023.728	-1235.055	211.3262	2.432704	1.167541	0.607749	0.392251	0.7102253
37596	-1039.469	-1250.857	211.3881	2.618768	0.9731161	0.610504	0.389496	0.5596716
37602	-1032.154	-1243.405	211.2509	2.618768	1.121708	0.522445	0.477555	0.5067089
37608	-1036.209	-1247.158	210.9491	2.721084	1.354946	0.400837	0.599163	0.5204916
37614	-1020.777	-1232.724	211.9471	2.159412	0.8186653	0.355465	0.644535	0.7191224
37620	-1023.329	-1235.273	211.9441	2.159412	0.7744307	0.377403	0.622597	0.8003485
37626	-1009.573	-1221.096	211.5228	2.21476	1.030012	0.384106	0.615894	0.907635
37632	-1026.257	-1237.886	211.6293	2.21476	0.9889809	0.450056	0.549944	0.8301503
37638	-1035.889	-1246.634	210.7442	2.165375	1.600301	0.580578	0.419422	1.245946
37644	-1029.682	-1240.834	211.1516	2.073819	1.154296	0.481311	0.518689	1.275719
37650	-1026.778	-1238.662	211.8847	2.073819	0.7905473	0.51392	0.48608	0.9475903
37656	-1014.801	-1226.841	212.0403	2.06372	0.6736044	0.770304	0.229696	0.9497642
37662	-1010.419	-1222.512	212.0925	2.039361	0.6702613	0.630831	0.369169	0.924657
37668	-1018.015	-1230.044	212.0283	2.014755	0.6561683	0.549052	0.450948	1.034934
37674	-1017.256	-1228.943	211.6863	1.845886	1.002964	0.549052	0.450948	1.135818
37680	-1017.772	-1229.286	211.5142	2.022376	1.002964	0.531908	0.468092	1.131872
37686	-1028.237	-1239.821	211.5838	2.022376	1.002964	0.460343	0.539657	1.068112
37692	-1015.442	-1227.464	212.0217	2.022376	0.7236564	0.460343	0.539657	0.9441191
37698	-1015.898	-1228.159	212.2615	1.882979	0.5303326	0.495648	0.504352	1.112992
37704	-1014.947	-1226.515	211.5679	2.048779	0.9175321	0.443823	0.556177	1.139066
37710	-1004.986	-1216.641	211.6549	2.126924	0.8820018	0.366862	0.633138	1.021029
37716	-1017.989	-1229.135	211.146	1.930393	1.189019	0.596242	0.403758	1.370802
37722	-1016.051	-1227.804	211.7538	1.930393	0.8559832	0.385015	0.614985	1.138878
37728	-1034.6	-1246.213	211.6134	1.95934	0.9596531	0.630144	0.369856	1.138878
37734	-1037.012	-1247.695	210.6828	1.939442	1.47477	0.342241	0.657759	1.541206
37740	-1029.801	-1241.578	211.7773	1.728612	0.6511443	0.305663	0.694337	1.488767
37746	-1036.967	-1248.143	211.1765	1.778052	0.6639144	0.626126	0.373874	1.869665
37752	-1034.475	-1245.989	211.5148	1.599577	0.5970295	0.503995	0.496005	1.824452
37758	-1031.515	-1242.101	210.5854	1.599577	0.429889	0.592152	0.407848	2.603199
37764	-1019.686	-1230.852	211.1658	1.595132	0.6528429	0.592152	0.407848	2.0102
37770	-1018.189	-1229.659	211.4692	1.597878	0.4859401	0.418985	0.581015	1.974643
37776	-1026.787	-1236.854	210.0674	1.443356	0.9466553	0.482802	0.517198	2.586773
37782	-1026.041	-1236.933	210.8917	1.56069	0.8993098	0.355282	0.644718	2.016578
37788	-1022.665	-1233.775	211.1102	1.668465	0.479614	0.480193	0.519807	2.171828
37794	-1017.004	-1228.462	211.4582	1.652797	0.3974966	0.482883	0.517117	2.051629
37800	-1027.537	-1239.015	211.4782	2.133131	0.5993279	0.397476	0.602524	1.464394
37806	-1019.235	-1231.081	211.845	2.022432	0.5757974	0.540425	0.459575	1.290443
37812	-1027.41	-1238.602	211.1926	1.847076	0.5757974	0.271756	0.728244	1.896952
37818	-1029.863	-1240.815	210.9523	1.858056	0.5893176	0.342262	0.657738	2.037295
37824	-1023.638	-1234.724	211.0851	1.68032	0.5355328	0.375988	0.624012	2.120772
37830	-1020.363	-1231.478	211.1153	1.672298	0.5286296	0.475404	0.524596	2.113404
37836	-1028.407	-1239.813	211.4066	1.935802	0.3883857	0.437121	0.562879	1.908729
37842	-1031.296	-1243.324	212.0288	1.943723	0.4137577	0.587699	0.412301	1.422055
37848	-1022.323	-1234.109	211.7857	2.186833	0.4137577	0.418587	0.581413	1.422055
37854	-1025.131	-1236.61	211.4784	1.66905	0.5833207	0.560981	0.439019	1.815563
37860	-1035.681	-1246.6	210.9186	1.782807	0.5335431	0.371254	0.628746	2.164553
37866	-1017.358	-1228.328	210.9705	1.976128	0.6067545	0.475716	0.524284	1.929134
37872	-1008.644	-1219.869	211.2243	1.884245	0.4494125	0.558666	0.441334	1.989227
37878	-1016.912	-1228.147	211.2347	1.822896	0.3875333	0.440565	0.559435	2.099617
37884	-1024.42	-1235.462	211.0419	1.86748	0.4355678	0.339462	0.660538	2.137161
37890	-1016.041	-1227.762	211.7204	1.920542	0.39979	0.579495	0.420505	1.686411
37896	-1029.867	-1241.762	211.8948	1.980776	0.3267472	0.556199	0.443801	1.626091
37902	-1013.459	-1225.05	211.5908	1.841706	0.5723723	0.39275	0.60725	1.626091
37908	-1018.116	-1230.129	212.0137	1.878414	0.4874796	0.590992	0.409008	1.382645
37914	-1006.716	-1217.946	211.2293	1.863503	0.8322362	0.582589	0.417411	1.626165
37920	-1001.878	-1213.007	211.1289	1.902512	0.7648235	0.539932	0.460068	1.726692
37926	-1003.875	-1215.491	211.616	2.029529	0.657732	0.556624	0.443376	1.374488
37932	-1002.734	-1214.146	211.4123	1.964588	0.6338062	0.41079	0.58921	1.601905
37938	-1021.292	-1232.181	210.8886	1.739304	0.6338062	0.293847	0.706153	2.115408
37944	-1033.24	-1243.459	210.2186	1.863566	0.4413701	0.391518	0.608482	2.653773
37950	-1033.151	-1242.621	209.4697	1.817364	1.085908	0.364129	0.635871	2.639947
37956	-1028.597	-1239.712	211.1154	1.780024	0.5317506	0.593988	0.406012	2.039127
37962	-1027.906	-1239.3	211.3936	1.918858	0.5201089	0.467889	0.532111	1.768803
37968	-1019.172	-1230.243	211.0715	1.892607	0.7261226	0.347979	0.652021	1.80715
37974	-1028.045	-1237.759	209.7146	1.892607	0.6795884	0.563527	0.436473	2.7203
37980	-1019.532	-1230.748	211.2165	1.743221	0.5031993	0.419565	0.580435	2.027059
37986	-1020.256	-1231.346	211.0895	1.637139	0.5042348	0.496781	0.503219	2.178888
37992	-1018.183	-1227.273	209.0892	1.562142	1.054888	0.239984	0.760016	3.043666
37998	-1017.754	-1227.805	210.0502	1.822153	0.9669077	0.284193	0.715807	2.346813
38004	-1017.092	-1227.911	210.8187	1.89047	0.7160525	0.531389	0.468611	1.988945
38010	-1015.023	-1225.39	210.3667	1.655545	0.6724919	0.453884	0.546116	2.469094
38016	-1013.998	-1223.985	209.9865	1.711281	0.9483822	0.560923	0.439077	2.469094
38022	-1009.417	-1220.291	210.8735	1.717892	0.7906745	0.560132	0.439868	2.00609
38028	-1007.879	-1218.104	210.2251	1.762423	0.9064511	0.581716	0.418284	2.313943
38034	-1019.461	-1230.031	210.5704	1.811669	0.8700698	0.514324	0.485676	2.084262
38040	-1006.58	-1217.966	211.3866	2.021733	0.9177025	0.332073	0.667927	1.314918
38046	-1007.576	-1219.165	211.5897	2.457553	0.9177025	0.67933	0.32067	0.6175908
38052	-1030.73	-1242.133	211.4025	2.368407	0.8261368	0.476329	0.523671	1.09106
38058	-1029.664	-1241.362	211.6985	2.467223	0.6020672	0.545224	0.454776	0.9889147
38064	-1017.978	-1229.993	212.015	2.453522	0.5017658	0.450993	0.549007	0.8233584
38070	-1031.702	-1243.28	211.5775	2.372996	0.7488022	0.48224	0.51776	1.007715
38076	-1032.602	-1244.549	211.9477	2.386448	0.5122771	0.515795	0.484205	0.9572998
38082	-1025.176	-1237.233	212.0569	2.386448	0.3645873	0.571289	0.428711	1.112009
38088	-1018.874	-1230.691	211.8176	2.405828	0.4828151	0.450379	0.549621	1.112009
38094	-1020.455	-1232.666	212.2105	2.343388	0.3960497	0.57315	0.42685	0.9427999
38100	-1006.174	-1218.436	212.2625	2.182301	0.3563096	0.468578	0.531422	1.126181
38106	-1018.163	-1230.139	211.9762	2.178852	0.5797019	0.468578	0.531422	1.031926
38112	-1010.678	-1221.933	211.2554	2.065864	1.016108	0.357666	0.642334	1.303722
38118	-1016.775	-1228.757	211.9813	2.060393	0.4089058	0.609936	0.390064	1.375428
38124	-998.949	-1210.493	211.5442	2.06187	0.7496912	0.483061	0.516939	1.310946
38130	-1007.864	-1219.884	212.0201	2.340325	0.4522302	0.375311	0.624689	1.033306
38136	-1016.618	-1228.11	211.4914	2.01703	0.5837807	0.556439	0.443561	1.558307
38142	-1027.424	-1239.187	211.7632	2.349654	0.4549584	0.564341	0.435659	1.249819
38148	-1017.931	-1230.012	212.0812	2.372205	0.4809985	0.594513	0.405487	0.883663
38154	-1019.317	-1231.224	211.9066	2.391677	0.5785166	0.520936	0.479064	0.883663
38160	-1029.341	-1240.641	211.2995	2.26044	1.220207	0.528331	0.471669	0.9113188
38166	-1006.85	-1218.583	211.7333	2.336936	0.7268815	0.504709	0.495291	0.9113188
38172	-1006.073	-1217.688	211.615	2.11327	0.6522075	0.532289	0.467711	1.314628
38178	-1001.724	-1213.739	212.0147	2.11327	0.3669888	0.532289	0.467711	1.372443
38184	-1003.233	-1215.185	211.9518	2.258136	0.6198343	0.537291	0.462709	0.9154512
38190	-1018.181	-1229.702	211.5207	2.047542	1.030207	0.328622	0.671378	1.078434
38196	-1027.818	-1238.969	211.1507	2.333686	1.435865	0.328622	0.671378	0.791707
38202	-1020.5	-1232.451	211.9515	2.350014	0.6668754	0.338815	0.661185	0.7101768
38208	-1010.836	-1222.669	211.8334	2.219809	0.8172611	0.562644	0.437356	0.7997215
38214	-999.9892	-1211.664	211.6747	2.441742	0.8172611	0.370087	0.629913	0.7052896
38220	-1010.046	-1222.2	212.1547	2.356491	0.5272471	0.534757	0.465243	0.7007651
38226	-1030.167	-1241.594	211.4273	2.238611	1.156592	0.160718	0.839282	0.8535338
38232	-1020.968	-1232.676	211.7086	2.238611	0.8836818	0.439709	0.560291	0.8395875
38238	-1022.648	-1234.204	211.5564	2.238611	0.8174058	0.624617	0.375383	1.078095
38244	-1027.843	-1239.419	211.5763	2.410454	0.8339973	0.477234	0.522766	0.8591275
38250	-1024.865	-1236.596	211.7309	2.410454	0.8339973	0.341063	0.658937	0.6132238
38256	-1016.729	-1227.752	211.0223	2.542078	1.284495	0.341063	0.658937	0.8430874
38262	-1019.614	-1231.051	211.4376	2.334475	1.038207	0.448268	0.551732	0.8586911
38268	-1024.385	-1235.794	211.4094	2.398469	1.001868	0.614639	0.385361	0.8586911
38274	-1046.342	-1257.993	211.6504	2.27596	0.9583189	0.614639	0.385361	0.7613955
38280	-1031.175	-1242.825	211.6504	2.27596	0.9583189	0.418414	0.581586	0.7613955
38286	-1020.681	-1231.913	211.2324	2.27596	1.368811	0.553424	0.446576	0.8281228
38292	-1020.805	-1232.246	211.4408	2.130801	1.178274	0.391069	0.608931	0.9384785
38298	-1013.451	-1225.325	211.8734	2.148345	0.8228156	0.492924	0.507076	0.8320032
38304	-1012.402	-1224.026	211.6242	2.123101	0.9174471	0.543854	0.456146	1.017186
38310	-1013.832	-1225.241	211.4095	2.088261	1.095596	0.484859	0.515141	1.085834
38316	-1017.347	-1228.153	210.8055	2.252402	1.938405	0.333405	0.666595	0.8994891
38322	-1009.879	-1221.819	211.9402	2.248209	0.7678872	0.517316	0.482684	0.6815261
38328	-1037.928	-1249.559	211.6308	2.45528	0.8821021	0.571089	0.428911	0.6170198
38334	-1017.532	-1229.179	211.6463	2.436102	0.8821021	0.439842	0.560158	0.6262737
38340	-1023.309	-1234.679	211.3697	2.630044	0.9862516	0.388224	0.611776	0.5134009
38346	-1024.949	-1235.905	210.956	2.552053	1.540828	0.362356	0.637644	0.6138318
38352	-1022.007	-1233.237	211.2297	2.552053	1.216965	0.47545	0.52455	0.5418474
38358	-1018.395	-1229.863	211.4684	2.386184	1.062707	0.570637	0.429363	0.7117676
38364	-1017.736	-1228.783	211.0472	2.367615	1.605005	0.47198	0.52802	0.7117676
38370	-1020.644	-1232.442	211.798	2.347846	0.8371592	0.510193	0.489807	0.5893308
38376	-1011.579	-1223.607	212.0279	2.347846	0.6458647	0.574336	0.425664	0.6172506
38382	-1011.258	-1222.703	211.4455	2.503301	1.013772	0.544988	0.455012	0.6172506
38388	-1011.273	-1222.842	211.5696	2.250711	1.013772	0.624327	0.375673	0.8288445
38394	-1027.101	-1239.104	212.0033	2.286759	0.5474698	0.48967	0.51033	0.9448969
38400	-1025.639	-1237.082	211.4423	2.375055	0.9305771	0.446505	0.553495	0.9309316
38406	-1025.345	-1236.886	211.5412	2.431221	0.724374	0.458514	0.541486	1.016382
38412	-1014.806	-1226.814	212.0073	2.328122	0.5155682	0.458514	0.541486	0.9503773
38418	-1033.562	-1245.6	212.038	2.4657	0.3502248	0.536541	0.463459	1.083944
38424	-1033.807	-1245.51	211.7035	2.150709	0.4704646	0.49382	0.50618	1.434479
38430	-1025.325	-1236.982	211.6574	2.196901	0.4704646	0.617238	0.382762	1.434479
38436	-1030.784	-1242.277	211.4925	1.911834	0.4367912	0.256753	0.743247	1.803735
38442	-1041.782	-1253.033	211.2512	1.98044	0.8299794	0.608383	0.391617	1.526358
38448	-1026.897	-1238.556	211.6587	1.78436	0.5600268	0.54765	0.45235	1.631959
38454	-1032.761	-1243.991	211.2302	1.78436	0.7089608	0.538382	0.461618	1.787428
38460	-1013.671	-1225.162	211.4905	1.687893	0.5209847	0.355443	0.644557	1.860373
38466	-1014.912	-1226.2	211.288	1.932874	0.5209847	0.498165	0.501835	1.831192
38472	-1024.251	-1235.563	211.312	2.007092	0.7106375	0.642559	0.357441	1.568862
38478	-1031.312	-1243.114	211.8025	1.95353	0.5612704	0.580614	0.419386	1.396691
38484	-1027.602	-1239.081	211.4785	2.030963	0.7403982	0.464689	0.535311	1.396691
38490	-1018.322	-1229.825	211.5025	2.183041	0.7403982	0.470075	0.529925	1.255262
38496	-1030.73	-1242.295	211.5649	2.28656	0.6289867	0.479164	0.520836	1.239915
38502	-1022.663	-1233.462	210.7991	1.948138	0.5715954	0.543206	0.456794	2.096282
38508	-1014.903	-1226.359	211.456	2.04284	0.4196189	0.488398	0.511602	1.760041
38514	-1010.399	-1221.8	211.401	2.131789	0.4817208	0.300569	0.699431	1.657999
38520	-992.6202	-1204.337	211.7172	2.053645	0.354919	0.474745	0.525255	1.657999
38526	-1004.547	-1216.274	211.7273	1.848128	0.4116854	0.474745	0.525255	1.716725
38532	-1014.215	-1225.205	210.9903	1.908924	0.4015704	0.444324	0.555676	2.185122
38538	-1010.667	-1221.921	211.254	1.893394	0.7325029	0.57884	0.42116	1.672876
38544	-1017.395	-1229.007	211.6124	1.893394	0.4853511	0.552202	0.447798	1.672876
38550	-1011.874	-1223.32	211.4466	2.041217	0.4915508	0.447869	0.552131	1.678303
38556	-1006.072	-1217.31	211.2387	2.041217	0.3201503	0.447869	0.552131	2.046167
38562	-1002.584	-1214.014	211.4294	2.041217	0.3979795	0.368182	0.631818	1.808222
38568	-1014.759	-1225.756	210.9979	1.826416	0.4853002	0.505801	0.494199	2.135793
38574	-1003.919	-1214.958	211.0389	1.861861	0.510296	0.505801	0.494199	2.058396
38580	-1006.942	-1217.97	211.0279	1.881587	0.6504502	0.33959	0.66041	1.912704
38586	-1011.709	-1222.186	210.4773	1.710302	1.006044	0.404257	0.595743	2.118215
38592	-1006.557	-1217.395	210.8375	1.943636	0.4776368	0.455747	0.544253	2.172377
38598	-1013.685	-1225.118	211.4328	1.943636	0.4386157	0.590808	0.409192	1.820726
38604	-1020.824	-1232.303	211.4793	1.989467	0.3896142	0.36363	0.63637	1.820726
38610	-1017.84	-1229.483	211.6428	1.825633	0.3897795	0.333608	0.666392	1.820726
38616	-1010.714	-1222.384	211.6703	2.223381	0.417007	0.470111	0.529889	1.47761
38622	-1007.728	-1219.534	211.8063	2.018482	0.5931298	0.590388	0.409612	1.304246
38628	-1022.147	-1234.112	211.9652	1.895329	0.5691279	0.442121	0.557879	1.304246
38634	-1015.005	-1226.541	211.5356	2.017782	0.7167025	0.410005	0.589995	1.385763
38640	-1022.876	-1234.666	211.7898	2.099365	0.4255395	0.423415	0.576585	1.468979
38646	-1034.064	-1246.05	211.9854	1.843087	0.3945899	0.423415	0.576585	1.5581
38652	-1035.637	-1247.22	211.5827	1.869592	0.765925	0.534547	0.465453	1.416583
38658	-1027.334	-1238.334	211.0001	1.918538	0.6350853	0.637802	0.362198	1.920929
38664	-1032.944	-1243.88	210.9362	1.663504	0.4506213	0.420035	0.579965	2.319366
38670	-1040.65	-1251.8	211.1505	1.673839	0.575001	0.3871	0.6129	2.042079
38676	-1037.367	-1247.949	210.5823	1.605539	0.5953409	0.405546	0.594454	2.432836
38682	-1028.015	-1238.921	210.9056	1.652751	0.5953409	0.458043	0.541957	2.196469
38688	-1039.683	-1250.885	211.2027	1.876368	0.4423146	0.474586	0.525414	2.01739
38694	-1022.785	-1234.672	211.8872	1.844225	0.3813582	0.568438	0.431562	1.647606
38700	-1022.426	-1233.708	211.2821	1.650179	0.3971668	0.457542	0.542458	2.169171
38706	-1028.706	-1239.75	211.0443	1.777435	0.7422384	0.608355	0.391645	1.890862
38712	-1023.781	-1234.288	210.5069	1.765898	0.5539182	0.571628	0.428372	2.418425
38718	-1025.178	-1236.178	211.0005	1.765898	0.4421987	0.397135	0.602865	2.222141
38724	-1035.516	-1245.966	210.4499	1.550652	0.4686956	0.415873	0.584127	2.674285
38730	-1019.43	-1229.297	209.8677	1.465016	0.6248138	0.415873	0.584127	2.932646
38736	-1030.988	-1239.64	208.6513	1.36776	0.635571	0.193632	0.806368	3.697855
38742	-1017.608	-1226.256	208.6486	1.28261	0.4392171	0.386862	0.613138	3.927136
38748	-1018.555	-1227.647	209.0927	1.605802	0.9450821	0.456084	0.543916	3.081171
38754	-1003.428	-1212.385	208.9573	1.882827	1.392034	0.478409	0.521591	2.753933
38760	-1014.311	-1224.139	209.8281	1.805261	0.8955691	0.636707	0.363293	2.544342
38766	-1007.024	-1216.872	209.8485	1.561327	0.6253406	0.471782	0.528218	2.885626
38772	-1011.456	-1221.658	210.2023	1.557177	0.6791756	0.378668	0.621332	2.626956
38778	-1022.11	-1233.342	211.2315	1.781297	0.8555674	0.334748	0.665252	1.664568
38784	-1034.498	-1246.021	211.5226	2.007827	0.5456009	0.472477	0.527523	1.584724
38790	-1024.698	-1235.356	210.6577	1.936641	1.293054	0.493889	0.506111	1.664796
38796	-1024.594	-1235.631	211.0365	1.936641	1.256866	0.507038	0.492962	1.405928
38802	-1027.105	-1238.752	211.6467	1.963627	0.6717691	0.490946	0.509054	1.387268
38808	-1033.653	-1245.276	211.6224	1.873098	0.5407777	0.40522	0.59478	1.615545
38814	-1025.935	-1236.56	210.6244	1.956968	0.5485145	0.578635	0.421365	2.227149
38820	-1045.197	-1257.216	212.0186	2.08239	0.6654488	0.364727	0.635273	0.9643624
38826	-1041.412	-1253.326	211.9134	2.266361	0.6164288	0.373597	0.626403	0.9531465
38832	-1041.347	-1252.279	210.9321	2.068595	1.591346	0.475223	0.524777	1.173678
38838	-1029.376	-1241.518	212.1427	1.893808	0.5270325	0.455486	0.544514	1.212325
38844	-1020.154	-1231.321	211.1676	1.896866	0.6130454	0.446872	0.553128	1.842844
38850	-1017.927	-1229.304	211.3779	1.896866	0.5502735	0.45755	0.54245	1.761897
38856	-1018.51	-1229.454	210.944	1.755132	0.6555199	0.45755	0.54245	2.048801
38862	-1005.607	-1216.376	210.7696	1.755132	0.792625	0.471866	0.528134	2.048801
38868	-1030.075	-1241.896	211.8211	1.923782	0.5539444	0.48857	0.51143	1.414069
38874	-1016.157	-1227.811	211.654	2.078703	0.5618794	0.573711	0.426289	1.414069
38880	-1013.657	-1225.391	211.7346	2.041862	0.5336895	0.435844	0.564156	1.414069
38886	-1003.716	-1214.664	210.9479	2.041862	0.8419415	0.530552	0.469448	1.691962
38892	-1027.376	-1238.541	211.1653	2.180543	0.4513304	0.321371	0.678629	1.826119
38898	-1023.629	-1234.837	211.2081	2.074696	0.4513304	0.616581	0.383419	1.869349
38904	-1035.913	-1247.897	211.9839	1.974923	0.4600906	0.491772	0.508228	1.367211
38910	-1023.535	-1235.459	211.9244	2.040175	0.5260336	0.431974	0.568026	1.273872
38916	-1017.912	-1229.833	211.9216	2.190294	0.3435807	0.649394	0.350606	1.422996
38922	-1020.836	-1232.685	211.8493	1.963667	0.4561691	0.480749	0.519251	1.484811
38928	-1019.451	-1230.712	211.2607	1.963667	0.7080805	0.453057	0.546943	1.640073
38934	-1031.228	-1242.335	211.1073	1.788762	0.7080805	0.367948	0.632052	1.869738
38940	-1022.938	-1234.689	211.7504	1.787465	0.6006846	0.390916	0.609084	1.518154
38946	-1009.035	-1220.605	211.5705	2.099575	0.6665314	0.325096	0.674904	1.345676
38952	-1019.217	-1230.978	211.7612	2.122611	0.4176554	0.324053	0.675947	1.484108
38958	-1022.798	-1234.589	211.7911	2.176479	0.3307044	0.462677	0.537323	1.552621
38964	-1011.658	-1223.042	211.3843	2.191955	0.5046151	0.525345	0.474655	1.599071
38970	-1012.858	-1224.16	211.3021	2.085237	0.5753002	0.391283	0.608717	1.655376
38976	-1026.249	-1237.875	211.6257	2.085237	0.4460716	0.639609	0.360391	1.573957
38982	-1010.602	-1222.32	211.718	1.86463	0.4460716	0.370408	0.629592	1.666761
38988	-1024.038	-1235.43	211.3924	1.587921	0.4575932	0.584151	0.415849	2.06477
38994	-1019.712	-1230.899	211.1868	1.985009	0.7661938	0.5891	0.4109	1.625429
39000	-1033.265	-1244.414	211.1494	2.26449	1.07259	0.474514	0.525486	1.180351
39006	-1031.119	-1243.61	212.4906	2.168265	0.427672	0.48481	0.51519	0.7379661
39012	-1019.449	-1231.211	211.7621	2.233597	0.7705786	0.350649	0.649351	0.9335491
39018	-1012.229	-1224.008	211.7787	2.070193	0.7705786	0.385622	0.614378	1.079693
39024	-1023.601	-1234.866	211.2657	2.21906	1.116761	0.367631	0.632369	1.079693
39030	-1018.375	-1229.756	211.3813	2.369534	0.8333199	0.31074	0.68926	1.101916
39036	-1002.23	-1213.642	211.4118	2.171081	0.9030817	0.568187	0.431813	1.182331
39042	-1022.773	-1234.104	211.3309	2.004764	0.452414	0.471831	0.528169	1.831811
39048	-1021.378	-1232.837	211.4585	1.93401	0.430478	0.514294	0.485706	1.819865
39054	-1016.294	-1227.668	211.3734	1.93401	0.4933615	0.387347	0.612653	1.802715
39060	-1032.823	-1244.184	211.3604	1.992273	0.4253498	0.664751	0.335249	1.853727
39066	-1012.795	-1224.392	211.5969	2.104112	0.3917047	0.618161	0.381839	1.654795
39072	-1014.193	-1225.779	211.5856	2.019423	0.4208501	0.375224	0.624776	1.683615
39078	-1013.217	-1224.669	211.4518	2.153313	0.4208087	0.435792	0.564208	1.683615
39084	-1032.998	-1243.999	211.0007	1.851397	0.4021368	0.339832	0.660168	2.214917
39090	-1026.367	-1237.458	211.0908	1.799673	0.2842855	0.30632	0.69368	2.35219
39096	-1012.305	-1223.578	211.2724	1.994597	0.4572642	0.452398	0.547602	1.872946
39102	-1007.569	-1219.064	211.4955	2.013547	0.507325	0.393773	0.606227	1.644425
39108	-1014.833	-1225.877	211.044	2.101513	0.5074268	0.571618	0.428382	1.897732
39114	-1015.986	-1227.18	211.1936	2.021873	0.665164	0.313568	0.686432	1.68689
39120	-1002.4	-1213.503	211.1025	1.913985	0.6635338	0.373143	0.626857	1.827525
39126	-1011.236	-1221.738	210.5026	1.898179	0.8169164	0.535152	0.464848	2.111588
39132	-1015.622	-1226.083	210.4611	1.91185	0.4976977	0.280283	0.719717	2.411922
39138	-1004.599	-1215.797	211.1979	1.747401	0.4931245	0.445201	0.554799	2.047688
39144	-1018.021	-1229.204	211.1825	1.952131	0.4249836	0.403446	0.596554	2.001442
39150	-1006.104	-1217.584	211.4802	1.872048	0.3464143	0.520386	0.479614	1.959867
39156	-1017.373	-1228.499	211.1255	1.825731	0.3757443	0.431813	0.568187	2.18431
39162	-1013.417	-1224.54	211.1237	1.811863	0.580461	0.496059	0.503941	1.962542
39168	-1023.375	-1234.828	211.4531	1.782397	0.4551523	0.496059	0.503941	1.896926
39174	-1014.625	-1226.536	211.911	1.872219	0.3851452	0.583097	0.416903	1.60476
39180	-1012.191	-1223.948	211.7561	1.91749	0.4433273	0.439566	0.560434	1.60476
39186	-1009.246	-1220.999	211.7533	1.91749	0.3250114	0.504054	0.495946	1.77392
39192	-1023	-1234.542	211.5416	1.786365	0.4656344	0.627197	0.372803	1.821165
39198	-1007.338	-1218.746	211.4088	1.792046	0.5184349	0.465362	0.534638	1.847802
39204	-1018.29	-1229.237	210.947	1.558714	0.4350027	0.438577	0.561423	2.39684
39210	-1020.345	-1231.104	210.7584	1.558714	0.4190781	0.577867	0.422133	2.533572
39216	-1021.168	-1231.81	210.6427	1.736094	0.4116361	0.320565	0.679435	2.503781
39222	-1000.291	-1211.122	210.8308	1.540025	0.5813012	0.285769	0.714231	2.330106
39228	-1018.077	-1228.938	210.8612	1.592428	0.527507	0.453034	0.546966	2.330106
39234	-1018.342	-1228.163	209.8211	1.618495	0.5773474	0.470022	0.529978	2.909772
39240	-1011.849	-1222.753	210.9042	1.74606	0.3976695	0.342416	0.657584	2.34964
39246	-1021.677	-1232.625	210.9487	1.74606	0.6458663	0.464378	0.535622	2.060423
39252	-1020.277	-1231.552	211.2747	1.85578	0.3663388	0.587253	0.412747	2.079628
39258	-1020.306	-1231.704	211.3977	1.687403	0.3879669	0.430371	0.569629	2.080961
39264	-1018.85	-1230.155	211.3046	1.687403	0.4865058	0.621129	0.378871	2.024078
39270	-1013.454	-1224.089	210.6347	1.808106	0.8392059	0.576171	0.423829	2.067116
39276	-1019.234	-1229.115	209.8802	1.942628	0.9866098	0.336472	0.663528	2.365515
39282	-1041.332	-1251.467	210.1347	1.917748	1.327014	0.751097	0.248903	2.018129
39288	-1036.127	-1247.026	210.8983	1.802544	0.9856756	0.229062	0.770938	1.786663
39294	-1025.947	-1237.354	211.4077	1.70807	0.4075821	0.364065	0.635935	2.035664
39300	-1019.267	-1230.368	211.1003	1.950812	0.4645192	0.318019	0.681981	2.009796
39306	-1015.985	-1227.581	211.5962	1.950812	0.4116212	0.474766	0.525234	1.736827
39312	-1031.004	-1242.506	211.5018	2.155977	0.8567035	0.388377	0.611623	1.161571
39318	-1046.868	-1258.68	211.8116	2.191437	0.6711588	0.482782	0.517218	1.053835
39324	-1032.127	-1243.81	211.6829	2.276621	0.7301782	0.526685	0.473315	1.021748
39330	-1045.473	-1256.233	210.7592	1.711658	0.2629615	0.562034	0.437966	2.647469
39336	-1039.828	-1250.638	210.8101	1.810369	0.6091933	0.617846	0.382154	2.143036
39342	-1045.913	-1258.04	212.1263	1.838494	0.5703805	0.522536	0.477464	1.216229
39348	-1022.332	-1234.254	211.9214	1.907844	0.4953373	0.381406	0.618594	1.421278
39354	-1027.89	-1239.069	211.1784	1.905191	0.4464686	0.294613	0.705387	2.009425
39360	-1043.881	-1254.999	211.1184	1.75737	0.573499	0.402584	0.597416	2.009425
39366	-1051.796	-1263.127	211.331	1.884531	0.5676735	0.464015	0.535985	1.784597
39372	-1047.66	-1259.831	212.171	2.246457	0.4884458	0.487022	0.512978	0.9100773
39378	-1044.335	-1256.151	211.8165	2.251501	0.7816351	0.450718	0.549282	0.8349232
39384	-1030.975	-1242.872	211.8978	1.98974	0.7816351	0.428137	0.571863	1.030245
39390	-1024.198	-1236.141	211.9427	1.98974	0.7556228	0.495319	0.504681	1.017243
39396	-1033.865	-1245.299	211.4342	2.082468	1.131563	0.539359	0.460641	1.036574
39402	-1029.118	-1240.287	211.169	1.733132	0.909573	0.288562	0.711438	1.701149
39408	-1033.961	-1245.038	211.0768	1.71742	0.7805595	0.452678	0.547322	1.877689
39414	-1019.872	-1230.876	211.0031	1.634181	0.7328419	0.367268	0.632732	2.022697
39420	-1005.615	-1216.46	210.8446	1.62408	0.9701052	0.592999	0.407001	1.95595
39426	-1025.833	-1237.042	211.2084	1.816585	0.7021456	0.448553	0.551447	1.786268
39432	-1027.93	-1239.371	211.4411	2.025125	0.8734684	0.520977	0.479023	1.307001
39438	-1020.754	-1232.367	211.6121	2.028618	0.8734684	0.52559	0.47441	1.160086
39444	-1013.482	-1224.966	211.484	2.042322	0.981609	0.461033	0.538967	1.160086
39450	-1018.756	-1229.585	210.8296	2.310657	1.421982	0.338203	0.661797	1.160086
39456	-1027.779	-1239.255	211.4761	2.310657	0.8013041	0.452799	0.547201	1.103079
39462	-1032.336	-1243.568	211.2325	2.254912	0.8865104	0.333988	0.666012	1.278007
39468	-1054.142	-1265.269	211.1267	2.49006	0.9572533	0.307258	0.692742	1.101356
39474	-1026.462	-1237.861	211.3988	2.546376	1.00611	0.546888	0.453112	0.6441821
39480	-1027.669	-1238.528	210.8591	2.647357	1.54079	0.577379	0.422621	0.6182878
39486	-1026.453	-1237.695	211.2411	2.647357	1.080022	0.442302	0.557698	0.4062751
39492	-1016.935	-1227.898	210.9627	2.889344	1.080022	0.536863	0.463137	0.3501591
39498	-1024.047	-1234.995	210.9486	2.885071	1.099578	0.598472	0.401528	0.3501591
39504	-1035.712	-1246.97	211.2582	2.763092	0.9056811	0.430022	0.569978	0.34302
39510	-1038.022	-1248.791	210.7685	2.92054	1.255963	0.427239	0.572761	0.34302
39516	-1024.905	-1236.195	211.2908	2.546823	1.139747	0.660345	0.339655	0.4163595
39522	-1010.091	-1221.425	211.3337	2.51947	1.139747	0.423666	0.576334	0.5095293
39528	-1013.52	-1224.916	211.3961	2.393884	1.139747	0.554539	0.445461	0.6997694
39534	-1020.429	-1231.516	211.0867	2.504029	1.376304	0.554539	0.445461	0.6997694
39540	-1012.451	-1223.929	211.4787	2.504029	1.002645	0.434892	0.565108	0.5219145
39546	-1020.211	-1231.728	211.5174	2.541226	0.9286786	0.523856	0.476144	0.5219145
39552	-1010.275	-1221.489	211.2141	2.607313	1.166429	0.356495	0.643505	0.4395393
39558	-1008.983	-1220.43	211.4469	2.607313	0.9310005	0.475877	0.524123	0.4624931
39564	-1030.639	-1242.081	211.4418	2.69393	0.8544027	0.501192	0.498808	0.4526594
39570	-1030.976	-1242.237	211.2609	2.69393	1.027462	0.48297	0.51703	0.4550424
39576	-1024.543	-1235.804	211.2609	2.69393	1.027462	0.550475	0.449525	0.4550424
39582	-1006.502	-1217.922	211.4198	2.685352	0.8856628	0.410939	0.589061	0.4811204
39588	-1007.243	-1218.619	211.3762	2.72405	0.8856628	0.389605	0.610395	0.4487212
39594	-1005.14	-1216.629	211.4891	2.614575	0.8856628	0.611225	0.388775	0.467525
39600	-1008.102	-1219.295	211.1934	2.730034	1.04711	0.347582	0.652418	0.4143916
39606	-1028.045	-1239.584	211.5386	2.730034	0.7184868	0.484814	0.515186	0.3797927
39612	-1025.097	-1233.441	208.344	1.540709	0.6497071	0.614554	0.385446	3.764118
39618	-1022.219	-1230.829	208.6099	1.50426	0.4973548	0.412367	0.587633	3.764118
39624	-1010.865	-1220.705	209.8404	1.701247	0.8054299	0.274818	0.725182	2.664125
39630	-1005.726	-1216.84	211.1147	1.723297	0.3683033	0.561348	0.438652	2.267045
39636	-1009.929	-1220.828	210.899	1.911736	0.495627	0.406467	0.593533	2.133401
39642	-1001.667	-1213.492	211.8251	2.095262	0.5957132	0.582856	0.417144	1.222065
39648	-1016.782	-1228.067	211.2854	1.769807	0.5604216	0.388906	0.611094	1.902233
39654	-1017.96	-1229.131	211.171	1.828594	0.5524704	0.380588	0.619412	1.94803
39660	-1016.77	-1228.154	211.3844	2.037472	0.4713415	0.695726	0.304274	1.749079
39666	-1025.022	-1237.125	212.1036	1.96026	0.3454619	0.379132	0.620868	1.456722
39672	-1031.805	-1243.393	211.5874	2.11827	0.6166964	0.252612	0.747388	1.372181
39678	-1042.921	-1253.4	210.4788	2.028016	0.8693867	0.693769	0.306231	2.002209
39684	-1031.004	-1242.426	211.4216	2.735725	0.8237568	0.286314	0.713686	0.4106411
39690	-1040.006	-1251.96	211.9536	2.134912	0.624235	0.392991	0.607009	1.033837
39696	-1028.24	-1240.001	211.7614	2.304607	0.4595799	0.362543	0.637457	1.281804
39702	-1016.863	-1228.884	212.0212	2.150922	0.348232	0.400461	0.599539	1.3684
39708	-1017.293	-1228.886	211.5934	2.113034	0.4709844	0.463449	0.536551	1.545046
39714	-1018.373	-1230.105	211.7321	2.11521	0.4061946	0.565032	0.434968	1.527648
39720	-1019.98	-1231.808	211.8279	2.152495	0.3889234	0.528965	0.471035	1.452651
39726	-1027.593	-1239.458	211.8644	2.132352	0.4061326	0.381748	0.618252	1.414562
39732	-1030.893	-1242.714	211.8212	2.170911	0.4869555	0.426611	0.573389	1.303717
39738	-1030.107	-1242.164	212.0568	2.170911	0.5084143	0.343232	0.656768	1.068738
39744	-1028.648	-1240.231	211.5829	2.170911	0.7924086	0.457159	0.542841	1.142249
39750	-1033.288	-1244.725	211.4371	2.381831	1.172588	0.286525	0.713475	0.551525
39756	-1020.82	-1231.792	210.9724	2.410048	1.58537	0.512963	0.487037	0.7815741
39762	-1032.391	-1244.215	211.8239	2.317966	0.8124047	0.53764	0.46236	0.6688834
39768	-1025.557	-1237.445	211.8884	2.203408	0.8462878	0.413179	0.586821	0.6899087
39774	-1009.611	-1221.489	211.8777	2.203408	0.8462878	0.473347	0.526653	0.7087321
39780	-1020.97	-1233.218	212.2482	2.213963	0.5398065	0.588768	0.411232	0.7479176
39786	-1026.006	-1237.975	211.969	2.379292	0.6278289	0.349178	0.650822	0.7217431
39792	-1032.336	-1244.669	212.3336	2.356078	0.4381256	0.498882	0.501118	0.6480321
39798	-1003.969	-1216.086	212.1179	2.257602	0.611743	0.576126	0.423874	0.7146057
39804	-1013.237	-1225.25	212.013	2.203612	0.7516352	0.428902	0.571098	0.6654597
39810	-1023.381	-1234.857	211.4763	2.564094	0.9468923	0.335404	0.664596	0.4924263
39816	-1012.835	-1224.393	211.558	2.481809	0.9468923	0.514168	0.485832	0.4820365
39822	-1020.401	-1232.584	212.1825	2.481809	0.473199	0.555631	0.444369	0.4897026
39828	-1009.911	-1222.208	212.2968	2.443927	0.4300113	0.422152	0.577848	0.5164109
39834	-1022.556	-1233.999	211.4437	2.312008	1.034306	0.553965	0.446035	0.8823462
39840	-1020.12	-1231.854	211.7339	2.183377	0.8441304	0.568726	0.431274	0.925075
39846	-1022.628	-1234.244	211.6166	2.190719	0.9223204	0.310662	0.689338	0.950885
39852	-1016.803	-1228.913	212.1098	2.192051	0.5471909	0.627802	0.372198	0.9327891
39858	-1015.569	-1227.667	212.0977	2.204083	0.5471909	0.493271	0.506729	0.9327891
39864	-1023.06	-1235.154	212.0934	2.250542	0.5471909	0.471939	0.528061	0.8859946
39870	-1030.152	-1242.663	212.5111	2.250542	0.3238269	0.437114	0.562886	0.8783663
39876	-1044.489	-1256.627	212.1382	2.248387	0.4673645	0.354624	0.645376	0.9810356
39882	-1026.506	-1238.735	212.2285	2.094078	0.4256261	0.724881	0.275119	1.113875
39888	-1026.244	-1237.917	211.6728	2.091844	0.8094852	0.666815	0.333185	1.114507
39894	-1023.424	-1235.492	212.0682	2.116399	0.6258309	0.644833	0.355167	0.9338139
39900	-1016.193	-1228.088	211.8947	2.116399	0.6829971	0.438401	0.561599	1.031006
39906	-1012.017	-1222.992	210.9751	1.998239	0.9245617	0.326066	0.673934	1.638916
39912	-1013.636	-1225.336	211.6998	2.174295	0.5066902	0.525596	0.474404	1.371783
39918	-1028.281	-1239.882	211.601	2.17169	0.6118801	0.670791	0.329209	1.324393
39924	-1052.159	-1263.974	211.8151	2.17169	0.5049918	0.573391	0.426609	1.283615
39930	-1028.439	-1240.227	211.7886	2.188046	0.6804667	0.535175	0.464825	1.067084
39936	-1024.514	-1236.074	211.56	2.072347	0.7526245	0.444554	0.555446	1.286624
39942	-1016.675	-1228.166	211.4916	2.039452	0.9142607	0.532673	0.467327	1.216479
39948	-1002.281	-1213.775	211.4938	2.07573	0.878793	0.532673	0.467327	1.216479
39954	-1011.89	-1223.35	211.4597	2.298955	0.9066151	0.422106	0.577894	1.017466
39960	-1007.803	-1218.938	211.1353	2.481378	1.33064	0.677464	0.322536	0.7174116
39966	-1024.572	-1235.825	211.2536	2.83501	0.8982967	0.606073	0.393927	0.5433348
39972	-1030.595	-1242.005	211.4103	2.56657	1.005848	0.300168	0.699832	0.5433348
39978	-1016.683	-1228.404	211.7216	2.450149	0.754011	0.39983	0.60017	0.7383758
39984	-1012.575	-1224.376	211.8017	2.350902	0.754011	0.526663	0.473337	0.7669601
39990	-1006.935	-1218.886	211.9504	2.224223	0.6582363	0.719873	0.280127	0.8951965
39996	-1018.419	-1230.246	211.827	2.496749	0.6489469	0.484551	0.515449	0.7137657
40002	-1021.766	-1233.09	211.3244	1.623405	0.5636752	0.488786	0.511214	1.971275
40008	-1041.119	-1252.456	211.3366	1.886285	0.4020906	0.510091	0.489909	1.971275
40014	-1027.339	-1238.875	211.5357	1.977332	0.6358489	0.52149	0.47851	1.49925
40020	-1015.198	-1226.785	211.5863	1.982294	0.824784	0.546399	0.453601	1.26826
40026	-1011.826	-1223.904	212.0788	1.960575	0.4846397	0.550595	0.449405	1.26826
40032	-1018.874	-1230.665	211.7907	2.216726	0.529957	0.349459	0.650541	1.232995
40038	-1015.682	-1227.354	211.6719	2.077362	0.749383	0.516137	0.483863	1.191912
40044	-1018.444	-1230.164	211.7202	2.153853	0.551508	0.358272	0.641728	1.315038
40050	-1028.662	-1240.778	212.1155	2.030186	0.4226881	0.52904	0.47096	1.271017
40056	-1032.251	-1243.606	211.3553	2.02626	0.6125043	0.451111	0.548889	1.620373
40062	-1043.301	-1254.262	210.9612	1.970238	0.4075006	0.651732	0.348268	2.15678
40068	-1043.47	-1253.869	210.3995	1.970238	0.6339305	0.485697	0.514303	2.282359
40074	-1020.792	-1232.331	211.5391	2.26688	0.5703615	0.454334	0.545666	1.346562
40080	-1026.097	-1237.836	211.7395	2.26688	0.5874461	0.50596	0.49404	1.158315
40086	-1011.582	-1223.257	211.675	2.398317	0.5086942	0.488175	0.511825	1.206187
40092	-1018.28	-1230.135	211.8552	2.103181	0.5392404	0.441931	0.558069	1.261734
40098	-1010.724	-1222.288	211.5638	2.318707	0.5564388	0.441931	0.558069	1.302041
40104	-1005.686	-1217.278	211.5915	2.435628	0.6304131	0.535109	0.464891	1.083793
40110	-1017.52	-1228.502	210.9818	2.398344	1.5927	0.487788	0.512212	0.77767
40116	-1024.943	-1236.272	211.3285	2.69459	0.9498045	0.404182	0.595818	0.5894918
40122	-1022.909	-1233.847	210.9384	1.889859	0.5204477	0.719736	0.280264	2.095309
40128	-1036.048	-1247.75	211.7017	1.922738	0.8973502	0.327551	0.672449	1.151386
40134	-1021.576	-1232.911	211.3346	2.139913	1.166066	0.458476	0.541524	1.047229
40140	-1036.477	-1248.585	212.1076	2.02462	0.4997224	0.548484	0.451516	1.168032
40146	-1020.615	-1232.417	211.8014	2.089842	0.7313198	0.457781	0.542219	1.085459
40152	-1017.219	-1228.612	211.3938	2.240369	1.087457	0.487107	0.512893	0.9597148
40158	-1020.367	-1232.458	212.0904	2.285741	0.5763356	0.448718	0.551282	0.7909206
40164	-1009.633	-1221.503	211.8701	2.245326	0.6855428	0.558074	0.441926	0.9204527
40170	-1020.498	-1232.062	211.5643	2.328824	0.8109267	0.583075	0.416925	0.9903461
40176	-1021.954	-1233.124	211.1701	2.390444	1.240318	0.564362	0.435638	0.8913701
40182	-1006.421	-1218.105	211.6844	2.272643	0.83604	0.40438	0.59562	0.8910252
40188	-1008.867	-1220.785	211.9176	2.295313	0.6284807	0.532781	0.467219	0.8984339
40194	-1009.142	-1220.623	211.481	2.323517	0.9451449	0.480764	0.519236	0.9282287
40200	-1015.286	-1226.719	211.4333	2.346196	0.9634014	0.501841	0.498159	0.9347886
40206	-1010.869	-1222.826	211.9569	2.143572	0.5962486	0.391724	0.608276	1.060839
40212	-1013.531	-1225.209	211.6777	2.143572	0.8105842	0.358163	0.641837	1.060839
40218	-1009.516	-1221.333	211.8173	2.178845	0.8227638	0.456046	0.543954	0.8633583
40224	-1038.886	-1250.11	211.2232	2.178845	1.097639	0.496742	0.503258	1.170136
40230	-1024.408	-1235.932	211.5239	2.211524	1.017683	0.502891	0.497109	0.9233074
40236	-1020.968	-1232.457	211.489	2.192014	1.024911	0.530776	0.469224	0.9733668
40242	-1021.229	-1232.452	211.223	1.982704	1.024911	0.4982	0.5018	1.388695
40248	-1024.91	-1236.177	211.2671	2.093459	0.9976769	0.645922	0.354078	1.286647
40254	-1018.893	-1230.43	211.5371	2.119196	0.9976769	0.389025	0.610975	1.025184
40260	-1029.12	-1240.617	211.4976	2.324896	0.9976769	0.365255	0.634745	0.8460293
40266	-1025.425	-1236.652	211.2271	2.324804	1.398494	0.33981	0.66019	0.7353548
40272	-1016.547	-1228.263	211.7163	2.395147	0.8543215	0.460221	0.539779	0.6307087
40278	-1009.003	-1220.348	211.3454	2.223859	1.195464	0.39135	0.60865	0.9247179
40284	-1015.021	-1226.289	211.2684	1.977611	1.014955	0.254404	0.745596	1.364746
40290	-1013.747	-1223.82	210.0733	1.772327	1.020208	0.295064	0.704936	2.329786
40296	-1014.898	-1224.795	209.8975	1.663388	1.341747	0.404881	0.595119	2.329786
40302	-1028.137	-1239.117	210.9795	1.930971	1.128762	0.702355	0.297645	1.538371
40308	-1019.208	-1229.693	210.4852	1.930971	1.093086	0.613231	0.386769	1.910229
40314	-1021.662	-1233.2	211.5375	1.930971	0.6261953	0.447958	0.552042	1.542542
40320	-1017.584	-1228.641	211.057	1.905248	0.5279307	0.4472	0.5528	1.998733
40326	-1011.491	-1223.019	211.5284	1.760702	0.5279307	0.62562	0.37438	1.776322
40332	-1021.785	-1232.259	210.4734	1.669157	0.4365786	0.65855	0.34145	2.621861
40338	-1005.979	-1217.18	211.2013	1.765973	0.4548559	0.518039	0.481961	2.076571
40344	-1013.348	-1224.863	211.5154	2.235093	0.5994024	0.518039	0.481961	1.356452
40350	-1011.754	-1223.192	211.4384	2.108699	0.6641895	0.528205	0.471795	1.444025
40356	-1011.453	-1222.693	211.2398	2.004409	0.5748809	0.498647	0.501353	1.757088
40362	-1012.996	-1224.464	211.4682	2.004409	0.4048487	0.351111	0.648889	1.797662
40368	-1013.557	-1225.227	211.6705	2.004409	0.3749343	0.522458	0.477542	1.697065
40374	-1010.441	-1221.499	211.0582	1.928948	0.3749343	0.483168	0.516832	2.162053
40380	-1005.14	-1216.606	211.4665	1.916572	0.6814299	0.350887	0.649113	1.549821
40386	-1005.727	-1217.01	211.2831	1.856895	0.5391366	0.418482	0.581518	1.866924
40392	-1017	-1228.318	211.318	1.717545	0.3624726	0.545448	0.454552	2.147003
40398	-1006.303	-1217.87	211.5672	1.717545	0.6831387	0.662509	0.337491	1.620029
40404	-1008.047	-1219.491	211.4444	1.989364	0.4597522	0.490344	0.509656	1.754842
40410	-1010.619	-1221.964	211.3453	1.927719	0.6746811	0.687388	0.312612	1.636621
40416	-1009.532	-1221.234	211.7014	2.000258	0.6430274	0.453084	0.546916	1.346125
40422	-1016.611	-1228.391	211.78	2.220676	0.6430274	0.453084	0.546916	1.091965
40428	-1025.962	-1237.658	211.6957	2.135197	0.6642123	0.53083	0.46917	1.216288
40434	-997.8923	-1209.736	211.8437	2.086304	0.593771	0.58816	0.41184	1.216288
40440	-1011.922	-1223.883	211.9611	2.172159	0.7751431	0.58816	0.41184	0.7575654
40446	-1016.849	-1228.289	211.4392	2.355612	1.070421	0.423403	0.576597	0.7903493
40452	-1031.93	-1243.004	211.0739	1.825623	1.202629	0.430421	0.569579	1.497482
40458	-1032.991	-1244.824	211.8327	1.799481	0.3399261	0.362411	0.637589	1.778183
40464	-1020.574	-1232.517	211.943	1.998542	0.719988	0.648594	0.351406	1.051656
40470	-1024.487	-1236.657	212.1702	2.048049	0.525433	0.683737	0.316263	1.051656
40476	-1032.133	-1243.888	211.7551	2.048049	0.5771258	0.649467	0.350533	1.34073
40482	-1020.698	-1232.266	211.5684	2.023333	0.7919956	0.468826	0.531174	1.280812
40488	-1013.713	-1225.25	211.5369	1.996617	0.7919956	0.559002	0.440998	1.32801
40494	-1022.194	-1234.374	212.1795	2.023623	0.3777515	0.370438	0.629562	1.294894
40500	-1027.296	-1239.018	211.7223	2.052662	0.6239625	0.379384	0.620616	1.308691
40506	-1025.487	-1237.308	211.8206	2.347125	0.5568849	0.498284	0.501716	1.052972
40512	-1027.967	-1239.459	211.492	2.355439	0.7247929	0.596407	0.403593	1.132845
40518	-1032.577	-1244.528	211.9514	2.368282	0.3831143	0.496735	0.503265	1.188349
40524	-1030.538	-1242.167	211.6286	2.140425	0.5575524	0.347947	0.652053	1.390955
40530	-1044.135	-1254.886	210.7506	2.366781	1.733466	0.503311	0.496689	0.9737539
40536	-1029.102	-1240.708	211.6053	2.111744	0.6089419	0.436	0.564	1.371945
40542	-1016.587	-1228.061	211.4745	2.027534	0.7721066	0.561672	0.438328	1.371945
40548	-1018.956	-1230.656	211.6995	2.061718	0.332456	0.359663	0.640337	1.698965
40554	-1014.332	-1225.532	211.2003	1.945814	0.4507057	0.454254	0.545746	1.962584
40560	-1037.309	-1248.396	211.0872	1.736912	0.6632335	0.629878	0.370122	1.958572
40566	-1031.222	-1242.729	211.5071	1.936307	0.5211133	0.225369	0.774631	1.67536
40572	-1016.11	-1227.637	211.5263	1.979817	0.5084494	0.515102	0.484898	1.645209
40578	-1018.352	-1230.594	212.2412	1.923494	0.2598724	0.456708	0.543292	1.53043
40584	-1033.937	-1245.136	211.1989	1.882081	0.8062206	0.61033	0.38967	1.656311
40590	-1026.818	-1238.661	211.8425	1.788434	0.414632	0.473913	0.526087	1.673418
40596	-1028.895	-1240.561	211.6664	1.936011	0.4957194	0.516713	0.483287	1.59072
40602	-1026.365	-1238.558	212.1926	1.943792	0.413811	0.627468	0.372532	1.292251
40608	-1024.929	-1236.721	211.7917	2.005114	0.5590157	0.357615	0.642385	1.367461
40614	-1018.115	-1229.966	211.8514	2.020619	0.5590157	0.574273	0.425727	1.307341
40620	-1012.182	-1224.685	212.5029	1.98955	0.3084074	0.339866	0.660134	1.176402
40626	-1010.965	-1222.436	211.4708	2.073512	0.9572074	0.4046	0.5954	1.166183
40632	-1008.721	-1220.826	212.1053	1.922799	0.3543023	0.371724	0.628276	1.469738
40638	-1002.211	-1213.81	211.5996	1.76132	0.3584963	0.364928	0.635072	1.936999
40644	-1028.568	-1238.333	209.7655	1.461529	0.6069771	0.507808	0.492192	3.01147
40650	-1033.972	-1244.327	210.355	1.40638	0.55622	0.59615	0.40385	2.733618
40656	-1032.631	-1242.703	210.0719	1.463578	0.6661152	0.420557	0.579443	2.775164
40662	-1030.61	-1240.653	210.0429	1.458313	0.4457058	0.479783	0.520217	3.001985
40668	-1029.755	-1240.194	210.4391	1.448854	0.4457058	0.479783	0.520217	2.768028
40674	-1028.679	-1236.368	207.6889	1.45888	0.7004507	0.603022	0.396978	4.147147
40680	-1022.757	-1232.099	209.3428	1.293466	0.6692613	0.439744	0.560256	3.310888
40686	-1025.788	-1235.603	209.8142	1.632272	0.2337593	0.532435	0.467565	3.309604
40692	-1026.522	-1234.951	208.4285	1.892254	0.2661925	0.557777	0.442223	3.913881
40698	-1012.885	-1224.257	211.3719	1.86446	0.636173	0.557777	0.442223	1.700335
40704	-1023.574	-1235.939	212.3658	1.869623	0.3499237	0.316685	0.683315	1.315077
40710	-1014.233	-1226.33	212.0965	1.995881	0.5706471	0.333931	0.666069	1.103677
40716	-1030.702	-1242.756	212.0536	2.180582	0.5706471	0.505785	0.494215	0.9662926
40722	-1018.388	-1230.013	211.6252	2.041176	0.7786428	0.536294	0.463706	1.2321
40728	-1009.918	-1221.505	211.587	1.814773	0.6334716	0.339854	0.660146	1.584051
40734	-1018.141	-1229.671	211.5301	1.880311	0.8579506	0.361441	0.638559	1.365402
40740	-1012.315	-1223.224	210.9094	1.969373	0.9435307	0.335153	0.664847	1.692217
40746	-1019.755	-1231.658	211.9038	2.147945	0.4246923	0.423665	0.576335	1.344016
40752	-1019.509	-1230.663	211.154	1.791623	0.3146812	0.451945	0.548055	2.271733
40758	-1028.877	-1240.234	211.3573	1.732761	0.7110217	0.451945	0.548055	1.732835
40764	-1037.787	-1249.531	211.7439	1.970233	0.3029354	0.451945	0.548055	1.778534
40770	-1036.032	-1247.11	211.078	1.972633	0.3992211	0.383157	0.616843	2.089214
40776	-1032.204	-1244.193	211.9894	1.868983	0.5301789	0.724068	0.275932	1.354287
40782	-1024.273	-1235.966	211.6932	1.989067	0.9229202	0.63409	0.36591	1.073952
40788	-1021.002	-1233.109	212.1065	1.860079	0.3692214	0.470693	0.529307	1.492923
40794	-1025.081	-1236.901	211.82	1.691848	0.3692214	0.498461	0.501539	1.819105
40800	-1026.393	-1237.555	211.1623	1.764562	0.7420312	0.487412	0.512588	1.819105
40806	-1016.385	-1227.861	211.4762	1.914011	0.4469988	0.487412	0.512588	1.800783
40812	-1032.148	-1243.954	211.8064	1.866381	0.468296	0.568183	0.431817	1.573247
40818	-1043.278	-1254.767	211.4896	1.866381	0.6815991	0.359712	0.640288	1.56962
40824	-1029.753	-1240.649	210.8958	1.852746	1.265647	0.52609	0.47391	1.56962
40830	-1042.596	-1254.419	211.8238	1.777057	0.5634386	0.399253	0.600747	1.512399
40836	-1038.69	-1250.465	211.7748	1.935302	0.5634386	0.400799	0.599201	1.42966
40842	-1042.376	-1253.671	211.2947	1.777309	0.641958	0.400799	0.599201	1.809604
40848	-1053.779	-1264.225	210.4461	1.653978	0.5544978	0.591891	0.408109	2.526169
40854	-1056.256	-1268.219	211.9632	2.304011	0.7158923	0.429763	0.570237	0.6537418
40860	-1045.483	-1257.459	211.9767	2.304011	0.684197	0.556986	0.443014	0.706088
40866	-1044.434	-1256.141	211.7072	2.107098	0.8646775	0.403629	0.596371	1.00786
40872	-1034.134	-1245.37	211.2361	1.708026	1.077884	0.544308	0.455692	1.548454
40878	-1034.823	-1245.996	211.1731	1.888413	1.169991	0.308647	0.691353	1.395595
40884	-1024.804	-1235.976	211.1723	1.889151	1.169991	0.548244	0.451756	1.395595
40890	-1031.532	-1243.297	211.7646	2.045257	0.8404015	0.394215	0.605785	1.038951
40896	-1034.096	-1245.563	211.4679	2.037373	0.8962757	0.392254	0.607746	1.254455
40902	-1025.652	-1236.821	211.1697	2.012408	0.706099	0.359245	0.640755	1.672178
40908	-1035.262	-1246.738	211.4753	1.87028	1.109137	0.507531	0.492469	1.209587
40914	-1027.702	-1238.71	211.0073	1.851021	0.9331636	0.5214	0.4786	1.714361
40920	-1024.554	-1235.67	211.1159	1.851021	0.8342025	0.5214	0.4786	1.714361
40926	-1048.828	-1260.27	211.4419	1.735778	0.5714716	0.498934	0.501066	1.806922
40932	-1029.602	-1241.274	211.6727	2.040667	0.4640047	0.527004	0.472996	1.548908
40938	-1016.214	-1227.782	211.5674	1.763617	0.6550345	0.599663	0.400337	1.61389
40944	-1037.066	-1247.68	210.6145	1.663025	0.8331748	0.527252	0.472748	2.179733
40950	-1028.003	-1238.821	210.8181	1.799146	0.6453078	0.613819	0.386181	2.111951
40956	-1022.141	-1233.529	211.3877	2.000572	0.550358	0.508343	0.491657	1.681861
40962	-1005.426	-1217.064	211.6383	1.908612	0.5238753	0.456008	0.543992	1.597645
40968	-1017.726	-1229.118	211.3924	1.908612	0.6941911	0.456008	0.543992	1.597645
40974	-1021.3	-1232.706	211.4057	1.902293	0.59895	0.419735	0.580265	1.687105
40980	-1023.801	-1235.526	211.724	1.738821	0.4990935	0.419735	0.580265	1.687105
40986	-1025.031	-1234.082	209.0507	1.580883	1.013933	0.484915	0.515085	3.079367
40992	-1022.23	-1231.492	209.2619	1.690175	0.8228421	0.67943	0.32057	3.009702
40998	-1021.476	-1232.767	211.2906	1.845694	0.5154243	0.544639	0.455361	1.895165
41004	-1027.22	-1238.036	210.8161	1.860643	1.174763	0.490388	0.509612	1.677982
41010	-1028.948	-1240.402	211.4536	1.858029	0.6052567	0.67132	0.32868	1.677982
41016	-1046.622	-1257.863	211.2411	1.858029	0.7503893	0.347035	0.652965	1.69133
41022	-1025.293	-1236.452	211.1598	1.821627	0.7756917	0.378485	0.621515	1.752519
41028	-1026.377	-1237.366	210.9887	1.839413	1.103266	0.583125	0.416875	1.615853
41034	-1025.258	-1236.442	211.1846	1.782477	0.8828061	0.583125	0.416875	1.675632
41040	-1020.017	-1231.281	211.2632	1.949631	0.5649379	0.435673	0.564327	1.789416
41046	-1031.403	-1242.766	211.3627	1.795299	0.5036466	0.435673	0.564327	1.893452
41052	-1021.496	-1233.024	211.5276	1.815886	0.7213836	0.406254	0.593746	1.540713
41058	-1038.495	-1249.724	211.229	1.885463	0.7051301	0.461098	0.538902	1.721002
41064	-1027.954	-1238.875	210.9215	1.749804	0.6436468	0.413818	0.586182	2.077921
41070	-1040.935	-1251.629	210.6946	1.591861	0.434957	0.491839	0.508161	2.534397
41076	-1032.958	-1243.435	210.4769	1.666006	0.5170338	0.31999	0.68001	2.536216
41082	-1037.693	-1247.365	209.6721	1.469127	0.4693076	0.489703	0.510297	3.191906
41088	-1026.138	-1236.625	210.4872	1.660585	0.262685	0.483889	0.516111	2.845371
41094	-1028.529	-1239.084	210.5548	1.5455	0.262685	0.420051	0.579949	2.874159
41100	-1031.06	-1241.733	210.673	1.563864	0.4025379	0.452216	0.547784	2.602846
41106	-1018.573	-1228.975	210.4013	1.736525	0.3658914	0.463107	0.536893	2.708556
41112	-1030.09	-1240.698	210.6077	1.590804	0.3120737	0.389079	0.610921	2.742367
41118	-1038.553	-1249.031	210.4782	1.590804	0.2785852	0.415575	0.584425	2.869141
41124	-1034.175	-1244.996	210.8216	1.67551	0.3519334	0.492604	0.507396	2.504127
41130	-1034.5	-1245.489	210.9889	1.608476	0.4157408	0.390715	0.609285	2.361351
41136	-1037.342	-1247.423	210.081	1.665301	0.4157408	0.451923	0.548077	2.887441
41142	-1027.989	-1239.471	211.4824	1.582191	0.3412133	0.692903	0.307097	2.157227
41148	-1034.828	-1245.734	210.9056	1.464982	0.5487486	0.639278	0.360722	2.361637
41154	-1058.012	-1268.822	210.8102	1.643271	0.7336655	0.377848	0.622152	2.142962
41160	-1028.756	-1238.857	210.1005	1.630202	0.3914352	0.461984	0.538016	2.925008
41166	-1028.352	-1238.511	210.1584	1.581952	0.5902271	0.474187	0.525813	2.715245
41172	-1018.344	-1228.817	210.4722	1.539	0.5287314	0.474187	0.525813	2.606358
41178	-1015.55	-1225.519	209.9691	1.458042	0.4801804	0.474187	0.525813	3.010316
41184	-1031.163	-1240.943	209.7799	1.504022	0.5697056	0.260338	0.739662	3.010316
41190	-1033.485	-1244.112	210.6273	1.512847	0.5474802	0.559296	0.440704	2.507884
41196	-1030.331	-1240.575	210.2435	1.703532	0.6823892	0.631268	0.368732	2.507884
41202	-1029.679	-1241.027	211.3483	1.533732	0.4615098	0.448887	0.551113	2.124802
41208	-1012.186	-1222.378	210.1921	1.73157	0.664219	0.350252	0.649748	2.537637
41214	-1014.559	-1225.744	211.1844	1.959344	0.5642972	0.614328	0.385672	1.837729
41220	-1014.674	-1226.429	211.7548	2.009267	0.5642972	0.483125	0.516875	1.386785
41226	-1020.014	-1231.91	211.8968	2.212457	0.591995	0.386617	0.613383	1.058401
41232	-1014.561	-1226.152	211.5915	2.250386	0.8298051	0.626055	0.373945	1.019541
41238	-1009.125	-1220.772	211.647	2.255328	0.7579739	0.626347	0.373653	1.043689
41244	-1025.093	-1236.025	210.9322	2.292926	1.472568	0.458047	0.541953	1.047532
41250	-1024.694	-1236.82	212.1267	2.292926	0.4118073	0.266724	0.733276	1.047532
41256	-1008.183	-1219.505	211.3218	2.201059	0.9075611	0.493738	0.506262	1.229475
41262	-1014.258	-1225.785	211.5267	2.212487	0.8278213	0.493738	0.506262	1.11828
41268	-1030.979	-1242.439	211.4599	1.989629	0.9784477	0.659629	0.340371	1.228847
41274	-1021.342	-1232.599	211.2576	1.769391	0.6294681	0.4747	0.5253	1.852564
41280	-1010.647	-1222.267	211.6194	2.185207	0.6294681	0.497019	0.502981	1.278195
41286	-1021.577	-1233.361	211.7843	2.198604	0.8255262	0.505427	0.494573	0.8752262
41292	-1024.644	-1236.541	211.8963	2.159866	0.744758	0.364246	0.635754	0.9020206
41298	-1018.252	-1229.861	211.609	2.107509	0.9545168	0.49433	0.50567	1.009182
41304	-1046.497	-1256.474	209.9777	1.605664	1.004286	0.467749	0.532251	2.505035
41310	-1020.515	-1231.254	210.7393	1.605664	0.6529581	0.522212	0.477788	2.281421
41316	-1032.767	-1243.712	210.9458	1.642962	0.7827479	0.408955	0.591045	2.014174
41322	-1026.237	-1236.093	209.8567	1.575671	0.4935512	0.472756	0.527244	2.993697
41328	-1026.831	-1237.097	210.2653	1.517381	0.5884086	0.472756	0.527244	2.690895
41334	-1026.258	-1236.787	210.529	1.739089	0.8221648	0.417691	0.582309	2.194057
41340	-1024.2	-1235.791	211.5903	1.725167	0.8221648	0.62447	0.37553	1.470234
41346	-1014.149	-1225.607	211.4574	1.876337	0.8781508	0.506945	0.493055	1.407771
41352	-1012.034	-1222.99	210.9564	2.031016	0.996306	0.35565	0.64435	1.574991
41358	-1018.96	-1230.359	211.3987	1.732191	0.570498	0.315968	0.684032	1.840155
41364	-1016.756	-1227.66	210.9041	1.707157	0.6330588	0.39611	0.60389	2.126992
41370	-1027.516	-1239.286	211.7702	2.26735	0.850751	0.368838	0.631162	0.7684156
41376	-1023.861	-1235.499	211.638	2.314727	0.8597809	0.657541	0.342459	0.864858
41382	-1029.528	-1241.053	211.5245	1.995373	0.8256468	0.599041	0.400959	1.307214
41388	-1020.318	-1232.395	212.0772	1.88637	0.6715033	0.398697	0.601303	1.090408
41394	-1030.598	-1242.506	211.9082	1.936604	0.691298	0.450387	0.549613	1.173298
41400	-1032.16	-1241.591	209.4314	1.449529	0.7987485	0.518496	0.481504	3.069167
41406	-1032.907	-1243.173	210.2659	1.83702	0.8333429	0.518496	0.481504	2.292084
41412	-1023.534	-1235.194	211.6599	1.850021	0.7081559	0.712477	0.287523	1.427993
41418	-1022.87	-1234.673	211.8034	2.060319	0.5253456	0.421525	0.578475	1.356105
41424	-1034.13	-1245.611	211.4807	2.060319	0.4571946	0.463787	0.536213	1.682366
41430	-1022.405	-1233.545	211.1407	1.986777	0.659243	0.381133	0.618867	1.754547
41436	-1017.44	-1228.939	211.4989	1.950435	0.5808744	0.432356	0.567644	1.604722
41442	-1021.677	-1233.187	211.5103	1.745692	0.7064438	0.466955	0.533045	1.618767
41448	-1015.27	-1226.348	211.0774	1.67016	0.6870958	0.485613	0.514387	1.98843
41454	-1024.226	-1235.71	211.4834	1.698199	0.8472983	0.456314	0.543686	1.548833
41460	-1033.235	-1244.755	211.5194	1.886049	0.8120322	0.442254	0.557746	1.410321
41466	-1039.978	-1251.496	211.5181	1.771855	0.9154941	0.457265	0.542735	1.410321
41472	-1022.106	-1233.248	211.1422	1.712439	0.9154941	0.382052	0.617948	1.730144
41478	-1023.59	-1235.395	211.8053	1.908384	0.8503897	0.671277	0.328723	1.118059
41484	-1013.862	-1225.461	211.599	1.803384	0.8646386	0.352836	0.647164	1.365821
41490	-1014.273	-1225.615	211.3425	1.803384	0.9741593	0.272188	0.727812	1.473698
41496	-1027.497	-1238.74	211.2425	1.787208	0.8244472	0.243356	0.756644	1.677796
41502	-1015.349	-1227.077	211.7285	1.950042	0.8244472	0.54948	0.45052	1.17549
41508	-1033.099	-1244.693	211.5941	2.056291	0.9830787	0.349183	0.650817	1.045065
41514	-1018.427	-1230.152	211.7252	1.913858	0.4604671	0.602896	0.397104	1.607771
41520	-1020.994	-1232.664	211.6697	1.860188	0.6826396	0.281946	0.718054	1.438313
41526	-1019.537	-1231.241	211.7041	1.866386	0.6524714	0.366906	0.633094	1.438313
41532	-1029.174	-1240.907	211.7329	1.961979	0.5936976	0.389859	0.610141	1.406574
41538	-1017.852	-1229.871	212.0197	1.981504	0.7383556	0.454509	0.545491	0.9696152
41544	-1009.222	-1220.783	211.5604	2.038077	1.032829	0.366203	0.633797	1.047413
41550	-1022.901	-1234.644	211.7438	1.959413	0.7117246	0.498945	0.501055	1.270739
41556	-1042.263	-1253.381	211.118	1.764333	0.7237971	0.50378	0.49622	1.865396
41562	-1024.706	-1235.305	210.5999	1.609019	0.7942787	0.646155	0.353845	2.253277
41568	-1037.207	-1248.249	211.0427	1.751674	0.4551778	0.646155	0.353845	2.189083
41574	-1037.198	-1248.597	211.3993	1.9727	0.5277536	0.664931	0.335069	1.71845
41580	-1043.502	-1254.007	210.5058	1.673694	0.5858192	0.27249	0.72751	2.446906
41586	-1028.759	-1239.917	211.1577	1.947494	0.4576669	0.579148	0.420852	1.98172
41592	-1031.091	-1242.092	211.0013	1.935582	0.6365336	0.493936	0.506064	1.907227
41598	-1032.802	-1244.043	211.241	1.826947	0.5473447	0.493936	0.506064	1.907227
41604	-1033.259	-1244.794	211.5352	1.874823	0.3560698	0.476769	0.523231	1.907227
41610	-1023.594	-1235.499	211.9056	1.907456	0.3233314	0.609512	0.390488	1.676378
41616	-1024.563	-1236.49	211.9271	1.922627	0.387886	0.446983	0.553017	1.552127
41622	-1028.959	-1239.56	210.6005	1.960641	0.6418327	0.52376	0.47624	2.151692
41628	-1046.399	-1256.634	210.2351	1.775565	0.527092	0.565896	0.434104	2.608315
41634	-1029.298	-1239.942	210.6441	1.811531	0.4723506	0.423258	0.576742	2.386752
41640	-1040.781	-1251.833	211.0528	2.088259	0.9114788	0.300957	0.699043	1.526504
41646	-1031.597	-1243.311	211.7143	2.136014	0.6017976	0.45249	0.54751	1.273113
41652	-1039.397	-1250.193	210.7963	2.005708	0.8587399	0.45249	0.54751	1.810116
41658	-1035.588	-1246.511	210.9235	1.777151	0.6600259	0.520106	0.479894	2.04376
41664	-1043.48	-1253.184	209.7035	1.675582	0.7508883	0.433839	0.566161	2.803772
41670	-1033.638	-1244.708	211.0708	1.918519	0.4831111	0.452635	0.547365	2.029674
41676	-1034.841	-1244.001	209.1601	1.754922	1.020393	0.452635	0.547365	2.905395
41682	-1020.144	-1231.118	210.9739	1.826874	0.7560067	0.452635	0.547365	1.893551
41688	-1022.535	-1234.28	211.7453	2.034979	0.451383	0.452635	0.547365	1.515719
41694	-1018.595	-1230.053	211.4585	1.885584	0.4621834	0.53509	0.46491	1.814178
41700	-1023.875	-1234.945	211.0703	1.914734	0.5478731	0.625827	0.374173	1.962581
41706	-1022.062	-1233.709	211.6472	1.978998	0.3959459	0.525883	0.474117	1.702168
41712	-1016.663	-1227.854	211.1907	1.893741	0.5416156	0.335439	0.664561	1.902069
41718	-1019.723	-1230.576	210.8537	1.893741	0.4735049	0.543975	0.456025	2.198856
41724	-1028.843	-1239.636	210.7929	1.676011	0.6561215	0.655583	0.344417	2.198856
41730	-1027.108	-1237.491	210.3831	1.684359	0.6624962	0.484961	0.515039	2.449146
41736	-1027.125	-1237.843	210.7181	1.58703	0.4337054	0.364561	0.635439	2.524206
41742	-1026.845	-1236.361	209.5167	1.723973	1.181548	0.632752	0.367248	2.61484
41748	-1019.423	-1228.766	209.3427	1.664113	1.079351	0.220967	0.779033	2.815308
41754	-1009.347	-1219.831	210.4838	1.660203	1.044509	0.436519	0.563481	2.12198
41760	-1031.04	-1241.718	210.6776	1.702629	0.8209499	0.347276	0.652724	2.12198
41766	-1031.085	-1241.971	210.8858	1.794171	0.8158546	0.396408	0.603592	1.92683
41772	-1030.224	-1240.874	210.6505	1.644639	0.6796245	0.322654	0.677346	2.290295
41778	-1037.96	-1249.372	211.4122	1.591709	0.5411039	0.425353	0.574647	1.956993
41784	-1032.633	-1244.532	211.899	2.139921	0.720947	0.50607	0.49393	0.9532505
41790	-1026.124	-1237.823	211.6991	2.146485	0.7179434	0.503915	0.496085	1.142259
41796	-1014.481	-1226.19	211.7094	2.206033	0.9588398	0.711324	0.288676	0.7763072
41802	-1014.958	-1226.546	211.5889	2.206033	0.9588398	0.404302	0.595698	0.9231722
41808	-1021.572	-1233.172	211.6006	2.194379	0.9588398	0.60039	0.39961	0.9231722
41814	-1005.414	-1216.261	210.8466	2.250931	1.484582	0.477893	0.522107	1.156182
41820	-1020.134	-1231.86	211.7263	1.986308	0.704592	0.642053	0.357947	1.270555
41826	-1034.971	-1246.798	211.8273	2.083803	0.9252882	0.653921	0.346079	0.8286769
41832	-1010.459	-1222.352	211.8923	2.050372	0.829493	0.629299	0.370701	0.9155559
41838	-1013.846	-1225.52	211.6736	2.05681	0.9493121	0.602274	0.397726	1.000684
41844	-1017.751	-1229.392	211.6404	2.05681	0.9816531	0.495299	0.504701	1.000684
41850	-1015.382	-1226.585	211.2032	1.982565	1.192393	0.370296	0.629704	1.280597
41856	-1028.285	-1239.341	211.0557	1.836157	1.230731	0.420668	0.579332	1.484996
41862	-1025.825	-1236.881	211.0557	1.836157	1.230731	0.563946	0.436054	1.484996
41868	-1022.554	-1233.838	211.2841	2.110407	1.230731	0.350857	0.649143	1.069656
41874	-1023.484	-1234.961	211.4771	1.928427	1.144304	0.40781	0.59219	1.129181
41880	-1022.046	-1233.488	211.4421	2.089269	1.085812	0.326281	0.673719	1.063029
41886	-1016.098	-1227.521	211.4231	2.089269	1.089481	0.363121	0.636879	1.077582
41892	-1013.276	-1224.806	211.5306	2.152829	1.098449	0.401112	0.598888	0.8950476
41898	-1007.854	-1219.171	211.3171	2.152829	1.284013	0.406351	0.593649	0.9504493
41904	-1011.412	-1223.166	211.7547	2.152829	1.013175	0.463347	0.536653	0.70363
41910	-1000.253	-1211.87	211.6172	2.152829	1.013175	0.525898	0.474102	0.8897851
41916	-1002.13	-1213.895	211.7651	1.97372	0.8693178	0.563568	0.436432	1.075513
41922	-1008.576	-1220.245	211.6691	1.829939	0.8483088	0.708733	0.291267	1.303194
41928	-1010.342	-1221.77	211.4281	1.903605	1.02554	0.639817	0.360183	1.287621
41934	-1026.146	-1237.405	211.2591	1.935046	1.163922	0.587235	0.412765	1.294302
41940	-1028.02	-1238.919	210.8985	1.78895	1.163922	0.427049	0.572951	1.677237
41946	-1018.628	-1229.999	211.371	1.893601	0.9267383	0.604126	0.395874	1.420628
41952	-1035.036	-1245.901	210.8651	1.749627	1.172174	0.578874	0.421126	1.72352
41958	-1032.528	-1243.784	211.2559	1.865053	1.238742	0.616994	0.383006	1.300869
41964	-1024.011	-1235.73	211.7192	1.836695	0.8508873	0.448896	0.551104	1.254093
41970	-1032.076	-1243.799	211.7234	1.965318	0.684032	0.491999	0.508001	1.312006
41976	-1021.182	-1232.841	211.659	1.990059	0.7144456	0.559519	0.440481	1.312006
41982	-1029.531	-1240.958	211.4274	2.124092	0.7609653	0.559519	0.440481	1.343537
41988	-1014.64	-1225.779	211.1396	2.124092	1.064512	0.366436	0.633564	1.312257
41994	-1006.634	-1217.87	211.236	1.959246	1.180039	0.295355	0.704645	1.281689
42000	-1012.272	-1223.838	211.5667	1.922653	0.789863	0.527507	0.472493	1.365158
42006	-1019.57	-1230.855	211.2855	1.88542	0.7102413	0.585168	0.414832	1.676312
42012	-1023.549	-1234.542	210.993	2.038855	1.122544	0.460705	0.539295	1.451411
42018	-1008.167	-1218.889	210.7223	1.897858	1.357069	0.44166	0.55834	1.608914
42024	-1014.659	-1225.74	211.0811	1.86831	1.300814	0.644511	0.355489	1.39598
42030	-1008.795	-1219.628	210.8321	1.870016	1.300814	0.372101	0.627899	1.582251
42036	-1013.6	-1224.168	210.5686	1.870016	0.8145536	0.525978	0.474022	2.088601
42042	-1012.336	-1224.329	211.9922	1.966313	0.5175487	0.660177	0.339823	1.289989
42048	-1012.151	-1223.857	211.7065	1.770786	0.7352255	0.464656	0.535344	1.426586
42054	-1023.046	-1234.262	211.216	1.844222	0.9539365	0.620021	0.379979	1.553251
42060	-1008.017	-1219.655	211.638	1.922424	0.8952832	0.430192	0.569808	1.208923
42066	-1019.928	-1231.27	211.3417	2.067439	1.042819	0.466804	0.533196	1.208923
42072	-1027.883	-1238.57	210.6864	1.781084	0.9696025	0.474476	0.525524	1.957057
42078	-1031.58	-1243.287	211.7067	1.916892	0.2860349	0.531675	0.468325	1.868386
42084	-1015.605	-1227.038	211.4329	1.833874	0.3584635	0.440892	0.559108	2.000095
42090	-1021.304	-1232.625	211.3211	1.934279	0.6499135	0.463037	0.536963	1.673314
42096	-1025.63	-1236.631	211.0019	2.053586	0.8076805	0.399176	0.600824	1.673314
42102	-1021.748	-1233.289	211.5406	1.762132	0.3761333	0.375552	0.624448	1.951882
42108	-1028.401	-1239.807	211.4062	1.961376	0.6092206	0.68546	0.31454	1.633832
42114	-1024.064	-1234.879	210.8149	1.680034	0.4006416	0.286913	0.713087	2.444173
42120	-1034.095	-1245.484	211.3897	2.190636	1.020151	0.469171	0.530829	1.076325
42126	-1022.433	-1234.53	212.0968	2.190636	0.5798023	0.483623	0.516377	0.8938757
42132	-1011.905	-1223.286	211.3815	2.244904	1.148497	0.465261	0.534739	0.9076524
42138	-1030.42	-1241.817	211.3976	2.372894	1.148497	0.52232	0.47768	0.7193387
42144	-1021.257	-1232.886	211.6288	2.283311	0.9868164	0.440491	0.559509	0.7392549
42150	-1012.908	-1225.057	212.1484	2.097923	0.5900865	0.274322	0.725678	0.9226685
42156	-1005.006	-1217.224	212.2181	1.978218	0.6830225	0.455744	0.544256	0.8297766
42162	-1000.742	-1212.808	212.0657	2.135816	0.6791635	0.476764	0.523236	0.8297766
42168	-1024.338	-1236.077	211.7391	2.135816	0.9590154	0.589726	0.410274	0.8297766
42174	-1021.67	-1233.313	211.6425	2.232383	0.9590154	0.508911	0.491089	0.8297766
42180	-1020.517	-1232.353	211.8356	2.374042	0.7574511	0.49532	0.50468	0.6649
42186	-1015.485	-1226.951	211.4664	2.355561	1.125011	0.49532	0.50468	0.6649
42192	-1041.662	-1253.123	211.4602	2.355561	1.125212	0.659648	0.340352	0.6767249
42198	-1036.847	-1248.128	211.2812	2.363902	1.297078	0.488559	0.511441	0.715418
42204	-1021.731	-1232.82	211.0886	1.763487	0.9315037	0.535724	0.464276	1.719996
42210	-1004.578	-1216.177	211.5989	1.898078	0.8662298	0.403433	0.596567	1.288464
42216	-1024.81	-1236.441	211.6309	1.866126	0.8662298	0.442211	0.557789	1.288464
42222	-1020.164	-1231.461	211.2975	1.886628	1.183343	0.57219	0.42781	1.288464
42228	-1019.784	-1230.925	211.1413	1.923297	1.107232	0.533406	0.466594	1.437217
42234	-1035.67	-1247.212	211.5429	1.991199	1.107232	0.533406	0.466594	1.041377
42240	-1019.68	-1231.219	211.5393	1.991199	0.8795996	0.422046	0.577954	1.248582
42246	-1036.072	-1247.858	211.7852	2.115389	0.7865766	0.42612	0.57388	1.011633
42252	-1042.11	-1253.764	211.6545	2.115389	0.9871037	0.433894	0.566106	0.9190083
42258	-1031.999	-1243.501	211.5017	2.116375	0.790645	0.433894	0.566106	1.26039
42264	-1019.917	-1231.631	211.7137	2.004427	0.8524107	0.518987	0.481013	1.112003
42270	-1025.53	-1237.541	212.0111	2.004427	0.7045631	0.724688	0.275312	0.9987777
42276	-1018.899	-1230.439	211.5394	2.091128	0.5969364	0.504877	0.495123	1.45243
42282	-1038.093	-1249.916	211.8225	2.261158	0.5089216	0.338289	0.661711	1.197052
42288	-1010.442	-1222.356	211.9143	1.940669	0.5985752	0.422026	0.577974	1.27314
42294	-1020.412	-1232.586	212.1741	2.140447	0.4708898	0.421095	0.578905	1.046113
42300	-1019.275	-1231.36	212.0849	2.068172	0.5712434	0.517741	0.482259	1.046113
42306	-1014.256	-1225.881	211.6253	2.068172	0.6429443	0.515993	0.484007	1.35272
42312	-1023.812	-1235.978	212.1656	1.925663	0.5171626	0.515993	0.484007	1.178903
42318	-1037.93	-1248.167	210.2369	1.89774	0.8103881	0.631647	0.368353	2.288777
42324	-1012.427	-1223.39	210.9626	1.665798	0.8413846	0.436562	0.563438	1.941854
42330	-1021.742	-1233.197	211.4558	1.822071	0.837092	0.298181	0.701819	1.485681
42336	-1024.729	-1235.548	210.8187	1.809616	0.673074	0.433291	0.566709	2.079857
42342	-1013.684	-1223.81	210.1257	1.732544	0.7920735	0.472669	0.527331	2.477359
42348	-1011.689	-1222.438	210.7483	1.585298	0.3480597	0.472669	0.527331	2.610812
42354	-1013.32	-1224.477	211.1577	2.049321	0.5178244	0.493062	0.506938	1.844257
42360	-1014.748	-1226.48	211.7322	2.106737	0.6040417	0.409784	0.590216	1.279753
42366	-1027.397	-1238.928	211.5315	2.196799	0.7990066	0.396351	0.603649	1.157948
42372	-1021.367	-1233.342	211.9759	2.211003	0.6224869	0.396351	0.603649	0.9363328
42378	-1016.584	-1228.572	211.9877	2.2624	0.6336193	0.425691	0.574309	0.8464536
42384	-1007.272	-1218.788	211.5167	2.213787	0.6868735	0.50391	0.49609	1.274927
42390	-1010.556	-1221.931	211.3743	2.316276	1.188995	0.452135	0.547865	0.7849665
42396	-1011.652	-1223.106	211.4532	2.299392	1.119873	0.452135	0.547865	0.7849665
42402	-1011.483	-1222.525	211.0418	2.299392	1.551857	0.508521	0.491479	0.8645633
42408	-1022.102	-1233.727	211.6254	2.189244	0.990177	0.463333	0.536667	0.8645633
42414	-1021.009	-1232.719	211.71	2.19319	0.9249367	0.556173	0.443827	0.8389147
42420	-1040.288	-1251.644	211.356	2.428054	1.111122	0.556173	0.443827	0.7514433
42426	-1018.462	-1230.012	211.5499	2.258263	1.111122	0.382205	0.617795	0.7134359
42432	-1014.154	-1225.685	211.5313	2.258263	1.111122	0.411084	0.588916	0.7430786
42438	-1019.631	-1231.543	211.9125	2.329178	0.6964871	0.620741	0.379259	0.7430786
42444	-1027.609	-1239.598	211.9889	2.282592	0.7064607	0.573712	0.426288	0.6698184
42450	-1016.008	-1227.995	211.9867	2.264192	0.6651427	0.543093	0.456907	0.7896731
42456	-1015.29	-1226.875	211.5849	2.214273	1.036567	0.535676	0.464324	0.8273544
42462	-1004.303	-1215.718	211.4149	2.214273	1.153196	0.535676	0.464324	0.8997851
42468	-1007.073	-1218.412	211.3388	2.279916	1.212287	0.35438	0.64562	0.8513449
42474	-1016.919	-1228.34	211.4211	2.279916	1.091628	0.489925	0.510075	0.8822946
42480	-1018.507	-1230.146	211.6392	2.326531	0.966203	0.361838	0.638162	0.6842829
42486	-1038.461	-1249.938	211.4774	2.183538	1.175022	0.264774	0.735226	0.8395565
42492	-1029.97	-1241.538	211.5677	2.183538	0.9418048	0.476628	0.523372	0.9876022
42498	-1026.574	-1238.2	211.6253	2.189725	0.9418048	0.341791	0.658209	0.9205503
42504	-1003.653	-1215.121	211.4677	2.486723	1.030408	0.393906	0.606094	0.5310247
42510	-1006.144	-1217.578	211.4336	2.496987	1.024887	0.346725	0.653275	0.6351139
42516	-1013.558	-1224.987	211.4288	2.321471	1.178938	0.438937	0.561063	0.707699
42522	-1016.307	-1228.15	211.8424	2.388818	0.7399118	0.423099	0.576901	0.6652661
42528	-1022.699	-1234.631	211.9323	2.30522	0.7399118	0.479625	0.520375	0.6521683
42534	-1011.919	-1223.498	211.5787	2.428279	0.9419662	0.500116	0.499884	0.6521683
42540	-1000.404	-1211.983	211.5794	2.335706	1.029878	0.536199	0.463801	0.6584183
42546	-1007.086	-1218.473	211.387	2.473943	1.074949	0.557556	0.442444	0.6798977
42552	-1008.919	-1220.496	211.577	2.351628	1.016564	0.513522	0.486478	0.6576744
42558	-1018.743	-1230.606	211.8636	2.062262	0.8610307	0.397823	0.602177	0.8944513
42564	-1015.815	-1227.614	211.7998	2.181316	0.8122279	0.360605	0.639395	0.8949519
42570	-1011.052	-1222.692	211.6401	2.181316	0.782513	0.477016	0.522984	1.091765
42576	-1020.265	-1232.237	211.9721	1.905485	0.7396057	0.38929	0.61071	1.088387
42582	-1021.066	-1233.114	212.048	1.900616	0.6280388	0.622674	0.377326	1.157656
42588	-1021.713	-1233.417	211.7036	1.900616	0.4882323	0.489686	0.510314	1.59852
42594	-1012.258	-1224.327	212.0688	1.932463	0.3177115	0.55163	0.44837	1.549043
42600	-1027.649	-1239.374	211.7253	2.092197	0.8170646	0.513628	0.486372	1.057285
42606	-1022.244	-1233.322	211.0774	2.187541	1.39272	0.408068	0.591932	1.067351
42612	-1023.171	-1234.572	211.4005	2.187541	1.160915	0.554426	0.445574	0.9373205
42618	-1018.12	-1229.67	211.5493	2.13476	1.009705	0.435944	0.564056	0.9856536
42624	-1025.563	-1237.229	211.6663	2.038895	0.7175378	0.367508	0.632492	1.262908
42630	-1011.415	-1222.966	211.5502	1.964236	0.592001	0.358048	0.641952	1.544922
42636	-1021.412	-1232.969	211.5572	1.9248	0.5773853	0.436623	0.563377	1.584708
42642	-1024.405	-1236.154	211.7487	1.9248	0.7395032	0.421954	0.578046	1.26616
42648	-1010.778	-1222.678	211.8999	1.9248	0.6606544	0.530294	0.469706	1.225649
42654	-1016.142	-1227.915	211.7726	2.169169	0.7945557	0.452696	0.547304	0.9602775
42660	-1010.501	-1222.065	211.5644	2.165413	1.07881	0.50663	0.49337	0.8626668
42666	-1007.627	-1219.22	211.5929	2.466105	0.8181303	0.475977	0.524023	0.7906294
42672	-1010.057	-1221.461	211.404	2.466105	1.091709	0.461652	0.538348	0.6265373
42678	-1014.416	-1225.308	210.8923	2.545667	1.633569	0.461652	0.538348	0.6265373
42684	-1023.275	-1234.589	211.3146	2.460606	1.216429	0.346891	0.653109	0.5754398
42690	-1030.597	-1241.749	211.1524	2.460606	1.357239	0.373407	0.626593	0.6867447
42696	-1013.118	-1224.496	211.3787	2.460606	1.094051	0.455696	0.544304	0.6867447
42702	-1024.366	-1235.788	211.4216	2.417628	1.094051	0.274856	0.725144	0.6867447
42708	-1016.505	-1227.913	211.4082	2.430304	1.026621	0.494395	0.505605	0.7884213
42714	-1007.413	-1218.91	211.4965	2.412892	0.8937246	0.463643	0.536357	0.8718591
42720	-1014.578	-1226.086	211.5076	2.273724	1.036603	0.402813	0.597187	0.8493688
42726	-1006.801	-1218.266	211.4646	2.187541	0.9917678	0.459284	0.540716	1.034971
42732	-1005.153	-1216.903	211.7505	2.049087	0.8121725	0.589566	0.410434	1.079473
42738	-1018.635	-1228.44	209.8054	1.696366	0.7050685	0.43568	0.56432	2.764346
42744	-1029.68	-1239.435	209.7552	1.364473	0.6188338	0.386539	0.613461	3.065543
42750	-1032.225	-1241.921	209.6958	1.420983	0.6209042	0.388987	0.611013	3.065543
42756	-1021.353	-1231.843	210.49	1.411631	0.7425618	0.675374	0.324626	2.48791
42762	-1015.565	-1226.327	210.7622	1.426174	0.5598666	0.569217	0.430783	2.465794
42768	-1011.367	-1221.601	210.2343	1.67626	0.5598666	0.581694	0.418306	2.638584
42774	-1020.752	-1231.485	210.7329	1.962842	0.3420784	0.575444	0.424556	2.392455
42780	-1013.228	-1224.086	210.8581	1.909491	0.3420784	0.305472	0.694528	2.346943
42786	-1011.991	-1223.336	211.3452	1.665039	0.3420784	0.441784	0.558216	2.191315
42792	-1015.232	-1225.227	209.9946	1.484516	0.4011217	0.44563	0.55437	3.064749
42798	-1016.278	-1226.109	209.8306	1.52113	0.324659	0.47765	0.52235	3.234142
42804	-1028.058	-1237.039	208.9814	1.553922	0.3332442	0.371211	0.628789	3.700242
42810	-1012.624	-1220.798	208.1737	1.337076	0.4551161	0.53426	0.46574	4.15087
42816	-1034.015	-1242.212	208.1976	1.180671	0.345832	0.361968	0.638032	4.345597
42822	-1027.936	-1237.408	209.4718	1.39996	0.3401854	0.428869	0.571131	3.496122
42828	-1025.044	-1235.174	210.1302	1.367553	0.604799	0.574556	0.425444	2.850177
42834	-1021.252	-1230.279	209.0276	1.367553	0.4482181	0.372156	0.627844	3.650573
42840	-1018.447	-1228.729	210.2822	1.51765	0.4906565	0.372156	0.627844	2.774345
42846	-1023.452	-1232.879	209.4263	1.409747	0.6888222	0.566866	0.433134	3.17741
42852	-1008.9	-1218.243	209.3437	1.325862	0.7032432	0.47998	0.52002	3.264831
42858	-1019.409	-1228.416	209.007	1.5265	0.6786726	0.5096	0.4904	3.363932
42864	-1014.433	-1224.505	210.072	1.6514	0.2657678	0.259998	0.740002	3.095853
42870	-1015.755	-1225.724	209.9691	1.626651	0.4292772	0.584474	0.415526	2.963103
42876	-1020.973	-1230.937	209.9642	1.485674	0.5309741	0.431238	0.568762	2.946593
42882	-1011.764	-1221.304	209.54	1.365501	0.6598034	0.591096	0.408904	3.15926
42888	-1016.936	-1226.694	209.7573	1.30843	0.8134344	0.677526	0.322474	2.947992
42894	-1015.922	-1226.654	210.7314	1.738421	0.686606	0.428233	0.571767	2.171708
42900	-1012.691	-1223.608	210.9177	1.760284	0.7504792	0.541635	0.458365	1.980893
42906	-1009.45	-1220.889	211.4394	1.944792	0.9916731	0.541635	0.458365	1.272152
42912	-1011.056	-1222.499	211.4438	1.962543	0.8132088	0.539547	0.460453	1.408541
42918	-1008.945	-1220.609	211.6643	2.020951	0.8604052	0.577932	0.422068	1.133517
42924	-1009.726	-1221.169	211.4426	2.024205	0.710668	0.577932	0.422068	1.458504
42930	-1010.183	-1221.06	210.8771	2.075376	0.7478106	0.532716	0.467284	1.796426
42936	-1006.927	-1218.33	211.4031	1.855149	0.4939824	0.595482	0.404518	1.835942
42942	-1031.81	-1243.773	211.9633	1.861793	0.3981846	0.431627	0.568373	1.555465
42948	-1033.487	-1244.401	210.9142	1.806989	0.4327194	0.38018	0.61982	2.262315
42954	-1029.257	-1240.041	210.7845	1.664611	0.5969202	0.473549	0.526451	2.265387
42960	-1027.244	-1239.098	211.8543	1.849534	0.5663484	0.498191	0.501809	1.431066
42966	-1032.883	-1244.79	211.9075	2.116866	0.6607243	0.435824	0.564176	1.046919
42972	-1014.633	-1225.217	210.5834	1.90804	1.208168	0.435824	0.564176	1.787666
42978	-1023.946	-1235.56	211.6142	1.853221	0.4812597	0.405733	0.594267	1.705084
42984	-1020.906	-1231.893	210.9873	1.809338	0.6288047	0.471411	0.528589	2.008681
42990	-1023.67	-1234.744	211.0734	1.804759	0.7994145	0.60933	0.39067	1.804636
42996	-1024.408	-1235.95	211.5426	1.896927	0.5006029	0.359736	0.640264	1.701859
43002	-1023.654	-1234.746	211.0923	1.891073	0.6595086	0.359736	0.640264	1.854015
43008	-1015.611	-1225.569	209.9581	1.585459	0.6595086	0.427874	0.572126	2.775707
43014	-1013.62	-1224.442	210.8215	1.415605	0.5646215	0.476566	0.523434	2.430636
43020	-1019.435	-1229.878	210.443	1.54388	0.7474312	0.456838	0.543162	2.430636
43026	-1033.703	-1244.545	210.8424	1.64686	0.4332311	0.459038	0.540962	2.409252
43032	-1041.232	-1251.193	209.961	1.652885	0.6638443	0.572665	0.427335	2.729126
43038	-1036.731	-1247.255	210.5244	1.844532	0.5168632	0.542071	0.457929	2.394643
43044	-1038.138	-1248.674	210.536	1.769872	0.5569582	0.420592	0.579408	2.394643
43050	-1018.404	-1230.419	212.0145	2.030193	0.5452074	0.419433	0.580567	1.18076
43056	-1018.936	-1230.485	211.5484	2.203159	0.582728	0.559525	0.440475	1.374928
43062	-1002.733	-1214.663	211.9302	2.303947	0.5764546	0.528237	0.471763	0.9573073
43068	-1009.602	-1221.495	211.8925	2.109013	0.6308582	0.592212	0.407788	1.106722
43074	-1013.893	-1225.91	212.0174	2.106475	0.5960947	0.592212	0.407788	1.038715
43080	-1016.569	-1228.679	212.1095	2.106475	0.5960947	0.435902	0.564098	0.9458173
43086	-1016.93	-1228.374	211.444	1.824564	0.8894347	0.356519	0.643481	1.448413
43092	-1006.102	-1216.888	210.7853	1.665006	0.5710491	0.464742	0.535258	2.289178
43098	-1020.09	-1231.009	210.9187	1.803974	0.4935324	0.367373	0.632627	2.192914
43104	-1022.74	-1233.616	210.8756	1.936632	0.5298227	0.412042	0.587958	2.096039
43110	-1021.932	-1233.081	211.1492	1.944013	0.5825418	0.320372	0.679628	1.853647
43116	-1027.887	-1238.331	210.4439	1.965986	1.230914	0.285637	0.714363	1.830503
43122	-1029.493	-1240.723	211.2301	1.778043	0.9741016	0.285637	0.714363	1.576271
43128	-1029.49	-1241.173	211.6824	1.675208	0.6624946	0.514319	0.485681	1.587205
43134	-1017.201	-1227.794	210.5932	1.659244	0.5847333	0.526687	0.473313	2.401958
43140	-1016.682	-1226.827	210.1453	1.741738	0.5092866	0.537791	0.462209	2.702116
43146	-1003.544	-1214.032	210.4874	1.662749	0.5728903	0.432566	0.567434	2.477402
43152	-1021.39	-1230.773	209.3836	1.567968	1.052042	0.547064	0.452936	2.864602
43158	-1003.703	-1214.067	210.3644	1.705274	0.8171864	0.694748	0.305252	2.3252
43164	-1012.946	-1223.318	210.3724	1.766147	0.776303	0.582881	0.417119	2.312111
43170	-1038.986	-1250.889	211.9035	2.022507	0.667109	0.444573	0.555427	1.129983
43176	-1037.005	-1248.231	211.226	2.020704	0.9994487	0.435977	0.564023	1.376367
43182	-1021.056	-1232.037	210.9808	1.839826	0.8662575	0.442628	0.557372	1.791376
43188	-1022.638	-1234.025	211.3874	1.839826	0.5536418	0.443031	0.556969	1.791376
43194	-1013.878	-1225.502	211.6236	1.844415	0.4120739	0.489647	0.510353	1.791376
43200	-1027.563	-1239.113	211.5497	1.844415	0.4024802	0.452427	0.547573	1.854879
43206	-1027.646	-1238.977	211.3311	2.081464	0.6499097	0.452427	0.547573	1.55946
43212	-1028.642	-1240.201	211.5585	1.919702	0.440638	0.595765	0.404235	1.747472
43218	-1027.412	-1238.599	211.1876	2.036135	0.3963819	0.465785	0.534215	1.978091
43224	-1028.767	-1239.663	210.896	2.031332	0.6667581	0.581763	0.418237	1.885588
43230	-1010.379	-1221.478	211.099	1.767337	0.3704586	0.462798	0.537202	2.246
43236	-1022.248	-1233.384	211.1361	1.643905	0.3731024	0.460946	0.539054	2.297895
43242	-1023.742	-1234.904	211.1619	1.615168	0.4668096	0.460946	0.539054	2.187113
43248	-1035.68	-1246.836	211.1558	1.68501	0.5705861	0.505862	0.494138	2.035603
43254	-1029.667	-1240.813	211.1457	1.790705	0.9553348	0.503652	0.496348	1.642293
43260	-1026.576	-1237.905	211.3296	1.790705	0.4012486	0.353459	0.646541	2.040657
43266	-1034.009	-1245.74	211.7315	1.958531	0.412305	0.264367	0.735633	1.634202
43272	-1032.028	-1243.237	211.2096	1.734892	0.7809502	0.727695	0.272305	1.773835
43278	-1018.545	-1229.969	211.4248	1.776865	0.7693945	0.667516	0.332484	1.601007
43284	-1033.442	-1245.031	211.5895	1.74149	0.6062939	0.458953	0.541047	1.66313
43290	-1015.86	-1227.353	211.4936	1.772402	0.4897358	0.456354	0.543646	1.835447
43296	-1024.324	-1235.242	210.9184	1.684233	0.875097	0.435653	0.564347	1.933751
43302	-1026.427	-1238.06	211.6326	1.684233	0.5731819	0.404326	0.595674	1.707844
43308	-1021.055	-1231.839	210.7844	1.892255	1.30342	0.601059	0.398941	1.599266
43314	-1016.886	-1228.028	211.1423	1.950302	0.5824162	0.268406	0.731594	1.854132
43320	-1018.212	-1229.372	211.1598	1.677079	0.3597875	0.661539	0.338461	2.278925
43326	-1028.478	-1239.333	210.8547	1.705855	0.5108448	0.495421	0.504579	2.278925
43332	-1021.359	-1232.954	211.5951	2.480874	0.8464279	0.406991	0.593009	0.7170258
43338	-1026.55	-1238.218	211.6687	2.306125	0.9400998	0.327564	0.672436	0.7157839
43344	-1032.031	-1243.55	211.5188	2.634031	0.8396178	0.466202	0.533798	0.5489136
43350	-1023.208	-1234.519	211.3113	2.652549	1.01494	0.349966	0.650034	0.5643286
43356	-1022.375	-1233.854	211.4789	2.665317	0.8327992	0.473823	0.526177	0.6091565
43362	-1032.147	-1243.244	211.0975	2.665317	1.206885	0.473823	0.526177	0.6349689
43368	-1018.217	-1229.625	211.4078	2.637603	0.9421224	0.370531	0.629469	0.4936061
43374	-1032.318	-1243.615	211.2962	2.707648	0.9787588	0.286286	0.713714	0.457576
43380	-1020.631	-1231.885	211.2544	2.689419	1.013351	0.411391	0.588609	0.3887079
43386	-1021.928	-1233.758	211.8299	2.223852	0.8928848	0.618209	0.381791	0.6637717
43392	-1019.071	-1230.736	211.6652	2.421816	0.8687408	0.764557	0.235443	0.6498548
43398	-1028.978	-1240.508	211.5298	2.566885	0.8687408	0.535206	0.464794	0.6275776
43404	-1022.954	-1234.425	211.4711	2.652865	0.8687408	0.518538	0.481462	0.5166672
43410	-1028.133	-1239.033	210.9001	2.782446	1.335045	0.526267	0.473733	0.4546141
43416	-1019.7	-1231.129	211.4288	2.778755	0.7754408	0.526267	0.473733	0.3963388
43422	-1013.12	-1224.569	211.4492	2.767015	0.7879913	0.453921	0.546079	0.4750633
43428	-1019.747	-1231.077	211.3302	2.627608	1.027181	0.440675	0.559325	0.4720887
43434	-1014.367	-1225.708	211.3412	2.613454	1.027181	0.495526	0.504474	0.5500109
43440	-1016.163	-1227.411	211.2474	2.700256	1.038862	0.323199	0.676801	0.4866234
43446	-1021.153	-1232.525	211.3719	2.700256	0.916732	0.569945	0.430055	0.5081514
43452	-1022.075	-1233.549	211.4736	2.598401	0.916732	0.5612	0.4388	0.4878245
43458	-1018.5	-1230.242	211.7419	2.518968	0.7466959	0.382825	0.617175	0.560922
43464	-1000.319	-1211.669	211.3499	2.378776	1.139372	0.384038	0.615962	0.7932878
43470	-1008.25	-1220.051	211.8015	2.251513	0.7872077	0.533308	0.466692	0.8451048
43476	-1014.021	-1226.229	212.2088	2.12618	0.5756962	0.51616	0.48384	0.8451048
43482	-1011.372	-1222.998	211.6256	2.204669	1.04692	0.558505	0.441495	0.7724679
43488	-1008.087	-1219.515	211.428	2.172603	1.079435	0.558505	0.441495	1.001632
43494	-1022.783	-1234.355	211.5726	2.260452	0.8428649	0.630504	0.369496	1.013604
43500	-1013.498	-1225.333	211.834	2.260452	0.7084032	0.214641	0.785359	0.9105855
43506	-1017.054	-1228.851	211.7965	2.06072	0.8801104	0.427271	0.572729	0.9463987
43512	-1013.444	-1225.362	211.9175	2.074407	0.7571594	0.471069	0.528931	0.9550205
43518	-1024.478	-1236.148	211.6704	2.154901	0.9019787	0.352552	0.647448	0.9549487
43524	-1034.38	-1245.983	211.6033	2.154901	0.8031618	0.558253	0.441747	1.126971
43530	-1037.239	-1249.036	211.7973	2.061256	0.7813018	0.358509	0.641491	1.058392
43536	-1010.098	-1221.684	211.5861	1.979343	0.8556917	0.544948	0.455052	1.24157
43542	-1009.939	-1221.695	211.7566	1.907323	0.6735621	0.34706	0.65294	1.343036
43548	-1000.403	-1211.884	211.4811	2.008672	0.7679636	0.471465	0.528535	1.385544
43554	-1004.349	-1215.44	211.0911	1.905584	0.6659982	0.317593	0.682407	1.838844
43560	-1006.384	-1217.364	210.9802	2.00401	0.6753028	0.538455	0.461545	1.838844
43566	-1005.509	-1217.336	211.8267	1.718205	0.4378579	0.39681	0.60319	1.704084
43572	-1005.82	-1217.065	211.245	1.85324	0.541548	0.39681	0.60319	1.89279
43578	-1000.253	-1211.903	211.6506	1.85324	0.661454	0.56359	0.43641	1.479684
43584	-1001.03	-1212.736	211.7053	2.151999	0.661454	0.469061	0.530939	1.196935
43590	-1015.739	-1227.486	211.7471	2.194102	0.5889939	0.585033	0.414967	1.212669
43596	-1003.844	-1215.7	211.8556	2.083607	0.6249793	0.294194	0.705806	1.169688
43602	-1012.457	-1223.947	211.4896	2.104718	0.9060345	0.402818	0.597182	1.169688
43608	-1007.297	-1218.59	211.2931	2.115777	1.000643	0.391624	0.608376	1.244195
43614	-995.294	-1206.785	211.4912	2.026474	0.8263551	0.450464	0.549536	1.308378
43620	-1002.082	-1213.834	211.7521	2.029102	0.5109772	0.522502	0.477498	1.438455
43626	-999.956	-1211.843	211.8867	2.046485	0.3175959	0.522502	0.477498	1.59914
43632	-1016.713	-1227.717	211.0038	1.88398	0.9840852	0.3503	0.6497	1.656053
43638	-1010.74	-1222.085	211.3447	1.745715	0.3872078	0.519332	0.480668	2.078446
43644	-1004.567	-1215.371	210.8039	1.704583	0.477195	0.450181	0.549819	2.347938
43650	-1023.148	-1233.534	210.3861	1.675285	0.4640455	0.446695	0.553305	2.641779
43656	-1003.562	-1214.656	211.0937	1.747084	0.7521018	0.52725	0.47275	1.869571
43662	-1007.781	-1218.101	210.3198	1.529996	0.3877347	0.378851	0.621149	2.857424
43668	-1014.855	-1225.661	210.8052	1.677131	0.4098891	0.537704	0.462296	2.440991
43674	-1020.113	-1231.091	210.9782	1.6681	0.3266138	0.537704	0.462296	2.444754
43680	-1021.849	-1232.923	211.0736	1.758661	0.7656272	0.442582	0.557418	1.864066
43686	-1034.542	-1245.815	211.2734	1.629017	0.5238618	0.442582	0.557418	2.042793
43692	-1030.819	-1242.453	211.6331	1.803539	0.4028132	0.420356	0.579644	1.825227
43698	-1025.822	-1237.067	211.2458	1.784861	0.3453448	0.475876	0.524124	2.173513
43704	-1013.93	-1224.695	210.7654	1.5798	0.5051857	0.349447	0.650553	2.421603
43710	-1026.898	-1237.537	210.6394	1.817639	0.4580163	0.599613	0.400387	2.401585
43716	-1022.335	-1233.15	210.8147	1.734191	0.5262108	0.464846	0.535154	2.270549
43722	-1021.864	-1233.12	211.2554	1.837634	0.5179017	0.464846	0.535154	1.921721
43728	-1012.496	-1223.336	210.8394	1.674066	0.4311676	0.451956	0.548044	2.39637
43734	-1023.614	-1232.55	208.9356	1.561306	0.5157966	0.445137	0.554863	3.524835
43740	-1050.003	-1260.042	210.0384	1.505041	0.5160785	0.503692	0.496308	2.904536
43746	-1033.797	-1244.346	210.5491	1.505041	0.2328137	0.561405	0.438595	2.949449
43752	-1029.965	-1241.116	211.1507	1.70207	0.5296483	0.448994	0.551006	2.069511
43758	-1052.872	-1263.806	210.9333	1.715557	0.3614733	0.36048	0.63952	2.396319
43764	-1020.559	-1231.785	211.2253	2.568166	1.15677	0.536663	0.463337	0.6644084
43770	-1025.107	-1236.28	211.1726	2.568166	1.269111	0.425871	0.574129	0.5058483
43776	-1013.728	-1225.396	211.6686	2.549497	0.7874035	0.505361	0.494639	0.5058483
43782	-1018.776	-1230.38	211.6041	2.549497	0.8265787	0.487444	0.512556	0.6027244
43788	-1008.994	-1219.842	210.848	2.558933	1.605432	0.459562	0.540438	0.7241683
43794	-1030.56	-1241.729	211.1685	2.399681	1.386561	0.563561	0.436439	0.7241683
43800	-1013.826	-1224.889	211.063	2.505168	1.386561	0.438992	0.561008	0.7241683
43806	-1010.952	-1222.265	211.3133	2.497305	1.173836	0.553143	0.446857	0.5820732
43812	-1010.352	-1221.72	211.3676	2.463409	1.140185	0.409377	0.590623	0.6123234
43818	-1007.45	-1218.591	211.1409	2.484383	1.385154	0.361308	0.638692	0.6122766
43824	-996.9594	-1208.311	211.3513	2.37433	1.240355	0.583939	0.416061	0.6539071
43830	-993.4517	-1204.781	211.3297	2.390676	1.173382	0.609157	0.390843	0.7622747
43836	-980.7896	-1192.32	211.53	2.320347	1.092883	0.649645	0.350355	0.6677291
43842	-1010.897	-1222.778	211.8818	2.355798	0.7450551	0.605101	0.394899	0.6377125
43848	-1001.846	-1213.267	211.421	2.483425	1.038799	0.518972	0.481028	0.6626832
43854	-999.3402	-1210.567	211.2268	2.52577	1.225125	0.368297	0.631703	0.6215988
43860	-998.2734	-1210.133	211.8592	2.385404	0.763263	0.624104	0.375896	0.5379182
43866	-1017.006	-1228.266	211.26	2.635643	1.093397	0.442088	0.557912	0.4864165
43872	-997.6311	-1209.393	211.7616	2.462547	0.7761082	0.429869	0.570131	0.4408146
43878	-997.9238	-1208.908	210.9844	2.568643	1.509021	0.362869	0.637131	0.5178553
43884	-1005.14	-1216.097	210.9566	2.730566	1.326347	0.48398	0.51602	0.4441325
43890	-1021.127	-1232	210.8735	2.730566	1.440195	0.347832	0.652168	0.5203693
43896	-1007.735	-1218.695	210.9598	2.639695	1.440195	0.545595	0.454405	0.553797
43902	-1019.937	-1231.549	211.6125	2.513258	0.8627497	0.530967	0.469033	0.553797
43908	-1008.116	-1219.676	211.5602	2.241947	1.15806	0.436565	0.563435	0.6436235
43914	-1008.467	-1219.585	211.1181	2.275715	1.435831	0.508952	0.491048	0.9024433
43920	-1039.397	-1250.764	211.3676	2.236138	0.8156863	0.543236	0.456764	1.247782
43926	-1025.03	-1236.382	211.3524	1.919238	0.5654211	0.619203	0.380797	1.747857
43932	-1020.548	-1231.835	211.2867	1.898143	0.4569978	0.485192	0.514808	1.929026
43938	-1015.502	-1227.063	211.5611	1.808613	0.4569978	0.394509	0.605491	1.802719
43944	-1003.911	-1215.499	211.588	2.231676	0.7060608	0.511307	0.488693	1.178405
43950	-1019.999	-1231.815	211.8163	2.086673	0.4219285	0.636743	0.363257	1.463604
43956	-1025.333	-1236.611	211.2781	2.196307	0.7614275	0.523975	0.476025	1.403692
43962	-1026.607	-1238.056	211.4483	2.1219	0.6953712	0.359815	0.640185	1.394203
43968	-1015.221	-1226.459	211.2385	2.115121	0.8759377	0.575504	0.424496	1.394203
43974	-1024.508	-1236.296	211.7882	2.214803	0.4688911	0.79529	0.20471	1.319788
43980	-1021.867	-1233.08	211.2128	1.93436	0.4926183	0.456493	0.543507	1.913201
43986	-1020.394	-1231.626	211.2326	1.917504	0.4926183	0.379279	0.620721	1.911209
43992	-1027.775	-1238.399	210.6242	1.714819	0.6636536	0.308048	0.691952	2.275859
43998	-1018.808	-1229.363	210.5553	1.733461	0.458443	0.449882	0.550118	2.506768
44004	-1015.9	-1226.244	210.3442	1.586656	0.4340883	0.347691	0.652309	2.75468
44010	-1012.162	-1222.803	210.6407	2.042087	0.7200532	0.50282	0.49718	2.003176
44016	-1021.451	-1232.549	211.0982	1.82139	0.5681386	0.310686	0.689314	1.985608
44022	-1012.752	-1223.59	210.8389	1.891536	0.5368371	0.290474	0.709526	2.142293
44028	-1022.012	-1233.048	211.0359	1.80505	0.5368371	0.330182	0.669818	2.069822
44034	-1013.52	-1225.149	211.6289	1.830982	0.5070625	0.532412	0.467588	1.67989
44040	-1022.077	-1232.387	210.3102	1.752045	0.515345	0.424015	0.575985	2.588019
44046	-1012.549	-1223.777	211.2276	2.01443	0.6462459	0.599376	0.400624	1.686346
44052	-1025.85	-1237.115	211.2654	2.009013	1.100475	0.359172	0.640828	1.275886
44058	-1023.536	-1235.032	211.4963	2.009013	0.6946299	0.48842	0.51158	1.445029
44064	-1035.563	-1246.807	211.2433	1.747115	0.6380312	0.709172	0.290828	1.869403
44070	-1029.062	-1239.227	210.165	1.364929	0.5376258	0.515056	0.484944	2.891979
44076	-1027.041	-1237.036	209.9957	1.505677	0.5376258	0.301686	0.698314	2.909196
44082	-1033.494	-1243.103	209.6089	1.729878	0.5066568	0.472475	0.527525	3.03681
44088	-1025.947	-1236.634	210.6867	1.722011	0.6864702	0.506415	0.493585	2.211415
44094	-1063.616	-1273.779	210.1631	1.531255	0.5230562	0.525318	0.474682	2.806259
44100	-1026.815	-1236.867	210.052	1.528675	0.6742035	0.525318	0.474682	2.740929
44106	-1013.534	-1223.433	209.8987	1.464524	0.6742035	0.525318	0.474682	2.873232
44112	-1007.652	-1216.898	209.2465	1.344445	0.7121316	0.3913	0.6087	3.304442
44118	-1022.704	-1231.498	208.7943	1.286405	0.4923128	0.628248	0.371752	3.788279
44124	-1045.353	-1255.6	210.2468	1.413492	0.3859346	0.425785	0.574215	2.973916
44130	-1048.352	-1259.525	211.1724	1.877596	0.6699114	0.753376	0.246624	1.798451
44136	-1055.431	-1266.716	211.2845	1.908555	0.5693542	0.416147	0.583853	1.798451
44142	-1027.735	-1236.624	208.8885	1.525409	1.118866	0.431659	0.568341	3.149426
44148	-1010.338	-1220.811	210.4732	1.54233	0.4782977	0.447495	0.552505	2.654909
44154	-1028.312	-1239.821	211.5087	1.651569	0.5664844	0.460115	0.539885	1.824102
44160	-1014.544	-1226.094	211.5496	1.906509	0.8842752	0.488377	0.511623	1.305503
44166	-1026.352	-1238.309	211.9573	1.946561	0.7022217	0.483771	0.516229	1.107982
44172	-1029.916	-1241.402	211.4862	2.016592	1.053719	0.349833	0.650167	1.117583
44178	-1024.92	-1236.479	211.5598	2.14235	0.7047147	0.617118	0.382882	1.279059
44184	-1013.747	-1225.118	211.3713	2.051332	1.062835	0.52695	0.47305	1.180836
44190	-1026.78	-1238.071	211.2906	2.065309	1.062835	0.399949	0.600051	1.237712
44196	-1033.767	-1245.005	211.2379	2.044607	1.293089	0.549907	0.450093	1.1245
44202	-1032.775	-1243.996	211.2205	2.112493	1.293089	0.400287	0.599713	1.078225
44208	-1038.841	-1250.079	211.2384	1.952044	1.356764	0.47918	0.52082	1.160609
44214	-1031.698	-1243.672	211.9747	2.084468	0.4801057	0.47918	0.52082	1.258226
44220	-1028.001	-1238.804	210.8032	1.850222	0.9683422	0.387291	0.612709	1.831649
44226	-1027.629	-1239.453	211.8238	1.821475	0.4153288	0.289932	0.710068	1.662298
44232	-1030.941	-1241.658	210.7168	1.599361	0.7481917	0.478794	0.521206	2.220209
44238	-1032.47	-1242.076	209.6058	1.460414	0.7423491	0.742951	0.257049	2.99923
44244	-1029.5	-1240.779	211.2791	1.702762	0.5704882	0.411148	0.588852	1.941466
44250	-1018.829	-1229.54	210.7108	1.444415	0.6025905	0.411148	0.588852	2.446701
44256	-1026.792	-1237.903	211.111	1.678651	0.5292983	0.411148	0.588852	2.111355
44262	-1030.496	-1242.436	211.9404	1.69412	0.545829	0.473695	0.526305	1.507502
44268	-1026.637	-1238.506	211.8687	1.824747	0.6671655	0.567497	0.432503	1.326308
44274	-1022.556	-1233.587	211.0303	1.79375	0.4796338	0.557182	0.442818	2.142248
44280	-1027.1	-1238.534	211.4341	2.323608	0.7169572	0.545999	0.454001	1.219528
44286	-1043.882	-1255.766	211.8843	2.287084	0.5424581	0.499419	0.500581	1.070579
44292	-1046.198	-1257.285	211.0872	1.901281	0.8782595	0.478612	0.521388	1.663958
44298	-1039.326	-1250.042	210.7163	1.950132	1.345877	0.296697	0.703303	1.581736
44304	-1026.448	-1237.659	211.2114	2.054075	1.15068	0.545006	0.454994	1.245225
44310	-1019.68	-1230.855	211.1753	2.054075	1.309795	0.736789	0.263211	1.15954
44316	-1025.271	-1237.152	211.8812	1.864803	0.7021178	0.403822	0.596178	1.245467
44322	-1027.491	-1238.241	210.7498	1.795939	0.951045	0.609771	0.390229	1.917244
44328	-1013.921	-1225.52	211.5991	1.976466	0.6216736	0.378282	0.621718	1.467171
44334	-1017.931	-1228.946	211.0151	1.976466	0.7875879	0.276911	0.723089	1.735392
44340	-1019.158	-1230.51	211.3518	1.9314	0.9101625	0.44299	0.55701	1.419929
44346	-1028.317	-1240.381	212.0646	2.114298	0.3681476	0.632924	0.367076	1.330116
44352	-1018.014	-1229.274	211.2599	2.023427	0.6878572	0.300709	0.699291	1.616531
44358	-1020.924	-1232.363	211.4392	2.021636	0.7603816	0.354551	0.645449	1.415203
44364	-1029.991	-1241.813	211.8217	2.032077	0.4376206	0.384854	0.615146	1.479071
44370	-1013.629	-1224.418	210.7885	1.829555	1.177536	0.62565	0.37435	1.71785
44376	-1011.683	-1222.874	211.1908	1.801443	0.4718985	0.296377	0.703623	2.040445
44382	-1011.707	-1223.214	211.5068	1.917103	0.483047	0.253721	0.746279	1.733575
44388	-1018.407	-1229.711	211.3039	1.917103	0.9003736	0.328841	0.671159	1.47549
44394	-1022.507	-1234.282	211.7754	2.052508	0.7485346	0.590675	0.409325	1.123655
44400	-1009.958	-1221.482	211.5245	2.052508	0.6210875	0.468189	0.531811	1.466708
44406	-1031.684	-1242.298	210.6143	1.709386	0.5065764	0.29792	0.70208	2.433708
44412	-1040.619	-1251.03	210.4119	1.827197	0.5725402	0.593224	0.406776	2.421846
44418	-1047.019	-1258.223	211.2038	1.73206	0.8371697	0.510394	0.489606	1.733867
44424	-1019.806	-1230.729	210.9227	1.958507	0.653667	0.306987	0.693013	1.928887
44430	-1011.566	-1222.545	210.9784	1.661712	0.4853891	0.428389	0.571611	2.25497
44436	-1017.159	-1227.843	210.6839	1.860762	0.4338976	0.451258	0.548742	2.373471
44442	-1018.671	-1229.785	211.1135	1.989511	0.5369817	0.451258	0.548742	1.894417
44448	-1012.461	-1223.824	211.3628	2.12663	0.5704914	0.631741	0.368259	1.586799
44454	-1025.7	-1237.16	211.4598	2.232974	0.7814101	0.631741	0.368259	1.206859
44460	-1023.526	-1234.854	211.3278	2.019089	0.6272605	0.515098	0.484902	1.630233
44466	-1033.339	-1244.527	211.1873	1.838142	0.5586095	0.368918	0.631082	1.92421
44472	-1024.082	-1234.152	210.0699	1.42758	0.4396351	0.425052	0.574948	3.010778
44478	-1016.523	-1225.965	209.4418	1.586809	0.5252411	0.458998	0.541002	3.203612
44484	-1021.011	-1231.371	210.3607	1.731325	0.5252411	0.458998	0.541002	2.559703
44490	-1003.717	-1213.403	209.6852	1.665842	0.5732886	0.526573	0.473427	2.96675
44496	-996.4457	-1206.206	209.7599	1.68537	0.512935	0.445056	0.554944	2.96675
44502	-1012.582	-1223.367	210.7856	1.717254	0.5423201	0.439033	0.560967	2.283777
44508	-1021.75	-1231.515	209.7654	1.719455	0.5711068	0.439033	0.560967	2.888095
44514	-1034.547	-1244.33	209.7831	1.650708	0.6056898	0.454891	0.545109	2.888095
44520	-1008.46	-1218.935	210.475	1.897485	0.3512354	0.561598	0.438402	2.582625
44526	-1014.916	-1225.329	210.4137	1.728046	0.4462641	0.416634	0.583366	2.611539
44532	-1017.067	-1227.81	210.7433	1.654502	0.4574129	0.283176	0.716824	2.439602
44538	-1008.307	-1218.62	210.3123	1.739189	0.419817	0.498036	0.501964	2.69689
44544	-1008.957	-1219.867	210.9101	1.815079	0.3193537	0.373682	0.626318	2.405259
44550	-1013.893	-1225.781	211.8879	1.828403	0.2384721	0.363974	0.636026	1.887494
44556	-1006.036	-1217.507	211.4712	1.727943	0.591264	0.409139	0.590861	1.771562
44562	-1019.794	-1229.761	209.9667	1.870418	0.9737893	0.398908	0.601092	2.36476
44568	-1021.314	-1232.4	211.0857	1.919274	0.5024674	0.524163	0.475837	1.997725
44574	-1014.258	-1225.814	211.5553	1.885797	0.4509656	0.35668	0.64332	1.760511
44580	-1007.851	-1219.689	211.8383	1.671211	0.4814425	0.566083	0.433917	1.67496
44586	-1014.888	-1226.259	211.3711	1.790346	0.3281214	0.594274	0.405726	2.1125
44592	-1022.418	-1233.741	211.3234	1.765207	0.4242303	0.594659	0.405341	2.032959
44598	-1008.106	-1219.654	211.5471	1.886449	0.717278	0.514113	0.485887	1.47728
44604	-1016.439	-1228.039	211.6004	2.044027	0.717278	0.50413	0.49587	1.312884
44610	-1018.658	-1230.26	211.6017	2.044027	0.8891597	0.556519	0.443481	1.140441
44616	-1021.796	-1233.891	212.0946	2.075483	0.5572855	0.336448	0.663552	1.050055
44622	-1023.968	-1235.803	211.835	2.292526	0.7475008	0.335697	0.664303	0.8120697
44628	-1006.945	-1218.385	211.4398	2.381377	0.9963536	0.491343	0.508657	0.8492618
44634	-1013.865	-1225.332	211.467	2.381377	0.9963536	0.542705	0.457295	0.8152113
44640	-1020.535	-1232.213	211.678	2.271367	0.7987431	0.491811	0.508189	0.947007
44646	-1015.572	-1227.406	211.834	2.303432	0.7635099	0.5618	0.4382	0.7719813
44652	-1007.656	-1219.323	211.6675	2.387204	0.8405942	0.447127	0.552873	0.760311
44658	-1016.524	-1228.46	211.9356	2.371537	0.6392854	0.380508	0.619492	0.760311
44664	-1016.851	-1228.091	211.24	2.295092	1.152507	0.435783	0.564217	0.9998497
44670	-1006.835	-1218.564	211.729	1.973055	0.6816828	0.540431	0.459569	1.303745
44676	-1011.185	-1221.632	210.4473	1.871757	1.050691	0.529623	0.470377	2.002492
44682	-1007.771	-1218.795	211.0243	1.622871	0.6340667	0.626788	0.373212	2.10257
44688	-1011.163	-1222.264	211.1003	1.781917	0.4810966	0.520502	0.479498	2.10257
44694	-1021.637	-1232.507	210.8708	1.783072	0.4810966	0.460331	0.539669	2.250785
44700	-1006.706	-1218.147	211.4411	1.783072	0.3968864	0.450841	0.549159	1.977142
44706	-1007.112	-1217.691	210.5787	1.562595	0.302691	0.498497	0.501503	2.790464
44712	-1015.547	-1226.29	210.7425	1.562595	0.528221	0.498497	0.501503	2.423432
44718	-1010.121	-1221.32	211.1991	1.592835	0.528221	0.564541	0.435459	2.111008
44724	-1015.507	-1226.624	211.1178	1.557645	0.6466876	0.379606	0.620394	2.072439
44730	-1018.171	-1227.717	209.5455	1.41195	0.4102969	0.422844	0.577156	3.363282
44736	-1014.311	-1224.397	210.0855	1.566689	0.4398698	0.519713	0.480287	2.917455
44742	-1019.206	-1229.4	210.1944	1.617099	0.4398698	0.602356	0.397644	2.820983
44748	-1013.531	-1225.215	211.6837	1.798776	0.3361689	0.48768	0.51232	1.886687
44754	-1021.537	-1231.237	209.6996	1.573867	0.6398902	0.385769	0.614231	2.955602
44760	-1018.501	-1229.302	210.8014	1.710759	0.6072489	0.437451	0.562549	2.21516
44766	-1021.438	-1232.431	210.993	1.93068	0.4451211	0.38867	0.61133	2.116506
44772	-1030.015	-1241.121	211.1062	1.92984	0.5509145	0.396013	0.603987	1.925037
44778	-1027.964	-1239.442	211.4782	1.92984	0.3444697	0.440637	0.559363	1.925037
44784	-1041.879	-1252.807	210.9288	1.711629	0.4617253	0.757334	0.242666	2.280881
44790	-1039.996	-1250.675	210.6788	1.735244	0.4978163	0.495805	0.504195	2.385821
44796	-1044.319	-1256.046	211.7262	1.941934	0.5689881	0.439561	0.560439	1.455333
44802	-1038.538	-1250.051	211.5129	2.148384	0.5589403	0.441999	0.558001	1.472184
44808	-1026.077	-1237.677	211.5999	2.148384	0.3164508	0.441999	0.558001	1.73308
44814	-1038.68	-1249.859	211.1793	1.872277	0.7027118	0.329644	0.670356	1.767313
44820	-1024.366	-1235.683	211.3165	2.044896	0.8309586	0.690754	0.309246	1.427408
44826	-1033.984	-1245.777	211.7937	2.037695	0.3952278	0.627678	0.372322	1.555056
44832	-1029.805	-1240.939	211.1343	1.957235	0.6182937	0.552569	0.447431	1.819088
44838	-1032.435	-1243.299	210.8647	1.922208	0.8605833	0.553155	0.446845	1.819088
44844	-1023.932	-1234.994	211.0624	1.808078	0.5263934	0.544524	0.455476	2.061291
44850	-1025.432	-1236.791	211.3586	1.808078	0.5108238	0.460163	0.539837	1.879596
44856	-1025.96	-1237.609	211.6488	1.611924	0.5108238	0.731701	0.268299	1.815101
44862	-1024.383	-1236.145	211.7617	1.623285	0.4383906	0.309196	0.690804	1.815101
44868	-1013.497	-1225.248	211.7509	1.869336	0.4512244	0.537372	0.462628	1.633151
44874	-1007.916	-1218.182	210.266	1.53782	0.4109481	0.537372	0.462628	2.858087
44880	-1026.616	-1237.007	210.3918	1.449319	0.6006404	0.508914	0.491086	2.643929
44886	-1018.823	-1228.735	209.9124	1.44164	0.7327332	0.375038	0.624962	2.832791
44892	-1013.17	-1222.923	209.7528	1.517429	0.6870862	0.516833	0.483167	2.919104
44898	-1008.853	-1219.209	210.3568	1.598725	0.7099675	0.537733	0.462267	2.480057
44904	-1011.623	-1221.113	209.4896	1.413891	0.7072265	0.512739	0.487261	3.123114
44910	-1012.631	-1222.299	209.668	1.393411	0.592329	0.511388	0.488612	3.123114
44916	-1005.283	-1214.838	209.5553	1.404998	0.7331621	0.508796	0.491204	3.069476
44922	-998.5839	-1208.856	210.2723	1.468117	0.871213	0.466798	0.533202	2.494232
44928	-1008.143	-1219.179	211.036	1.577242	0.6393562	0.657978	0.342022	2.11991
44934	-1022.991	-1234.132	211.1407	1.723506	0.6393562	0.613714	0.386286	1.953601
44940	-1006.975	-1217.977	211.0025	1.793705	0.7229061	0.394941	0.605059	1.924683
44946	-1013.867	-1225.27	211.4029	1.784956	0.4292923	0.338632	0.661368	1.960524
44952	-1019.556	-1229.77	210.2141	1.649938	0.7415546	0.326647	0.673353	2.51217
44958	-1007.126	-1217.282	210.1566	1.54537	0.4042873	0.244937	0.755063	2.927348
44964	-1022.778	-1233.977	211.1989	1.491851	0.4193454	0.290222	0.709778	2.297596
44970	-1004.379	-1214.813	210.4345	1.753899	0.5103381	0.605272	0.394728	2.51463
44976	-997.7269	-1208.826	211.0996	1.815335	0.4692495	0.384378	0.615622	2.094441
44982	-1002.663	-1213.813	211.1499	2.020805	0.6582141	0.689975	0.310025	1.725209
44988	-1017.404	-1228.716	211.3117	2.020805	0.7903238	0.604942	0.395058	1.485578
44994	-1008.002	-1219.809	211.807	2.020805	0.5603683	0.562066	0.437934	1.341205
45000	-1014.957	-1227.136	212.1787	2.321906	0.2937034	0.559482	0.440518	1.198934
45006	-1015.433	-1227.566	212.1332	2.031653	0.4517722	0.403268	0.596732	1.210763
45012	-1016.256	-1228.142	211.8858	1.860106	0.4790392	0.451103	0.548897	1.505454
45018	-1018.784	-1230.175	211.391	1.800273	0.4790392	0.367906	0.632094	1.898824
45024	-1034.9	-1245.775	210.8752	2.078028	1.038351	0.579005	0.420995	1.569584
45030	-1021.538	-1232.896	211.3574	1.890566	0.662712	0.460692	0.539308	1.666119
45036	-1015.653	-1227.508	211.8551	1.988486	0.4842367	0.506903	0.493097	1.424569
45042	-1018.677	-1230.247	211.57	2.037501	0.578517	0.506903	0.493097	1.490465
45048	-1023.146	-1234.763	211.6169	2.167591	0.4552265	0.516915	0.483085	1.507481
45054	-1031.426	-1242.593	211.1668	1.733583	0.9427084	0.407485	0.592515	1.677421
45060	-1042.32	-1253.432	211.112	1.92963	0.9650646	0.44342	0.55658	1.558431
45066	-1043.643	-1255.477	211.8336	2.082179	0.4258443	0.440843	0.559157	1.448302
45072	-1022.047	-1233.5	211.4536	1.901658	0.3912534	0.373065	0.626935	1.896202
45078	-1034.393	-1245.327	210.9335	1.718524	0.6989946	0.407207	0.592793	2.041653
45084	-1024.703	-1236.095	211.3924	1.828302	0.3505886	0.587198	0.412802	2.041653
45090	-1024.733	-1236.194	211.4603	1.772204	0.6427203	0.648046	0.351954	1.696597
45096	-1026.416	-1238.008	211.5921	2.060794	0.5851542	0.373257	0.626743	1.448544
45102	-1021.221	-1232.862	211.6413	1.752945	0.4588334	0.685886	0.314114	1.783503
45108	-1014.703	-1225.265	210.5617	1.798506	0.6060369	0.256867	0.743133	2.31377
45114	-998.3119	-1209.182	210.8699	1.946397	0.7213311	0.397179	0.602821	1.912437
45120	-1004.091	-1214.906	210.815	1.793574	0.8240701	0.56467	0.43533	1.968507
45126	-1014.144	-1225.158	211.0136	1.814625	0.3671472	0.525782	0.474218	2.274798
45132	-1019.336	-1230.028	210.6916	1.814625	0.5491661	0.398844	0.601156	2.274798
45138	-1017.82	-1228.799	210.9794	1.606174	0.3881322	0.517675	0.482325	2.402397
45144	-1028.661	-1239.284	210.6232	1.702084	0.6799631	0.401611	0.598389	2.270669
45150	-1032.863	-1243.427	210.5637	1.723256	0.5556559	0.637964	0.362036	2.407844
45156	-1036.421	-1247.204	210.7832	1.503508	0.3904253	0.557349	0.442651	2.58651
45162	-1011.184	-1221.74	210.5556	1.586571	0.5993261	0.420548	0.579452	2.457856
45168	-1032.804	-1243.88	211.0758	1.427196	0.3080768	0.529024	0.470976	2.560352
45174	-1033.284	-1244.643	211.3591	1.787012	0.6377654	0.436402	0.563598	1.762166
45180	-1026.005	-1237.795	211.79	2.075598	0.5169973	0.446823	0.553177	1.365281
45186	-1024.749	-1235.96	211.2115	1.868973	0.6266711	0.579896	0.420104	1.818533
45192	-1021.07	-1232.906	211.8369	1.958882	0.5693122	0.615061	0.384939	1.355918
45198	-1036.421	-1248.233	211.8126	1.995226	0.6098736	0.31285	0.68715	1.298348
45204	-1029.326	-1241.12	211.7935	1.812634	0.360821	0.193841	0.806159	1.765664
45210	-1022.675	-1233.225	210.5494	1.823637	0.6615148	0.258447	0.741553	2.255903
45216	-1006.033	-1216.841	210.8072	1.793563	0.4784747	0.389798	0.610202	2.287718
45222	-1005.188	-1215.939	210.7508	1.794774	0.4467478	0.506713	0.493287	2.358168
45228	-1016.862	-1228.02	211.1573	1.803583	0.4100632	0.5124	0.4876	2.134464
45234	-1007.035	-1218.966	211.9313	1.805852	0.4610526	0.450457	0.549543	1.535097
45240	-998.0935	-1209.674	211.5803	1.984858	0.417917	0.521622	0.478378	1.715719
45246	-999.2141	-1210.633	211.4193	2.116116	0.417917	0.499537	0.500463	1.736667
45252	-996.9873	-1208.291	211.3039	2.008401	0.5075022	0.481781	0.518219	1.783118
45258	-1010.483	-1221.439	210.9554	2.001257	0.7599158	0.188992	0.811008	1.783118
45264	-999.2797	-1210.369	211.0894	2.15684	0.6007991	0.495098	0.504902	1.728833
45270	-1004.524	-1216.017	211.4934	1.956751	0.7700121	0.495098	0.504902	1.414421
45276	-1013.397	-1224.263	210.8669	1.843434	0.7609604	0.450925	0.549075	1.950534
45282	-1008.236	-1219.15	210.9138	2.047362	0.7432172	0.655871	0.344129	1.79432
45288	-1010.287	-1221.01	210.7226	2.02637	0.693319	0.403743	0.596257	1.982042
45294	-1015.378	-1226.791	211.4128	2.011886	0.5911958	0.569067	0.430933	1.61153
45300	-1017.087	-1228.089	211.0011	1.990025	0.6456746	0.449238	0.550762	1.861658
45306	-1015.205	-1226.645	211.4401	2.180691	0.6367092	0.334997	0.665003	1.416345
45312	-1013.264	-1225.092	211.8272	2.347757	0.5998644	0.48782	0.51218	0.9827779
45318	-1023.715	-1235.582	211.8674	2.356307	0.4394308	0.483046	0.516954	1.179181
45324	-1012.914	-1224.498	211.5834	2.177927	0.4246803	0.430573	0.569427	1.565578
45330	-1026.742	-1238.544	211.802	2.177927	0.7388997	0.679689	0.320311	0.9905915
45336	-1021.411	-1233.338	211.9272	2.067256	0.6904401	0.323235	0.676765	1.037528
45342	-1020.978	-1233.157	212.1791	2.190011	0.5143751	0.596115	0.403885	0.9162039
45348	-1016.559	-1228.331	211.772	2.190011	0.852313	0.372235	0.627765	0.8638882
45354	-1015.723	-1227.462	211.7394	2.112245	0.8620348	0.578126	0.421874	0.9731684
45360	-1030.054	-1241.7	211.646	2.5576	0.7640001	0.359174	0.640826	0.6609521
45366	-1037.739	-1249.551	211.8119	2.458668	0.7077107	0.292871	0.707129	0.6684026
45372	-1023.66	-1235.108	211.4475	2.363575	1.053873	0.53805	0.46195	0.789727
45378	-1015.545	-1227.088	211.5435	2.35747	0.9417391	0.463245	0.536755	0.8194804
45384	-1018.875	-1230.608	211.7326	2.318601	0.8060109	0.463245	0.536755	0.8194804
45390	-1032.077	-1243.794	211.7169	2.248961	0.6456632	0.44469	0.55531	1.120431
45396	-1020.698	-1232.608	211.9096	2.181568	0.6564123	0.505045	0.494955	0.9869579
45402	-1042.184	-1254.169	211.9844	1.556393	0.5594589	0.560465	0.439535	1.561421
45408	-1035.831	-1246.442	210.6108	1.576931	0.7520214	0.378426	0.621574	2.299636
45414	-1043.479	-1254.827	211.348	2.117051	1.146887	0.473029	0.526971	1.07252
45420	-1038.104	-1249.056	210.9516	1.777446	0.2143699	0.685569	0.314431	2.568685
45426	-1032.205	-1243.412	211.207	1.671257	0.3913641	0.352828	0.647172	2.211467
45432	-1013.037	-1224.012	210.975	1.860887	0.255783	0.491419	0.508581	2.431581
45438	-1018.364	-1230.144	211.7796	1.739592	0.320283	0.443153	0.556847	1.88544
45444	-1031.636	-1242.429	210.7931	1.715395	0.4233624	0.385759	0.614241	2.408612
45450	-1033.981	-1244.234	210.2529	1.522768	0.6384459	0.496753	0.503247	2.651181
45456	-1023.618	-1234.118	210.5001	1.522768	0.8738795	0.500494	0.499506	2.314081
45462	-1018.831	-1229.453	210.622	1.682939	0.5814655	0.321409	0.678591	2.371815
45468	-1022.371	-1233.335	210.9637	1.890835	0.4794067	0.524534	0.475466	2.122604
45474	-1004.197	-1215.968	211.7709	1.975784	0.3241022	0.474851	0.525149	1.722206
45480	-1007.355	-1219.357	212.0029	1.955536	0.3293979	0.474851	0.525149	1.561497
45486	-1024.168	-1235.557	211.389	1.824863	0.5263399	0.541357	0.458643	1.830137
45492	-1040.603	-1252.571	211.968	2.011333	0.4461607	0.520004	0.479996	1.370483
45498	-1028.93	-1240.112	211.1821	1.871868	0.4461607	0.608895	0.391105	2.029467
45504	-1027.748	-1237.127	209.3789	1.474631	0.4461607	0.437369	0.562631	3.385548
45510	-1046.848	-1257.606	210.7582	1.857555	0.4736962	0.526568	0.473432	2.283355
45516	-1061.493	-1272.729	211.236	2.356427	0.5199059	0.645293	0.354707	1.569095
45522	-1056.925	-1268.841	211.9155	2.408525	0.5608964	0.522039	0.477961	0.8846086
45528	-1041.767	-1253.704	211.9369	2.259238	0.6995307	0.458493	0.541507	0.8020607
45534	-1016.197	-1227.211	211.014	1.840267	0.3671049	0.380815	0.619185	2.258173
45540	-1031.154	-1241.914	210.76	1.623721	0.4023656	0.673218	0.326782	2.511765
45546	-1059.964	-1270.745	210.781	1.536274	0.2551269	0.587535	0.412465	2.753974
45552	-1038.365	-1248.057	209.6914	1.613262	0.4306198	0.498279	0.501721	3.135727
45558	-1024.835	-1234.664	209.829	1.583641	0.4306198	0.503495	0.496505	3.071337
45564	-1023.669	-1234.475	210.8058	1.697472	0.3416227	0.391397	0.608603	2.513947
45570	-1041.341	-1252.225	210.884	1.790389	0.2744665	0.446642	0.553358	2.50334
45576	-1048.042	-1259.727	211.6849	2.057442	0.2744665	0.235102	0.764898	1.806123
45582	-1031.631	-1242.878	211.247	1.961528	0.4179886	0.259359	0.740641	1.960689
45588	-1023.869	-1236.249	212.3802	2.205872	0.3053038	0.352442	0.647558	1.099212
45594	-1013.563	-1225.337	211.7731	2.071276	0.5558896	0.597791	0.402209	1.333436
45600	-1033.394	-1244.684	211.2908	2.073476	0.3577255	0.469316	0.530684	1.935762
45606	-1015.243	-1225.696	210.4526	1.66511	0.5345578	0.452441	0.547559	2.534479
45612	-1018.46	-1228.381	209.9207	1.632899	0.39152	0.454329	0.545671	3.031328
45618	-1034.498	-1245.619	211.1209	1.742989	0.606477	0.465415	0.534585	1.985003
45624	-1033.722	-1244.99	211.2681	1.781679	0.4832554	0.506398	0.493602	1.989263
45630	-1023.873	-1235.392	211.5189	1.848176	0.3741251	0.443823	0.556177	1.911201
45636	-1023.614	-1235.243	211.6291	1.898519	0.2999766	0.463834	0.536166	1.911201
45642	-996.2919	-1208.347	212.0549	1.977804	0.4366415	0.473183	0.526817	1.341786
45648	-1012.914	-1224.598	211.6846	1.961048	0.6627783	0.624543	0.375457	1.369003
45654	-1021.42	-1233.571	212.1518	2.208652	0.4142394	0.40224	0.59776	1.098621
45660	-1027.794	-1239.28	211.486	2.449332	0.6653055	0.392674	0.607326	1.123749
45666	-1026.421	-1238.453	212.0325	2.300906	0.3592503	0.494879	0.505121	1.217983
45672	-1042.874	-1254.815	211.9409	2.249023	0.4104511	0.628045	0.371955	1.253367
45678	-1041.592	-1253.525	211.9323	2.214359	0.4206949	0.629636	0.370364	1.273258
45684	-1021.195	-1232.757	211.5619	2.214359	0.4747751	0.412535	0.587465	1.488153
45690	-1028.223	-1239.752	211.5291	2.376045	0.8388971	0.448816	0.551184	0.9445301
45696	-1036.795	-1248.741	211.946	2.477954	0.4752629	0.449137	0.550863	0.9274941
45702	-1015.207	-1226.899	211.6917	2.201744	0.8679306	0.451514	0.548486	0.9218789
45708	-1000.037	-1211.765	211.728	2.201744	0.8973387	0.451514	0.548486	0.8427439
45714	-1004.129	-1215.632	211.5033	2.201744	0.9608575	0.514886	0.485114	1.014084
45720	-1010.111	-1222.044	211.9328	2.154439	0.5465223	0.560719	0.439281	1.141576
45726	-1004.33	-1216.239	211.9094	2.205755	0.3940107	0.363846	0.636154	1.339939
45732	-1025.941	-1237.358	211.4172	2.159183	1.123857	0.442311	0.557689	0.9844445
45738	-1023.225	-1234.949	211.7232	2.07748	0.9598311	0.368018	0.631982	0.9157846
45744	-1026.519	-1238.676	212.1574	2.066032	0.5947217	0.427743	0.572257	0.9400307
45750	-1027.194	-1237.474	210.2804	1.807217	0.5948292	0.469593	0.530407	2.496149
45756	-1034.526	-1245.099	210.5727	1.667501	0.4977106	0.495233	0.504767	2.495273
45762	-1030.746	-1241.654	210.908	1.755639	0.4843168	0.463681	0.536319	2.241017
45768	-1029.149	-1240.649	211.5003	2.011299	0.5885123	0.502426	0.497574	1.550852
45774	-1019.652	-1231.014	211.3625	1.768474	0.4528793	0.623623	0.376377	1.970156
45780	-1033.383	-1244.749	211.3665	1.66023	0.5144054	0.580466	0.419534	1.970156
45786	-1024.073	-1236.199	212.1258	1.927361	0.5144054	0.394494	0.605506	1.215429
45792	-1023.652	-1235.549	211.8963	1.927361	0.5782274	0.365025	0.634975	1.322948
45798	-1024.331	-1236.359	212.0277	1.927361	0.5370843	0.418276	0.581724	1.267297
45804	-1009.053	-1219.558	210.5047	1.824215	0.6478175	0.338759	0.661241	2.296162
45810	-1007.829	-1219.176	211.3473	1.824215	0.4949077	0.546044	0.453956	1.894082
45816	-1018.647	-1229.916	211.2691	1.871427	0.416956	0.445701	0.554299	2.007453
45822	-1011.698	-1223.57	211.8728	1.832863	0.5007265	0.487456	0.512544	1.50831
45828	-1016.51	-1227.262	210.7525	1.855999	0.6867193	0.620041	0.379959	2.080982
45834	-1011.479	-1222.225	210.7453	1.69981	0.2784249	0.640841	0.359159	2.639608
45840	-1020.533	-1231.229	210.6962	1.845213	0.4255437	0.476144	0.523856	2.385217
45846	-1017.14	-1228.715	211.5745	1.822304	0.3535137	0.384639	0.615361	1.91976
45852	-1025.441	-1237.272	211.8317	2.034152	0.4197261	0.315458	0.684542	1.494731
45858	-1006.968	-1218.482	211.5143	1.81347	0.8353832	0.341658	0.658342	1.449302
45864	-1012.994	-1224.549	211.5551	1.741641	0.8353832	0.449716	0.550284	1.472835
45870	-1011.232	-1222.795	211.563	1.81757	0.6933031	0.700075	0.299925	1.540135
45876	-1008.191	-1219.932	211.7409	1.81757	0.6287004	0.531327	0.468673	1.4726
45882	-1007.471	-1219.116	211.6448	1.910991	0.8350094	0.460752	0.539248	1.269135
45888	-1023.016	-1234.541	211.5256	2.116432	0.8350094	0.276724	0.723276	1.196557
45894	-1020.681	-1232.118	211.4364	1.875031	0.6993659	0.525801	0.474199	1.58515
45900	-1035.325	-1246.805	211.4802	2.280536	1.056563	0.605576	0.394424	0.8509642
45906	-1019.072	-1230.664	211.5918	2.280536	0.974614	0.446364	0.553636	0.8126845
45912	-1027.587	-1239.544	211.9575	2.26398	0.756511	0.314229	0.685771	0.6422542
45918	-1025.955	-1237.806	211.851	2.468651	0.7024483	0.314229	0.685771	0.5476464
45924	-1022.376	-1234.118	211.7421	2.468651	0.7570663	0.394838	0.605162	0.6636518
45930	-1039.608	-1251.039	211.4312	2.468651	1.062425	0.542085	0.457915	0.6214484
45936	-1042.574	-1253.966	211.3918	2.356738	1.14168	0.628261	0.371739	0.7626033
45942	-1041.013	-1252.592	211.5795	2.317926	0.9859132	0.464298	0.535702	0.7626033
45948	-1025.525	-1237.022	211.4966	2.142686	0.9859132	0.503918	0.496082	1.052922
45954	-1019.599	-1231.165	211.5661	2.323997	0.9859132	0.507895	0.492105	0.7730363
45960	-1016.621	-1228.522	211.9009	2.323997	0.693699	0.481428	0.518572	0.7730363
45966	-1027.793	-1239.677	211.8835	2.281176	0.6086291	0.481428	0.518572	0.9803391
45972	-1020.871	-1232.345	211.4744	1.90365	0.9140335	0.674085	0.325915	1.342314
45978	-1032.466	-1243.099	210.6326	1.926571	1.296039	0.616076	0.383924	1.688061
45984	-1011.652	-1222.448	210.7959	1.839311	1.296039	0.376061	0.623939	1.633676
45990	-1008.349	-1219.176	210.8269	1.912873	1.107016	0.333301	0.666699	1.676768
45996	-1014.664	-1225.437	210.7731	1.922845	1.23535	0.561719	0.438281	1.626484
46002	-1022.021	-1233.044	211.0223	1.891223	1.120824	0.648272	0.351728	1.541509
46008	-1022.464	-1233.34	210.8763	1.919401	0.9967909	0.664248	0.335752	1.712446
46014	-1006.76	-1218.033	211.2726	1.898464	0.990735	0.35765	0.64235	1.441751
46020	-1006.462	-1217.299	210.8374	1.77242	0.9780669	0.533854	0.466146	1.854754
46026	-1010.343	-1221.519	211.1767	2.03625	1.047675	0.440579	0.559421	1.365675
46032	-1015.775	-1227.293	211.5183	2.222967	0.5680939	0.61443	0.38557	1.400123
46038	-1018.418	-1229.514	211.096	2.11775	0.4832895	0.410867	0.589133	1.878647
46044	-1019.855	-1231.396	211.5408	1.938108	0.5763802	0.434396	0.565604	1.588013
46050	-1026.109	-1237.608	211.4987	1.804603	0.4539165	0.491555	0.508445	1.852195
46056	-1032.673	-1244.111	211.4382	1.860549	0.403222	0.342111	0.657889	1.918731
46062	-1036.353	-1247.363	211.0096	1.709845	0.7925357	0.318021	0.681979	1.918731
46068	-1043.056	-1252.481	209.4249	1.550752	0.3949265	0.660011	0.339989	3.369948
46074	-1039.765	-1251.442	211.6768	2.11432	0.5377747	0.509906	0.490094	1.397675
46080	-1033.458	-1245.488	212.0299	2.359518	0.6060517	0.261771	0.738229	0.7047822
46086	-1021.609	-1233.401	211.7913	2.200271	0.7910645	0.566802	0.433198	0.9112206
46092	-1041.377	-1253.023	211.6462	2.167507	0.9426969	0.416681	0.583319	0.9209945
46098	-1032.564	-1244.667	212.103	2.150263	0.5819771	0.368365	0.631635	0.9281904
46104	-1016.043	-1227.859	211.8152	2.338604	0.6517287	0.502324	0.497676	0.9281904
46110	-1022.768	-1235.174	212.4061	2.169937	0.4326298	0.412983	0.587017	0.8390004
46116	-1033.648	-1246.167	212.5196	1.892318	0.4482774	0.412983	0.587017	0.9893626
46122	-1013.892	-1225.703	211.8104	1.984323	0.8993043	0.412983	0.587017	0.9893626
46128	-1028.585	-1240.646	212.0612	1.984323	0.6887724	0.610476	0.389524	0.9893626
46134	-1037.214	-1249.235	212.0206	1.998252	0.6887724	0.600534	0.399466	1.015922
46140	-1015.19	-1227.078	211.8882	1.926971	0.8016588	0.565086	0.434914	1.076442
46146	-1025.635	-1236.652	211.0165	1.976916	1.116027	0.341789	0.658211	1.485091
46152	-1010.397	-1222.067	211.6701	1.934013	0.8881566	0.53534	0.46466	1.178009
46158	-1018.349	-1229.871	211.522	1.934013	1.000371	0.292604	0.707396	1.204619
46164	-1005.706	-1217.746	212.0404	1.96321	0.6386424	0.408834	0.591166	1.094889
46170	-1017.222	-1228.5	211.2784	1.978623	1.034088	0.3931	0.6069	1.341174
46176	-1007.489	-1219.185	211.6966	2.021136	0.7767975	0.486905	0.513095	1.190188
46182	-1010.685	-1221.937	211.2522	2.115278	1.12267	0.429956	0.570044	1.180098
46188	-1018.789	-1230.699	211.9098	2.083293	0.764278	0.393092	0.606908	0.9445734
46194	-1025.837	-1237.88	212.043	2.098612	0.6528586	0.34526	0.65474	0.9396078
46200	-1019.858	-1231.561	211.7026	2.04107	0.7113833	0.550381	0.449619	1.237417
46206	-1017.332	-1228.999	211.667	2.048916	1.040341	0.566054	0.433946	0.9204659
46212	-1024.2	-1235.756	211.5563	2.347777	0.9664126	0.566054	0.433946	0.781257
46218	-1017.019	-1229.415	212.3962	2.161251	0.4801495	0.566054	0.433946	0.7510832
46224	-1013.701	-1225.854	212.1529	2.17719	0.559878	0.59134	0.40866	0.8794012
46230	-1009.343	-1221.725	212.3823	1.956501	0.4831452	0.544845	0.455155	1.001932
46236	-1026.451	-1238.842	212.3902	1.940002	0.4149032	0.400711	0.599289	1.125044
46242	-1019.949	-1231.78	211.8314	2.091651	0.4727876	0.526855	0.473145	1.37802
46248	-1018.809	-1230.574	211.7651	2.182901	0.5610393	0.517157	0.482843	1.242291
46254	-1013.673	-1225.994	212.3202	2.182901	0.2854609	0.517173	0.482827	1.213514
46260	-1023.79	-1233.375	209.5851	1.640111	0.3540728	0.545619	0.454381	3.271479
46266	-1019.903	-1231.012	211.1097	1.619908	0.3629936	0.298675	0.701325	2.343154
46272	-1015.35	-1227.193	211.8426	1.906928	0.6035122	0.542991	0.457009	1.352451
46278	-1017.035	-1228.827	211.7921	1.975663	0.5481291	0.476353	0.523647	1.403259
46284	-1021.594	-1232.904	211.3102	1.833733	0.4719811	0.321774	0.678226	1.939006
46290	-1021.068	-1231.762	210.6934	1.819346	0.547745	0.497606	0.502394	2.271993
46296	-1027.198	-1238.838	211.6404	2.037061	0.3577756	0.497606	0.502394	1.720054
46302	-1003.943	-1215.046	211.1027	1.778941	0.7438367	0.529377	0.470623	1.848582
46308	-1009.621	-1220.843	211.2225	1.926773	0.7438367	0.54648	0.45352	1.661385
46314	-1007.384	-1219.396	212.0126	2.046694	0.5607699	0.468567	0.531433	1.146905
46320	-1009.251	-1220.378	211.1272	1.738369	0.6371564	0.468567	0.531433	1.954717
46326	-1019.041	-1230.783	211.7424	2.042479	0.6552419	0.504585	0.495415	1.265029
46332	-1008.639	-1219.407	210.7682	1.922134	0.7546956	0.348574	0.651426	1.969096
46338	-1010.034	-1221.155	211.1216	1.814512	0.6596855	0.568924	0.431076	1.886101
46344	-1007.46	-1218.456	210.9963	1.686728	0.5503515	0.589716	0.410284	2.159442
46350	-1004.374	-1215.539	211.1647	1.846186	0.3651881	0.679956	0.320044	2.159442
46356	-1001.174	-1212.289	211.1152	1.644541	0.5013615	0.318188	0.681812	2.160451
46362	-1016.97	-1228.239	211.2688	2.045745	0.4499434	0.564391	0.435609	1.849313
46368	-999.0439	-1210.698	211.654	2.074773	0.404515	0.657562	0.342438	1.616965
46374	-1003.647	-1214.77	211.123	1.916374	0.7322028	0.429811	0.570189	1.749469
46380	-999.313	-1210.482	211.1691	1.752066	0.6549678	0.458229	0.541771	1.900632
46386	-1010.453	-1220.834	210.3812	1.665085	0.7751233	0.547042	0.452958	2.371714
46392	-1013.897	-1224.92	211.0227	1.665085	0.3614435	0.561912	0.438088	2.371714
46398	-1017.45	-1226.686	209.2362	1.411845	0.6380442	0.37657	0.62343	3.32908
46404	-1006.104	-1215.564	209.4597	1.478522	0.7137069	0.430393	0.569607	3.097457
46410	-1014.766	-1225.563	210.7977	1.465376	0.441332	0.419469	0.580531	2.541781
46416	-1018.158	-1229.05	210.8923	1.500467	0.5998576	0.562632	0.437368	2.298721
46422	-1013.012	-1224.634	211.6219	1.743039	0.5918829	0.33057	0.66943	1.653857
46428	-1020.167	-1230.493	210.3259	1.574997	0.7852174	0.555368	0.444632	2.455749
46434	-1030.571	-1239.416	208.8447	1.484017	0.5130659	0.65836	0.34164	3.625153
46440	-1023.62	-1233.739	210.1187	1.381095	0.4962085	0.452615	0.547385	2.950495
46446	-1026.264	-1237.292	211.0287	1.578753	0.5269091	0.560155	0.439845	2.232164
46452	-1008.868	-1219.28	210.4129	1.578753	0.6231199	0.385403	0.614597	2.530657
46458	-1013.654	-1223.304	209.6499	1.480697	0.4344319	0.297048	0.702952	3.234854
46464	-1018.063	-1228.861	210.7974	1.538529	0.611522	0.297048	0.702952	2.324209
46470	-1025.389	-1236.96	211.5705	1.706946	0.5578962	0.41286	0.58714	1.751806
46476	-1027.123	-1237.888	210.7646	1.854546	0.3656219	0.270631	0.729369	2.409724
46482	-1028.471	-1239.29	210.8184	1.82165	0.3891975	0.431829	0.568171	2.366592
46488	-1001.606	-1212.912	211.3059	1.782767	0.4320565	0.719112	0.280888	2.023375
46494	-1007.717	-1219.478	211.7614	2.102777	0.4320565	0.719112	0.280888	1.478826
46500	-999.6481	-1211.381	211.7333	2.232644	0.4320565	0.4109	0.5891	1.400877
46506	-1014.17	-1225.973	211.8028	2.170885	0.4743855	0.343236	0.656764	1.33574
46512	-1023.777	-1235.255	211.4785	1.975992	0.6937819	0.374782	0.625218	1.484475
46518	-1012.542	-1223.994	211.4518	2.005888	0.5419434	0.371545	0.628455	1.641542
46524	-1004.142	-1215.339	211.1973	2.103261	0.3531751	0.635639	0.364361	1.984897
46530	-1018.308	-1229.933	211.6252	2.032198	0.7122128	0.571572	0.428428	1.307609
46536	-1017.388	-1228.869	211.481	2.053364	0.7122128	0.442463	0.557537	1.405106
46542	-1006.507	-1218.619	212.1121	2.061074	0.5123709	0.263357	0.736643	1.113171
46548	-1011.437	-1223.249	211.8125	2.043019	0.8446555	0.35294	0.64706	0.9890938
46554	-1006.832	-1218.442	211.6095	2.012397	0.7709902	0.556369	0.443631	1.276755
46560	-1016.934	-1228.772	211.8386	1.96214	0.8232251	0.497325	0.502675	1.066422
46566	-1007.858	-1219.717	211.8585	1.96214	0.5916627	0.545906	0.454094	1.309396
46572	-1001.741	-1213.206	211.465	1.974963	1.068393	0.521466	0.478534	1.16108
46578	-1014.55	-1225.94	211.3901	2.068001	1.045104	0.475111	0.524889	1.164743
46584	-1012.767	-1224.25	211.4832	2.068001	0.822463	0.376251	0.623749	1.284754
46590	-1026.12	-1238	211.8796	1.990687	0.4796825	0.355103	0.644897	1.409933
46596	-1026.72	-1238.667	211.9468	1.995467	0.4443145	0.541264	0.458736	1.402016
46602	-1024.421	-1236.201	211.78	1.80524	0.4443145	0.525078	0.474922	1.667153
46608	-1019.312	-1231.17	211.8585	1.99969	0.4819593	0.518543	0.481457	1.416336
46614	-1017.014	-1228.712	211.6983	2.254303	0.4809444	0.416984	0.583016	1.343614
46620	-1015.961	-1227.619	211.6576	2.043661	0.7739077	0.791231	0.208769	1.207378
46626	-1003.78	-1214.875	211.0953	2.043661	1.182982	0.404575	0.595425	1.325273
46632	-1026.716	-1237.944	211.2278	2.232901	0.6370464	0.465829	0.534171	1.537091
46638	-1012.722	-1224.305	211.5829	2.419138	0.7232199	0.248454	0.751546	0.9882128
46644	-996.8756	-1208.549	211.6731	2.263208	0.8179118	0.41111	0.58889	0.9370137
46650	-999.3711	-1211.104	211.7333	2.305196	0.8179118	0.507235	0.492765	0.8180302
46656	-1004.506	-1215.641	211.1355	2.305196	1.3067	0.507235	0.492765	0.9615491
46662	-1012.228	-1223.892	211.664	2.288095	0.8031537	0.395472	0.604528	0.9385463
46668	-1011.948	-1223.864	211.9162	2.143695	0.5848837	0.501852	0.498148	1.113869
46674	-1020.261	-1232.689	212.4286	2.291847	0.3103015	0.508433	0.491567	0.9570919
46680	-1010.98	-1222.851	211.8712	2.291847	0.7455666	0.516608	0.483392	0.766945
46686	-1017.218	-1229.245	212.0264	2.003425	0.7455666	0.375429	0.624571	0.9298637
46692	-1015.194	-1226.841	211.647	2.149507	0.7606865	0.291416	0.708584	1.138313
46698	-1014.761	-1226.494	211.7326	2.149507	0.6872679	0.544713	0.455287	1.145132
46704	-1009.893	-1221.111	211.2172	2.210144	1.220823	0.305289	0.694711	1.046576
46710	-1006.663	-1218.061	211.3984	2.28206	1.091132	0.577764	0.422236	0.9060936
46716	-1013.28	-1224.68	211.4001	2.176429	1.193655	0.300683	0.699317	0.9184523
46722	-1000.683	-1212.306	211.6233	2.169435	0.9774027	0.55996	0.44004	0.9046844
46728	-1015.411	-1226.981	211.5705	2.325485	0.8797498	0.46812	0.53188	0.9046844
46734	-1007.512	-1218.849	211.3372	2.301549	1.164827	0.423915	0.576085	0.8769905
46740	-1012.152	-1224.015	211.8637	2.342144	0.7547556	0.429094	0.570906	0.6788189
46746	-1015.135	-1226.859	211.7241	2.342144	0.8154756	0.623042	0.376958	0.7849275
46752	-1019.374	-1231.132	211.7581	2.342144	0.8330838	0.655656	0.344344	0.7016843
46758	-1026.675	-1238.443	211.7685	2.087003	0.6779591	0.655656	0.344344	1.179361
46764	-1013.714	-1225.684	211.97	1.962998	0.604219	0.405609	0.594391	1.200747
46770	-1020.412	-1232.268	211.8566	2.121671	0.7835675	0.452874	0.547126	0.9354727
46776	-1013.833	-1225.743	211.9106	2.067665	0.7835675	0.318195	0.681805	0.9354727
46782	-1017.356	-1228.723	211.3672	2.428333	1.113144	0.405531	0.594469	0.7309423
46788	-1032.758	-1243.772	211.0135	2.428333	1.593506	0.405531	0.594469	0.6778691
46794	-1022	-1233.683	211.6833	2.170861	1.034137	0.562661	0.437339	0.7558719
46800	-1025.224	-1237.199	211.9757	2.170861	0.7566489	0.68473	0.31527	0.7709536
46806	-1023.834	-1235.73	211.8952	2.170861	0.6906895	0.401192	0.598808	0.9656893
46812	-1022.872	-1235.029	212.1571	2.057932	0.6038543	0.424232	0.575768	0.9348458
46818	-1020.005	-1232.033	212.0278	1.988421	0.6038543	0.56352	0.43648	1.12823
46824	-1020.881	-1232.455	211.5743	2.040935	0.7416785	0.526354	0.473646	1.311576
46830	-1021.535	-1233.297	211.7618	2.243515	0.6771386	0.530931	0.469069	1.044069
46836	-1024.664	-1236.107	211.4437	2.253891	0.9866345	0.382684	0.617316	0.995254
46842	-1016.935	-1228.628	211.6928	2.047344	0.9452111	0.584473	0.415527	0.995254
46848	-1017.866	-1229.555	211.689	2.221407	0.841196	0.556817	0.443183	0.9360728
46854	-1023.298	-1234.712	211.4136	2.286391	1.043466	0.400646	0.599354	0.9344107
46860	-1011.766	-1223.468	211.702	2.302551	0.8484977	0.530526	0.469474	0.8166075
46866	-1027.122	-1238.757	211.635	2.285845	1.00342	0.569552	0.430448	0.6972932
46872	-1031.756	-1243.326	211.5697	2.328556	1.00342	0.425462	0.574538	0.7347652
46878	-1010.013	-1221.778	211.7649	2.349971	0.8211682	0.425462	0.574538	0.7001285
46884	-1013.001	-1224.606	211.6047	2.279297	0.8960801	0.455341	0.544659	0.8981223
46890	-1014.134	-1225.861	211.727	2.302926	0.910412	0.447476	0.552524	0.6734634
46896	-1029.704	-1241.482	211.7773	2.38662	0.826588	0.42843	0.57157	0.5673776
46902	-1017.391	-1228.693	211.3012	2.467587	1.226256	0.351106	0.648894	0.5673776
46908	-1020.483	-1231.76	211.2768	2.467587	1.237989	0.411381	0.588619	0.6142574
46914	-1016.039	-1227.525	211.4863	2.580712	0.921631	0.535834	0.464166	0.5046729
46920	-1015.463	-1226.999	211.5355	2.580712	0.8681616	0.56641	0.43359	0.5701328
46926	-1030.529	-1241.918	211.3893	2.580712	1.01567	0.481539	0.518461	0.5195292
46932	-1013.732	-1224.83	211.0987	2.580712	1.329753	0.344346	0.655654	0.5804181
46938	-1004.051	-1215.323	211.2724	2.465051	1.264	0.494262	0.505738	0.5644903
46944	-1013.144	-1224.29	211.1456	2.509873	1.3564	0.438167	0.561833	0.5897371
46950	-1019.057	-1230.048	210.9911	2.629165	1.411209	0.435471	0.564529	0.5602624
46956	-1017.242	-1228.449	211.2063	2.650721	1.135326	0.435471	0.564529	0.5134168
46962	-1003.444	-1214.415	210.9713	2.650721	1.416969	0.534732	0.465268	0.5171731
46968	-1004.498	-1215.78	211.2825	2.601946	1.10523	0.541959	0.458041	0.5171731
46974	-1005.597	-1216.742	211.1454	2.556839	1.308333	0.376609	0.623391	0.5579224
46980	-1009.584	-1220.324	210.7397	2.786277	1.547052	0.506025	0.493975	0.4916204
46986	-1016.674	-1227.462	210.7878	2.786277	1.481128	0.40455	0.59545	0.4916204
46992	-1015.826	-1226.538	210.7115	2.799586	1.567933	0.40455	0.59545	0.4916204
46998	-1018.306	-1228.798	210.4914	2.931611	1.642559	0.441423	0.558577	0.3771297
47004	-1035.178	-1245.96	210.7825	2.88191	1.336151	0.402108	0.597892	0.4032203
47010	-1010.085	-1220.889	210.8042	2.873811	1.289927	0.536615	0.463385	0.3638405
47016	-1009.426	-1220.192	210.7655	2.873811	1.375977	0.536615	0.463385	0.4179732
47022	-1000.216	-1210.868	210.652	2.955654	1.375977	0.338495	0.661505	0.3623151
47028	-1008.698	-1219.476	210.7779	2.944998	1.192749	0.349106	0.650894	0.3227368
47034	-1010.213	-1220.731	210.518	2.961634	1.517636	0.375837	0.624163	0.3377843
47040	-1017.97	-1228.514	210.544	2.937758	1.555945	0.383987	0.616013	0.3744473
47046	-1009.062	-1219.558	210.4959	2.985792	1.555945	0.446937	0.553063	0.3744473
47052	-1015.492	-1225.87	210.3781	2.901342	1.912439	0.453826	0.546174	0.4477009
47058	-1015.558	-1226.073	210.5158	2.879356	1.737494	0.400907	0.599093	0.483073
47064	-1005.417	-1216.242	210.8246	2.724155	1.514921	0.283758	0.716242	0.483073
47070	-1014.313	-1225.172	210.8588	2.724155	1.451368	0.458863	0.541137	0.4223447
47076	-1010.51	-1221.484	210.9736	2.716417	1.331093	0.456804	0.543196	0.5067101
47082	-1007.511	-1218.075	210.5641	2.837027	1.72918	0.586681	0.413319	0.5058229
47088	-1007.641	-1218.219	210.5782	2.81535	1.72918	0.501534	0.498466	0.4409363
47094	-1025.476	-1236.516	211.0406	2.772271	1.184107	0.406724	0.593276	0.5213049
47100	-1019.858	-1230.397	210.5386	2.861456	1.715589	0.365447	0.634553	0.4322548
47106	-1030.118	-1240.256	210.1371	2.668573	2.804185	0.409487	0.590513	0.5966347
47112	-1017.167	-1227.687	210.5199	2.68971	1.956511	0.333992	0.666008	0.6737257
47118	-1035.537	-1246.453	210.9157	2.688431	1.431332	0.311795	0.688205	0.4412617
47124	-1039.773	-1250.667	210.8944	1.81731	0.5676182	0.417409	0.582591	2.123494
47130	-1032.719	-1243.985	211.2657	1.931592	0.4581935	0.51737	0.48263	1.919192
47136	-1030.14	-1241.068	210.9281	1.604279	0.3366438	0.509937	0.490063	2.50246
47142	-1024.437	-1235.143	210.7058	1.613182	0.4509767	0.603219	0.396781	2.496164
47148	-1015.793	-1226.339	210.5462	1.613182	0.5472076	0.327855	0.672145	2.496164
47154	-1025.19	-1236.158	210.9679	1.799352	0.487459	0.690208	0.309792	2.170589
47160	-1017.732	-1228.743	211.0112	1.82465	0.3999998	0.402803	0.597197	2.228001
47166	-1027.831	-1239.403	211.572	1.871326	0.2852746	0.402803	0.597197	1.991258
47172	-1012.41	-1223.861	211.4515	2.017794	0.5140965	0.559933	0.440067	1.664973
47178	-1011.62	-1223.592	211.9716	2.063581	0.3800778	0.491909	0.508091	1.424142
47184	-1006.073	-1217.949	211.8756	2.001756	0.4648686	0.355483	0.644517	1.424142
47190	-1012.006	-1223.906	211.9005	2.066562	0.2940706	0.380059	0.619941	1.61382
47196	-1026.238	-1238.347	212.1089	1.868953	0.3553894	0.590783	0.409217	1.505878
47202	-1029.806	-1241.491	211.6851	1.912207	0.4718116	0.414053	0.585947	1.623787
47208	-1032.678	-1244.48	211.8027	1.889217	0.3469743	0.331244	0.668756	1.725877
47214	-1047.59	-1259.506	211.9156	2.039695	0.4211137	0.436882	0.563118	1.424733
47220	-1032.593	-1244.318	211.725	2.224216	0.5744487	0.409555	0.590445	1.224225
47226	-1022.225	-1234.111	211.8858	1.98429	0.2896357	0.424107	0.575893	1.690922
47232	-1014.657	-1226.189	211.5325	2.016532	0.4523462	0.500016	0.499984	1.682768
47238	-1015.114	-1226.873	211.7589	2.173449	0.3804752	0.458636	0.541364	1.501634
47244	-1015.194	-1226.636	211.4418	1.925547	0.3782958	0.335419	0.664581	1.905377
47250	-1024.78	-1235.919	211.1396	1.900868	0.3959851	0.518818	0.481182	2.099991
47256	-1023.88	-1235.131	211.2517	1.931213	0.3702588	0.578483	0.421517	2.039759
47262	-1017.754	-1229.458	211.7038	2.199537	0.8701277	0.519292	0.480708	0.908293
47268	-1014.619	-1226.542	211.9237	1.942802	0.5300236	0.551767	0.448233	1.347982
47274	-1015.212	-1226.891	211.679	1.942802	0.5300236	0.407489	0.592511	1.535484
47280	-1010.257	-1221.748	211.4904	1.98024	0.758987	0.452874	0.547126	1.408967
47286	-1022.232	-1233.438	211.2051	1.98024	0.9999209	0.452874	0.547126	1.423732
47292	-1029.166	-1241.014	211.8478	2.043784	0.6814077	0.305643	0.694357	1.143684
47298	-1024.491	-1236.198	211.7069	1.943018	0.470209	0.368979	0.631021	1.587534
47304	-1025.727	-1237.53	211.8037	1.706083	0.5651578	0.666426	0.333574	1.577797
47310	-1020.744	-1231.831	211.0873	1.807334	0.9619258	0.521856	0.478144	1.667354
47316	-1011.881	-1222.957	211.0759	1.921011	1.359371	0.524045	0.475955	1.32111
47322	-1026.907	-1238.39	211.4834	1.984471	0.8981202	0.559472	0.440528	1.283616
47328	-1028.698	-1240.128	211.4307	1.984471	0.9477937	0.416315	0.583685	1.283616
47334	-1040.855	-1251.468	210.6128	1.78222	0.7835501	0.458342	0.541658	2.14112
47340	-1036.883	-1247.556	210.6732	1.677457	0.5614402	0.460456	0.539544	2.361942
47346	-1026.809	-1238.319	211.5098	1.484367	0.3970502	0.562712	0.437288	2.128984
47352	-1035.834	-1245.923	210.0894	1.420212	0.8628601	0.329202	0.670798	2.643339
47358	-1023.389	-1233.733	210.3437	1.524348	0.5829422	0.658625	0.341375	2.643339
47364	-1024.564	-1234.864	210.3003	1.440708	0.5829422	0.423799	0.576201	2.721414
47370	-1028.735	-1239.333	210.5981	1.438766	0.8581757	0.382739	0.617261	2.316282
47376	-1020.926	-1230.394	209.4674	1.535279	0.7436312	0.450787	0.549213	3.036351
47382	-1017.031	-1227.573	210.5413	1.603364	0.7634096	0.582474	0.417526	2.318193
47388	-1029.947	-1241.578	211.6308	1.618322	0.6485073	0.489559	0.510441	1.679111
47394	-1040.719	-1249.684	208.9652	1.557727	0.7646872	0.408757	0.591243	3.305755
47400	-1040.08	-1248.682	208.6021	1.277687	0.5951365	0.399003	0.600997	3.811462
47406	-1032.295	-1241.619	209.3239	1.277687	0.5951365	0.478806	0.521194	3.392345
47412	-1016.965	-1227.626	210.6613	1.473754	0.6167601	0.546524	0.453476	2.446587
47418	-1019.626	-1229.712	210.0855	1.842906	0.7744644	0.520921	0.479079	2.446587
47424	-1024.777	-1236.821	212.0439	2.091886	0.4060103	0.634238	0.365762	1.304749
47430	-1022.171	-1233.626	211.455	2.084583	1.120828	0.488159	0.511841	1.02392
47436	-1025.133	-1236.433	211.3001	2.408398	1.097249	0.550759	0.449241	0.8673708
47442	-1019.616	-1230.924	211.3087	2.396683	0.9539964	0.573241	0.426759	1.020637
47448	-1021.36	-1233.093	211.7335	2.199731	0.8700644	0.530542	0.469458	0.8744085
47454	-1022.286	-1233.858	211.5715	2.199731	1.025405	0.507223	0.492777	0.8744085
47460	-1025.442	-1237.1	211.6584	2.188126	0.7820196	0.413197	0.586803	1.068996
47466	-1015.269	-1226.722	211.4538	1.912044	1.118209	0.561426	0.438574	1.185054
47472	-1037.278	-1248.962	211.6834	1.976341	0.7622875	0.42717	0.57283	1.254238
47478	-1018.632	-1230.691	212.0589	1.927952	0.5157548	0.411147	0.588853	1.269133
47484	-1010.095	-1221.674	211.5784	1.91603	0.614171	0.542259	0.457741	1.535959
47490	-1009.387	-1220.684	211.2977	2.024895	1.083692	0.597325	0.402675	1.249013
47496	-1015.54	-1226.591	211.0504	2.053442	1.335662	0.429971	0.570029	1.249013
47502	-1002.489	-1214.363	211.8745	1.9542	0.6411242	0.485394	0.514606	1.244759
47508	-1016.375	-1227.531	211.1565	1.9542	0.8101432	0.593689	0.406311	1.631673
47514	-1009.123	-1220.715	211.5917	1.98112	0.6774664	0.669324	0.330676	1.410532
47520	-1014.832	-1226.411	211.5798	2.009917	1.005359	0.625716	0.374284	1.081266
47526	-1014.271	-1225.572	211.3004	1.715489	0.6900968	0.356767	0.643233	1.803485
47532	-1027.299	-1238.796	211.4969	1.640123	0.5431635	0.573901	0.426099	1.864625
47538	-1021.587	-1233.388	211.801	1.681179	0.6297466	0.522084	0.477916	1.528703
47544	-1011.943	-1223.313	211.37	1.900089	0.7942883	0.54063	0.45937	1.528703
47550	-1019.729	-1231.545	211.8158	2.042836	0.4122117	0.54063	0.45937	1.510705
47556	-1025.347	-1237.289	211.9427	2.155306	0.2980276	0.625113	0.374887	1.510705
47562	-1010.201	-1221.986	211.7852	2.019819	0.7072862	0.591518	0.408482	1.189728
47568	-1015.34	-1226.379	211.0392	2.024213	0.8345197	0.426827	0.573173	1.645408
47574	-1013.879	-1225.239	211.3599	1.953444	0.956756	0.352654	0.647346	1.35804
47580	-1015.617	-1227.082	211.4649	1.861855	0.7321583	0.404455	0.595545	1.543026
47586	-1020.784	-1232.414	211.6307	2.08034	0.7815635	0.396886	0.603114	1.191029
47592	-1009.717	-1221.356	211.6391	1.930407	0.734091	0.480623	0.519377	1.355747
47598	-1001.155	-1212.719	211.5639	2.138813	0.9066533	0.421103	0.578897	1.07107
47604	-1002.04	-1213.609	211.5692	2.136536	0.7425485	0.421103	0.578897	1.236161
47610	-1008.44	-1219.452	211.0121	1.823832	0.8980165	0.577008	0.422992	1.756493
47616	-1012.028	-1223.498	211.4699	2.171224	0.7083802	0.439995	0.560005	1.324691
47622	-1016.209	-1227.942	211.7335	2.203046	0.5267444	0.32503	0.67497	1.295879
47628	-1031.307	-1243.485	212.1785	2.080843	0.4361378	0.34056	0.65944	1.153147
47634	-1030.441	-1242.369	211.928	2.184047	0.5225184	0.353308	0.646692	1.153147
47640	-1034.491	-1245.969	211.478	2.296104	0.7999485	0.43979	0.56021	1.116098
47646	-1044.609	-1255.633	211.0238	2.080686	0.7424971	0.508513	0.491487	1.694468
47652	-1020.621	-1232.269	211.6486	1.99018	0.5039803	0.508513	0.491487	1.554031
47658	-1016.325	-1227.165	210.8408	1.99018	0.6436765	0.552623	0.447377	1.971872
47664	-1018.648	-1229.798	211.15	2.180719	0.6421527	0.569529	0.430471	1.626905
47670	-1026.9	-1238.505	211.605	2.076506	0.5514486	0.422047	0.577953	1.465545
47676	-1022.731	-1234.289	211.5584	1.883709	0.4622728	0.384241	0.615759	1.745889
47682	-1024.549	-1235.509	210.9592	2.028999	0.6141175	0.360983	0.639017	1.89384
47688	-1007.671	-1219.467	211.7962	2.099436	0.4130944	0.322078	0.677922	1.481718
47694	-1002.853	-1214.42	211.5671	1.889	0.5359035	0.525933	0.474067	1.64947
47700	-1006.476	-1217.832	211.3554	1.739319	0.6002218	0.551769	0.448231	1.834772
47706	-996.3125	-1208.204	211.8915	1.899911	0.3358497	0.34445	0.65555	1.67221
47712	-1017.632	-1229.947	212.3144	1.809849	0.2756068	0.423833	0.576167	1.531188
47718	-1016.83	-1228.771	211.9411	1.954908	0.6031056	0.564443	0.435557	1.233459
47724	-1024.114	-1236.258	212.1433	2.096405	0.2671882	0.408061	0.591939	1.460164
47730	-1017.151	-1228.77	211.619	1.867702	0.3010777	0.544069	0.455931	1.93712
47736	-1017.299	-1228.916	211.6168	1.867702	0.3833567	0.499523	0.500477	1.818403
47742	-1003.84	-1215.933	212.0931	1.869351	0.4920188	0.449932	0.550068	1.320808
47748	-1016.129	-1227.196	211.0668	1.962204	1.155668	0.371683	0.628317	1.430615
47754	-1013.777	-1225.368	211.5917	1.960968	0.4935179	0.572967	0.427033	1.629436
47760	-1010.65	-1222.592	211.9427	1.889701	0.3683509	0.669768	0.330232	1.593539
47766	-1028.282	-1239.764	211.4821	1.917704	0.2801277	0.352455	0.647545	2.028505
47772	-1023.319	-1234.917	211.5985	2.199992	0.5853392	0.550314	0.449686	1.334685
47778	-1031.037	-1242.612	211.5747	2.269279	0.7917581	0.634217	0.365783	1.060403
47784	-1022.851	-1234.746	211.8954	2.336373	0.502602	0.517075	0.482925	1.073826
47790	-1020.571	-1232.631	212.0603	2.25556	0.3913168	0.590711	0.409289	1.177683
47796	-1037.841	-1249.536	211.6957	2.246869	0.5420747	0.531576	0.468424	1.271144
47802	-1014.18	-1225.638	211.4579	2.135995	0.9378398	0.531576	0.468424	1.140193
47808	-1013.275	-1224.984	211.7082	2.191601	0.4293863	0.464677	0.535323	1.45554
47814	-1010.593	-1222.101	211.5084	2.203699	0.7579908	0.47242	0.52758	1.214629
47820	-1017.444	-1229.283	211.8382	2.024349	0.5381974	0.369659	0.630341	1.34086
47826	-1020.858	-1232.217	211.359	1.834003	0.5381974	0.369659	0.630341	1.831578
47832	-1024.658	-1236.056	211.3978	1.834003	0.5399335	0.401399	0.598601	1.802966
47838	-1034.674	-1245.543	210.8691	1.91627	0.6364405	0.458103	0.541897	2.009039
47844	-1030.286	-1242.126	211.8401	1.833682	0.5473492	0.458103	0.541897	1.476186
47850	-1044.747	-1255.426	210.6793	1.852038	0.8630951	0.362002	0.637998	1.990516
47856	-1018.864	-1230.771	211.9064	1.990135	0.4674546	0.423592	0.576408	1.405884
47862	-1024.374	-1236.311	211.9373	2.112588	0.4169154	0.396363	0.603637	1.357051
47868	-1026.764	-1237.007	210.2425	1.853938	0.6334778	0.554636	0.445364	2.456006
47874	-1019.86	-1231.058	211.1987	1.996226	0.5163588	0.484879	0.515121	1.854142
47880	-1021.129	-1232.703	211.5747	2.033218	0.5163588	0.455181	0.544819	1.561902
47886	-1018.856	-1230.391	211.5351	1.953746	0.3340825	0.327585	0.672415	1.88545
47892	-1018.409	-1229.983	211.5741	2.108268	0.4886155	0.482017	0.517983	1.540694
47898	-1008.137	-1219.684	211.5464	1.975172	0.3381494	0.482017	0.517983	1.857126
47904	-1014.664	-1225.528	210.8641	2.05847	0.6652564	0.535083	0.464917	1.890205
47910	-1008.689	-1219.622	210.933	1.788333	0.5099541	0.32556	0.67444	2.176214
47916	-1001.681	-1213	211.3182	1.721206	0.3841931	0.513817	0.486183	2.115849
47922	-1021.695	-1232.527	210.8325	1.863236	0.6313199	0.402099	0.597901	2.073132
47928	-1019.418	-1229.974	210.5554	1.823968	0.3829264	0.560303	0.439697	2.538088
47934	-1032.126	-1243.443	211.3173	1.718887	0.3066218	0.533955	0.466045	2.22529
47940	-1019.577	-1231.253	211.676	1.54948	0.3626166	0.549959	0.450041	2.02188
47946	-1025.448	-1235.83	210.3818	1.749593	0.4646357	0.566013	0.433987	2.597909
47952	-1033.323	-1245.018	211.6953	1.950463	0.5494785	0.535518	0.464482	1.494861
47958	-1039.295	-1251.169	211.8738	1.909058	0.4683876	0.600136	0.399864	1.491424
47964	-1040.864	-1251.906	211.0422	1.676139	0.6088699	0.448529	0.551471	2.079261
47970	-1050.4	-1261.524	211.1239	1.749967	0.7674918	0.530042	0.469958	1.833987
47976	-1047.251	-1258.129	210.8772	1.655104	0.9978654	0.583088	0.416912	1.893975
47982	-1041.562	-1252.789	211.2266	1.805275	0.6236661	0.558986	0.441014	1.85482
47988	-1015.123	-1226.775	211.6526	1.516899	0.6236661	0.286932	0.713068	1.759664
47994	-1022.713	-1233.045	210.332	1.539994	0.6641301	0.446391	0.553609	2.569808
48000	-1006.077	-1217.2	211.1231	1.698476	0.9591436	0.633908	0.366092	1.721199
48006	-1013.704	-1224.577	210.8728	1.824555	1.107257	0.308065	0.691935	1.706779
48012	-1003.881	-1215.34	211.4584	1.631592	0.6296855	0.480056	0.519944	1.80899
48018	-1010.139	-1221.486	211.3474	1.83662	1.161794	0.721449	0.278551	1.304046
48024	-1022.624	-1233.888	211.2642	1.949332	1.12915	0.590588	0.409412	1.304046
48030	-1028.099	-1239.619	211.5193	1.94491	1.038916	0.447505	0.552495	1.164614
48036	-1007.137	-1218.385	211.2474	2.006696	1.27287	0.413112	0.586888	1.164614
48042	-1000.759	-1212.801	212.0427	2.161817	0.6512609	0.540509	0.459491	0.8718046
48048	-1017.934	-1229.722	211.7882	2.182809	0.8779024	0.568141	0.431859	0.8175597
48054	-1016.644	-1228.173	211.5287	2.331122	0.983193	0.354217	0.645783	0.8175597
48060	-1011.79	-1222.899	211.1093	2.305736	1.28819	0.43919	0.56081	1.003161
48066	-1010.797	-1221.958	211.1609	2.371548	1.390553	0.554574	0.445426	0.7733308
48072	-1015.404	-1225.996	210.5921	2.442387	2.012207	0.516958	0.483042	0.8762922
48078	-1031.283	-1242.025	210.7424	2.440162	1.770758	0.418026	0.581974	0.8762922
48084	-1030.204	-1241.603	211.3992	2.440162	0.9878612	0.539025	0.460975	0.8374439
48090	-1022.75	-1234.363	211.6129	2.321863	0.9798651	0.511081	0.488919	0.7140935
48096	-1016.107	-1227.946	211.8392	2.292009	0.8001912	0.412453	0.587547	0.7140935
48102	-1010.909	-1222.703	211.794	2.337245	0.8001912	0.444635	0.555365	0.7140935
48108	-1017.815	-1229.425	211.6096	2.524938	0.7984014	0.44278	0.55722	0.7120011
48114	-1019.784	-1230.969	211.1853	2.276319	1.238146	0.310615	0.689385	0.9985047
48120	-1020.649	-1232.417	211.7678	2.276319	0.9012202	0.413564	0.586436	0.6650296
48126	-1013.428	-1224.781	211.3524	2.43051	1.143988	0.467729	0.532271	0.7054036
48132	-1031.763	-1243.966	212.203	2.230872	0.5517918	0.678552	0.321448	0.7622015
48138	-1039.982	-1252.308	212.3259	2.127396	0.539331	0.437213	0.562787	0.7622015
48144	-1019.724	-1231.298	211.5741	2.180539	1.059842	0.449242	0.550758	0.8545783
48150	-1010.316	-1222.02	211.7034	2.18542	0.877585	0.463488	0.536512	0.9153034
48156	-1020.272	-1231.318	211.0462	2.341472	1.553985	0.463488	0.536512	0.8047283
48162	-1011.419	-1222.441	211.0219	2.377491	1.553985	0.53547	0.46453	0.7889141
48168	-1016.889	-1227.922	211.0329	2.389692	1.530927	0.407919	0.592081	0.7797507
48174	-1014.656	-1226.218	211.5616	2.31083	0.9735676	0.43931	0.56069	0.8138419
48180	-1017.381	-1228.742	211.3609	2.323715	1.170188	0.387302	0.612698	0.81508
48186	-1003.176	-1215.042	211.8657	2.323715	0.7298098	0.438271	0.561729	0.757253
48192	-994.5963	-1206.551	211.9545	2.127196	0.7102788	0.364391	0.635609	0.9220285
48198	-1003.023	-1213.941	210.9187	2.24815	1.732583	0.400973	0.599027	0.9220285
48204	-1004.462	-1215.651	211.1894	2.279082	1.318113	0.428702	0.571298	0.9220285
48210	-1015.133	-1226.151	211.018	2.229598	1.566368	0.413187	0.586813	0.956935
48216	-1015.07	-1225.961	210.8905	2.229598	1.566368	0.716441	0.283559	1.082205
48222	-1014.395	-1225.393	210.9979	2.137885	1.437836	0.339176	0.660824	1.153335
48228	-1021.095	-1231.97	210.8749	2.096391	1.609258	0.35731	0.64269	1.188325
48234	-1021.419	-1232.412	210.9932	2.023255	1.449353	0.395006	0.604994	1.248209
48240	-1028.767	-1240.473	211.7052	2.177509	0.9383404	0.311673	0.688327	0.8467722
48246	-1016.49	-1228.244	211.7541	2.122246	0.9444139	0.499064	0.500936	0.8467722
48252	-1013.624	-1225.573	211.9491	2.122246	0.7700101	0.523803	0.476197	0.8480213
48258	-1026.787	-1238.589	211.8016	2.084114	0.7700101	0.527038	0.472962	1.045498
48264	-1026.159	-1238.035	211.876	2.117038	0.7700101	0.527038	0.472962	0.9371086
48270	-1024.647	-1235.986	211.3391	2.197335	1.262052	0.443515	0.556485	0.8978604
48276	-1018.716	-1229.79	211.0747	1.926475	1.163664	0.333083	0.666917	1.446489
48282	-1038.007	-1249.475	211.4678	1.926475	0.7367653	0.267267	0.732733	1.488287
48288	-1029.461	-1240.468	211.0072	1.914245	1.191557	0.479546	0.520454	1.488287
48294	-1033.154	-1244.804	211.6507	1.847943	0.6569033	0.524842	0.475158	1.488287
48300	-1037.918	-1249.484	211.5662	1.917388	0.6974429	0.414586	0.585414	1.458787
48306	-1040.105	-1252.065	211.9601	2.291586	0.5935698	0.414586	0.585414	0.9111878
48312	-1031.252	-1242.76	211.5074	2.215164	0.9998271	0.410663	0.589337	0.9560314
48318	-1020.714	-1232.22	211.5061	2.133703	0.9198833	0.437279	0.562721	1.11606
48324	-1015.488	-1226.793	211.3058	1.808327	0.9198833	0.437279	0.562721	1.539842
48330	-1013.514	-1224.799	211.2848	1.808327	0.9748825	0.431857	0.568143	1.512815
48336	-1026.104	-1237.071	210.9672	1.773784	1.271179	0.499577	0.500423	1.57174
48342	-1013.341	-1224.922	211.581	2.076607	0.7899767	0.458858	0.541142	1.228012
48348	-1009.64	-1221.144	211.504	2.313955	1.029147	0.417237	0.582763	0.8124785
48354	-1015.373	-1226.82	211.4476	2.313955	1.029147	0.429307	0.570693	0.8813878
48360	-1013.825	-1225.456	211.6313	2.313955	0.8842911	0.552758	0.447242	0.8411336
48366	-1016.169	-1228.011	211.842	2.121932	0.8105499	0.641533	0.358467	0.9163775
48372	-1011.963	-1223.139	211.1757	2.121932	1.225584	0.582152	0.417848	1.161446
48378	-1019.545	-1230.817	211.272	2.332496	1.159952	0.701894	0.298106	0.9204478
48384	-1015.864	-1227.26	211.3962	2.272506	1.185879	0.527701	0.472299	0.8176939
48390	-1023.325	-1234.777	211.452	2.462026	1.053304	0.408275	0.591725	0.60674
48396	-1016.171	-1227.441	211.2698	2.537632	1.168641	0.271525	0.728475	0.60674
48402	-1014.558	-1225.917	211.3591	2.537632	1.082548	0.319536	0.680464	0.5719078
48408	-1002.241	-1213.584	211.343	2.47425	1.153667	0.418332	0.581668	0.6166242
48414	-1014.394	-1225.746	211.3515	2.47425	1.111987	0.545701	0.454299	0.680849
48420	-1008.702	-1220.35	211.6484	2.413471	0.8875294	0.476004	0.523996	0.6592468
48426	-1006.424	-1218.248	211.8245	2.288307	0.8231115	0.415473	0.584527	0.6998528
48432	-1022.638	-1233.91	211.2722	2.374816	1.24127	0.349428	0.650572	0.7827078
48438	-1011.771	-1223.033	211.2617	2.335082	1.24127	0.509152	0.490848	0.8477277
48444	-1017.164	-1228.489	211.3253	2.271515	1.24127	0.509152	0.490848	0.8477277
48450	-1010.438	-1222.167	211.7287	2.160952	0.9559856	0.568413	0.431587	0.8150221
48456	-1005.503	-1216.972	211.4682	2.088046	0.9559856	0.472805	0.527195	1.156772
48462	-1005.072	-1216.772	211.7	1.899132	0.8515717	0.633236	0.366764	1.217127
48468	-1012.772	-1223.964	211.192	2.065773	1.419017	0.40955	0.59045	1.054927
48474	-1011.123	-1222.19	211.0668	2.230355	1.489661	0.40955	0.59045	0.9631961
48480	-1002.939	-1213.788	210.8494	2.293415	1.468131	0.629961	0.370039	1.126827
48486	-1023.033	-1234.849	211.816	1.964142	0.6914934	0.300353	0.699647	1.228492
48492	-1026.337	-1237.209	210.8724	2.226616	1.372525	0.451197	0.548803	1.228492
48498	-1027.495	-1238.576	211.0814	2.077899	1.297511	0.4451	0.5549	1.228492
48504	-1034.517	-1246.232	211.7144	2.077899	0.8732411	0.439718	0.560282	1.020221
48510	-1028.102	-1239.87	211.768	2.02425	0.8732411	0.405654	0.594346	1.020221
48516	-1039.55	-1251.501	211.9506	2.103291	0.594907	0.467226	0.532774	1.105939
48522	-1035.677	-1247.088	211.4107	2.162219	1.044669	0.330965	0.669035	1.060828
48528	-1007.886	-1219.254	211.368	2.034732	1.118124	0.674413	0.325587	1.152877
48534	-1009.554	-1221.396	211.8421	2.034732	0.7400616	0.358467	0.641533	1.08859
48540	-1018.316	-1230.038	211.7217	2.034732	0.8428669	0.424135	0.575865	1.086781
48546	-1005.597	-1217.328	211.7311	2.034732	0.8712676	0.395847	0.604153	1.047944
48552	-1004.116	-1216.154	212.0386	1.804396	0.7011868	0.405951	0.594049	1.163572
48558	-1007.624	-1219.313	211.6894	2.065799	0.8777273	0.405951	0.594049	1.051279
48564	-1020.308	-1231.978	211.6706	1.830439	0.9069171	0.309106	0.690894	1.2484
48570	-1013.539	-1225.016	211.4773	1.96071	0.9069171	0.460754	0.539246	1.300243
48576	-1006.15	-1217.397	211.2466	1.96071	1.261972	0.382188	0.617812	1.212835
48582	-1010.283	-1221.525	211.2423	1.89393	1.32336	0.52785	0.47215	1.230185
48588	-1008.962	-1220.755	211.7932	1.906375	0.6356807	0.536653	0.463347	1.355867
48594	-998.7006	-1210.037	211.3361	2.04594	0.9887987	0.499209	0.500791	1.276305
48600	-1016.09	-1227.9	211.8104	1.883278	0.7461792	0.424123	0.575877	1.242514
48606	-1023.741	-1235.294	211.5522	1.907392	0.9528314	0.552153	0.447847	1.242514
48612	-1017.608	-1228.706	211.0972	1.848996	0.9103085	0.51265	0.48735	1.669221
48618	-1001.047	-1212.454	211.407	1.917103	0.8855612	0.49172	0.50828	1.408914
48624	-1016.215	-1227.833	211.618	1.858625	0.7069263	0.701622	0.298378	1.454683
48630	-1017.321	-1228.942	211.6204	1.856242	0.7069263	0.488861	0.511139	1.454683
48636	-1025.278	-1236.758	211.4806	1.989711	0.8104048	0.55475	0.44525	1.361003
48642	-1022.682	-1234.418	211.7361	2.028762	0.7425713	0.37991	0.62009	1.18576
48648	-1025.711	-1237.337	211.6261	1.824572	0.8849726	0.423716	0.576284	1.309277
48654	-1030.466	-1241.679	211.2131	1.818996	0.7720407	0.379507	0.620493	1.720002
48660	-1028.721	-1240.147	211.4253	1.672411	0.6237507	0.668491	0.331509	1.809469
48666	-1033.095	-1244.289	211.1942	1.685924	0.6706301	0.414318	0.585682	1.914084
48672	-1045.796	-1257.555	211.7591	1.736448	0.6706301	0.414318	0.585682	1.476647
48678	-1035.098	-1246.532	211.4338	2.093416	0.8497161	0.497724	0.502276	1.278849
48684	-1043.31	-1255.27	211.9602	1.993089	0.7223835	0.366837	0.633163	1.037498
48690	-1037.944	-1249.52	211.5759	2.112829	0.6536968	0.521831	0.478169	1.344718
48696	-1039.546	-1249.716	210.1707	1.861679	0.2675915	0.429534	0.570466	2.907738
48702	-1029.513	-1239.362	209.8489	1.704777	0.5940367	0.455109	0.544891	2.825715
48708	-1041.298	-1249.666	208.3686	1.45793	0.3726142	0.405637	0.594363	4.059702
48714	-1027.587	-1237.288	209.7008	1.5698	0.9044027	0.567883	0.432117	2.762002
48720	-1027.339	-1237.077	209.738	1.397515	0.4131585	0.357352	0.642648	3.255232
48726	-1015.142	-1225.88	210.7385	1.431439	0.4985017	0.357352	0.642648	2.5383
48732	-1018.106	-1227.867	209.7612	1.340104	0.5191235	0.41758	0.58242	3.166319
48738	-1017.72	-1227.863	210.1429	1.371772	0.5191235	0.406048	0.593952	2.918916
48744	-1032.595	-1242.964	210.3685	1.626827	0.8205816	0.502884	0.497116	2.369898
48750	-1020.645	-1231.621	210.976	1.74511	0.8946876	0.42962	0.57038	1.838499
48756	-1016.683	-1227.614	210.9313	1.638802	0.5892939	0.425995	0.574005	2.194604
48762	-1022.567	-1232.833	210.2662	1.638802	1.097836	0.284083	0.715917	2.244152
48768	-1009.796	-1221.504	211.7077	1.903313	0.5180645	0.497015	0.502985	1.557608
48774	-993.8006	-1205.169	211.3689	1.707906	0.4775036	0.410641	0.589359	1.97776
48780	-1000.682	-1211.467	210.7845	1.536916	0.4113726	0.470471	0.529529	2.53988
48786	-1009.906	-1220.683	210.777	1.657588	0.4113726	0.513357	0.486643	2.469221
48792	-1011.616	-1222.712	211.0957	1.702452	0.7357395	0.473961	0.526039	1.912343
48798	-1037.775	-1249.566	211.7909	1.896422	0.4500132	0.589869	0.410131	1.586121
48804	-1024.194	-1235.18	210.9857	1.851584	0.5883657	0.548695	0.451305	2.020322
48810	-1018.946	-1229.562	210.6157	1.68537	0.563291	0.377722	0.622278	2.391537
48816	-1021.708	-1232.795	211.087	1.736507	0.4978299	0.523123	0.476877	2.122661
48822	-1013.029	-1224.72	211.6911	1.81578	0.6900745	0.52627	0.47373	1.448402
48828	-1017.163	-1229.007	211.8441	1.912243	0.6889071	0.380556	0.619444	1.251281
48834	-1021.377	-1233.117	211.7408	1.922642	0.7473313	0.403077	0.596923	1.266462
48840	-1016.474	-1227.929	211.4546	1.84833	1.08227	0.45437	0.54563	1.266462
48846	-1024.741	-1236.348	211.6074	1.919081	0.7730966	0.45437	0.54563	1.351698
48852	-1012.647	-1224.549	211.9019	1.961456	0.4819088	0.35393	0.64607	1.412375
48858	-1015.021	-1226.544	211.5223	1.784026	0.6442968	0.354648	0.645352	1.642369
48864	-1026.523	-1237.97	211.4464	1.783986	0.5604374	0.52962	0.47038	1.781931
48870	-1017.283	-1228.58	211.2963	2.033138	1.303745	0.475048	0.524952	1.073371
48876	-1042.042	-1253.422	211.3806	2.078031	1.153024	0.366977	0.633023	1.073371
48882	-1030.529	-1242.422	211.8925	2.043875	0.8158362	0.366977	0.633023	0.939563
48888	-1024.984	-1237.347	212.363	2.043875	0.4786768	0.427553	0.572447	0.939563
48894	-1022.59	-1234.618	212.0277	2.029291	0.7593967	0.427553	0.572447	0.8804341
48900	-1015.87	-1227.817	211.9475	2.075162	0.7593967	0.463437	0.536563	0.919047
48906	-1014.467	-1226.618	212.1502	2.061686	0.6161785	0.549199	0.450801	0.919047
48912	-1021.731	-1233.716	211.9844	2.061686	0.6161785	0.384412	0.615588	1.084835
48918	-1015.179	-1227.008	211.8294	2.112292	0.8492074	0.482559	0.517441	0.8915603
48924	-1025.93	-1237.788	211.8576	2.002396	0.8448696	0.516878	0.483122	0.9843241
48930	-1030.73	-1242.905	212.1745	1.942595	0.6266208	0.49504	0.50496	1.002428
48936	-1017.226	-1228.929	211.703	1.981549	0.6266208	0.584644	0.415356	1.377682
48942	-1023.897	-1235.63	211.733	1.988378	0.8822746	0.57717	0.42283	1.078434
48948	-1003.83	-1214.942	211.1113	1.90518	1.322878	0.536071	0.463929	1.328838
48954	-1001.583	-1212.756	211.1725	1.90518	1.248906	0.436302	0.563698	1.328838
48960	-996.8747	-1208.27	211.3955	1.964185	1.240345	0.445711	0.554289	1.094412
48966	-1011.958	-1222.92	210.9613	2.349937	1.49792	0.507507	0.492493	0.941975
48972	-1019.151	-1230.354	211.2032	2.040513	1.09252	0.282626	0.717374	1.306993
48978	-1035.419	-1246.446	211.027	2.103439	1.240533	0.282626	0.717374	1.291917
48984	-1018.161	-1229.947	211.7864	1.783246	0.7203342	0.545594	0.454406	1.369388
48990	-1038.984	-1249.687	210.7028	1.596623	0.8332259	0.464986	0.535014	2.165503
48996	-1027.586	-1239.006	211.4202	1.693077	0.6916167	0.538961	0.461039	1.734205
49002	-1030.097	-1240.682	210.5848	1.679183	0.4192028	0.553769	0.446231	2.566461
49008	-1020.841	-1231.561	210.7203	1.619083	0.4220903	0.544237	0.455763	2.516146
49014	-1033.079	-1244.288	211.2081	1.539242	0.7327552	0.579323	0.420677	1.949182
49020	-1018.511	-1228.51	209.9999	1.458849	0.3719843	0.514764	0.485236	3.11118
49026	-1014.876	-1224.645	209.7695	1.621175	0.4808963	0.516246	0.483754	3.031476
49032	-1018.287	-1228.39	210.1028	1.650826	0.4960009	0.61652	0.38348	2.797062
49038	-1007.003	-1217.017	210.014	1.564877	0.490201	0.46926	0.53074	2.908855
49044	-1014.159	-1224.121	209.9614	1.617524	0.490201	0.619978	0.380022	2.908855
49050	-1040.442	-1251.4	210.9582	2.064438	1.245508	0.423508	0.576492	1.374781
49056	-1025.736	-1237.34	211.6035	2.186837	0.81652	0.667879	0.332121	1.083399
49062	-1014.526	-1226.452	211.9255	2.222591	0.5410071	0.427553	0.572447	1.094294
49068	-1016.361	-1228.136	211.7753	2.185039	0.5094357	0.531348	0.468652	1.299232
49074	-1017.826	-1229.6	211.7735	2.276952	0.8158482	0.576531	0.423469	0.8055288
49080	-1009.933	-1221.464	211.531	2.186427	0.6432356	0.52431	0.47569	1.333315
49086	-1019.216	-1230.665	211.4494	2.073945	0.6929222	0.349855	0.650145	1.432905
49092	-1025.245	-1237.407	212.1621	2.16349	0.4020177	0.45979	0.54021	1.150928
49098	-1024.715	-1236.342	211.6272	2.256805	0.6961446	0.380282	0.619718	1.133081
49104	-1025.984	-1237.161	211.1768	2.013262	0.6358765	0.545859	0.454141	1.733278
49110	-1026.79	-1238.669	211.8788	2.013262	0.4394488	0.53202	0.46798	1.447435
49116	-1030.133	-1241.661	211.5283	2.086013	0.6126251	0.53202	0.46798	1.447435
49122	-1028.174	-1239.954	211.7802	2.093541	0.3878855	0.609316	0.390684	1.534394
49128	-1030.816	-1242.96	212.1441	2.329537	0.4651662	0.497751	0.502249	0.8916242
49134	-1032.383	-1244.619	212.236	2.600946	0.3541049	0.560671	0.439329	0.6805515
49140	-1027.724	-1239.73	212.006	2.594582	0.4406325	0.373564	0.626436	0.7882958
49146	-1052.154	-1264.155	212.0016	2.715231	0.377305	0.53223	0.46777	0.7937997
49152	-1051.991	-1264.121	212.1294	2.715231	0.3326571	0.573408	0.426592	0.7445166
49158	-1033.765	-1245.885	212.1201	2.472185	0.437015	0.503022	0.496978	0.8081877
49164	-1035.811	-1247.747	211.9357	2.182018	0.5350668	0.271205	0.728795	1.13042
49170	-1025.23	-1236.993	211.763	1.858226	0.3913955	0.446638	0.553362	1.711976
49176	-1035.136	-1247.144	212.0077	1.961932	0.4884335	0.522605	0.477395	1.319861
49182	-1017.811	-1229.793	211.9815	2.078742	0.4365217	0.456025	0.543975	1.319861
49188	-1017.214	-1228.414	211.2002	1.902668	1.08927	0.468191	0.531809	1.420617
49194	-1011.098	-1222.734	211.6365	1.762663	0.3798475	0.39275	0.60725	1.881676
49200	-1027.784	-1239.061	211.2769	1.716828	0.7042488	0.611716	0.388284	1.806052
49206	-1036.428	-1247.668	211.2402	1.87617	0.6141258	0.533102	0.466898	1.806052
49212	-1043.803	-1255.611	211.808	1.990579	0.8352059	0.504889	0.495111	1.055432
49218	-1030.282	-1241.801	211.5192	2.094646	0.957085	0.551815	0.448185	1.104191
49224	-1020.995	-1232.582	211.5875	1.8925	0.4148358	0.432719	0.567281	1.779392
49230	-1003.22	-1214.473	211.2521	1.908857	0.4397069	0.525357	0.474643	1.965799
49236	-1012.666	-1223.56	210.8948	1.831684	0.4184071	0.617699	0.382301	2.275848
49242	-1003.352	-1214.78	211.4278	2.024531	0.4872765	0.422716	0.577284	1.708535
49248	-1008.994	-1220.998	212.0041	1.916889	0.4761468	0.330458	0.669542	1.375123
49254	-1007.641	-1219.64	211.9983	1.824425	0.5360234	0.435847	0.564153	1.375123
49260	-1026.053	-1237.344	211.2911	1.904716	0.4465291	0.28857	0.71143	1.934162
49266	-1023.755	-1235.049	211.2945	1.844667	0.4789827	0.575505	0.424495	1.934162
49272	-1010.42	-1221.271	210.8509	1.589744	0.622299	0.344924	0.655076	2.24741
49278	-1004.908	-1215.741	210.8329	1.74827	0.6060919	0.521126	0.478874	2.171537
49284	-1004.701	-1215.506	210.8043	1.800859	0.7914087	0.47066	0.52934	1.996387
49290	-1008.116	-1219.567	211.4514	1.757516	0.5208607	0.47066	0.52934	1.839547
49296	-1013.882	-1226.044	212.1617	1.966648	0.5064339	0.36326	0.63674	1.161732
49302	-1013.024	-1224.826	211.802	2.150453	0.5456856	0.694872	0.305128	1.258284
49308	-1008.532	-1220.048	211.516	2.196584	0.3807741	0.498461	0.501539	1.661893
49314	-1021.891	-1232.834	210.9423	1.841621	0.5446218	0.509574	0.490426	2.099332
49320	-1029.208	-1239.805	210.5971	1.968257	0.53703	0.422821	0.577179	2.248989
49326	-1026.817	-1236.821	210.0035	1.750738	0.702345	0.422821	0.577179	2.611441
49332	-1019.052	-1230.068	211.0162	1.707134	0.5429672	0.42152	0.57848	2.140658
49338	-1011.565	-1222.437	210.8714	1.58274	0.2669987	0.579859	0.420141	2.651474
49344	-1006.649	-1217.457	210.8079	1.656469	0.3975104	0.414121	0.585879	2.467132
49350	-1005.176	-1216.298	211.1221	1.578076	0.807243	0.350895	0.649105	1.920004
49356	-1002.826	-1214.51	211.6844	1.844699	0.6956827	0.501946	0.498054	1.425683
49362	-1004.704	-1215.842	211.1384	1.91511	0.6890372	0.501946	0.498054	1.778346
49368	-1013.595	-1224.892	211.2974	1.969708	0.7177176	0.403723	0.596277	1.600201
49374	-1017.476	-1229.067	211.5912	2.04838	0.693959	0.662745	0.337255	1.34096
49380	-1003.019	-1214.954	211.9348	2.04838	0.5422789	0.57525	0.42475	1.237086
49386	-997.4574	-1208.842	211.385	2.070952	0.7840115	0.679729	0.320271	1.396796
49392	-998.187	-1210.155	211.9678	2.434681	0.555776	0.451574	0.548426	0.797472
49398	-998.0605	-1210.054	211.9938	2.434681	0.555776	0.611664	0.388336	0.7611308
49404	-1014.116	-1225.618	211.5024	2.19552	0.8657601	0.487426	0.512574	1.11671
49410	-998.9076	-1210.257	211.3498	2.227559	0.8657601	0.377449	0.622551	1.222098
49416	-1003.696	-1214.829	211.1328	2.361526	1.114312	0.501411	0.498589	1.072848
49422	-998.2535	-1209.725	211.4712	2.361526	0.9475275	0.47309	0.52691	0.8942284
49428	-1000.668	-1212.258	211.5905	2.361526	0.85046	0.392653	0.607347	0.877982
49434	-1007.119	-1218.76	211.6409	2.311186	0.85046	0.630679	0.369321	0.877982
49440	-1013.702	-1225.445	211.743	2.260538	0.7588647	0.316512	0.683488	0.9404416
49446	-1004.18	-1215.974	211.7936	1.861666	0.6902503	0.5208	0.4792	1.332318
49452	-1009.873	-1221.803	211.9302	1.96762	0.668798	0.534261	0.465739	1.152993
49458	-1007.994	-1219.912	211.9181	2.198672	0.6005388	0.436804	0.563196	1.039383
49464	-1032.875	-1244.581	211.7063	2.113772	0.8003028	0.387198	0.612802	1.073375
49470	-1024.003	-1235.87	211.8662	2.114892	0.7355983	0.480086	0.519914	0.9936151
49476	-1026.603	-1238.43	211.8274	2.226435	0.8033531	0.480086	0.519914	0.8201894
49482	-1008.449	-1220.04	211.5906	2.335892	0.930519	0.580118	0.419882	0.8016309
49488	-1010.239	-1221.874	211.6355	2.379882	0.8317193	0.503448	0.496552	0.8271449
49494	-1029.659	-1241.08	211.4208	2.641952	0.9223044	0.473893	0.526107	0.4584677
49500	-1033.996	-1246.075	212.0787	1.878206	0.3937342	0.412987	0.587013	1.46342
49506	-1040.754	-1252.513	211.7592	1.977252	0.390801	0.332365	0.667635	1.630538
49512	-1042.621	-1254.77	212.1496	2.023059	0.2073713	0.427708	0.572292	1.62944
49518	-1026.802	-1238.498	211.6961	2.023059	0.4005323	0.562534	0.437466	1.62944
49524	-1024.863	-1236.2	211.3379	1.953369	0.4609879	0.45823	0.54177	1.851889
49530	-1037.461	-1248.443	210.9821	1.852966	0.755968	0.596491	0.403509	1.870205
49536	-1033.937	-1243.91	209.9727	1.841724	0.3966858	0.433578	0.566422	2.868218
49542	-1025.587	-1235.626	210.0396	1.536529	0.2654566	0.260406	0.739594	3.183896
49548	-1027.164	-1236.239	209.0749	1.550291	1.175387	0.437819	0.562181	2.99278
49554	-1020.85	-1231.81	210.9599	1.8905	0.5878337	0.579386	0.420614	2.012139
49560	-1014.48	-1225.404	210.9238	1.895207	0.7212327	0.359937	0.640063	1.910692
49566	-1016.546	-1227.591	211.0454	1.899788	0.7115688	0.503717	0.496283	1.833001
49572	-1011.049	-1221.957	210.9086	1.764082	0.6170373	0.402931	0.597069	2.101589
49578	-1014.948	-1225.82	210.8721	1.800545	0.6170373	0.520632	0.479368	2.101589
49584	-1007.822	-1218.518	210.6963	1.655488	0.51952	0.422645	0.577355	2.402779
49590	-1002.1	-1212.809	210.7086	1.663068	0.5072445	0.541966	0.458034	2.402779
49596	-1015.991	-1224.283	208.2923	1.501318	0.6744936	0.53562	0.46438	3.797282
49602	-1025.962	-1235.947	209.9858	1.631057	0.5900908	0.704866	0.295134	2.790809
49608	-1007.443	-1215.24	207.7966	1.475019	0.5900908	0.704866	0.295134	4.163438
49614	-1019.029	-1228.769	209.74	1.426623	0.5583867	0.406728	0.593272	3.090759
49620	-1029.525	-1238.185	208.6603	1.619939	0.7519928	0.414916	0.585084	3.457263
49626	-1020.26	-1229.184	208.9241	1.683981	0.6693983	0.414916	0.585084	3.327387
49632	-1000.064	-1210.985	210.9216	1.671945	0.314305	0.436394	0.563606	2.495073
49638	-1013.484	-1223.624	210.1401	1.76086	0.6338578	0.380594	0.619406	2.577658
49644	-1020.255	-1230.193	209.9376	1.713175	1.053145	0.526074	0.473926	2.43278
49650	-1013.298	-1223.881	210.583	1.72573	0.5050544	0.257664	0.742336	2.444725
49656	-1029.53	-1240.677	211.1471	2.014546	0.334554	0.374627	0.625373	2.103154
49662	-1036.982	-1248.065	211.0832	2.143865	0.4199846	0.670638	0.329362	1.945745
49668	-1053.565	-1265.952	212.3879	1.984064	0.2565419	0.449337	0.550663	1.378983
49674	-1022.346	-1233.87	211.5242	1.984064	0.3378512	0.471189	0.528811	1.86666
49680	-1020.663	-1232.263	211.6002	2.063195	0.3850068	0.533266	0.466734	1.690984
49686	-1011.837	-1223.351	211.5147	2.295265	0.4435439	0.543731	0.456269	1.503948
49692	-1028.956	-1239.496	210.5397	2.053889	0.287103	0.626334	0.373666	2.534565
49698	-1033.379	-1244.816	211.437	1.876606	0.4049009	0.380246	0.619754	1.906509
49704	-1053.739	-1263.796	210.0571	1.495191	0.6006245	0.413994	0.586006	2.820731
49710	-1039.18	-1250.313	211.1324	1.667153	0.3279988	0.413994	0.586006	2.346003
49716	-1029.973	-1241.636	211.6634	1.901292	0.3756337	0.276753	0.723247	1.773489
49722	-1027.225	-1237.054	209.8282	1.564891	0.7911083	0.339843	0.660157	2.765534
49728	-1030.445	-1240.361	209.9165	1.598358	0.4318186	0.339843	0.660157	3.008874
49734	-1022.196	-1232.136	209.9401	1.529682	0.3598705	0.443746	0.556254	3.119386
49740	-1020.588	-1231.201	210.6132	1.791296	0.7111768	0.542709	0.457291	2.193357
49746	-1035.353	-1247.173	211.82	1.837486	0.6598298	0.528344	0.471656	1.362863
49752	-1035.658	-1247.653	211.9957	1.954632	0.5481516	0.514822	0.485178	1.256856
49758	-1031.202	-1243.206	212.0037	2.203718	0.623416	0.514822	0.485178	0.9126446
49764	-1030.639	-1241.91	211.2716	2.203718	1.232142	0.604989	0.395011	0.9898882
49770	-1033.13	-1245.415	212.2844	1.930799	0.3463904	0.223044	0.776956	1.337319
49776	-1027.37	-1239.1	211.7302	1.768754	0.6574731	0.39484	0.60516	1.487484
49782	-1024.918	-1236.704	211.7862	1.999515	0.7450776	0.491359	0.508641	1.164901
49788	-1028.935	-1240.033	211.0983	2.034526	1.194909	0.586594	0.413406	1.321799
49794	-1027.069	-1238.696	211.6268	2.015498	0.8344589	0.714672	0.285328	1.196839
49800	-1027.295	-1238.841	211.5464	2.129594	0.9290243	0.527808	0.472192	1.073787
49806	-1017.427	-1229.084	211.6568	2.087313	0.9164846	0.425297	0.574703	1.021378
49812	-1037.415	-1248.304	210.8886	2.101788	1.509575	0.425297	0.574703	1.232525
49818	-1041.635	-1252.983	211.3479	2.174553	0.9444207	0.272327	0.727673	1.196679
49824	-1022.001	-1233.161	211.1594	2.016686	1.086782	0.464045	0.535955	1.365346
49830	-998.5524	-1209.952	211.3993	1.992257	0.7873178	0.640438	0.359562	1.443475
49836	-1011.683	-1222.484	210.8007	1.776902	0.7918335	0.369246	0.630754	2.014398
49842	-1016.044	-1227.694	211.6503	1.596992	0.3575391	0.560634	0.439366	2.014398
49848	-1023.925	-1234.739	210.814	1.834449	0.5014507	0.30306	0.69694	2.232397
49854	-1026.485	-1237.435	210.9498	1.907942	0.5014507	0.426781	0.573219	2.096252
49860	-1027.222	-1237.697	210.4753	1.876472	0.753183	0.512454	0.487546	2.193258
49866	-1011.826	-1222.927	211.1013	1.797203	0.4944645	0.535866	0.464134	2.077076
49872	-1023.674	-1232.361	208.6873	1.521768	0.4865391	0.394473	0.605527	3.719826
49878	-1006.487	-1214.948	208.4614	1.577843	0.7522094	0.480479	0.519521	3.597505
49884	-1015.399	-1225.265	209.8655	1.756291	0.5915847	0.5646	0.4354	2.786459
49890	-1026.261	-1236.735	210.4741	1.701086	0.4195455	0.330623	0.669377	2.621033
49896	-1036.622	-1245.414	208.7918	1.612948	1.26877	0.330623	0.669377	3.076735
49902	-1036.266	-1247.444	211.1779	2.005131	0.8848337	0.283785	0.716215	1.516747
49908	-1045.624	-1256.278	210.6545	1.902787	1.121145	0.399564	0.600436	1.795846
49914	-1022.38	-1233.812	211.4318	2.001208	0.4892965	0.333606	0.666394	1.719775
49920	-1027.422	-1238.108	210.6857	1.771051	1.035219	0.563428	0.436572	1.920167
49926	-1028.387	-1239.672	211.2851	1.689407	0.5967177	0.607815	0.392185	1.920167
49932	-1013.714	-1224.574	210.8592	1.823735	0.5967177	0.560273	0.439727	2.11405
49938	-1018.575	-1229.242	210.6667	1.780147	0.6540885	0.27358	0.72642	2.214892
49944	-1030	-1241.484	211.4834	1.832985	0.6657009	0.464175	0.535825	1.613969
49950	-1020.39	-1232.078	211.6887	2.09812	0.4573689	0.445889	0.554111	1.502895
49956	-1028.732	-1240.006	211.274	1.931305	0.5314549	0.557279	0.442721	1.830465
49962	-1029.518	-1240.293	210.7751	1.732808	0.6181401	0.363672	0.636328	2.207837
49968	-1020.528	-1230.819	210.291	1.763428	0.2754524	0.381004	0.618996	2.882604
49974	-1027.652	-1238.513	210.8613	1.763428	0.6602825	0.615636	0.384364	2.093558
49980	-1016.4	-1227.096	210.6955	1.762229	0.7707518	0.442357	0.557643	2.110221
49986	-1002.659	-1214.693	212.0336	2.123417	0.4759501	0.488053	0.511947	1.181312
49992	-1013.813	-1225.015	211.2016	2.123417	0.8998401	0.382602	0.617398	1.396147
49998	-1020.06	-1231.43	211.3693	1.947543	0.9484724	0.615597	0.384403	1.362079
50004	-1000.812	-1212.749	211.9372	2.219394	0.6095863	0.401468	0.598532	0.9871352
50010	-1030.717	-1241.628	210.9108	1.56443	0.6693676	0.364789	0.635211	2.183159
50016	-1031.508	-1242.247	210.7393	1.56443	0.7438282	0.471741	0.528259	2.231744
50022	-1029.959	-1239.823	209.8634	1.972314	1.361905	0.44645	0.55355	2.142408
50028	-1013.735	-1224.939	211.2044	1.843974	0.6187067	0.517582	0.482418	1.848305
50034	-1023.082	-1234.222	211.1399	1.800417	0.8166096	0.437532	0.562468	1.747325
50040	-1012.655	-1224.328	211.6731	1.684335	0.4929384	0.376095	0.623905	1.768483
50046	-1031.933	-1242.696	210.7634	1.621342	1.058344	0.398743	0.601257	1.953659
50052	-1018.088	-1229.535	211.4478	1.863983	0.8107183	0.311626	0.688374	1.483034
50058	-1020.089	-1231.606	211.517	2.162908	0.8165333	0.578719	0.421281	1.182299
50064	-1029.257	-1240.828	211.5711	1.936968	0.7789478	0.662976	0.337024	1.360694
50070	-1035.059	-1246.174	211.115	1.831186	0.9991565	0.436732	0.563268	1.602956
50076	-1027.365	-1237.689	210.3243	1.575094	0.804187	0.493247	0.506753	2.442532
50082	-1029.693	-1241.911	212.2176	1.932031	0.492166	0.321676	0.678324	1.163801
50088	-1035.973	-1247.227	211.2542	1.862384	0.8258412	0.497312	0.502688	1.61426
50094	-1029.389	-1240.895	211.5056	1.860355	0.629428	0.41094	0.58906	1.61426
50100	-1033.555	-1244.738	211.1835	1.814787	0.6163955	0.421084	0.578916	1.884778
50106	-1025.044	-1236.716	211.6722	1.949062	0.6240598	0.565693	0.434307	1.429663
50112	-1031.248	-1243.016	211.7682	1.923289	0.5843338	0.472204	0.527796	1.419821
50118	-1021.61	-1233.09	211.4797	1.923289	0.5816853	0.295154	0.704846	1.637313
50124	-1016.383	-1227.531	211.1474	1.865908	0.4863416	0.441147	0.558853	2.010086
50130	-1009.936	-1221.146	211.2098	1.732317	0.8328361	0.41788	0.58212	1.732964
50136	-1008.478	-1219.102	210.6234	1.917687	0.8740385	0.481863	0.518137	1.975872
50142	-1012.365	-1223.576	211.2109	1.795607	0.8951975	0.503375	0.496625	1.637674
50148	-1010.58	-1221.861	211.2812	1.792574	0.8348648	0.501646	0.498354	1.637674
50154	-1014.591	-1225.921	211.3293	1.859722	0.6615819	0.415879	0.584121	1.70909
50160	-1021.406	-1233.125	211.7199	1.965759	0.7159692	0.459964	0.540036	1.280667
50166	-1026.922	-1238.343	211.4204	1.966037	1.149051	0.459964	0.540036	1.142405
50172	-999.1552	-1210.622	211.4666	2.070712	0.990453	0.410775	0.589225	1.142405
50178	-996.48	-1207.9	211.4201	2.027334	1.09228	0.610918	0.389082	1.134495
50184	-998.3263	-1209.727	211.4011	2.046255	1.09228	0.458934	0.541066	1.134495
50190	-1008.203	-1219.681	211.4772	2.046255	0.9743888	0.317062	0.682938	1.168996
50196	-1022.144	-1234.036	211.8915	2.160977	0.6422615	0.429097	0.570903	1.04431
50202	-1024.998	-1236.949	211.9503	2.13839	0.6047454	0.31965	0.68035	1.060322
50208	-1006.363	-1217.921	211.5587	2.114661	0.9433268	0.378312	0.621688	1.062165
50214	-1008.333	-1219.772	211.4385	2.493527	0.9877185	0.519408	0.480592	0.705389
50220	-1009.506	-1220.165	210.6593	1.792506	0.4753341	0.457781	0.542219	2.385889
50226	-1018.824	-1229.523	210.6985	1.901618	0.4200272	0.427544	0.572456	2.35454
50232	-1014.113	-1225.098	210.9852	1.987412	0.7422914	0.446273	0.553727	1.787215
50238	-1011.311	-1221.759	210.4482	1.984093	0.5502277	0.451752	0.548248	2.320966
50244	-1020.233	-1230.948	210.715	1.981335	0.6490613	0.45156	0.54844	2.056485
50250	-1028.805	-1239.835	211.03	1.889185	0.6012228	0.578007	0.421993	1.953064
50256	-1011.761	-1222.673	210.9113	2.007824	0.6012228	0.426526	0.573474	1.953064
50262	-1015.507	-1226.686	211.1785	1.853443	0.7060555	0.538145	0.461855	1.77796
50268	-1015.653	-1226.489	210.8358	1.766035	0.4768407	0.51422	0.48578	2.28883
50274	-1026.499	-1237.051	210.5521	1.751295	0.6751023	0.339851	0.660149	2.28883
50280	-1044.88	-1254.939	210.0588	1.783627	0.5625395	0.469663	0.530337	2.67803
50286	-1023.398	-1233.85	210.4518	1.803381	0.4778202	0.447101	0.552899	2.506811
50292	-1027.721	-1238.599	210.8779	1.823738	0.5490437	0.582561	0.417439	2.148674
50298	-1021.531	-1231.862	210.3303	1.586899	0.553931	0.573402	0.426598	2.64008
50304	-1027.439	-1238.261	210.822	1.89972	1.042061	0.651675	0.348325	1.733152
50310	-1034.205	-1245.552	211.3463	1.947846	0.9364031	0.405152	0.594848	1.389806
50316	-1046.308	-1257.663	211.3553	1.909507	0.6498021	0.427842	0.572158	1.666628
50322	-1045.942	-1257.056	211.1136	1.93311	0.4646744	0.529748	0.470252	2.012573
50328	-1033.763	-1245.102	211.3387	1.997446	0.6558012	0.465025	0.534975	1.609396
50334	-1027.467	-1238.903	211.4368	1.906458	0.6558012	0.510619	0.489381	1.604253
50340	-1033.334	-1244.62	211.2866	1.969696	0.5105603	0.390703	0.609297	1.818472
50346	-1022.795	-1233.136	210.341	1.888809	0.6004322	0.502598	0.497402	2.40171
50352	-1016.414	-1227.874	211.4602	1.855937	0.4943237	0.515499	0.484501	1.795564
50358	-1030.929	-1240.852	209.923	1.657843	0.5596506	0.538554	0.461446	2.840441
50364	-1008.428	-1218.591	210.1635	1.701519	0.3942352	0.577309	0.422691	2.840441
50370	-1014.93	-1225.379	210.4485	1.639254	0.333813	0.444014	0.555986	2.780487
50376	-1021.558	-1231.834	210.2757	1.639254	0.495573	0.527738	0.472262	2.698897
50382	-1026.222	-1237.905	211.6828	2.383038	0.8593991	0.49193	0.50807	0.7096194
50388	-1038.759	-1250.319	211.5605	2.434666	0.8593991	0.437302	0.562698	0.8128456
50394	-1014.895	-1226.078	211.1824	1.855166	0.7339076	0.431547	0.568453	1.749202
50400	-1029.876	-1241.395	211.5184	1.862475	0.4954325	0.473019	0.526981	1.749202
50406	-1012.375	-1224.061	211.6862	1.859648	0.4509672	0.445777	0.554223	1.686746
50412	-1024.451	-1235.487	211.0361	1.859648	0.9293143	0.466121	0.533879	1.690765
50418	-1027.615	-1239.286	211.6707	1.848232	0.5758625	0.429774	0.570226	1.559245
50424	-1025.417	-1237.45	212.0326	2.028267	0.5446719	0.513763	0.486237	1.167355
50430	-1016.909	-1228.779	211.8698	2.092917	0.5446719	0.460259	0.539741	1.251069
50436	-1028.267	-1240.177	211.9097	2.092917	0.5194992	0.488398	0.511602	1.251069
50442	-1031.702	-1243.551	211.8485	2.092917	0.6445757	0.423312	0.576688	1.143678
50448	-1021.697	-1233.817	212.1197	2.013507	0.5038438	0.395978	0.604022	1.161259
50454	-1023.585	-1235.339	211.7544	2.077833	0.5038438	0.505839	0.494161	1.408087
50460	-1015.611	-1226.856	211.2449	1.715076	0.5038438	0.370371	0.629629	2.026165
50466	-1008.305	-1219.919	211.6145	1.936735	0.5961282	0.66566	0.33434	1.513151
50472	-1012.255	-1223.953	211.6978	2.093751	0.5194147	0.373849	0.626151	1.419956
50478	-1020.816	-1232.644	211.8274	2.030479	0.5194147	0.561495	0.438505	1.368239
50484	-1013.451	-1224.566	211.1149	1.87802	0.5521441	0.604699	0.395301	1.952799
50490	-1009.929	-1220.773	210.8446	1.800123	0.686889	0.491349	0.508651	2.056949
50496	-1014.884	-1225.557	210.6724	1.883748	0.4201327	0.531088	0.468912	2.382272
50502	-1028.91	-1239.883	210.9734	1.731109	0.4448535	0.363338	0.636662	2.258926
50508	-1024.783	-1235.669	210.8861	1.731109	0.50472	0.45958	0.54042	2.249054
50514	-1020.673	-1231.47	210.7974	1.689576	0.50472	0.510916	0.489084	2.332335
50520	-1022.78	-1233.792	211.0115	1.587941	0.50472	0.461151	0.538849	2.260419
50526	-1023.093	-1233.503	210.4096	1.584304	0.5743639	0.429243	0.570757	2.573398
50532	-1011.628	-1221.564	209.9357	1.625429	0.4703386	0.667905	0.332095	2.939926
50538	-1008.169	-1219.387	211.2182	1.634198	0.2741899	0.506076	0.493924	2.391873
50544	-1021.692	-1231.953	210.2608	1.634198	0.5368514	0.526585	0.473415	2.670125
50550	-1016.55	-1226.821	210.2708	1.754678	0.576771	0.561172	0.438828	2.551588
50556	-1021.325	-1231.837	210.5124	1.73576	0.4243568	0.561172	0.438828	2.570352
50562	-1032.748	-1242.797	210.049	2.045969	0.7734586	0.40691	0.59309	2.342067
50568	-1027.564	-1238.166	210.6014	1.520804	0.3872543	0.551243	0.448757	2.691793
50574	-1031.736	-1243.014	211.2778	1.790387	0.5276284	0.526898	0.473102	1.928017
50580	-1015.301	-1226.848	211.5469	1.905491	0.4698925	0.526898	0.473102	1.729365
50586	-1028.848	-1240.152	211.3033	1.794944	0.6072118	0.301241	0.698759	1.825368
50592	-1033.373	-1244.993	211.6205	1.824168	0.5343167	0.504428	0.495572	1.659466
50598	-1030.338	-1241.934	211.5962	1.752925	0.4235043	0.504428	0.495572	1.858522
50604	-1034.603	-1246.032	211.4296	1.842697	0.4494432	0.567821	0.432179	1.878796
50610	-1012.553	-1223.868	211.3154	1.773132	0.6153422	0.56959	0.43041	1.824008
50616	-1015.782	-1227.562	211.7795	1.992076	0.3601134	0.442978	0.557022	1.649708
50622	-1018.368	-1229.956	211.5887	1.888721	0.4807437	0.442978	0.557022	1.698611
50628	-1014.267	-1225.558	211.2917	1.932548	0.5991765	0.442978	0.557022	1.745971
50634	-998.5379	-1210.144	211.6064	1.856141	0.5308578	0.438513	0.561487	1.650595
50640	-1006.115	-1217.839	211.7238	2.031294	0.4464492	0.421963	0.578037	1.540944
50646	-999.0962	-1210.566	211.4699	1.732013	0.4322739	0.434547	0.565453	1.947394
50652	-1001.382	-1212.275	210.8937	1.721149	0.4589046	0.595325	0.404675	2.300367
50658	-1000.371	-1211.459	211.0887	1.899216	0.7394389	0.348308	0.651692	1.779063
50664	-1013.706	-1225.288	211.582	2.073565	0.6511379	0.353153	0.646847	1.373691
50670	-1014.986	-1226.346	211.3595	2.182506	0.6511379	0.538996	0.461004	1.461412
50676	-1002.751	-1214.227	211.4764	1.906139	0.6664624	0.451843	0.548157	1.564997
50682	-1004.854	-1216.226	211.3712	2.168143	0.4716188	0.451843	0.548157	1.665668
50688	-1003.56	-1215.512	211.9521	2.006167	0.5076598	0.451843	0.548157	1.303306
50694	-1007.796	-1219.394	211.5974	1.880406	0.5994881	0.379365	0.620635	1.563862
50700	-1023.79	-1234.918	211.1284	1.891088	0.3495372	0.358425	0.641575	2.175043
50706	-1013.799	-1225.141	211.3413	1.966899	0.4762428	0.613089	0.386911	1.822153
50712	-1007.305	-1219.183	211.8781	2.095268	0.4001501	0.561021	0.438979	1.441392
50718	-1014.355	-1226.131	211.7759	2.095268	0.4965878	0.391878	0.608122	1.387137
50724	-1004.65	-1216.484	211.8334	1.946391	0.5464842	0.709751	0.290249	1.395932
50730	-1008.646	-1220.404	211.7576	1.881141	0.4331998	0.520429	0.479571	1.643204
50736	-1014.771	-1226.713	211.9413	1.881141	0.5551224	0.395644	0.604356	1.351921
50742	-1021.726	-1233.55	211.8239	1.881141	0.4275367	0.546899	0.453101	1.602799
50748	-1030.114	-1241.904	211.7907	2.01121	0.7479365	0.546899	0.453101	1.147531
50754	-1025.946	-1237.444	211.4981	1.908118	0.563412	0.535775	0.464225	1.654763
50760	-1031.653	-1243.131	211.4782	1.908118	1.138517	0.562464	0.437536	1.150918
50766	-1028.358	-1240.116	211.7585	2.06226	0.7865894	0.494947	0.505053	1.087928
50772	-1031.076	-1242.64	211.5643	2.342763	1.056289	0.494947	0.505053	0.6180691
50778	-1023.407	-1234.768	211.3601	2.378806	1.056289	0.575694	0.424306	0.877213
50784	-1033.351	-1245.134	211.7835	2.057291	0.9212351	0.500271	0.499729	0.9161572
50790	-1022.467	-1234.089	211.622	2.046911	0.7228901	0.661647	0.338353	1.287138
50796	-1028.312	-1239.319	211.0078	2.014872	1.07002	0.551706	0.448294	1.495491
50802	-1032.177	-1243.415	211.2377	1.894008	1.091875	0.435116	0.564884	1.396403
50808	-1022.485	-1233.86	211.3745	1.742994	0.4984626	0.435116	0.564884	1.92672
50814	-1025.279	-1236.58	211.301	1.974653	0.8372625	0.452056	0.547944	1.487188
50820	-1022.788	-1233.519	210.7309	1.860188	0.4613189	0.45447	0.54553	2.312835
50826	-1029.732	-1240.277	210.5452	1.875022	0.5356578	0.564729	0.435271	2.343151
50832	-1015.361	-1225.183	209.8225	1.708652	0.4410354	0.547434	0.452566	2.989084
50838	-1025.923	-1237.018	211.0956	1.755462	0.7008652	0.427543	0.572457	1.906685
50844	-1026.194	-1236.67	210.476	1.602629	0.7264777	0.479657	0.520343	2.389289
50850	-1031.013	-1240.355	209.3427	1.368459	0.7460706	0.313661	0.686339	3.208113
50856	-1028.417	-1238.842	210.4254	1.567769	0.6464701	0.411429	0.588571	2.509386
50862	-1034.906	-1245.902	210.996	1.638397	0.3545696	0.603991	0.396009	2.414482
50868	-1025.474	-1236.323	210.849	1.719224	0.3872125	0.546767	0.453233	2.414482
50874	-1015.705	-1225.535	209.8308	1.64125	0.6254124	0.409994	0.590006	2.847869
50880	-1027.339	-1238.501	211.1616	1.62746	0.7110141	0.528503	0.471497	1.939718
50886	-1020.974	-1232.072	211.0974	1.975199	0.7110141	0.24978	0.75022	1.745095
50892	-1026.115	-1237.777	211.6621	1.833139	0.6097415	0.60144	0.39856	1.540073
50898	-1016.978	-1227.732	210.7538	1.907423	0.5723565	0.63851	0.36149	2.151781
50904	-1035.563	-1246.486	210.9229	2.138123	0.8687529	0.429287	0.570713	1.619294
50910	-1022.963	-1234.731	211.7679	1.959926	0.6497475	0.466199	0.533801	1.31776
50916	-1009.599	-1221.239	211.6399	1.959926	0.8024832	0.532564	0.467436	1.263925
50922	-1005.726	-1217.245	211.5186	2.160112	0.8678346	0.658874	0.341126	1.131929
50928	-1006.77	-1218.668	211.8982	2.320324	0.7587615	0.381114	0.618886	0.6425694
50934	-1027.229	-1239.311	212.0825	2.360799	0.5256233	0.36874	0.63126	0.8059064
50940	-1012.896	-1224.52	211.6242	2.18672	0.6446832	0.456684	0.543316	1.255507
50946	-999.5893	-1211.228	211.6391	2.131373	0.3986809	0.456684	0.543316	1.594782
50952	-1013.148	-1224.673	211.5243	1.945843	0.5760481	0.407685	0.592315	1.594782
50958	-1018.601	-1230.423	211.8217	2.116962	0.3178114	0.276727	0.723273	1.594782
50964	-1016.429	-1228.003	211.5737	1.959697	0.7102807	0.511153	0.488847	1.40772
50970	-1013.91	-1225.593	211.6836	2.092408	0.5391664	0.599996	0.400004	1.40772
50976	-1017.292	-1229.074	211.7814	2.092408	0.4752497	0.252671	0.747329	1.413068
50982	-1026.318	-1237.654	211.3361	2.070411	0.8080334	0.503642	0.496358	1.413068
50988	-1019.286	-1230.816	211.53	2.097826	0.5923389	0.503642	0.496358	1.459598
50994	-1027.084	-1238.516	211.4316	2.008327	0.5417282	0.503642	0.496358	1.654516
51000	-1031.783	-1242.704	210.9204	2.008327	0.5923782	0.503642	0.496358	1.955277
51006	-1019.844	-1230.366	210.5227	1.783614	0.5923782	0.38415	0.61585	2.360714
51012	-1016.099	-1227.107	211.0074	1.883867	0.5923782	0.32937	0.67063	1.980392
51018	-1009.168	-1220.193	211.0247	1.839341	0.5923782	0.555019	0.444981	1.998612
51024	-1001.264	-1212.772	211.5082	1.83965	0.4378941	0.555019	0.444981	1.841334
51030	-1013.897	-1225.076	211.1786	2.089052	0.8663249	0.455454	0.544546	1.468444
51036	-1034.477	-1246.077	211.6	2.109637	0.8945173	0.455454	0.544546	1.07694
51042	-1030.063	-1241.058	210.9953	2.182467	1.319832	0.533958	0.466042	1.197343
51048	-1026.417	-1237.529	211.1121	2.069348	1.315208	0.402134	0.597866	1.197343
51054	-1009.703	-1220.966	211.2632	2.044698	1.315208	0.281948	0.718052	1.084763
51060	-1019.908	-1231.738	211.8301	2.027877	0.7923082	0.571707	0.428293	1.04647
51066	-1020.925	-1232.001	211.0764	2.003788	1.525611	0.396183	0.603817	1.144999
51072	-1008.9	-1220.503	211.6038	1.992322	1.039786	0.459157	0.540843	1.043225
51078	-1014.526	-1226.609	212.083	2.025334	0.6365745	0.37088	0.62912	0.9973101
51084	-1028.993	-1240.928	211.9342	1.920934	0.5586818	0.506622	0.493378	1.321395
51090	-1013.363	-1224.726	211.3632	1.937917	1.014321	0.506622	0.493378	1.321395
51096	-1013.856	-1224.844	210.9876	2.090284	0.296864	0.454619	0.545381	2.213039
51102	-1003.23	-1214.16	210.9292	1.878007	0.8257707	0.708996	0.291004	1.832334
51108	-1003.877	-1215.202	211.3253	2.151873	0.8590395	0.37067	0.62933	1.311099
51114	-1004.055	-1216.059	212.0032	1.978637	0.6555303	0.445391	0.554609	1.093512
51120	-1008.243	-1220.04	211.7963	2.115587	0.6555303	0.565146	0.434854	1.156455
51126	-1024.246	-1236.022	211.7769	2.100655	0.4551138	0.534993	0.465007	1.437123
51132	-1024.937	-1236.241	211.3044	1.852026	0.6515171	0.488873	0.511127	1.741716
51138	-1023.838	-1234.572	210.7342	1.762438	0.6368134	0.403841	0.596159	2.198145
51144	-1028.569	-1238.338	209.769	1.786925	0.9110992	0.311005	0.688995	2.582044
51150	-1029.39	-1240.334	210.9438	1.813823	0.4040785	0.289096	0.710904	2.273247
51156	-1008.721	-1219.671	210.9501	1.880722	0.6790291	0.278073	0.721927	1.939808
51162	-1026.299	-1237.242	210.9423	1.949016	0.6345848	0.334186	0.665814	1.939808
51168	-1026.158	-1238.103	211.9446	1.947237	0.3441777	0.412761	0.587239	1.586873
51174	-1048.181	-1259.608	211.4266	2.162124	0.4829445	0.412761	0.587239	1.616217
51180	-1035.294	-1247.401	212.1076	2.511373	0.4223276	0.645538	0.354462	0.8085197
51186	-1021.095	-1232.966	211.8709	2.634726	0.4915746	0.545397	0.454603	0.7970861
51192	-1023.429	-1234.962	211.5334	2.397366	0.4438434	0.470417	0.529583	1.4116
51198	-1025.959	-1237.487	211.5283	2.375776	0.6703802	0.476301	0.523699	1.145618
51204	-1036.415	-1247.887	211.4717	2.107756	0.4653643	0.406522	0.593478	1.644672
51210	-1018.273	-1230.021	211.7479	2.257988	0.6857195	0.530689	0.469311	1.032576
51216	-1012.194	-1223.742	211.5474	2.425042	0.856026	0.423058	0.576942	0.8462593
51222	-1019.515	-1231.452	211.9368	2.335021	0.6523075	0.640874	0.359126	0.7849976
51228	-1005.64	-1216.586	210.9456	2.425711	1.566864	0.620218	0.379782	0.8140992
51234	-1010.204	-1221.217	211.0127	2.458343	1.431137	0.347574	0.652426	0.8140992
51240	-1022.006	-1233.467	211.4608	2.434138	1.005764	0.364212	0.635788	0.7363759
51246	-1026.182	-1237.858	211.6763	2.376908	0.8721644	0.411869	0.588131	0.7069315
51252	-1023.818	-1234.981	211.1631	2.414406	1.366245	0.287042	0.712958	0.7347359
51258	-1018.069	-1229.265	211.1953	2.414406	1.359616	0.714142	0.285858	0.6894964
51264	-1017.399	-1228.299	210.9006	2.378	1.714761	0.580857	0.419143	0.8027255
51270	-1026.376	-1237.494	211.118	2.378	1.305386	0.306996	0.693004	0.9029904
51276	-1034.93	-1246.228	211.2979	2.313482	1.153839	0.370879	0.629121	0.9189272
51282	-1032.861	-1243.803	210.942	2.341139	1.566264	0.399274	0.600726	0.9189272
51288	-1038.853	-1249.878	211.0244	2.341139	1.453513	0.555959	0.444041	0.9189272
51294	-1012.261	-1223.59	211.3294	2.066102	1.075243	0.518006	0.481994	1.194044
51300	-996.6168	-1208.185	211.5683	2.02927	0.7477317	0.416129	0.583871	1.319696
51306	-1015.707	-1226.905	211.1985	1.80845	0.6526801	0.532803	0.467197	1.844268
51312	-1008.4	-1218.914	210.5138	1.793047	0.936207	0.50244	0.49756	2.08683
51318	-1015.076	-1225.344	210.2682	1.788855	1.197571	0.482791	0.517209	2.08683
51324	-1006.962	-1217.896	210.9333	1.82094	0.7836117	0.38	0.62	1.90237
51330	-1025.048	-1236.4	211.3527	1.98626	0.6119698	0.40623	0.59377	1.651598
51336	-1020.235	-1231.773	211.5374	1.965529	0.7329616	0.608017	0.391983	1.408975
51342	-1021.625	-1233.172	211.5466	1.831064	0.5849354	0.601143	0.398857	1.652083
51348	-1018.221	-1229.568	211.3461	1.716752	0.4865838	0.573779	0.426221	1.976756
51354	-1014.7	-1226.152	211.4523	1.729048	0.5672241	0.417085	0.582915	1.808765
51360	-1033.248	-1244.166	210.9175	1.972476	0.5360512	0.454799	0.545201	2.038229
51366	-1010.193	-1220.863	210.6692	1.735117	0.601952	0.43538	0.56462	2.289412
51372	-1006.266	-1217.436	211.1701	1.898732	0.4189241	0.535709	0.464291	2.052599
51378	-1011.818	-1222.533	210.7154	1.876035	0.5453585	0.404708	0.595292	2.223788
51384	-1017.667	-1228.516	210.8494	1.845154	0.580974	0.457446	0.542554	2.12166
51390	-1028.817	-1240.307	211.4901	1.912785	0.580974	0.370792	0.629208	1.638176
51396	-1025.388	-1235.877	210.489	1.761615	0.6183825	0.540949	0.459051	2.372214
51402	-1019.163	-1228.375	209.2116	1.516803	0.6183825	0.626806	0.373194	3.298047
51408	-999.6982	-1210.544	210.8462	1.757623	0.5620953	0.377676	0.622324	2.199114
51414	-1012.707	-1223.671	210.9642	1.785937	0.383445	0.287362	0.712638	2.303802
51420	-1036.709	-1248.792	212.0831	1.764775	0.4557488	0.402482	0.597518	1.458965
51426	-1022.506	-1233.746	211.2397	1.683219	0.3650087	0.405584	0.594416	2.216734
51432	-1028.358	-1239.033	210.6755	1.727967	0.6380104	0.524621	0.475379	2.257123
51438	-1022.14	-1233.431	211.2912	1.636488	0.4233242	0.355765	0.644235	2.139857
51444	-1019.029	-1230.418	211.3884	1.817336	0.3131565	0.714056	0.285944	2.105357
51450	-1008.621	-1220.691	212.0705	1.954981	0.3131565	0.494317	0.505683	1.538762
51456	-1008.903	-1220.359	211.4559	1.842537	0.6828097	0.393948	0.606052	1.610403
51462	-1012.098	-1223.454	211.3561	1.715189	0.7579327	0.604034	0.395966	1.704481
51468	-1012.048	-1223.101	211.0528	1.72531	1.025842	0.381452	0.618548	1.704481
51474	-1006.621	-1218.027	211.406	1.781013	0.6679024	0.428509	0.571491	1.704481
51480	-1007.437	-1218.939	211.5028	1.901988	0.6679024	0.579358	0.420642	1.54716
51486	-1022.609	-1233.872	211.2624	2.064029	0.8256676	0.326914	0.673086	1.458814
51492	-1016.737	-1228.371	211.6345	1.996993	0.7998354	0.348768	0.651232	1.240154
51498	-1022.49	-1233.693	211.2029	1.7382	0.9254158	0.519362	0.480638	1.661396
51504	-1027.569	-1238.611	211.0418	1.907811	0.9254158	0.527433	0.472567	1.655286
51510	-1032.685	-1243.754	211.0689	1.630981	0.9634168	0.611508	0.388492	1.803084
51516	-1030.367	-1242.091	211.7238	1.767743	0.5594502	0.487641	0.512359	1.597516
51522	-1009.165	-1220.23	211.0646	1.857672	0.7945359	0.607896	0.392104	1.778061
51528	-1014.712	-1225.429	210.7167	2.105303	1.299547	0.469555	0.530445	1.494255
51534	-1017.609	-1228.939	211.3299	1.825292	0.8466599	0.454799	0.545201	1.56876
51540	-1020.964	-1231.774	210.8107	1.705156	0.5604074	0.437707	0.562293	2.257494
51546	-1032.535	-1243.268	210.7337	1.745265	0.5341691	0.363088	0.636912	2.307231
51552	-1007.94	-1219.162	211.2226	2.080227	1.102288	0.545133	0.454867	1.250997
51558	-1007.945	-1219.984	212.0389	1.972147	0.5865292	0.357039	0.642961	1.155358
51564	-1003.19	-1215.13	211.9401	1.921985	0.6574975	0.563735	0.436265	1.197456
51570	-1002.3	-1213.282	210.982	1.923766	0.9376831	0.459914	0.540086	1.67737
51576	-1013.696	-1225.301	211.6046	1.873684	0.923597	0.462231	0.537769	1.252513
51582	-1014.192	-1225.724	211.5321	1.873684	1.056569	0.535017	0.464983	1.200481
51588	-1022.302	-1234.296	211.9941	1.873684	0.623233	0.688941	0.311059	1.233014
51594	-1009.218	-1220.869	211.6511	1.921224	0.7392611	0.598064	0.401936	1.348336
51600	-998.9548	-1210.734	211.7794	2.036303	0.7392611	0.561592	0.438408	1.144885
51606	-1012.492	-1223.836	211.3441	2.036303	0.9340689	0.561592	0.438408	1.323448
51612	-1019.817	-1231.17	211.3529	2.398208	0.9838635	0.579646	0.420354	0.9428715
51618	-1022.937	-1234.05	211.1125	2.059022	0.8774407	0.442699	0.557301	1.531302
51624	-1041.712	-1253.365	211.6525	1.899543	0.6169174	0.389521	0.610479	1.490046
51630	-1019.163	-1230.58	211.4173	1.799232	0.8389663	0.482863	0.517137	1.529915
51636	-1020.594	-1231.895	211.3007	1.912207	0.8421348	0.468143	0.531857	1.529915
51642	-1022.474	-1234.599	212.1246	1.983274	0.4320889	0.559194	0.440806	1.287823
51648	-1023.462	-1235.694	212.2315	1.876319	0.4320889	0.339717	0.660283	1.287823
51654	-1021.437	-1232.967	211.53	1.876319	0.7036587	0.386961	0.613039	1.510966
51660	-1029.967	-1240.481	210.5135	1.869841	1.402148	0.386961	0.613039	1.752427
51666	-1031.624	-1243.278	211.6535	2.033643	0.5337042	0.533015	0.466985	1.482222
51672	-1025.822	-1237.742	211.9202	1.930476	0.4293112	0.438344	0.561656	1.492854
51678	-1016.748	-1227.904	211.1562	1.817137	1.126736	0.500158	0.499842	1.492854
51684	-1022.326	-1234.083	211.7572	2.063486	0.7985443	0.45048	0.54952	1.074693
51690	-1022.984	-1234.525	211.5409	2.095872	0.8200001	0.3486	0.6514	1.215793
51696	-1031.034	-1241.791	210.7564	2.235292	1.535061	0.435743	0.564257	1.215793
51702	-1015.146	-1225.777	210.6319	2.286767	1.74454	0.369347	0.630653	1.154708
51708	-1013.306	-1223.907	210.6006	2.254942	1.813838	0.540815	0.459185	1.170997
51714	-1010.593	-1222.335	211.7422	2.237898	0.9175615	0.449225	0.550775	0.7451863
51720	-1009.976	-1220.994	211.0183	2.621179	1.392827	0.492825	0.507175	0.5306163
51726	-1022.022	-1232.495	210.4727	2.784864	1.958548	0.642854	0.357146	0.501259
51732	-1007.036	-1217.45	210.4139	2.839966	1.958548	0.414142	0.585858	0.5446395
51738	-1007.529	-1217.791	210.2625	2.913584	2.083854	0.383575	0.616425	0.4371434
51744	-1008.034	-1218.305	210.2707	2.913584	2.083854	0.392729	0.607271	0.4865946
51750	-1000.172	-1211.031	210.8593	2.766542	1.412334	0.443035	0.556965	0.5126553
51756	-1020.599	-1231.725	211.1264	2.766542	1.084918	0.406716	0.593284	0.5779944
51762	-1013.177	-1224.391	211.2142	2.6685	1.084918	0.572096	0.427904	0.6101815
51768	-1021.784	-1233.071	211.2869	2.572404	1.099304	0.468599	0.531401	0.6355306
51774	-1025.649	-1236.671	211.0216	2.801972	1.172194	0.500371	0.499629	0.5190438
51780	-1014.129	-1225.667	211.5385	2.53365	0.9152414	0.407776	0.592224	0.5298922
51786	-1011.826	-1223.621	211.7949	2.449663	0.7583944	0.44278	0.55722	0.5688838
51792	-1013.719	-1225.611	211.8914	2.345767	0.7583944	0.53252	0.46748	0.5952567
51798	-1014.374	-1226.065	211.6908	2.285052	0.8387002	0.449797	0.550203	0.8657287
51804	-1024.894	-1235.733	210.839	2.239078	1.806703	0.550398	0.449602	0.9655223
51810	-1018.083	-1229.213	211.1299	2.207611	1.464265	0.444347	0.555653	0.9405429
51816	-1017.242	-1229.21	211.9679	2.207611	0.6752742	0.3292	0.6708	0.8676646
51822	-1019.077	-1230.907	211.8301	2.210696	0.8169207	0.472502	0.527498	0.8165934
51828	-1020.541	-1232.257	211.7162	2.304813	0.8917544	0.469751	0.530249	0.7245818
51834	-1019.167	-1231.188	212.0203	2.221109	0.7082711	0.502621	0.497379	0.7192525
51840	-1014.717	-1226.454	211.7367	2.221109	0.7926067	0.520344	0.479656	0.9458222
51846	-1013.3	-1225.003	211.7032	2.176427	0.9130912	0.463056	0.536944	0.8822006
51852	-1010.341	-1221.481	211.1399	2.509948	1.381617	0.48449	0.51551	0.4930299
51858	-1016.886	-1228.46	211.5746	2.315349	1.071072	0.470708	0.529292	0.6256562
51864	-1023.744	-1235.253	211.5093	2.280365	1.071072	0.383413	0.616587	0.7965652
51870	-1010.448	-1221.572	211.124	2.280365	1.465305	0.390905	0.609095	0.8647256
51876	-1018.232	-1228.846	210.6135	2.124584	2.033451	0.347024	0.652976	1.157438
51882	-1007.675	-1219.274	211.5986	2.312056	0.8880269	0.439945	0.560055	0.8776476
51888	-1013.316	-1225.008	211.6919	2.298482	0.9207189	0.513601	0.486399	0.7237747
51894	-1016.368	-1228.275	211.9066	2.298482	0.7782055	0.426774	0.573226	0.617899
51900	-1018.337	-1230.347	212.0093	2.298482	0.6853948	0.613562	0.386438	0.6516844
51906	-1007.904	-1219.581	211.6764	2.466495	0.7956276	0.538944	0.461056	0.7034197
51912	-1023.364	-1234.687	211.3235	2.41535	1.108273	0.629118	0.370882	0.8174116
51918	-1021.152	-1232.665	211.5127	2.29378	0.9696305	0.425629	0.574371	0.8981144
51924	-1032.994	-1244.504	211.51	2.350761	0.9821431	0.399098	0.600902	0.8177101
51930	-1035.411	-1247.291	211.8799	2.134926	0.7291293	0.399098	0.600902	0.9674976
51936	-1036.91	-1248.524	211.6135	2.051019	1.070139	0.399098	0.600902	0.9449959
51942	-1039.388	-1251.049	211.6604	2.006443	0.5473735	0.423702	0.576298	1.481419
51948	-1032.063	-1243.917	211.8543	2.006443	0.5889242	0.545526	0.454474	1.279949
51954	-1019.105	-1230.804	211.6994	2.06892	0.6478408	0.33998	0.66002	1.287028
51960	-1016.078	-1227.617	211.539	1.990508	0.8956665	0.416385	0.583615	1.234691
51966	-1017.987	-1229.275	211.2883	1.96766	1.29075	0.494713	0.505287	1.149874
51972	-1028.091	-1239.838	211.7467	1.991519	0.6902577	0.348667	0.651333	1.26486
51978	-1011.409	-1222.634	211.2256	2.09891	1.224106	0.322876	0.677124	1.138749
51984	-1018.302	-1229.642	211.3401	2.068504	1.237539	0.598819	0.401181	1.050769
51990	-1024.539	-1236.138	211.5986	2.043019	1.046847	0.6282	0.3718	0.9917854
51996	-1013.554	-1224.833	211.2796	2.043019	1.046847	0.360191	0.639809	1.278033
52002	-1022.2	-1233.696	211.496	2.107054	1.086702	0.539862	0.460138	0.9923259
52008	-1028.944	-1240.019	211.0748	1.885837	1.086702	0.328011	0.671989	1.530014
52014	-1025.577	-1237.754	212.1768	1.85139	0.4379639	0.380978	0.619022	1.343435
52020	-1001.384	-1212.542	211.1583	1.918262	1.235937	0.413008	0.586992	1.338513
52026	-1006.294	-1217.476	211.1828	1.879464	1.108763	0.478833	0.521167	1.437903
52032	-1020.09	-1231.82	211.73	1.84771	0.6033037	0.479504	0.520496	1.485397
52038	-1009.221	-1219.614	210.3933	1.729757	1.188955	0.522304	0.477696	2.048274
52044	-1027.716	-1238.463	210.7466	1.670156	1.188955	0.59179	0.40821	1.850744
52050	-1029.302	-1240.407	211.1047	1.670156	0.5692199	0.649022	0.350978	2.080527
52056	-1027.285	-1238.179	210.8933	1.746292	0.5380129	0.489978	0.510022	2.200099
52062	-1029.447	-1240.175	210.7278	1.947304	0.8267191	0.471428	0.528572	1.921669
52068	-1022.804	-1234.026	211.2214	2.057026	0.8267191	0.482335	0.517665	1.494209
52074	-1010.098	-1221.404	211.3065	2.066684	1.054765	0.52087	0.47913	1.229671
52080	-1006.494	-1217.827	211.3334	2.066684	1.001673	0.262396	0.737604	1.250715
52086	-1010.103	-1221.414	211.3107	2.066684	0.8587544	0.538635	0.461365	1.39057
52092	-1021.403	-1232.786	211.3835	1.858174	0.6409905	0.559126	0.440874	1.691813
52098	-1028.456	-1239.995	211.539	2.016041	0.524347	0.424928	0.575072	1.591175
52104	-1021.344	-1232.584	211.2401	2.06923	0.7518654	0.31774	0.68226	1.537694
52110	-1019.905	-1231.186	211.2812	1.845143	0.7946714	0.352743	0.647257	1.633536
52116	-1013.631	-1224.732	211.1006	1.845143	0.9603505	0.607464	0.392536	1.631843
52122	-1012.612	-1223.668	211.0562	1.993993	0.8628802	0.354922	0.645078	1.631843
52128	-1012.428	-1223.929	211.5015	1.993993	0.5456268	0.510823	0.489177	1.610118
52134	-1019.042	-1229.548	210.5066	1.843517	0.7536201	0.499286	0.500714	2.19395
52140	-1033.635	-1243.944	210.3087	1.666001	0.7536201	0.563161	0.436839	2.433469
52146	-1034.309	-1245.343	211.0343	1.713268	0.5181884	0.543243	0.456757	2.150461
52152	-1020.7	-1231.169	210.469	1.575606	0.447483	0.504839	0.495161	2.670105
52158	-1014.729	-1223.874	209.1453	1.575606	0.468693	0.504839	0.495161	3.440005
52164	-1013.892	-1224.935	211.0434	1.779653	0.4887523	0.395644	0.604356	2.132826
52170	-1008.456	-1219.432	210.9765	1.846599	0.4887523	0.331774	0.668226	2.132826
52176	-1017.197	-1228.024	210.8273	1.906128	0.6205369	0.567627	0.432373	2.058302
52182	-1020.024	-1231.103	211.0793	1.915902	0.449288	0.499827	0.500173	2.064637
52188	-1021.536	-1232.577	211.0412	1.948324	0.4524756	0.495656	0.504344	2.064637
52194	-1020.683	-1231.313	210.6298	1.769033	0.4524756	0.62994	0.37006	2.444438
52200	-1020.504	-1231.265	210.7609	1.849302	0.5943722	0.437873	0.562127	2.163734
52206	-1030.538	-1241.624	211.0861	1.806957	0.4821314	0.391074	0.608926	2.094291
52212	-1013.782	-1224.913	211.131	1.80761	0.6321916	0.711496	0.288504	1.910157
52218	-1014.086	-1225.712	211.6266	1.969869	0.4119862	0.449234	0.550766	1.701467
52224	-1017.164	-1229.015	211.8508	1.872652	0.6102374	0.633847	0.366153	1.365422
52230	-1013.813	-1225.582	211.7689	1.914222	0.5584267	0.589642	0.410358	1.456187
52236	-1025.74	-1236.72	210.9796	1.854735	1.090806	0.589642	0.410358	1.619786
52242	-1006.612	-1217.71	211.0979	1.797921	0.4797418	0.392166	0.607834	2.095162
52248	-1000.616	-1212.05	211.4343	1.827116	0.4797418	0.471336	0.528664	1.850167
52254	-1008.033	-1219.637	211.6038	2.114827	0.5157906	0.467511	0.532489	1.480091
52260	-1003.716	-1215.008	211.2918	2.024967	0.4181027	0.534471	0.465529	1.887451
52266	-1004.247	-1214.84	210.5922	1.8936	0.4900264	0.550013	0.449987	2.348548
52272	-1010.137	-1220.742	210.6045	2.049239	0.4900264	0.387717	0.612283	2.241213
52278	-1022.051	-1232.265	210.2141	1.842626	0.523847	0.384134	0.615866	2.583013
52284	-1019.122	-1230.172	211.0497	1.986456	0.6034262	0.495353	0.504647	1.871697
52290	-1026.746	-1238.673	211.9275	2.123143	0.4313867	0.419661	0.580339	1.335124
52296	-1018.938	-1230.686	211.7484	1.91983	0.4038026	0.278275	0.721725	1.661511
52302	-1020.921	-1232.104	211.1834	1.702982	0.4980884	0.67497	0.32503	2.081087
52308	-1022.435	-1233.904	211.4687	1.885641	0.5669294	0.353618	0.646382	1.687961
52314	-1024.208	-1235.103	210.8957	1.665956	0.812672	0.384346	0.615654	2.008628
52320	-1043.782	-1255.262	211.4807	1.753145	0.633029	0.384346	0.615654	1.705223
52326	-1038.211	-1250.186	211.9754	2.0687	0.2797894	0.384346	0.615654	1.582676
52332	-1033.317	-1245.156	211.8392	2.042536	0.3516699	0.444256	0.555744	1.582676
52338	-1023.174	-1234.657	211.4832	1.936038	0.9423358	0.32566	0.67434	1.284929
52344	-1019.65	-1231.324	211.6732	2.172932	0.414663	0.501147	0.498853	1.516634
52350	-1023.671	-1234.625	210.9537	1.973117	0.4522887	0.546542	0.453458	2.10612
52356	-1013.532	-1225.163	211.6306	2.061829	0.5506804	0.611559	0.388441	1.458138
52362	-1033.496	-1244.725	211.2292	1.764125	0.4553145	0.593046	0.406954	2.058797
52368	-1010.06	-1221.233	211.1728	1.705564	0.56153	0.423952	0.576048	2.019792
52374	-1017.256	-1228.548	211.2913	1.791162	0.3530749	0.523792	0.476208	2.129167
52380	-1012.719	-1223.976	211.2568	1.937273	0.3897765	0.622985	0.377015	2.00651
52386	-1010.037	-1220.714	210.6771	1.896511	0.6068212	0.42637	0.57363	2.175756
52392	-1015.492	-1227.294	211.8026	2.095083	0.3276055	0.394043	0.605957	1.608732
52398	-1020.796	-1232.46	211.6644	2.095083	0.3807639	0.49726	0.50274	1.62827
52404	-1022.658	-1234.478	211.8204	1.897704	0.4185496	0.550523	0.449477	1.605427
52410	-1020.55	-1232.428	211.8781	1.975989	0.4510658	0.396617	0.603383	1.46051
52416	-1031.317	-1243.239	211.9224	2.044057	0.3300079	0.683926	0.316074	1.55464
52422	-1018.776	-1230.407	211.6311	1.990544	0.2772683	0.358483	0.641517	1.88421
52428	-1014.441	-1226.46	212.0192	1.914842	0.2912488	0.484641	0.515359	1.642481
52434	-1017.217	-1228.662	211.4452	1.914842	0.733175	0.484641	0.515359	1.517386
52440	-1014.31	-1225.971	211.6615	1.984127	0.6341233	0.469929	0.530071	1.399879
52446	-1016.899	-1228.46	211.5607	1.831704	0.851913	0.239721	0.760279	1.384847
52452	-1014.898	-1227.018	212.12	1.899237	0.4933818	0.457546	0.542454	1.272695
52458	-1018.57	-1230.791	212.2215	1.797818	0.4933818	0.483835	0.516165	1.272695
52464	-1000.8	-1213.086	212.2861	2.247665	0.4856663	0.547702	0.452298	0.7718997
52470	-1026.91	-1238.888	211.9784	1.738795	0.5599994	0.510381	0.489619	1.428225
52476	-1026.649	-1238.499	211.85	1.834573	0.3988446	0.660973	0.339027	1.656584
52482	-1019.11	-1230.533	211.4229	1.834573	0.5064162	0.579546	0.420454	1.822304
52488	-1034.649	-1245.428	210.7784	1.734371	0.8199544	0.467873	0.532127	2.035472
52494	-1017.867	-1227.953	210.0857	1.74379	0.8253654	0.489476	0.510524	2.470931
52500	-1010.854	-1221.378	210.5233	1.610675	0.5243784	0.579876	0.420124	2.534471
52506	-1009.006	-1220.698	211.6925	1.752103	0.3528033	0.428232	0.571768	1.888325
52512	-1014.296	-1225.212	210.9165	1.865057	0.7781052	0.371941	0.628059	1.888325
52518	-1014.132	-1226.01	211.8779	1.880046	0.6001036	0.390977	0.609023	1.349749
52524	-1040.076	-1252.09	212.0143	1.923057	0.5001102	0.574357	0.425643	1.330177
52530	-1051.509	-1262.866	211.3576	2.472683	1.146266	0.243063	0.756937	0.5983836
52536	-1041.581	-1253.447	211.8664	2.419383	0.7249457	0.58085	0.41915	0.5712171
52542	-1029.202	-1241.122	211.9206	2.107095	0.4611606	0.431113	0.568887	1.310755
52548	-1030.792	-1242.331	211.5391	2.044486	0.367153	0.544274	0.455726	1.772284
52554	-1042.04	-1252.923	210.8832	1.879188	0.6995806	0.544274	0.455726	1.967588
52560	-1035.165	-1245.841	210.6755	1.744153	0.6621119	0.444587	0.555413	2.22542
52566	-1045.823	-1256.627	210.8036	1.798777	0.5367357	0.579729	0.420271	2.22542
52572	-1017.608	-1228.924	211.3159	1.632338	0.4947851	0.621038	0.378962	2.043893
52578	-1034.165	-1244.326	210.1616	1.632338	0.4427611	0.367532	0.632468	2.828483
52584	-1038.438	-1250.054	211.6159	2.249541	0.9412908	0.389568	0.610432	0.8638042
52590	-1019.657	-1231.159	211.5022	2.058654	1.109479	0.465525	0.534475	1.013223
52596	-1023.999	-1235.798	211.7991	2.132492	0.6603694	0.281445	0.718555	1.133161
52602	-1015.379	-1227.276	211.8962	2.016765	0.5969785	0.448838	0.551162	1.226728
52608	-1020.004	-1231.397	211.3932	2.018787	1.044302	0.450239	0.549761	1.205336
52614	-1024.956	-1236.521	211.5652	1.948281	0.6753621	0.53603	0.46397	1.458206
52620	-1019.456	-1231.001	211.5446	1.948281	0.6460913	0.454306	0.545694	1.503766
52626	-1002.586	-1213.691	211.1049	2.035008	1.191213	0.48743	0.51257	1.318661
52632	-1014.695	-1225.75	211.0549	2.149412	1.271079	0.404541	0.595459	1.208927
52638	-1015.761	-1227.075	211.3139	2.149412	0.9880284	0.28377	0.71623	1.208927
52644	-1012.255	-1222.679	210.4243	2.111775	1.995092	0.39371	0.60629	1.344596
52650	-1016.777	-1227.934	211.1576	2.120771	1.203517	0.485684	0.514316	1.19474
52656	-1006.225	-1217.08	210.8549	2.108391	1.622399	0.458123	0.541877	1.187372
52662	-1014.226	-1224.856	210.63	2.108391	1.622399	0.690252	0.309748	1.372153
52668	-1006.096	-1217.354	211.2574	2.075681	0.9264389	0.327586	0.672414	1.367513
52674	-1025.104	-1236.709	211.6049	2.026082	0.6320923	0.542932	0.457068	1.41343
52680	-1017.736	-1229.215	211.479	1.952121	0.6865396	0.414098	0.585902	1.509106
52686	-1016.788	-1227.818	211.0302	1.982275	1.278981	0.52067	0.47933	1.360628
52692	-1025.302	-1236.284	210.9816	1.825504	1.023271	0.38687	0.61313	1.685707
52698	-1020.406	-1231.798	211.3927	2.01605	1.143096	0.603552	0.396448	1.127259
52704	-1012.692	-1224.016	211.3241	1.887262	0.8113675	0.657266	0.342734	1.557328
52710	-1012.408	-1223.782	211.3739	1.793075	0.5753089	0.356863	0.643137	1.810314
52716	-1024.531	-1235.187	210.6563	1.80184	1.20889	0.328366	0.671634	1.810314
52722	-1015.239	-1226.695	211.4555	2.004544	0.8293561	0.327071	0.672929	1.351794
52728	-1001.989	-1213.515	211.5259	2.153297	0.6541226	0.409285	0.590715	1.351794
52734	-1005.418	-1216.4	210.9815	2.012916	0.7944666	0.62436	0.37564	1.727649
52740	-1003.868	-1215.162	211.2942	1.965757	0.6305141	0.377367	0.622633	1.689209
52746	-1024.338	-1235.645	211.3071	2.113634	0.6822966	0.391896	0.608104	1.521093
52752	-1005.67	-1217	211.3297	2.090433	0.6827217	0.607979	0.392021	1.521093
52758	-1004.186	-1215.503	211.3169	2.114798	0.8366311	0.601163	0.398837	1.367569
52764	-1016.875	-1228.432	211.5568	2.049975	0.7878276	0.592304	0.407696	1.272533
52770	-1023.451	-1235.315	211.8647	2.213732	0.6184188	0.570786	0.429214	1.051438
52776	-1022.088	-1233.602	211.5136	2.221935	0.8353612	0.422857	0.577143	1.113718
52782	-1032.947	-1244.081	211.1339	2.180229	1.26928	0.490848	0.509152	1.113718
52788	-1019.786	-1231.089	211.3033	2.208511	1.060809	0.526455	0.473545	1.103139
52794	-1018.455	-1230.401	211.9467	2.162953	0.4497934	0.361661	0.638339	1.260104
52800	-1009.975	-1221.468	211.4936	2.107697	0.3931425	0.378614	0.621386	1.723567
